idCode,hxcf,hxcfen,ypmc,ypmcen,slh,jx,gytj,gg,cbzj,pzwh,scpzrq,ssxkzcyr,sccs,ssxszt,sllb,jpxzl,smsContent,smsAttname,source_url
e2a35d2a49b67797ad991d9f167d3109,来那度胺,Lenalidomide,来那度胺胶囊,Lenalidomide Capsules,CYHB1950182,胶囊剂,口服,25mg,否,国药准字H20193006,2019-10-21,正大天晴药业集团股份有限公司,正大天晴药业集团股份有限公司,上市销售中,通过质量和疗效一致性评价的药品,L04AX04 ,5c6568a6c6deb335fcfeb9a79e790e93,国药准字H20193006_来那度胺胶囊.pdf,https://www.cde.org.cn/hymlj/detailPage/e2a35d2a49b67797ad991d9f167d3109
4ea3fb710b568213568f1f069ca039bd,盐酸二甲双胍,Metformin Hydrochloride,盐酸二甲双胍片,Metformin Hydrochloride Tablets,CYHB1850309,片剂,口服,0.25g,否,国药准字H37020550,2019-09-10,,蓬莱诺康药业有限公司,新批准暂未销售,通过质量和疗效一致性评价的药品,A10BA02,f83a27b7934604cd80b99f4937d1c9d6,国药准字H37020550_盐酸二甲双胍片.pdf,https://www.cde.org.cn/hymlj/detailPage/4ea3fb710b568213568f1f069ca039bd
29657daf4b24cc8efadb95bd68e2465f,坎地沙坦酯,Candesartan Cilexetil,坎地沙坦酯片,Candesartan Cilexetil Tablets,CYHB1850351,片剂,口服,4mg,否,国药准字H20143260,2019-10-21,,天地恒一制药股份有限公司,上市销售中,通过质量和疗效一致性评价的药品,C09CA06 ,9db02be28434b90867ad4eaf103c3dfc,国药准字H20143260_坎地沙坦酯片.pdf,https://www.cde.org.cn/hymlj/detailPage/29657daf4b24cc8efadb95bd68e2465f
cb1bd0770d1ca3a29c69b93c50370758,布洛芬,Ibuprofen,布洛芬颗粒,Ibuprofen Granules,CYHB1850109,颗粒剂,口服,0.2g,否,国药准字H20066208,2019-10-18,石药集团欧意药业有限公司,石药集团欧意药业有限公司,上市销售中,通过质量和疗效一致性评价的药品,M01AE01,281068a6629e2da2ef7a4a7a10e08077,国药准字H20066208_布洛芬颗粒.pdf,https://www.cde.org.cn/hymlj/detailPage/cb1bd0770d1ca3a29c69b93c50370758
9a8cb5405ae33833d3edebd023ccfa8a,苯磺酸氨氯地平,Amlodipine Besylate ,苯磺酸氨氯地平片,Amlodipine Besylate Tablets,CYHB1850286,片剂,口服,5mg（按C20H25ClN2O5计）,否,国药准字H20066843,2019-10-18,,宜昌东阳光长江药业股份有限公司  ,上市销售中,通过质量和疗效一致性评价的药品,C08CA01 ,3f963d3a7ef427eb3a7b5396452d0bd2,国药准字H20066843_苯磺酸氨氯地平片.pdf,https://www.cde.org.cn/hymlj/detailPage/9a8cb5405ae33833d3edebd023ccfa8a
639e1d37d0e9f36fac7c11942d3e456d,盐酸二甲双胍,Metformin Hydrochloride,盐酸二甲双胍片,Metformin Hydrochloride Tablets,CYHB1950101,片剂,口服,0.25g,否,国药准字H20184130,2019-10-21,,哈药集团制药六厂,新批准暂未销售,通过质量和疗效一致性评价的药品,A10BA02,53940e8dd9d6caa136c6af6d8f8c6835,国药准字H20184130_盐酸二甲双胍片.pdf,https://www.cde.org.cn/hymlj/detailPage/639e1d37d0e9f36fac7c11942d3e456d
b3dba11fc6445899c30a995e1024a631,非那雄胺,Finasteride ,非那雄胺片,Finasteride Tablets,CYHB1850429,片剂,口服,5mg,否,国药准字H20051983,2019-09-18,,华润赛科药业有限责任公司,上市销售中,通过质量和疗效一致性评价的药品,G04CB01 ,ed55dca6b89c6bd7d4d2352db746c841,国药准字H20051983_非那雄胺片.pdf,https://www.cde.org.cn/hymlj/detailPage/b3dba11fc6445899c30a995e1024a631
27004a6031d300fccde66ef45d8c4ad0,头孢呋辛酯,Cefuroxime Axetil,头孢呋辛酯片,Cefuroxime Axetil Tablets,CYHB1850297,片剂,口服,按C16H16N4O8S计0.5g,否,国药准字H20067966,2019-09-30,国药集团汕头金石制药有限公司,国药集团汕头金石制药有限公司,上市销售中,通过质量和疗效一致性评价的药品,J01DC02 ,3c567556e8bf654f691b119901a8c819,国药准字H20067966_头孢呋辛酯片.pdf,https://www.cde.org.cn/hymlj/detailPage/27004a6031d300fccde66ef45d8c4ad0
eb041ac044f1d120b7067a34f2fe21ef,蒙脱石,Montmorillonite,蒙脱石散,Montmorillonite Powder,CYHB1840056,散剂,口服,每袋含蒙脱石3克,否,国药准字H20093622,2019-10-18,,北京韩美药品有限公司,上市销售中,通过质量和疗效一致性评价的药品,A07BC05 ,802af57127a7b3881c723b2d9b9d11f0,国药准字H20093622_蒙脱石散.pdf,https://www.cde.org.cn/hymlj/detailPage/eb041ac044f1d120b7067a34f2fe21ef
f34ad7f3b03e51d00ecb2c23e2086e8f,头孢氨苄,Cefalexin,头孢氨苄胶囊,Cefalexin Capsules,CYHB1850450,胶囊剂,口服,按C16H17N3O4S计0.25g,否,国药准字H13020791,2019-10-23,石药集团欧意药业有限公司,石药集团欧意药业有限公司,上市销售中,通过质量和疗效一致性评价的药品,J01DB01,1a6a66407833a5d3bf01b4cf2fe6fab6,国药准字H13020791_头孢氨苄胶囊.pdf,https://www.cde.org.cn/hymlj/detailPage/f34ad7f3b03e51d00ecb2c23e2086e8f
ce6518b0e4636b097ce86fa34d22f1e8,利伐沙班,Rivaroxaban,利伐沙班片,Rivaroxaban Tablets,CYHS1700574,片剂,口服,10mg,否,国药准字H20193225,2019-08-02,正大天晴药业集团股份有限公司 ,正大天晴药业集团股份有限公司 ,新批准暂未销售,按化学药品新注册分类批准的仿制药,B01AF01,,,https://www.cde.org.cn/hymlj/detailPage/ce6518b0e4636b097ce86fa34d22f1e8
07c7e7adcc16fd22dff40abd584af030,盐酸克林霉素,Clindamycin Hydrochloride,盐酸克林霉素胶囊,Clindamycin Hydrochloride Capsules,CYHB1850410,胶囊剂,口服,0.15g（按C18H33ClN2O5S计） ,否,国药准字H13020795,2019-10-23,石药集团欧意药业有限公司,石药集团欧意药业有限公司,新批准暂未销售,通过质量和疗效一致性评价的药品,J01FF01 ,bb5fbd1880b4256c5d7405b2d5105202,国药准字H13020795_盐酸克林霉素胶囊.pdf,https://www.cde.org.cn/hymlj/detailPage/07c7e7adcc16fd22dff40abd584af030
eb738bed1e065ba10534d0e545e24e9c,头孢氨苄,Cefalexin,头孢氨苄胶囊,Cefalexin Capsules,CYHB1850449,胶囊剂,口服,按C16H17N3O4S计 0.125g ,否,国药准字H13020790,2019-10-23,石药集团欧意药业有限公司,石药集团欧意药业有限公司,新批准暂未销售,通过质量和疗效一致性评价的药品,J01DB01 ,4a99f65e1d6161f382d63217fefc36ae,国药准字H13020790_头孢氨苄胶囊.pdf,https://www.cde.org.cn/hymlj/detailPage/eb738bed1e065ba10534d0e545e24e9c
ed4867c85b76b950b57e777efcf6d4ef,盐酸文拉法辛,Venlafaxine Hydrochloride,盐酸文拉法辛缓释片,Venlafaxine Hydrochloride Sustained-release Tablets,CYHB1850451,片剂,口服,75mg（按C17H27NO2计） ,否,国药准字H20070269,2019-10-23,成都康弘药业集团股份有限公司,成都康弘药业集团股份有限公司,上市销售中,通过质量和疗效一致性评价的药品,N06AX16 ,fc0271ce2ed9780588fbe9c9a90aa128,国药准字H20070269_盐酸文拉法辛缓释片.pdf,https://www.cde.org.cn/hymlj/detailPage/ed4867c85b76b950b57e777efcf6d4ef
1c5c3d82dad48b21bc837a19e9a3074d,左乙拉西坦,Levetiracetam,左乙拉西坦片,Levetiracetam Tablets,CYHB1850151,片剂,口服,0.25g,否,国药准字H20143163,2019-10-28,深圳信立泰药业股份有限公司,深圳信立泰药业股份有限公司,上市销售中,通过质量和疗效一致性评价的药品,N03AX14 ,,,https://www.cde.org.cn/hymlj/detailPage/1c5c3d82dad48b21bc837a19e9a3074d
37a91fc5e9202566f13662d92353489f,苯磺酸氨氯地平,Amlodipine Besilate ,苯磺酸氨氯地平片,Amlodipine Besilate Tablets,CYHB1850250,片剂,口服,5mg,否,国药准字H20074084,2019-10-23,,乐普药业（北京）有限责任公司 ,上市销售中,通过质量和疗效一致性评价的药品,C08CA01 ,e3615c06744c60642d5573038fcf102d,国药准字H20074084_苯磺酸氨氯地平片.pdf,https://www.cde.org.cn/hymlj/detailPage/37a91fc5e9202566f13662d92353489f
0882e3c649cf35c8890a46bc3fd89b6f,布洛芬,Ibuprofen,布洛芬颗粒,Ibuprofen Granules,CYHB1850182,颗粒剂,口服,0.1g,否,国药准字H20055226,2019-10-18,,扬子江药业集团江苏制药股份有限公司,新批准暂未销售,通过质量和疗效一致性评价的药品,M01AE01 ,4001fdfd76e0ab0a070449f2e9737782,国药准字H20055226_布洛芬颗粒.pdf,https://www.cde.org.cn/hymlj/detailPage/0882e3c649cf35c8890a46bc3fd89b6f
605dee68d9d22e6d5676a74b4cb3dba3,马来酸依那普利,Enalapril Maleate,马来酸依那普利片,Enalapril Maleate Tablets,CYHB1750033,片剂,口服,10mg,否,国药准字H10980305,2019-10-28,石药集团欧意药业有限公司,石药集团欧意药业有限公司,上市销售中,通过质量和疗效一致性评价的药品,C09AA02 ,482e06bf4de70a8c2a51f90388a57d96,国药准字H10980305_马来酸依那普利片.pdf,https://www.cde.org.cn/hymlj/detailPage/605dee68d9d22e6d5676a74b4cb3dba3
5a43cfcc4b33f55033e29ee7b2d6561d,盐酸乙胺丁醇,Ethambutol Hydrochloride,盐酸乙胺丁醇片,Ethambutol Hydrochloride Tablets ,CYHB1850412,片剂,口服,0.25g,否,国药准字H33021602,2019-10-23,杭州民生药业有限公司,杭州民生药业有限公司,新批准暂未销售,通过质量和疗效一致性评价的药品,J04AK02 ,4480e351afa8065f194a4985c0103c1c,国药准字H33021602_盐酸乙胺丁醇片.pdf,https://www.cde.org.cn/hymlj/detailPage/5a43cfcc4b33f55033e29ee7b2d6561d
c0f134fb97ab369899852e70ede518fc,盐酸环丙沙星,Ciprofloxacin Hydrochloride ,盐酸环丙沙星片,Ciprofloxacin Hydrochloride Tablets,CYHB1850196,片剂,口服,0.25g（按C17H18FN3O3计） ,否,国药准字H20054497,2019-10-28,,石家庄以岭药业股份有限公司,上市销售中,通过质量和疗效一致性评价的药品,J01MA02,cd1a8c8a775fd105595cc9d8e9a32414,国药准字H20054497_盐酸环丙沙星片.pdf,https://www.cde.org.cn/hymlj/detailPage/c0f134fb97ab369899852e70ede518fc
4cb7f64d8c74d76bf64510840a481bea,盐酸二甲双胍,Metformin Hydrochloride,盐酸二甲双胍缓释片,Metformin Hydrochloride Extended-release Tablets,CYHB1850291,片剂,口服,0.5g（以盐酸二甲双胍计）,否,国药准字H20178002,2019-09-09,广东赛康制药厂有限公司,广东赛康制药厂有限公司,新批准暂未销售,通过质量和疗效一致性评价的药品,A10BA02,c6022a143446d9aa1f4bfe00953fc6e5,国药准字H20178002_盐酸二甲双胍缓释片.pdf,https://www.cde.org.cn/hymlj/detailPage/4cb7f64d8c74d76bf64510840a481bea
233e4e0de65e44cfa2fffd6681d42996,阿那曲唑,Anastrozole,阿那曲唑片,Anastrozole Tablets,CYHB1950057,片剂,口服,1mg,否,国药准字H20133110,2019-10-28,浙江海正药业股份有限公司,浙江海正药业股份有限公司,上市销售中,通过质量和疗效一致性评价的药品,L02BG03,183d41dd6274e3b2c398b60043013965,国药准字H20133110_阿那曲唑片.pdf,https://www.cde.org.cn/hymlj/detailPage/233e4e0de65e44cfa2fffd6681d42996
b4a9c127f75709267f0eb180ef6fba12,氯氮平,Clozapine,氯氮平片,Clozapine Tablets,CYHB1950054,片剂,口服,25mg,否,国药准字H32022963,2019-10-31,江苏恩华药业股份有限公司,江苏恩华药业股份有限公司,上市销售中,通过质量和疗效一致性评价的药品,N05AH02 ,c556732ad3111f0b5e671c60638dc245,国药准字H32022963_氯氮平片.pdf,https://www.cde.org.cn/hymlj/detailPage/b4a9c127f75709267f0eb180ef6fba12
8771728121d724663b53b0e9dcf501c7,来曲唑,Letrozole,来曲唑片,Letrozole Tablets,CYHB1950048,片剂,口服,2.5mg,否,国药准字H20133109,2019-10-28,浙江海正药业股份有限公司,浙江海正药业股份有限公司,上市销售中,通过质量和疗效一致性评价的药品,L02BG04 ,f0911fe727641b088eb7bbabc0901877,国药准字H20133109_来曲唑片.pdf,https://www.cde.org.cn/hymlj/detailPage/8771728121d724663b53b0e9dcf501c7
ae1c116472b18f0ae2610a550853d549,马来酸依那普利,Enalapril Maleate ,马来酸依那普利片,Enalapril Maleate Tablets,CYHB1850295,片剂,口服,10mg,否,国药准字H20066383,2019-09-29,,湖南千金湘江药业股份有限公司 ,上市销售中,通过质量和疗效一致性评价的药品,C09AA02,20f9a2a264ea511916dce2c6538b97ce,国药准字H20066383_马来酸依那普利片.pdf,https://www.cde.org.cn/hymlj/detailPage/ae1c116472b18f0ae2610a550853d549
ffb89ecb8324520ae991349e4ae11586,瑞舒伐他汀钙,Rosuvastatin Calcium,瑞舒伐他汀钙片,Rosuvastatin Calcium Tablets,CYHB1703082,片剂,口服,10mg,,国药准字H20080483,2018-02-09,,浙江京新药业股份有限公司,上市销售中,通过质量和疗效一致性评价的药品 ,C10AA07,920e7c38ca2f845f4ce89e6e80938720,国药准字H20080483_瑞舒伐他汀钙片.pdf,https://www.cde.org.cn/hymlj/detailPage/ffb89ecb8324520ae991349e4ae11586
d703f97a5cc85b8f82178743406102e3,富马酸替诺福韦二吡呋酯,Tenofovir Disoproxil Fumarate,富马酸替诺福韦二吡呋酯片,Tenofovir Disoproxil Fumarate Tablets,CYHB1704598,片剂,口服 ,0.3g,,国药准字H20173185,2018-02-08,齐鲁制药有限公司,齐鲁制药有限公司,上市销售中,通过质量和疗效一致性评价的药品,J05AF07,587646c7a23a7b60f2b79f0ebddeff48,国药准字H20173185_富马酸替诺福韦二吡呋酯片.pdf,https://www.cde.org.cn/hymlj/detailPage/d703f97a5cc85b8f82178743406102e3
164ed444703788ef691888112523cb6f,草酸艾司西酞普兰,Escitalopram Oxalate,草酸艾司西酞普兰片,Escitalopram Oxalate Tablets,CYHB1704091,片剂,口服,10mg,,国药准字H20080788,2018-02-07,,四川科伦药业股份有限公司,上市销售中,通过质量和疗效一致性评价的药品,N06AB10,38d67879daa809aaab19efdebcbfba0c,国药准字H20080788_草酸艾司西酞普兰片.pdf,https://www.cde.org.cn/hymlj/detailPage/164ed444703788ef691888112523cb6f
bef2c9e9f88b44170ae4c5db93a69534,马昔腾坦,Macitentan,马昔腾坦片,Macitentan Tablets,JXHS1600071,片剂,口服,10mg,是,H20170376,2017-09-29,Actelion Pharmaceuticals Ltd,Patheon Italia S.p.A.,上市销售中,进口原研药品 ,C02KX04,,,https://www.cde.org.cn/hymlj/detailPage/bef2c9e9f88b44170ae4c5db93a69534
03484f36e0ba0c4e4c13f1b7cc79b1d4,多替拉韦钠；硫酸阿巴卡韦；拉米夫定,Dolutegravir Sodium;Abacavir Sulfate;Lamivudine,多替阿巴拉米片,Dolutegravir Sodium，Abacavir Sulfate and Lamivudine Tablets,JXHS1600077,片剂,口服,每片含多替拉韦钠（以多替拉韦计）50mg，硫酸阿巴卡韦（以阿巴卡韦计）600mg和拉米夫定300mg,是,H20170345,2017-07-26,ViiV Healthcare UK Limited ,Glaxo Operations UK Ltd ,上市销售中,进口原研药品,J05AR13,,,https://www.cde.org.cn/hymlj/detailPage/03484f36e0ba0c4e4c13f1b7cc79b1d4
a6879cc909e319a71d4882fe9ef15f79,卡格列净,Canagliflozin,卡格列净片,Canagliflozin Tablets ,JXHS1600055,片剂,口服,100mg(以卡格列净无水物(C24H25FO5S)计),是,H20170375,2017-09-29,Janssen-Cilag International NV,Janssen Ortho， LLC,上市销售中,进口原研药品,A10BK02,,,https://www.cde.org.cn/hymlj/detailPage/a6879cc909e319a71d4882fe9ef15f79
3ad1339aa458864842f4dd98a6a8593c,卡格列净,Canagliflozin,卡格列净片,Canagliflozin Tablets ,JXHS1600054,片剂,口服,300mg(以卡格列净无水物(C24H25FO5S)计),是,H20170374,2017-09-29,Janssen-Cilag International NV,Janssen Ortho， LLC,上市销售中,进口原研药品,A10BK02,,,https://www.cde.org.cn/hymlj/detailPage/3ad1339aa458864842f4dd98a6a8593c
570c5a32516561a41dd74e84a0e1dcab,氢溴酸伏硫西汀,Vortioxetine Hydrobromide,氢溴酸伏硫西汀片,Vortioxetine Hydrobromide Tablets,JXHS1600073、JXHS1600074,片剂,口服 ,5mg(以C18H22N2S计）,是,H20170381;H20170382,2017-11-21,H.Lundbeck A/S,H.Lundbeck A/S,,进口原研药品,N06AX26,,,https://www.cde.org.cn/hymlj/detailPage/570c5a32516561a41dd74e84a0e1dcab
d05023e1b4b51803b3ab67f3a81ca7a1,氢溴酸伏硫西汀,Vortioxetine Hydrobromide,氢溴酸伏硫西汀片,Vortioxetine Hydrobromide Tablets,JXHS1600075、JXHS1600076,片剂,口服 ,10mg(以C18H22N2S计）,是,H20170383;H20170384,2017-11-21,H.Lundbeck A/S,H.Lundbeck A/S,上市销售中,进口原研药品,N06AX26,,,https://www.cde.org.cn/hymlj/detailPage/d05023e1b4b51803b3ab67f3a81ca7a1
f31189acde48792d7ff5ebed543c6e3b,乌美溴铵；三苯乙酸维兰特罗,Umeclidinium Bromide；Vilanterol Trifenatate,乌美溴铵维兰特罗吸入粉雾剂,Umeclidinium Bromide and Vilanterol Trifenatate Powder for Inhalation,JXHS1700022,吸入粉雾剂,吸入,62.5μg/25μg,是,H20180005,2018-03-12,Glaxo Group Limited,Glaxo Operations UK Ltd,,进口原研药品,R03AL03,,,https://www.cde.org.cn/hymlj/detailPage/f31189acde48792d7ff5ebed543c6e3b
56f4f47819eabe7d9626facddea6a9aa,茚达特罗格隆溴铵,Indacaterol Maleate  and Glycopyrronium Bromide ,茚达特罗格隆溴铵 吸入粉雾剂用胶囊,Indacaterol Maleate and Glycopyrronium Bromide Powder for  Inhalation，  Hard Capsules,JXHS1700024,胶囊剂,吸入制剂,每粒含马来酸茚达特罗110μg(以C24H28N2O3计)和格隆溴铵50μg(以C19H28NO3计),是,H20170390; H20170391,2017-12-28,Novartis Europharm Limited,Novartis Pharma Stein AG ,,进口原研药品 , ,,,https://www.cde.org.cn/hymlj/detailPage/56f4f47819eabe7d9626facddea6a9aa
b3beca063126d86b5e4fabf9956738f4,氟比洛芬酯,Flurbiprofen axetil,氟比洛芬酯注射液,Flurbiprofen axetil  injection,CYHS1700136,注射剂,静脉注射,5ml:50mg,,国药准字H20183054,2018-03-12,,武汉大安制药有限公司,上市销售中,按化学药品新注册分类批准的仿制药,,,,https://www.cde.org.cn/hymlj/detailPage/b3beca063126d86b5e4fabf9956738f4
a814605da7aeb923630f1897c38fab2d,紫杉醇,Paclitaxel,注射用紫杉醇（白蛋白结合型）,Paclitaxel for Injection (Albumin Bound),CYHS1600152,注射剂,静脉注射,100 mg,,国药准字H20183044,2018-02-02,,石药集团欧意药业有限公司,上市销售中,按化学药品新注册分类批准的仿制药,L01CD,,,https://www.cde.org.cn/hymlj/detailPage/a814605da7aeb923630f1897c38fab2d
34638ed86858616201e6c41dc820ec2a,头孢唑林钠,Cefazolin Sodium,注射用头孢唑林钠/氯化钠注射液,Cefazolin Sodium for Injection /Sodium Chloride Injection,JXHS1600078,注射剂,静脉注射,粉体室:按头孢唑林计1.0g;液体室:氯化钠注射液100ml:0.9g, ,H20170340,2017-07-26,Otsuka Pharmaceutical Factory ， Inc.,Otsuka Pharmaceutical Factory ， Inc.， Matsushige Factory,上市销售中,按化学药品新注册分类批准的仿制药,,,,https://www.cde.org.cn/hymlj/detailPage/34638ed86858616201e6c41dc820ec2a
a434093917d0e9b857120cfa18d6b099,氢氯噻嗪；厄贝沙坦, Hydrochlorothiazide and Irbesartan ,厄贝沙坦氢氯噻嗪片,Irbesartan and Hydrochlorothiazide Tablets,CYHB1703389,片剂,口服,每片含厄贝沙坦150mg，氢氯噻嗪12.5mg,,国药准字H20057227,2018-03-15, ,南京正大天晴制药有限公司,上市销售中,通过质量和疗效一致性评价的药品,C09CA04;C03AA03 ,3cc45b396497b598341ce3af000490e5,国药准字H20057227_厄贝沙坦氢氯噻嗪片.pdf,https://www.cde.org.cn/hymlj/detailPage/a434093917d0e9b857120cfa18d6b099
d9c496890241728e5b612b672afa2bac,氢氯吡格雷,Clopidogrel Bisulfate,硫酸氢氯吡格雷片,Clopidogrel Bisulfate Tablets,CYHB1750017,片剂,口服,25mg（按C16H16ClNO2S计）, ,国药准字H20000542,2018-04-02, ,深圳信立泰药业股份有限公司,上市销售中,通过质量和疗效一致性评价的药品,B01AC04 ,ff1d2fb66add4db1bc560219299bfd79,国药准字H20000542_硫酸氢氯吡格雷片.pdf,https://www.cde.org.cn/hymlj/detailPage/d9c496890241728e5b612b672afa2bac
000fb29bc72a100e6f266433e4d7be5c,阿莫西林,Amoxicillin ,阿莫西林胶囊,Amoxicillin Capsules,CYHB1704834,胶囊剂,口服,0.25g,,国药准字H44021351,2018-04-04,珠海联邦制药股份有限公司中山分公司,珠海联邦制药股份有限公司中山分公司,上市销售中,通过质量和疗效一致性评价的药品,J01CA04,8dc6aac86eb083759b1e01615617a347,国药准字H44021351_阿莫西林胶囊.pdf,https://www.cde.org.cn/hymlj/detailPage/000fb29bc72a100e6f266433e4d7be5c
1fe4fd163451e799abdddb984995e41e,依那普利,Enalapril,马来酸依那普利片,Enalapril Maleate Tablets,CYHB1703441,片剂,口服,5mg, ,国药准字H32026568, 2018-04-03 , ,扬子江药业集团江苏制药股份有限公司,上市销售中,通过质量和疗效一致性评价的药品,C09AA02,44506c2e41795270fb1b45f92e7b4871,国药准字H32026568_马来酸依那普利片.pdf,https://www.cde.org.cn/hymlj/detailPage/1fe4fd163451e799abdddb984995e41e
1e218f70d9b7c99c2663de9f6655bc5b,依那普利,Enalapril,马来酸依那普利片,Enalapril Maleate Tablets,CYHB1703442,片剂,口服,10mg, ,国药准字H32026567, 2018-04-03 , ,扬子江药业集团江苏制药股份有限公司,上市销售中,通过质量和疗效一致性评价的药品,C09AA02,aec39d1a3b768b285cba347d8a7aea1d,国药准字H32026567_马来酸依那普利片.pdf,https://www.cde.org.cn/hymlj/detailPage/1e218f70d9b7c99c2663de9f6655bc5b
cd9a96c34dfbad56e33271fac150ffda,阿奇霉素,Azithromycin,阿奇霉素片,Azithromycin Tablets,CYHB1750013,片剂,口服,0.25g, ,国药准字H10980218,2018-04-04,石药集团欧意药业有限公司,石药集团欧意药业有限公司,上市销售中,通过质量和疗效一致性评价的药品, J01FA10,,,https://www.cde.org.cn/hymlj/detailPage/cd9a96c34dfbad56e33271fac150ffda
e778cc751e150d403290a82d73437150,阿奇霉素,Azithromycin ,阿奇霉素片,Azithromycin Tablets,CYHB1750014,片剂,口服,0.5g, ,国药准字H20031081,2018-04-04,石药集团欧意药业有限公司,石药集团欧意药业有限公司,上市销售中,通过质量和疗效一致性评价的药品, J01FA10,bd30c2b62fd794b50a9ad4f9a5906449,国药准字H20031081_阿奇霉素片.pdf,https://www.cde.org.cn/hymlj/detailPage/e778cc751e150d403290a82d73437150
28d257406104e6e9ed5378ed8df165c8,拉替拉韦钾,Raltegravir Potassium,拉替拉韦钾干混悬剂,Raltegravir Potassium for Oral Suspension,JXHS1700019,口服混悬剂,口服,100mg （按拉替拉韦计）,是,H20180006,2018-04-12,Merck Sharp & Dohme Corp.,Patheon Pharmaceuticals Inc. ,,进口原研药品,J05AX08,,,https://www.cde.org.cn/hymlj/detailPage/28d257406104e6e9ed5378ed8df165c8
54e9d28583eacc5f280fb174ec1d124d,缬沙坦,Valsartan,缬沙坦片,Valsartan Tablets,CYHS1600044,片剂,口服,160mg, ,国药准字H20183127,2018-05-23,,浙江华海药业股份有限公司,,按化学药品新注册分类批准的仿制药,C09CA03,,,https://www.cde.org.cn/hymlj/detailPage/54e9d28583eacc5f280fb174ec1d124d
f7f1fd5d34404c7321badcf79e4e6b08,缬沙坦,Valsartan,缬沙坦片,Valsartan Tablets,CYHS1600045,片剂,口服,40mg, ,国药准字H20183128,2018-05-23,,浙江华海药业股份有限公司,,按化学药品新注册分类批准的仿制药,C09CA03,,,https://www.cde.org.cn/hymlj/detailPage/f7f1fd5d34404c7321badcf79e4e6b08
b6a61abeb3c8f70bdd3464d78eafc114,蒙脱石,Montmorillonite,蒙脱石散,Montmorillonite powder,CYHB1740003,散剂,口服,每袋含蒙脱石3g,,国药准字H20093601,2018-06-22,,四川维奥制药有限公司,上市销售中,通过质量和疗效一致性评价的药品,A07BC05,f442b74a72be959dcd81c02f3794d9dd,国药准字H20093601_蒙脱石散.pdf,https://www.cde.org.cn/hymlj/detailPage/b6a61abeb3c8f70bdd3464d78eafc114
87606e202b6849bb9ac66072822b357f,蒙脱石,Montmorillonite,蒙脱石散, Montmorillonite Powder,CYHB1750009,散剂,口服,每袋含蒙脱石3g,,国药准字H19990307,2018-06-22, ,先声药业有限公司,上市销售中,通过质量和疗效一致性评价的药品,A07BC05,771d720b05b435c728ddcee0d21dcc57,国药准字H19990307_蒙脱石散.pdf,https://www.cde.org.cn/hymlj/detailPage/87606e202b6849bb9ac66072822b357f
82800e73b32b003c76df1df8a26fc684,苯磺酸氨氯地平,Amlodipine Besylate,苯磺酸氨氯地平片,Amlodipine Besylate Tablets,CYHB1750020,片剂,口服,按C20H25ClN2O5计5mg,,国药准字H20020468,2018-06-06,,扬子江药业集团上海海尼药业有限公司,上市销售中,通过质量和疗效一致性评价的药品,C08CA01,4644b6475b01c85ade427ee3686b96a1,国药准字H20020468_苯磺酸氨氯地平片.pdf,https://www.cde.org.cn/hymlj/detailPage/82800e73b32b003c76df1df8a26fc684
87616d25e4302b2f5aa9217922be0088,卡托普利,Captopril,卡托普利片, Captopril Tablets,CYHB1750026,片剂,口服,25mg,,国药准字H32023731,2018-06-25, ,常州制药厂有限公司,上市销售中,通过质量和疗效一致性评价的药品,C09AA01,c287e364089c4e5278af4ec406099c9d,国药准字H32023731_卡托普利片.pdf,https://www.cde.org.cn/hymlj/detailPage/87616d25e4302b2f5aa9217922be0088
929e08e811b9edc42325920b865ab148,卡托普利,Captopril,卡托普利片,Captopril Tablets,CYHB1740005,片剂,口服,25mg,,国药准字H13021309,2018-06-13, ,石药集团欧意药业有限公司,上市销售中 ,通过质量和疗效一致性评价的药品,C09AA01,5b0845c0f79c3a986a4582b85316cda1,国药准字H13021309_卡托普利片.pdf,https://www.cde.org.cn/hymlj/detailPage/929e08e811b9edc42325920b865ab148
1c7eae6fe35dac7038b729ee6950b862,头孢呋辛,Cefuroxime,头孢呋辛酯片,Cefuroxime Axetil Tablets,CYHB1850004,片剂,口服,0.125g(按C16H16N4O8S计),,国药准字H20010025,2018-06-25,成都倍特药业有限公司,成都倍特药业有限公司,上市销售中,通过质量和疗效一致性评价的药品,J01DC02,814d535ee0ce589b2303875930b0417b,国药准字H20010025_头孢呋辛酯片.pdf,https://www.cde.org.cn/hymlj/detailPage/1c7eae6fe35dac7038b729ee6950b862
ff096416e30a3256cf9c94ec38969954,头孢呋辛,Cefuroxime,头孢呋辛酯片,Cefuroxime Axetil Tablets,CYHB1850005,片剂,口服,0.25g(按C16H16N4O8S计),,国药准字H20010026,2018-06-25,成都倍特药业有限公司,成都倍特药业有限公司,上市销售中,通过质量和疗效一致性评价的药品,J01DC02,53f073ee3fc1de6768f053d6b451b61e,国药准字H20010026_头孢呋辛酯片.pdf,https://www.cde.org.cn/hymlj/detailPage/ff096416e30a3256cf9c94ec38969954
496cc90db09a4fa9e94a39e1c34e7f73,阿奇霉素,Azithromycin,注射用阿奇霉素, Azithromycin for Injection,CYHB1706743,注射剂,静脉注射, 0.5g(按C38H72N2O12计),,国药准字H20173261,2018-05-15,,海南普利制药股份有限公司,上市销售中,通过质量和疗效一致性评价的药品,J01FA10  ,,,https://www.cde.org.cn/hymlj/detailPage/496cc90db09a4fa9e94a39e1c34e7f73
61290e371a95a6ba522ad2388cc722f5,阿托伐他汀钙,Atorvastatin Calcium,阿托伐他汀钙片,Atorvastatin Calcium Tablets,,片剂,口服,10mg,是,国药准字H20051407,2005-07-25, ,辉瑞制药有限公司,上市销售中,其他药品,C10AA05 ,,,https://www.cde.org.cn/hymlj/detailPage/61290e371a95a6ba522ad2388cc722f5
619e9989df692be7a52a6c295ce468d4,阿托伐他汀钙,Atorvastatin Calcium,阿托伐他汀钙片,Atorvastatin Calcium Tablets,,片剂,口服,20mg,是,国药准字H20051408,2005-07-25, ,辉瑞制药有限公司,上市销售中,其他药品,C10AA05 ,,,https://www.cde.org.cn/hymlj/detailPage/619e9989df692be7a52a6c295ce468d4
c56104e4eb23c6fbdb0d68c788283d87,阿托伐他汀钙,Atorvastatin Calcium,阿托伐他汀钙片,Atorvastatin Calcium Tablets,,片剂,口服,40mg,是,国药准字H20051409,2005-07-25, ,辉瑞制药有限公司,上市销售中,其他药品,C10AA05 ,,,https://www.cde.org.cn/hymlj/detailPage/c56104e4eb23c6fbdb0d68c788283d87
a47e8bc225207265224cf494e0d98aa5,匹伐他汀钙,Pitavastatin Calcium ,匹伐他汀钙片,Pitavastatin Calcium Tablets,,片剂,口服,2mg,是,H20140417,2008-09-28,Kowa Company，Ltd.,Kowa Company，Ltd.，Nagoya Factory,上市销售中,进口原研药品,C10AA08,,,https://www.cde.org.cn/hymlj/detailPage/a47e8bc225207265224cf494e0d98aa5
0864534abe10f977be1bd2c5089742e2,L-谷氨酰胺；呱仑酸钠,L-Glutamine;Sodium Gualenate,L-谷氨酰胺呱仑酸钠颗粒,L-Glutamine and Sodium Gualenate Granules,,颗粒剂,口服,0.67g：L-谷氨酰胺663.3mg，呱仑酸钠2.0mg,是,H20160619,1988-06-17,Kotobuki Pharmaceutical Co.， Ltd.,Kotobuki Pharmaceutical Co.， Ltd.,上市销售中,进口原研药品, ,,,https://www.cde.org.cn/hymlj/detailPage/0864534abe10f977be1bd2c5089742e2
d32bee08626249ebb10e4b163313e5de,硫唑嘌呤,Azathioprine,硫唑嘌呤片,Azathioprine Tablets,,片剂,口服,50mg,是,H20170288,1996-01-30,Aspen Pharmacare Australia Pty Ltd,Excella GmbH & Co.KG,上市销售中,进口原研药品,L04AX01,,,https://www.cde.org.cn/hymlj/detailPage/d32bee08626249ebb10e4b163313e5de
510c3f308e0adccbb733ba133265c0bc,枸橼酸氢钾钠,Potassium Sodium Hydrogen Citrate,枸橼酸氢钾钠颗粒,Potassium Sodium Hydrogen Citrate Granules,,颗粒剂,口服,97.1g/100g,是,H20181127;H20181128,1993-03-09,Meda Pharma GmbH & Co. KG,Plantextrakt GmbH & Co.KG,上市销售中,进口原研药品,G04BC01,,,https://www.cde.org.cn/hymlj/detailPage/510c3f308e0adccbb733ba133265c0bc
e5084f3dded0e0fe769645df389d830a,硫酸吗啡,Morphine Sulphate,硫酸吗啡缓释片,Morphine Sulphate Sustained-release Tablets,,片剂,口服,60mg,是,H20130901,2008-11-04,NAPP PHARMACEUTICALS LIMITED,BARD PHARMACEUTICALS LIMITED,上市销售中,进口原研药品,N02AA01,,,https://www.cde.org.cn/hymlj/detailPage/e5084f3dded0e0fe769645df389d830a
467fde1e1bbe5fc41d3f2d7534091300,盐酸羟考酮,Oxycodone Hydrochloride,盐酸羟考酮缓释片,Oxycodone Hydrochloride Prolonged-release Tablets,,片剂,口服,5mg,是,H20140312;H20140317,2004-01-21,NAPP PHARMACEUTICALS LIMITED,BARD PHARMACEUTICALS LIMITED,上市销售中,进口原研药品,N02AA05,,,https://www.cde.org.cn/hymlj/detailPage/467fde1e1bbe5fc41d3f2d7534091300
69ffe909adb53d12d6ee0ef85612d741,盐酸羟考酮,Oxycodone Hydrochloride,盐酸羟考酮缓释片,Oxycodone Hydrochloride Prolonged-release Tablets,,片剂,口服,10mg,是,H20140313;H20140318,2004-01-21,NAPP PHARMACEUTICALS LIMITED,BARD PHARMACEUTICALS LIMITED,上市销售中,进口原研药品,N02AA05,,,https://www.cde.org.cn/hymlj/detailPage/69ffe909adb53d12d6ee0ef85612d741
d16f8bd3c2b7c33d38f92b6ce4c9dc4d,盐酸羟考酮,Oxycodone Hydrochloride,盐酸羟考酮缓释片,Oxycodone Hydrochloride Prolonged-release Tablets,,片剂,口服,20mg,是,H20140314;H20140319,2004-01-21,NAPP PHARMACEUTICALS LIMITED,BARD PHARMACEUTICALS LIMITED,上市销售中,进口原研药品,N02AA05,,,https://www.cde.org.cn/hymlj/detailPage/d16f8bd3c2b7c33d38f92b6ce4c9dc4d
b6ade8dd048cdb9df90ebc32bfaeddec,盐酸羟考酮,Oxycodone Hydrochloride,盐酸羟考酮缓释片,Oxycodone Hydrochloride Prolonged-release Tablets,,片剂,口服,40mg,是,H20140315;H20140320,2004-01-21,NAPP PHARMACEUTICALS LIMITED,BARD PHARMACEUTICALS LIMITED,上市销售中,进口原研药品,N02AA05,,,https://www.cde.org.cn/hymlj/detailPage/b6ade8dd048cdb9df90ebc32bfaeddec
37a7143f412e36a172040355d455f85f,美沙拉秦,Mesalazine ,美沙拉秦肠溶片,Mesalazine Enteric-coated Tablets,,片剂,口服,0.5g,是,H20150124,2008-07-08,Dr. Falk Pharma GmbH,Losan Pharma GmbH,上市销售中,进口原研药品,A07EC02,,,https://www.cde.org.cn/hymlj/detailPage/37a7143f412e36a172040355d455f85f
f8b284ae7f9f62acb71eadee7e1a38b5,盐酸氟哌噻吨；盐酸美利曲辛,Flupentixol dihydrochloride;Melitracen hydrochloride,氟哌噻吨美利曲辛片,Flupentixol and Melitracen Tablets,,片剂,口服,氟哌噻吨0.5mg和美利曲辛10mg/片,是,H20171104,1999-09-17,H.Lundbeck A/S,H.Lundbeck A/S,上市销售中,进口原研药品,N06CA02,,,https://www.cde.org.cn/hymlj/detailPage/f8b284ae7f9f62acb71eadee7e1a38b5
1e536fdf856ae1e1be8006b50e9e3ee3,阿法骨化醇,Alfacalcidol,阿法骨化醇软胶囊,Alfacalcidol Soft Capsules,,胶囊剂,口服,0.25μg,是,H20130513,1998-07-09,LEO Pharma A/S,LEO Pharma A/S,上市销售中,进口原研药品,A11CC03,,,https://www.cde.org.cn/hymlj/detailPage/1e536fdf856ae1e1be8006b50e9e3ee3
09d7d5d35d9fa0a07b81dd8a5eaf123b,奥氮平,Olanzapine,奥氮平口崩片,Olanzapine Orally Disintegrating Tablets,CYHS1700188,片剂,口服,10mg,否,国药准字H20183512,2018-12-24,齐鲁制药有限公司 ,齐鲁制药有限公司 ,新批准暂未销售,按化学药品新注册分类批准的仿制药,N05AH03,,,https://www.cde.org.cn/hymlj/detailPage/09d7d5d35d9fa0a07b81dd8a5eaf123b
82fb97d4460164d50cb7fc224f92853c,米非司酮,Mifepristone,米非司酮片,Mifepristone Tablets,,片剂,口服,25mg,是,国药准字H10950003,2018-12-28,,华润紫竹药业有限公司,上市销售中,其他药品,G03XB01；G03XB51,741d8ec19a795e4656f768d43f097454,国药准字H10950003_米非司酮片.pdf,https://www.cde.org.cn/hymlj/detailPage/82fb97d4460164d50cb7fc224f92853c
f58785d287ff688947ea3185742ce034,米非司酮,Mifepristone,米非司酮片,Mifepristone Tablets,,片剂,口服,10mg,是,国药准字H20010633,2018-12-28,,华润紫竹药业有限公司,上市销售中,其他药品,G03XB01；G03XB51,79ce1dda3770a5799ffa1765fc9aa5da,国药准字H20010633_米非司酮片.pdf,https://www.cde.org.cn/hymlj/detailPage/f58785d287ff688947ea3185742ce034
0b64d581ddda67068e07b708bf95ca80,阿立哌唑,Aripiprazole,阿立哌唑口崩片,Aripiprazole Orally Disintegrating Tablets,CYHB1850146,片剂,口服,5mg,否,国药准字H20060521,2018-12-18,成都康弘药业集团股份有限公司,成都康弘药业集团股份有限公司,上市销售中,通过质量和疗效一致性评价的药品,N05AX12,fc722ef8de5da81e6fcee89ca34bacc9,国药准字H20060521_阿立哌唑口崩片.pdf,https://www.cde.org.cn/hymlj/detailPage/0b64d581ddda67068e07b708bf95ca80
5f6cc02115d5bc818ca035d5e9fd0f85,阿立哌唑,Aripiprazole,阿立哌唑口崩片,Aripiprazole Orally Disintegrating Tablets,CYHB1850147,片剂,口服,10mg,否,国药准字H20060522,2018-12-18,成都康弘药业集团股份有限公司,成都康弘药业集团股份有限公司,新批准暂未销售,通过质量和疗效一致性评价的药品,N05AX12,911bae49dc536eb9a80f3b22d2fa4c91,国药准字H20060522_阿立哌唑口崩片.pdf,https://www.cde.org.cn/hymlj/detailPage/5f6cc02115d5bc818ca035d5e9fd0f85
024695003e9b2eaa959ed10ed838e744,特拉唑嗪,Terazosin,盐酸特拉唑嗪片,Terazosin Hydrochloride Tablets,CYHB1840024,片剂,口服,2mg（以C19H25N5O4计）,否,国药准字H10970081,2018-12-28,,华润赛科药业有限责任公司,上市销售中,通过质量和疗效一致性评价的药品,G04CA03,c42efa48251df03cb0a9beb779e146ab,国药准字H10970081_盐酸特拉唑嗪片.pdf,https://www.cde.org.cn/hymlj/detailPage/024695003e9b2eaa959ed10ed838e744
a3b84ff87aa3e6139b7feacd32242aae,氢氯噻嗪,Hydrochlorothiazide,氢氯噻嗪片,Hydrochlorothiazide Tablets,CYHB1850124,片剂,口服,25mg,否,国药准字H32021683,2018-12-20,,常州制药厂有限公司,上市销售中,通过质量和疗效一致性评价的药品,C03AA03,dfaa02d6d11b2323bd731d8e95e6377a,国药准字H32021683_氢氯噻嗪片.pdf,https://www.cde.org.cn/hymlj/detailPage/a3b84ff87aa3e6139b7feacd32242aae
ed9675ddd903bd1a68e06c781ec4b289,左氧氟沙星,Levofloxacin,左氧氟沙星片,Levofloxacin Tablets,CYHS1790018,片剂,口服,按C18H20FN3O4计 0.25g,否,国药准字H20183513,2018-12-24,广东东阳光药业有限公司,广东东阳光药业有限公司,新批准暂未销售,按化学药品新注册分类批准的仿制药,J01MA12,,,https://www.cde.org.cn/hymlj/detailPage/ed9675ddd903bd1a68e06c781ec4b289
8d3cc2608411901fefef5827ad7d4ccd,拉米夫定,Lamivudine ,拉米夫定片,Lamivudine Tablets,CYHS1790006,片剂,口服,0.15g,否,国药准字H20193010,2019-01-09,,石家庄龙泽制药股份有限公司,新批准暂未销售,按化学药品新注册分类批准的仿制药,J05AF05,,,https://www.cde.org.cn/hymlj/detailPage/8d3cc2608411901fefef5827ad7d4ccd
4e79a87fa4e8ef56e5a23cc04b14334e,左氧氟沙星,Levofloxacin,左氧氟沙星片,Levofloxacin Tablets,CYHS1790019,片剂,口服,按C18H20FN3O4计 0.5g,否,国药准字H20183514,2018-12-24,广东东阳光药业有限公司,广东东阳光药业有限公司,新批准暂未销售,按化学药品新注册分类批准的仿制药,J01MA12,,,https://www.cde.org.cn/hymlj/detailPage/4e79a87fa4e8ef56e5a23cc04b14334e
ec5e2cfeb04a0f6c25956ddecd0fa9df,拉米夫定,Lamivudine,拉米夫定片,Lamivudine Tablets,CYHS1790007,片剂,口服,0.3g,否,国药准字H20193011,2019-01-09,,石家庄龙泽制药股份有限公司,新批准暂未销售,按化学药品新注册分类批准的仿制药,J05AF05,,,https://www.cde.org.cn/hymlj/detailPage/ec5e2cfeb04a0f6c25956ddecd0fa9df
b4f9bc6699fc9681dbe625bc04294439,阿哌沙班,Apixaban,阿哌沙班片,Apixaban Tablets,CYHS1790008,片剂,口服,2.5mg,否,国药准字H20193003,2019-01-09,,江苏豪森药业集团有限公司 ,新批准暂未销售,按化学药品新注册分类批准的仿制药,B01AF02,,,https://www.cde.org.cn/hymlj/detailPage/b4f9bc6699fc9681dbe625bc04294439
5f3e76798f9830f86a80c0cf8b40411b,替诺福韦二吡呋酯,Tenofovir Disoproxil ,富马酸替诺福韦二吡呋酯片,Tenofovir Disoproxil Fumarate Tablets,CYHB1840008,片剂,口服,300mg,否,国药准字H20173246,2019-01-14,,安徽贝克生物制药有限公司,上市销售中,通过质量和疗效一致性评价的药品,J05AF07,8976c9728a72c91f4bb8cd58df0c0b6d,国药准字H20173246_富马酸替诺福韦二吡呋酯片.pdf,https://www.cde.org.cn/hymlj/detailPage/5f3e76798f9830f86a80c0cf8b40411b
6e2dcb1b9f1e7661cf13400492b98cc9,吡嗪酰胺,Pyrazinamide,吡嗪酰胺片,Pyrazinamide Tablets,CYHB1850170,片剂,口服,0.5g,否,国药准字H21022353,2018-12-20,,沈阳红旗制药有限公司,新批准暂未销售,通过质量和疗效一致性评价的药品,J04AK01,9bb784f8684f531723ee0a3abb95280e,国药准字H21022353_吡嗪酰胺片.pdf,https://www.cde.org.cn/hymlj/detailPage/6e2dcb1b9f1e7661cf13400492b98cc9
8dee7d6a6997ccfac394117971d03915,吡嗪酰胺,Pyrazinamide,吡嗪酰胺片,Pyrazinamide Tablets,CYHB1850169,片剂,口服,0.25g,否,国药准字H21022354,2018-12-21,,沈阳红旗制药有限公司,上市销售中,通过质量和疗效一致性评价的药品,J04AK01,44d35f27b5843eb236343e6d2073867c,国药准字H21022354_吡嗪酰胺片.pdf,https://www.cde.org.cn/hymlj/detailPage/8dee7d6a6997ccfac394117971d03915
2e25767c4e74ecc6c99def3d668d44c4,利福平,Rifampicin,利福平胶囊,Rifampicin Capsules,CYHB1850244,胶囊剂,口服,0.3g,否,国药准字H21022450,2019-01-04,,沈阳红旗制药有限公司,新批准暂未销售,通过质量和疗效一致性评价的药品,J04AB02,fd093b6ea252c55ff5cc7da15071f0b6,国药准字H21022450_利福平胶囊.pdf,https://www.cde.org.cn/hymlj/detailPage/2e25767c4e74ecc6c99def3d668d44c4
4d9bd4e61be50ae0ea95aaf2cb8e71c5,雷尼替丁,Ranitidine ,盐酸雷尼替丁胶囊,Ranitidine Hydrochloride Capsules,CYHB1850037,胶囊剂,口服,0.15g（按C13H22N4O3S计）,否,国药准字H13021317,2019-01-04,,石药集团欧意药业有限公司,上市销售中,通过质量和疗效一致性评价的药品,A02BA02,5051d98353330d467e4d5681a1d0903b,国药准字H13021317_盐酸雷尼替丁胶囊.pdf,https://www.cde.org.cn/hymlj/detailPage/4d9bd4e61be50ae0ea95aaf2cb8e71c5
d3f4f859316387ef6424de21aac86481,泊沙康唑,Posaconazole,泊沙康唑肠溶片,Posaconazole Enteric-coated Tablets,JXHS1700013,片剂,口服,100mg,是,H20180086,2018-12-07,Merck Sharp & Dohme Ltd,N.V.Organon,新批准暂未销售,进口原研药品,J02AC04,,,https://www.cde.org.cn/hymlj/detailPage/d3f4f859316387ef6424de21aac86481
87a46f76d599d9786597233612bc84a4,富马酸替诺福韦二吡呋酯,Tenofovir Disoproxil Fumarate,富马酸替诺福韦二吡呋酯片,Tenofovir Disoproxil Fumarate Tablets,CYHS1700321,片剂,口服,300mg,否,国药准字H20183499,2018-12-17,杭州和泽医药科技有限公司,杭州苏泊尔南洋药业有限公司,新批准暂未销售,按化学药品新注册分类批准的仿制药,J05AF07,,,https://www.cde.org.cn/hymlj/detailPage/87a46f76d599d9786597233612bc84a4
e3d7cffdd67e7e18ed00ef1d4712e9ff,盐酸莫西沙星,Moxifloxacin Hydrochloride ,盐酸莫西沙星片,Moxifloxacin Hydrochloride Tablets,CYHS1600135,片剂,口服,0.4g（按C21H24FN3O4计）,否,国药准字H20183530,2018-12-25,四川国为制药有限公司,四川国为制药有限公司,新批准暂未销售,按化学药品新注册分类批准的仿制药,J01MA14,,,https://www.cde.org.cn/hymlj/detailPage/e3d7cffdd67e7e18ed00ef1d4712e9ff
a1a75d46246fc7d0acec9267425d07b2,奥美沙坦酯,Olmesartan Medoxomil,奥美沙坦酯片,Olmesartan Medoxomil Tablets,CYHB1850063,片剂,口服,20mg,否,国药准字H20140054,2019-01-16,,南京正大天晴制药有限公司,上市销售中,通过质量和疗效一致性评价的药品,C09CA08,e934cc39164dba1b29357fb27e7f3868,国药准字H20140054_奥美沙坦酯片.pdf,https://www.cde.org.cn/hymlj/detailPage/a1a75d46246fc7d0acec9267425d07b2
7b616fad7107316065ed3214b4b51886,地塞米松,Dexamethasone,地塞米松玻璃体内植入剂,Dexamethasone Intravitreal Implant,JYHB1801086,植入剂,玻璃体内,0.7mg,是,H20170377,2017-10-20,Allergan Pharmaceuticals Ireland ,Allergan Pharmaceuticals Ireland ,上市销售中,进口原研药品,S01BA01 ,,,https://www.cde.org.cn/hymlj/detailPage/7b616fad7107316065ed3214b4b51886
2eabd605a7e7ab135518fdf4d04fc51e,利培酮,Risperidone ,利培酮口崩片,Risperidone Orally Disintegrating Tablets,CYHB1850380,片剂,口服,0.5mg,否,国药准字H20070271,2019-08-16,齐鲁制药有限公司,齐鲁制药有限公司,新批准暂未销售,通过质量和疗效一致性评价的药品,N05AX08,72476f3bc53b51aff3b8f95f17fc4ffd,国药准字H20070271_利培酮口崩片.pdf,https://www.cde.org.cn/hymlj/detailPage/2eabd605a7e7ab135518fdf4d04fc51e
f4c12b2cc31322b92cdb317acc94d8d5,蒙脱石,Montmorillonite,蒙脱石散,Montmorillonite Powder,CYHB1840086,散剂,口服,每袋含蒙脱石3g,否,国药准字H20083304,2019-08-14,,湖南千金湘江药业股份有限公司,上市销售中,通过质量和疗效一致性评价的药品,A07BC05,14a4f41ced68389a241d318b7b587846,国药准字H20083304_蒙脱石散.pdf,https://www.cde.org.cn/hymlj/detailPage/f4c12b2cc31322b92cdb317acc94d8d5
17c0cc2ac706b9475f77123723b75e6b,头孢呋辛酯,Cefuroxime Axetil,头孢呋辛酯片,Cefuroxime Axetil Tablets,CYHB1850223,片剂,口服,按C16H16N4O8S计算0.25g,否,国药准字H20094023,2019-08-27,石药集团欧意药业有限公司,石药集团欧意药业有限公司,上市销售中,通过质量和疗效一致性评价的药品,J01DC02; S01AA27,71d633056d209b697dc632b471e1d899,国药准字H20094023_头孢呋辛酯片.pdf,https://www.cde.org.cn/hymlj/detailPage/17c0cc2ac706b9475f77123723b75e6b
3a88a6e4e0f32b7ade6f3f5b5ca1a83f,美洛昔康,Meloxicam ,美洛昔康片,Meloxicam Tablets,CYHB1850357,片剂,口服,7.5mg,否,国药准字H20010207,2019-09-06,,扬子江药业集团有限公司,上市销售中,通过质量和疗效一致性评价的药品,M01AC06,48da39eb201e84c8497d082804de65b1,国药准字H20010207_美洛昔康片.pdf,https://www.cde.org.cn/hymlj/detailPage/3a88a6e4e0f32b7ade6f3f5b5ca1a83f
796a9e2ede405d615cc537b524c2cd7e,头孢氨苄,Cephalexin,头孢氨苄胶囊,Cephalexin Capsules,CYHB1850303,胶囊剂,口服,按C16H17N3O4S计 0.25g,否,国药准字H32020985,2019-08-19,,  扬子江药业集团有限公司  ,新批准暂未销售,通过质量和疗效一致性评价的药品,	J01DB01,c5f0de6bba86e7914c8153a3b672b36b,国药准字H32020985_头孢氨苄胶囊.pdf,https://www.cde.org.cn/hymlj/detailPage/796a9e2ede405d615cc537b524c2cd7e
00aaf94427b4f91032f760788046e7ea,盐酸帕罗西汀,Paroxetine Hydrochloride,盐酸帕罗西汀片,Paroxetine Hydrochloride Tablets,CYHB1850347,片剂,口服,20mg(按C19H20FNO3计),否,国药准字H20133084,2019-09-09,北京福元医药股份有限公司,北京福元医药股份有限公司,上市销售中,通过质量和疗效一致性评价的药品,N06AB05,01f92a0f6aa47370c2df1800a409882d,国药准字H20133084_盐酸帕罗西汀片.pdf,https://www.cde.org.cn/hymlj/detailPage/00aaf94427b4f91032f760788046e7ea
cb97a3ed65ffde76f8487811240f0cda,奥氮平,Olanzapine ,奥氮平片,Olanzapine Tablets,JYHB1840013,片剂,口服,10mg,否,H20150142,2019-09-03,,印度瑞迪博士实验室有限公司,上市销售中,通过质量和疗效一致性评价的药品,N05AH03,aae40c2eaf5f97c2b0b94e57eba6f661,H20150142_奥氮平片.pdf,https://www.cde.org.cn/hymlj/detailPage/cb97a3ed65ffde76f8487811240f0cda
14d8032afac489db65006fda51e9b2b2,奥氮平,Olanzapine,奥氮平片,Olanzapine Tablets,JYHB1840012,片剂,口服,5mg,否,H20150141,2019-09-03,,印度瑞迪博士实验室有限公司,上市销售中,通过质量和疗效一致性评价的药品,N05AH03,0329aa4ff5fc39ba43876fb57844c830,H20150141_奥氮平片.pdf,https://www.cde.org.cn/hymlj/detailPage/14d8032afac489db65006fda51e9b2b2
8cf19bb2c16b2a89cad79364867f49b1,头孢拉定,Cefradine,头孢拉定胶囊,Cefradine Capsules,CYHB1840111,胶囊剂,口服,0.25g,否,国药准字H37020707,2019-09-09,山东新华制药股份有限公司,山东新华制药股份有限公司,上市销售中,通过质量和疗效一致性评价的药品,J01DB09,70dbb10736fe0253776189bb45829335,国药准字H37020707_头孢拉定胶囊.pdf,https://www.cde.org.cn/hymlj/detailPage/8cf19bb2c16b2a89cad79364867f49b1
a167a67dbcf7104c67728289440090b7,多潘立酮,Domperidone,多潘立酮片,Domperidone Tablets,CYHB1850112,片剂,口服,10mg,否,国药准字H20093491,2019-08-30,,四川维奥制药有限公司,上市销售中,通过质量和疗效一致性评价的药品,A03FA03,c3862a25395dac92e3d4b2b4574d3bb4,国药准字H20093491_多潘立酮片.pdf,https://www.cde.org.cn/hymlj/detailPage/a167a67dbcf7104c67728289440090b7
cbc0fb6925741fcb2b3243cff9c0e20e,苯磺酸氨氯地平,Amlodipine Besylate ,苯磺酸氨氯地平片,Amlodipine Besylate Tablets,CYHB1840088,片剂,口服,5mg(按C20H25ClN2O5计),否,国药准字H20183234,2019-08-30,,重庆药友制药有限责任公司,新批准暂未销售,通过质量和疗效一致性评价的药品,C08CA01,2a5600515d0f9ab37a46de3f12b09d4d,国药准字H20183234_苯磺酸氨氯地平片.pdf,https://www.cde.org.cn/hymlj/detailPage/cbc0fb6925741fcb2b3243cff9c0e20e
8accfce9a969a0cf58571e1fc0b3f595,辛伐他汀,Simvastatin,辛伐他汀片,Simvastatin Tablets,CYHB1850344,片剂,口服,20mg,否,国药准字H20000009,2019-08-27,浙江京新药业股份有限公司  ,浙江京新药业股份有限公司  ,新批准暂未销售,通过质量和疗效一致性评价的药品,C10AA01,4be6032d1f5ab752489a01a14a89a44e,国药准字H20000009_辛伐他汀片.pdf,https://www.cde.org.cn/hymlj/detailPage/8accfce9a969a0cf58571e1fc0b3f595
36a317dfc09df69b1ddfc8604cfcb144,盐酸雷尼替丁,Ranitidine Hydrochloride ,盐酸雷尼替丁片,Ranitidine Hydrochloride Tablets,CYHB1850252,片剂,口服,150mg（按C13H22N4O3S计）,否,国药准字H37022067,2019-09-03,,瑞阳制药有限公司,上市销售中,通过质量和疗效一致性评价的药品,A02BA02,ba7706ffc574b08f221107029da37151,国药准字H37022067_盐酸雷尼替丁片.pdf,https://www.cde.org.cn/hymlj/detailPage/36a317dfc09df69b1ddfc8604cfcb144
7eb71d8a5a6a20c2972b3e9fe6391733,利培酮,Risperidone,利培酮口崩片,Risperidone Orally Disintegrating Tablets,CYHB1850382,片剂,口服,2mg,否,国药准字H20070320,2019-08-16,,齐鲁制药有限公司,上市销售中,通过质量和疗效一致性评价的药品,N05AX08,f9d85d5e978d42c6667da0822887b729,国药准字H20070320_利培酮口崩片.pdf,https://www.cde.org.cn/hymlj/detailPage/7eb71d8a5a6a20c2972b3e9fe6391733
958b639712b7a8a1a9f299a498e518e8,甲硝唑,Metronidazole  ,甲硝唑片,Metronidazole  Tablets,CYHB1850254,片剂,口服,0.2g,否,国药准字H34023945,2019-08-22,,蚌埠丰原涂山制药有限公司 ,新批准暂未销售,通过质量和疗效一致性评价的药品,J01XD01,691a61e74feff42d29c03679d8707461,国药准字H34023945_甲硝唑片.pdf,https://www.cde.org.cn/hymlj/detailPage/958b639712b7a8a1a9f299a498e518e8
54149666ecf9a8856275ee92a4756503,盐酸克林霉素,Clindamycin hydrochloride,盐酸克林霉素胶囊,Clindamycin hydrochloride Capsules,CYHB1850285,胶囊剂,口服,0.15g（按C18H33ClN2O5S计）,否,国药准字H20003860,2019-08-14,,哈尔滨珍宝制药有限公司,新批准暂未销售,通过质量和疗效一致性评价的药品,J01FF01,f1c1a600b64a96b1ff637e910d8de0bb,国药准字H20003860_盐酸克林霉素胶囊.pdf,https://www.cde.org.cn/hymlj/detailPage/54149666ecf9a8856275ee92a4756503
990438ef15bac22d493a2f269eba048f,蒙脱石,Montmorillonite,蒙脱石散,Montmorillonite Powder,CYHB1840064,散剂,口服,每袋含蒙脱石3g,否,国药准字H19980050,2019-08-30,,浙江海力生制药有限公司,上市销售中,通过质量和疗效一致性评价的药品,A07BC05,46917dc3b515a43caf738c7f3a8ad496,国药准字H19980050_蒙脱石散.pdf,https://www.cde.org.cn/hymlj/detailPage/990438ef15bac22d493a2f269eba048f
313a3fc2340d33d12567f16da361dd26,美洛昔康,Meloxicam ,美洛昔康片,Meloxicam Tablets,CYHB1850340,片剂,口服,7.5mg,否,国药准字H20030486,2019-09-06,,海南先声药业有限公司,上市销售中,通过质量和疗效一致性评价的药品,M01AC06,586ebdbc66da266de284eaad6c38b225,国药准字H20030486_美洛昔康片.pdf,https://www.cde.org.cn/hymlj/detailPage/313a3fc2340d33d12567f16da361dd26
b075cc8dcfc077520ee3a6248677f16f,甲钴胺,Mecobalamin ,甲钴胺片,Mecobalamin Tablets,CYHB1850059,片剂,口服,0.5mg,否,国药准字H20052325,2019-09-03,,扬子江药业集团南京海陵药业有限公司,上市销售中,通过质量和疗效一致性评价的药品,B03BA05,fe61ae3717b700c430210d78efc9da6e,国药准字H20052325_甲钴胺片.pdf,https://www.cde.org.cn/hymlj/detailPage/b075cc8dcfc077520ee3a6248677f16f
5ecbdc2e9f12fd4c4672eef931e68b60,阿莫西林,Amoxicillin,阿莫西林颗粒,Amoxicillin Granules,CYHB1850178,颗粒剂,口服,0.125g（按C16H19N3O5S计）,否,国药准字H46020605,2019-09-10,,海南先声药业有限公司,上市销售中,通过质量和疗效一致性评价的药品,J01CA04,eca64d847d8128c85f473496a8c41168,国药准字H46020605_阿莫西林颗粒.pdf,https://www.cde.org.cn/hymlj/detailPage/5ecbdc2e9f12fd4c4672eef931e68b60
3834c58ba58ce46c70741dbfeadf4933,利培酮,Risperidone,利培酮片,Risperidone Tablets,CYHB1850327,片剂,口服,1mg,否,国药准字H20050410,2019-09-04,,常州四药制药有限公司,上市销售中,通过质量和疗效一致性评价的药品,N05AX08,c8f3313d1b581d816eae91edfdb9a400,国药准字H20050410_利培酮片.pdf,https://www.cde.org.cn/hymlj/detailPage/3834c58ba58ce46c70741dbfeadf4933
4fc206d4de9d718f58b28f7ff099abe5,华法林钠,Warfarin Sodium ,华法林钠片,Warfarin Sodium Tablets,CYHB1850201,片剂,口服,2.5mg,否,国药准字H37021314,2019-09-09,齐鲁制药有限公司 ,齐鲁制药有限公司 ,上市销售中,通过质量和疗效一致性评价的药品,B01AA03,9015fabae1af3771e988b25768b4d36f,国药准字H37021314_华法林钠片.pdf,https://www.cde.org.cn/hymlj/detailPage/4fc206d4de9d718f58b28f7ff099abe5
663c31441e2d06a7a722ab39ac4f5d44,替格瑞洛,Ticagrelor,替格瑞洛片,Ticagrelor Tablets,CYHS1700353,片剂,口服,90mg,否,国药准字H20193252,2019-09-05,上海汇伦江苏药业有限公司,上海汇伦江苏药业有限公司,新批准暂未销售,按化学药品新注册分类批准的仿制药,B01AC24,,,https://www.cde.org.cn/hymlj/detailPage/663c31441e2d06a7a722ab39ac4f5d44
777de06430d3cf6e91f0433efa52425c,左乙拉西坦,Levetiracetam,左乙拉西坦片,Levetiracetam Tablets,CYHS1800034,片剂,口服,0.25g,否,国药准字H20193256,2019-09-05,,浙江普洛康裕制药有限公司,新批准暂未销售,按化学药品新注册分类批准的仿制药,N03AX14,,,https://www.cde.org.cn/hymlj/detailPage/777de06430d3cf6e91f0433efa52425c
c44d64d9a253987a7f7499122b7fbb79,左乙拉西坦,Levetiracetam,左乙拉西坦片,Levetiracetam Tablets,CYHS1800035,片剂,口服,0.5g,否,国药准字H20193257,2019-09-05,,浙江普洛康裕制药有限公司,新批准暂未销售,按化学药品新注册分类批准的仿制药,N03AX14,,,https://www.cde.org.cn/hymlj/detailPage/c44d64d9a253987a7f7499122b7fbb79
47349e90775847d2fc6b19af737b7183,坎地沙坦酯,Candesartan Cilexetil,坎地沙坦酯片,Candesartan Cilexetil Tablets,CYHB1850188,片剂,口服,4mg,否,国药准字H20030771,2019-09-09,,重庆圣华曦药业股份有限公司 ,上市销售中,通过质量和疗效一致性评价的药品,C09CA06,c673b311205fdec08a90a63e93298542,国药准字H20030771_坎地沙坦酯片.pdf,https://www.cde.org.cn/hymlj/detailPage/47349e90775847d2fc6b19af737b7183
1ceb9c15f91569ea513339e08ca339c5,苯磺酸氨氯地平,Amlodipine Besilate ,苯磺酸氨氯地平片,Amlodipine Besilate Tablets,CYHB1850206,片剂,口服,5mg（按C20H25ClN2O5计） ,否,国药准字H20113236,2019-08-19,,国药集团容生制药有限公司,新批准暂未销售,通过质量和疗效一致性评价的药品,C08CA01 ,8be28cdcb9d34c3b8e2e81ac172707f2,国药准字H20113236_苯磺酸氨氯地平片.pdf,https://www.cde.org.cn/hymlj/detailPage/1ceb9c15f91569ea513339e08ca339c5
0014e7418386c75b72223a8947789eaa,坎地沙坦酯,Candesartan Cilexetil ,坎地沙坦酯片,Candesartan Cilexetil Tablets,CYHB1850189,片剂,口服,8mg,否,国药准字H20041988,2019-09-09,,  重庆圣华曦药业股份有限公司  ,上市销售中,通过质量和疗效一致性评价的药品,C09CA06 ,1d784986986a023271dcd745d22f14d4,国药准字H20041988_坎地沙坦酯片.pdf,https://www.cde.org.cn/hymlj/detailPage/0014e7418386c75b72223a8947789eaa
e3b1b479cb17f38b461ec807a9e97d9c,醋酸阿比特龙,Abiraterone Acetate,醋酸阿比特龙片,Abiraterone Acetate Tablets,CYHS1800027,片剂,口服,0.25g,否,国药准字H20193276,2019-09-17,,江西山香药业有限公司,新批准暂未销售,按化学药品新注册分类批准的仿制药,L02BX03,,,https://www.cde.org.cn/hymlj/detailPage/e3b1b479cb17f38b461ec807a9e97d9c
45e2d89ef42dea22afbde6491676ce4d,厄洛替尼,Erlotinib Hydrochloride,盐酸厄洛替尼片,Erlotinib Hydrochloride Tablets,CYHS1790011,片剂,口服,0.15g,否,国药准字H20193262,2019-09-17,,上海创诺制药有限公司,新批准暂未销售,按化学药品新注册分类批准的仿制药,L01XE03,,,https://www.cde.org.cn/hymlj/detailPage/45e2d89ef42dea22afbde6491676ce4d
bef39c22123b8f9e204c57cef57ef782,盐酸二甲双胍,Metformin Hydrochloride,盐酸二甲双胍缓释片,Metformin Hydrochloride Sustained -release Tablets,CYHS1790023,缓释片,口服,0.5g,否,国药准字H20193269,2019-09-17,,石药集团欧意药业有限公司,上市销售中,按化学药品新注册分类批准的仿制药,A10BA02,,,https://www.cde.org.cn/hymlj/detailPage/bef39c22123b8f9e204c57cef57ef782
05f9cd1c9173b73d2c9076232233a2d8,盐酸二甲双胍,Metformin Hydrochloride ,盐酸二甲双胍缓释片,Metformin Hydrochloride Sustained -release Tablets,CYHS1790024,缓释片,口服,0.75g,否,国药准字H20193270,2019-09-17,,石药集团欧意药业有限公司,上市销售中,按化学药品新注册分类批准的仿制药,A10BA02,,,https://www.cde.org.cn/hymlj/detailPage/05f9cd1c9173b73d2c9076232233a2d8
7c1546e9aed3a5fcc50124a174b05d02,甲硝唑,Metronidazole ,甲硝唑片,Metronidazole Tablets,CYHB1850282,片剂,口服,0.2g,否,国药准字H42021947,2019-09-24,,远大医药（中国）有限公司,新批准暂未销售,通过质量和疗效一致性评价的药品,J01XD01 ,e074e0cb03a5deec89567cc74c6473cc,国药准字H42021947_甲硝唑片.pdf,https://www.cde.org.cn/hymlj/detailPage/7c1546e9aed3a5fcc50124a174b05d02
50b98609b06090a2b886f081f7862f74,头孢克洛,Cefaclor,头孢克洛胶囊,Cefaclor Capsules,CYHB1850403,胶囊剂,口服,0.5g(按C15H14ClN3O4S计算),否,国药准字H20046056,2019-09-30,,苏州中化药品工业有限公司,上市销售中,通过质量和疗效一致性评价的药品,J01DC04 ,67646202b05c1dce4bd3354fd435cbc6,国药准字H20046056_头孢克洛胶囊.pdf,https://www.cde.org.cn/hymlj/detailPage/50b98609b06090a2b886f081f7862f74
49082c97fc640fd202120ec1f6a45658,头孢克洛,Cefaclor,头孢克洛胶囊,Cefaclor Capsules,CYHB1850402,胶囊剂,口服,0.25g(按C15H14ClN3O4S计算),否,国药准字H20033599,2019-09-30,,苏州中化药品工业有限公司,上市销售中,通过质量和疗效一致性评价的药品,J01DC04 ,ea80cd1fe404248300a55d6545a10648,国药准字H20033599_头孢克洛胶囊.pdf,https://www.cde.org.cn/hymlj/detailPage/49082c97fc640fd202120ec1f6a45658
e90eed7501d012e68b2af6f98ed8e10f,右佐匹克隆,Dexzopiclone,右佐匹克隆片,Dexzopiclone Tablets,CYHB1950076,片剂,口服,3mg,否,国药准字H20070069,2019-09-29,,江苏天士力帝益药业有限公司,上市销售中,通过质量和疗效一致性评价的药品,N05CF04,30af29a44c2a8aae116148f8c5df42b0,国药准字H20070069_右佐匹克隆片.pdf,https://www.cde.org.cn/hymlj/detailPage/e90eed7501d012e68b2af6f98ed8e10f
447cc65ecf15ffae0143df9164787650,苯磺酸氨氯地平,Amlodipine Besilate,苯磺酸氨氯地平片,Amlodipine Besilate Tablets,CYHB1850293,片剂,口服,5mg（按氨氯地平计）,否,国药准字H20066277,2019-09-24,,山东方明药业集团股份有限公司 ,新批准暂未销售,通过质量和疗效一致性评价的药品,C08CA01 ,e40b0e70687f54bafe32db52f4931957,国药准字H20066277_苯磺酸氨氯地平片.pdf,https://www.cde.org.cn/hymlj/detailPage/447cc65ecf15ffae0143df9164787650
9c44c06643f4e7d38d02d44f0a0b6f90,苯溴马隆,Benzbromarone,苯溴马隆片,Benzbromarone Tablets,CYHB1850306,片剂,口服,50mg,否,国药准字H20040348,2019-09-18,,宜昌东阳光长江药业股份有限公司,上市销售中,通过质量和疗效一致性评价的药品,M04AB03 ,3cc3833861cb3a2a3cae2656132726c3,国药准字H20040348_苯溴马隆片.pdf,https://www.cde.org.cn/hymlj/detailPage/9c44c06643f4e7d38d02d44f0a0b6f90
221ff5e99592568ab8cacb6a3be3a1be,头孢拉定,Cefradine,头孢拉定胶囊,Cefradine Capsules,CYHB1850346,胶囊剂,口服,0.25g,否,国药准字H32020984,2019-09-10,,扬子江药业集团有限公司,上市销售中,通过质量和疗效一致性评价的药品,J01DB09 ,6cff91c8464dfc89ceb390e06f6ab004,国药准字H32020984_头孢拉定胶囊.pdf,https://www.cde.org.cn/hymlj/detailPage/221ff5e99592568ab8cacb6a3be3a1be
94f481ca1aa9743701893790974d83e6,聚乙二醇4000,Macrogol 4000,聚乙二醇4000散,Macrogol 4000 Powder,CYHB1850232,散剂,口服,10g,否,国药准字H20080092,2019-09-10,,马应龙药业集团股份有限公司,上市销售中,通过质量和疗效一致性评价的药品,A06AD15,3c0877f9e047f78e7ffdbe8d00854ba2,国药准字H20080092_聚乙二醇4000散.pdf,https://www.cde.org.cn/hymlj/detailPage/94f481ca1aa9743701893790974d83e6
b44b568c589fbbf070979d61dba030be,维格列汀,Vildagliptin ,维格列汀片,Vildagliptin Tablets,CYHB1940027,片剂,口服,50mg,否,国药准字H20193067,2019-10-21,,齐鲁制药有限公司,新批准暂未销售,通过质量和疗效一致性评价的药品,A10BH02,e0d4b82e3d3dd7953a2f38326a6d74b6,国药准字H20193067_维格列汀片.pdf,https://www.cde.org.cn/hymlj/detailPage/b44b568c589fbbf070979d61dba030be
943c98a721dd50b815838aad67c6ec50,阿莫西林,Amoxicillin,阿莫西林胶囊,Amoxicillin Capsules,CYHB1850312,胶囊剂,口服,按C16H19N3O5S计 0.25g ,否,国药准字H19993034,2019-10-23,山东鲁抗医药股份有限公司,山东鲁抗医药股份有限公司,上市销售中,通过质量和疗效一致性评价的药品,J01CA04 ,19aad566c10b15f1f22fe34cb00ea3c0,国药准字H19993034_阿莫西林胶囊.pdf,https://www.cde.org.cn/hymlj/detailPage/943c98a721dd50b815838aad67c6ec50
914b64dcb950919cfdd56f5571ace29f,阿莫西林,Amoxicillin,阿莫西林胶囊,Amoxicillin Capsules,CYHB1850311,胶囊剂,口服,按C16H19N3O5S计算0.125g,否,国药准字H19993035,2019-10-23,山东鲁抗医药股份有限公司,山东鲁抗医药股份有限公司,上市销售中,通过质量和疗效一致性评价的药品,J01CA04 ,1f341697957b97d0fb49f5a861900b3d,国药准字H19993035_阿莫西林胶囊.pdf,https://www.cde.org.cn/hymlj/detailPage/914b64dcb950919cfdd56f5571ace29f
c4e00fbc9e427c47bb22b57f9945ee4a,羟苯磺酸钙,Calcium Dobesilate,羟苯磺酸钙胶囊,Calcium Dobesilate Capsules,CYHB1850195,胶囊剂,口服,0.5g（按C12H10CaO10S2·H2O计） ,否,国药准字H20110031,2019-10-31,,宁夏康亚药业股份有限公司,上市销售中,通过质量和疗效一致性评价的药品,C05BX51 ,169978af656985edca0c2550db918154,国药准字H20110031_羟苯磺酸钙胶囊.pdf,https://www.cde.org.cn/hymlj/detailPage/c4e00fbc9e427c47bb22b57f9945ee4a
165f17e35fa9f3b21eeeabf35f126fdd,卡托普利,Captopril ,卡托普利片,Captopril Tablets,CYHB1850148,片剂,口服,25mg,否,国药准字H37020331,2019-11-07,山东新华制药股份有限公司,山东新华制药股份有限公司,上市销售中,通过质量和疗效一致性评价的药品,C09AA01 ,f409b5dfe0103f5e711538f6e8b52232,国药准字H37020331_卡托普利片.pdf,https://www.cde.org.cn/hymlj/detailPage/165f17e35fa9f3b21eeeabf35f126fdd
005b0ef74fa04b8ca65026aa3776940b,那格列奈,Nateglinide ,那格列奈片,Nateglinide Tablets,CYHB1850322,片剂,口服,120mg,否,国药准字H20123016,2019-10-31,江苏德源药业股份有限公司,江苏德源药业股份有限公司,上市销售中,通过质量和疗效一致性评价的药品,A10BX03 ,01c796df52cdd8c4a425a84f291ea873,国药准字H20123016_那格列奈片.pdf,https://www.cde.org.cn/hymlj/detailPage/005b0ef74fa04b8ca65026aa3776940b
ff4622e273087a18068924c859846669,头孢拉定,Cefradine,头孢拉定胶囊,Cefradine Capsules,CYHB1850358,胶囊剂,口服,0.25g,否,国药准字H20058843,2019-11-07,,山东罗欣药业集团股份有限公司,上市销售中,通过质量和疗效一致性评价的药品,J01DB09 ,916b54d824e7172635bf81e069817f5e,国药准字H20058843_头孢拉定胶囊.pdf,https://www.cde.org.cn/hymlj/detailPage/ff4622e273087a18068924c859846669
8b661ed6a16fb5f3ce3050796e10d182,异烟肼,Isoniazid,异烟肼片,Isoniazid Tablets,CYHB1850228,片剂,口服,100mg,否,国药准字H50020124,2019-11-05,,西南药业股份有限公司,上市销售中,通过质量和疗效一致性评价的药品,J04AC01,a935bd97a5dc6e2aaa9651b709743c10,国药准字H50020124_异烟肼片.pdf,https://www.cde.org.cn/hymlj/detailPage/8b661ed6a16fb5f3ce3050796e10d182
5a94476e78e2e9af2b42fea6cd384c10,头孢氨苄,Cefalexin ,头孢氨苄胶囊,Cefalexin Capsules,CYHB1850409,胶囊剂,口服,按C16H17N3O4S计0.25g,否,国药准字H13020524,2019-11-11,华北制药河北华民药业有限责任公司,华北制药河北华民药业有限责任公司,新批准暂未销售,通过质量和疗效一致性评价的药品,J01DB01 ,7b230b8a2b8dc3797df483a3c25bfa78,国药准字H13020524_头孢氨苄胶囊.pdf,https://www.cde.org.cn/hymlj/detailPage/5a94476e78e2e9af2b42fea6cd384c10
f8ee8f852c28d43b0e796f47c6f4601a,布洛芬,Ibuprofen,布洛芬缓释胶囊,Ibuprofen Sustained-release Capsules,CYHB1850113,胶囊剂（缓释）,口服,0.3g,否,国药准字H31022720,2019-11-07,,上海信谊天平药业有限公司,上市销售中,通过质量和疗效一致性评价的药品,M01AE01 ,22f801f4ccb9b2245fb54a31e41ed1ce,国药准字H31022720_布洛芬缓释胶囊.pdf,https://www.cde.org.cn/hymlj/detailPage/f8ee8f852c28d43b0e796f47c6f4601a
1f754c8e16227d3e8bc8d4fde2f90f06,头孢克肟,Cefixime,头孢克肟胶囊,Cefixime Capsules,CYHB1850326,胶囊剂,口服,100mg（按C16H15N5O7S2计）,否,国药准字H20041669,2019-11-14,石药集团欧意药业有限公司,石药集团欧意药业有限公司,上市销售中,通过质量和疗效一致性评价的药品,J01DD08,3a7738953776ac4260bf1f771934a53e,国药准字H20041669_头孢克肟胶囊.pdf,https://www.cde.org.cn/hymlj/detailPage/1f754c8e16227d3e8bc8d4fde2f90f06
b08802a94e97ae65047f6b415f91f186,厄贝沙坦;氢氯噻嗪,Irbesartan and Hydrochlorothiazide,厄贝沙坦氢氯噻嗪片,Irbesartan and Hydrochlorothiazide Tablets,CYHB1850141,片剂,口服,厄贝沙坦150mg/氢氯噻嗪12.5mg,否,国药准字H20133185,2019-11-05,,浙江爱诺生物药业股份有限公司 ,上市销售中,通过质量和疗效一致性评价的药品,C09DA04 ,5ce14f602e3971d67ce09da293f123b2,国药准字H20133185_厄贝沙坦氢氯噻嗪片.pdf,https://www.cde.org.cn/hymlj/detailPage/b08802a94e97ae65047f6b415f91f186
9c2d49b1af73fc6b63ff3135a2bbdafa,拉米夫定,Lamivudine ,拉米夫定片,Lamivudine Tablets,CYHB1850181,片剂,口服,0.1g,否,国药准字H20103481,2019-11-14,,湖南千金湘江药业股份有限公司,上市销售中,通过质量和疗效一致性评价的药品,J05AF05,a54c630542816e069edc5e0a936f803e,国药准字H20103481_拉米夫定片.pdf,https://www.cde.org.cn/hymlj/detailPage/9c2d49b1af73fc6b63ff3135a2bbdafa
c15bdec01be86933611b384060b76750,辛伐他汀,Simvastatin ,辛伐他汀片,Simvastatin Tablets,CYHB1850465,片剂,口服,20mg,否,国药准字H20084486,2019-11-07,,  山德士（中国）制药有限公司  ,上市销售中,通过质量和疗效一致性评价的药品,C10AA01 ,3cbece4599c0bf77084f59ff7e0a6ce6,国药准字H20084486_辛伐他汀片.pdf,https://www.cde.org.cn/hymlj/detailPage/c15bdec01be86933611b384060b76750
835f2949190bf08316aee532b6872ebd,阿莫西林,Amoxicillin,阿莫西林颗粒,Amoxicillin Granules,CYHB1850319,颗粒剂,口服,0.125g（按C16H19N3O5S计）,否,国药准字H20065138,2019-11-15,,湖南科伦制药有限公司,上市销售中,通过质量和疗效一致性评价的药品,J01CA04 ,2e536f839d720fb53fcd6e8ada8089ea,国药准字H20065138_阿莫西林颗粒.pdf,https://www.cde.org.cn/hymlj/detailPage/835f2949190bf08316aee532b6872ebd
7a1a483acf8d8fa59e611f26d561edac,盐酸二甲双胍,Metformin Hydrochloride ,盐酸二甲双胍片,Metformin Hydrochloride Tablets,CYHB1850278,片剂,口服,0.25g,否,国药准字H20054790,2019-11-11,,石家庄以岭药业股份有限公司,上市销售中,通过质量和疗效一致性评价的药品,A10BA02,dfb17b52f0dd1e6a276bc60b76556d3c,国药准字H20054790_盐酸二甲双胍片.pdf,https://www.cde.org.cn/hymlj/detailPage/7a1a483acf8d8fa59e611f26d561edac
dbd914545ab4bb2288acd76004088b53,利培酮,Risperidone ,利培酮分散片,Risperidone Dispersible Tablets,CYHB1940008,片剂,口服,1mg,否,国药准字H20100106,2019-11-11,江苏恩华药业股份有限公司,江苏恩华药业股份有限公司,上市销售中,通过质量和疗效一致性评价的药品,N05AX08 ,aa40ef45ae1fe4871b9ae167e55cf041,国药准字H20100106_利培酮分散片.pdf,https://www.cde.org.cn/hymlj/detailPage/dbd914545ab4bb2288acd76004088b53
e32f94b0a3fbd418a82bbb62d9ec35bd,辛伐他汀,Simvastatin,辛伐他汀片,Simvastatin Tablets,CYHB1850466,片剂,口服,40mg,否,国药准字H20084487,2019-11-07,,山德士（中国）制药有限公司 ,上市销售中,通过质量和疗效一致性评价的药品,C10AA01 ,b88047d69ed353da1ec4ad3fb8f75f45,国药准字H20084487_辛伐他汀片.pdf,https://www.cde.org.cn/hymlj/detailPage/e32f94b0a3fbd418a82bbb62d9ec35bd
bfe8aa0abaacbea7c5b765768360cad9,利培酮,Risperidone ,利培酮口崩片,Risperidone Orally Disintegrating Tablets,CYHB1850381,片剂,口服,1mg,否,国药准字H20070319,2019-08-16,齐鲁制药有限公司,齐鲁制药有限公司,上市销售中,通过质量和疗效一致性评价的药品,N05AX08 ,88033dd47bab29154ce7b5990f98182b,国药准字H20070319_利培酮口崩片.pdf,https://www.cde.org.cn/hymlj/detailPage/bfe8aa0abaacbea7c5b765768360cad9
052a43411eb267ceb975b063c3ddfc3b,缬沙坦,Valsartan,缬沙坦胶囊,Valsartan Capsules,CYHB1850305,胶囊剂,口服,80mg,否,国药准字H20133189,2019-11-11,,乐普恒久远药业有限公司 ,上市销售中,通过质量和疗效一致性评价的药品,C09C ,9228afdb99b370bbd3365e57f8863659,国药准字H20133189_缬沙坦胶囊.pdf,https://www.cde.org.cn/hymlj/detailPage/052a43411eb267ceb975b063c3ddfc3b
35e2e9deee5055941441ca708bc18680,布地奈德,Budesonide,吸入用布地奈德混悬液,Budesonide Suspension for Inhalation,,吸入混悬液,吸入,2ml:0.5mg,是,H20140474,1998-02-10,AstraZeneca Pty Ltd,AstraZeneca Pty Ltd,上市销售中,进口原研药品,R03BA02,,,https://www.cde.org.cn/hymlj/detailPage/35e2e9deee5055941441ca708bc18680
6abba65fc2a7f68969d33b0467979180,布地奈德,Budesonide,吸入用布地奈德混悬液,Budesonide Suspension for Inhalation,,吸入混悬液,吸入,2ml:1mg,是,H20140475,1998-02-10,AstraZeneca Pty Ltd,AstraZeneca Pty Ltd,上市销售中,进口原研药品,R03BA02,,,https://www.cde.org.cn/hymlj/detailPage/6abba65fc2a7f68969d33b0467979180
984d39e20531766f09999641dbfba2a4,盐酸罗哌卡因,Ropivacaine Hydrochloride,盐酸罗哌卡因注射液,Ropivacaine Hydrochloride Injection,,注射剂,其他（神经外周和硬膜外注射）,10ml:75mg,是,H20140764,1998-12-17,AstraZeneca AB,AstraZeneca AB,上市销售中,进口原研药品,N01BB09,,,https://www.cde.org.cn/hymlj/detailPage/984d39e20531766f09999641dbfba2a4
5bc4facc052e00de6bd63786fa8a3d19,盐酸罗哌卡因,Ropivacaine Hydrochloride,盐酸罗哌卡因注射液,Ropivacaine Hydrochloride Injection,,注射剂,其他（神经外周和硬膜外注射）,10ml:100mg,是,H20140763,1998-12-17,AstraZeneca AB,AstraZeneca AB,上市销售中,进口原研药品,N01BB09,,,https://www.cde.org.cn/hymlj/detailPage/5bc4facc052e00de6bd63786fa8a3d19
b91baa3fb983fea823ac738f6df1d930,醋酸加尼瑞克,Ganirelix,醋酸加尼瑞克注射液,Ganirelix Injection,,注射剂,皮下注射,0.5ml:0.25mg（以加尼瑞克计）,是,H20160574,2013-06-03,Merck Sharp & Dohme Limited,Vetter Pharma-Fertigung GmbH & Co.KG,上市销售中,进口原研药品,H01CC01,,,https://www.cde.org.cn/hymlj/detailPage/b91baa3fb983fea823ac738f6df1d930
b7892d45802c120cd26858696ef16148,醋酸卡泊芬净,Caspofungin Acetate,注射用醋酸卡泊芬净,Caspofungin Acetate for Injection,,注射剂,静脉输注,50mg（以卡泊芬净计）,是,H20171218,2002-10-29,Merck Sharp & Dohme Ltd,Laboratoires Merck Sharp & Dohme Chibret,上市销售中,进口原研药品,J02AX04,,,https://www.cde.org.cn/hymlj/detailPage/b7892d45802c120cd26858696ef16148
f6ff5f48ce848cfbb99e92542049ce5c,糠酸莫米松,Mometasone Furoate,糠酸莫米松鼻喷雾剂,Mometasone Furoate Aqueous Nasal Spray,,鼻喷雾剂,鼻腔,50微克/揿（0.05%）,是 ,H20140100,2000-07-14,MSD Belgium BVBA/SPRL,Schering-Plough Labo N.V.,上市销售中,进口原研药品,ROIAD09,,,https://www.cde.org.cn/hymlj/detailPage/f6ff5f48ce848cfbb99e92542049ce5c
ed6b2370dbf5c02731ccdfef20cd9156,头孢米诺钠,Cefminox Sodium,注射用头孢米诺钠,Cefminox Sodium for Injection,,注射剂,静脉注射,1.0g （以C16H21N7O7S3计）,是 ,H20150529;H20150530,1995-09-19,Meiji Seika Pharma Co.， Ltd.,API Co.， Ltd. Ikeda Pharmaceutical Plant,上市销售中,进口原研药品,J01DC12,,,https://www.cde.org.cn/hymlj/detailPage/ed6b2370dbf5c02731ccdfef20cd9156
a689bdc6bbe5eb8c03c746e9ef7d338a,盐酸屈他维林,Drotaverine Hydrochloride,盐酸屈他维林注射液,Drotaverine Hydrochloride Injection,,注射剂,肌肉注射,2ml:40mg,是 ,H20170302;H20170303,1997-03-12,Sanofi-aventis Private Co.Ltd.,CHINOIN Pharmaceutical and Chemical Works Private Co. Ltd.,上市销售中,进口原研药品,A03AD02,,,https://www.cde.org.cn/hymlj/detailPage/a689bdc6bbe5eb8c03c746e9ef7d338a
3bf89186bc441017aeb3929e13b5e901,泮托拉唑钠,Pantoprazole sodium,注射用泮托拉唑钠,Pantoprazole sodium for injection,,注射剂,静脉注射,40mg/瓶,是 ,H20150524,2001-11-22,Takeda GmbH,Takeda GmbH Production site Singen,上市销售中,进口原研药品,A02BC02,,,https://www.cde.org.cn/hymlj/detailPage/3bf89186bc441017aeb3929e13b5e901
fb8b113063b0bd4aa8ab07ad2754b8c0,硼替佐米,Bortezomib,注射用硼替佐米,Bortezomib for Injection ,,注射剂,静脉注射,1.0mg,是 ,H20171070,2009-09-21,Janssen-Cilag International N.V.,BSP Pharmaceuticals S.p.A.,上市销售中,进口原研药品 ,L01XX32,,,https://www.cde.org.cn/hymlj/detailPage/fb8b113063b0bd4aa8ab07ad2754b8c0
d29d971c063ba80c7d8578fd86ae7261,美罗培南,Meropenem,注射用美罗培南,Meropenem for Injection,,注射剂,静脉注射,0.5g（按C17H25N3O5S计）,是 ,H20140702;H20140703  ,1998-10-29,Sumitomo Dainippon Pharma Co.， Ltd.,Sumitomo Dainippon Pharma Co.， Ltd. Oita Plant,上市销售中,进口原研药品 ,J01DH02 ,,,https://www.cde.org.cn/hymlj/detailPage/d29d971c063ba80c7d8578fd86ae7261
d303dbb01e6e952eea557f3b9e4d3b93,沙美特罗；替卡松,Salmeterol Xinafoate; Fluticasone Propionate,沙美特罗替卡松粉吸入剂,Salmeterol Xinafoate and Fluticasone Propionate Powder for Inhalation,,干粉吸入剂,吸入,50ug/100ug/泡,是,H20150323,2001-11-07,Laboratoire GlaxoSmithKline,Glaxo Wellcome Production,上市销售中,进口原研药品 ,R03AK06,,,https://www.cde.org.cn/hymlj/detailPage/d303dbb01e6e952eea557f3b9e4d3b93
fb5d99a179c5b16398af9d16af248c65,沙美特罗；替卡松,Salmeterol Xinafoate; Fluticasone Propionate,沙美特罗替卡松粉吸入剂,Salmeterol Xinafoate and Fluticasone Propionate Powder for Inhalation,,干粉吸入剂,吸入,50ug/250ug/泡,是,H20150324,2001-11-07,Laboratoire GlaxoSmithKline,Glaxo Wellcome Production,上市销售中,进口原研药品 ,R03AK06,,,https://www.cde.org.cn/hymlj/detailPage/fb5d99a179c5b16398af9d16af248c65
3fc11bf73addfc79d9e25975773314ad,沙美特罗；替卡松,Salmeterol Xinafoate; Fluticasone Propionate,沙美特罗替卡松粉吸入剂,Salmeterol Xinafoate and Fluticasone Propionate Powder for Inhalation,,干粉吸入剂,吸入,50ug/500ug/泡,是,H20150325,2003-02-18,Laboratoire GlaxoSmithKline,Glaxo Wellcome Production,上市销售中,进口原研药品 ,R03AK06,,,https://www.cde.org.cn/hymlj/detailPage/3fc11bf73addfc79d9e25975773314ad
cc3745cb404283a78dc55dcc635d3355,非那雄胺,Finasteride ,非那雄胺片,Finasteride Tablets,CYHB1850253,片剂,口服,5mg,否,国药准字H20041327,2019-12-24,,扬子江药业集团四川海蓉药业有限公司,新批准暂未销售,通过质量和疗效一致性评价的药品,G04CB01 ,db3a0cf3163b9258448a3dddd2d6d06a,国药准字H20041327_非那雄胺片.pdf,https://www.cde.org.cn/hymlj/detailPage/cc3745cb404283a78dc55dcc635d3355
e10549eaab9ae83cf8e5c341d5c9194c,头孢呋辛酯,Cefuroxime Axetil,头孢呋辛酯片,Cefuroxime Axetil Tablets,CYHS1700112,片剂,口服,0.25g（按C16H16N4O8S计）,否,国药准字H20193368,2019-12-16,,深圳信立泰药业股份有限公司,新批准暂未销售,按化学药品新注册分类批准的仿制药,J01DC02,,,https://www.cde.org.cn/hymlj/detailPage/e10549eaab9ae83cf8e5c341d5c9194c
5b0ce16756047061803d2839d8e32199,非那雄胺,Finasteride,非那雄胺片,Finasteride Tablets,CYHB1950143,片剂,口服,5mg,否,国药准字H20041665,2019-12-24,,南京圣和药业股份有限公司,新批准暂未销售,通过质量和疗效一致性评价的药品,G04CB01 ,72e00a909b9f3da4000d13717d0b5f39,国药准字H20041665_非那雄胺片.pdf,https://www.cde.org.cn/hymlj/detailPage/5b0ce16756047061803d2839d8e32199
1ff4536e5d5bc157910ec593effec7fc,蒙脱石,Montmorillonite,蒙脱石散,Montmorillonite Powder,CYHB1850310,散剂,口服,每袋含蒙脱石3g,否,国药准字H20143336,2020-01-02,,山东鲁抗医药集团赛特有限责任公司,上市销售中,通过质量和疗效一致性评价的药品,A07BC05 ,50bda7e674ba7a80a6ad7a8462791084,国药准字H20143336_蒙脱石散.pdf,https://www.cde.org.cn/hymlj/detailPage/1ff4536e5d5bc157910ec593effec7fc
9a6eb45b768ac0df34367486723eaec6,盐酸二甲双胍,Metformin Hydrochloride ,盐酸二甲双胍片,Metformin Hydrochloride Tablets,CYHB1950010,片剂,口服,0.5g,否,国药准字H20113492,2019-12-27,,华北制药股份有限公司,新批准暂未销售,通过质量和疗效一致性评价的药品,A10BA02 ,e601cd6cf928165906bcea6a2ed67c5d,国药准字H20113492_盐酸二甲双胍片.pdf,https://www.cde.org.cn/hymlj/detailPage/9a6eb45b768ac0df34367486723eaec6
777705febdcb3caf821754f30bb7187c,阿莫西林,Amoxicillin ,阿莫西林胶囊,Amoxicillin Capsules,CYHB1850284,胶囊剂,口服,按C16H19N3O5S计0.5g ,否,国药准字H20043535,2020-01-07,华北制药股份有限公司,华北制药股份有限公司,上市销售中,通过质量和疗效一致性评价的药品,J01CA04 ,e53260b8fc870427542d9ad644acdc08,国药准字H20043535_阿莫西林胶囊.pdf,https://www.cde.org.cn/hymlj/detailPage/777705febdcb3caf821754f30bb7187c
b6a18f7b67696f344d22240b5a7ee028,盐酸克林霉素,Clindamycin Hydrochloride,盐酸克林霉素胶囊,Clindamycin Hydrochloride Capsules,CYHB1850440,胶囊剂,口服,0.15g（按C18H33ClN2O5S计）,否,国药准字H37021043,2020-01-03,,山东方明药业集团股份有限公司,新批准暂未销售,通过质量和疗效一致性评价的药品,J01FF01 ,b7efd56ea988a228ed16c098291bd518,国药准字H37021043_盐酸克林霉素胶囊.pdf,https://www.cde.org.cn/hymlj/detailPage/b6a18f7b67696f344d22240b5a7ee028
0f3a51aaabf63b9d777b5c44d106883b,头孢氨苄,Cefalexin ,头孢氨苄胶囊,Cefalexin Capsules,CYHB1850416,胶囊剂,口服,按C16H17N3O4S计0.25g,否,国药准字H22023551,2020-01-03,,长春迪瑞制药有限公司,上市销售中,通过质量和疗效一致性评价的药品,J01DB01 ,7cc95c56cff97c371cfebccddcee335a,国药准字H22023551_头孢氨苄胶囊.pdf,https://www.cde.org.cn/hymlj/detailPage/0f3a51aaabf63b9d777b5c44d106883b
5c6cc57c06517162803a6f67ddcb956c,阿莫西林,Amoxicillin,阿莫西林胶囊,Amoxicillin Capsules,CYHB1850058,胶囊剂,口服,按C16H19N3O5S计 0.25g ,否,国药准字H13020726,2020-01-07,华北制药股份有限公司,华北制药股份有限公司,上市销售中,通过质量和疗效一致性评价的药品,J01CA04 ,cbb597a9ceb8a16796060400ae500594,国药准字H13020726_阿莫西林胶囊.pdf,https://www.cde.org.cn/hymlj/detailPage/5c6cc57c06517162803a6f67ddcb956c
628736acfd214109b01c6f00bc44425a,苯磺酸氨氯地平,Amlodipine Besilate,苯磺酸氨氯地平片,Amlodipine Besilate Tablets,CYHB1850396,片剂,口服,5mg（按C20H25ClN2O5计）,否,国药准字H20074123,2020-01-02,,上海天赐福生物工程有限公司,上市销售中,通过质量和疗效一致性评价的药品,C08CA01 ,0ef6f58c12e2232786824c7524a1f0c7,国药准字H20074123_苯磺酸氨氯地平片.pdf,https://www.cde.org.cn/hymlj/detailPage/628736acfd214109b01c6f00bc44425a
f50c80ac35d7e9781990895ddeae83a6,吲达帕胺,Indapamide,吲达帕胺片,Indapamide Tablets,CYHB1850436,片剂,口服,2.5mg,否,国药准字H21020135,2020-01-09,,天津天士力（辽宁）制药有限责任公司,上市销售中,通过质量和疗效一致性评价的药品,C03BA11 ,9de8f7b8aa83e580a0857acd96970731,国药准字H21020135_吲达帕胺片.pdf,https://www.cde.org.cn/hymlj/detailPage/f50c80ac35d7e9781990895ddeae83a6
bd3266e159bc557b8cd79dacb92ea58d,奥硝唑,Ornidazole ,奥硝唑片,Ornidazole Tablets,CYHB1850428,片剂,口服,0.25g,否,国药准字H20030148,2020-01-09,四川科伦药业股份有限公司,四川科伦药业股份有限公司,上市销售中,通过质量和疗效一致性评价的药品,P01AB03 ,6e1c0600cdd0eee1e3c79fa10cc184d2,国药准字H20030148_奥硝唑片.pdf,https://www.cde.org.cn/hymlj/detailPage/bd3266e159bc557b8cd79dacb92ea58d
daefa9a622ea63b7f020540e34476150,恩替卡韦,Entecavir,恩替卡韦片,Entecavir Tablets,CYHS1700655,片剂,口服,0.5mg,否,国药准字H20193178,2019-06-24,苏州扬厉医药科技有限公司,信泰制药（苏州）有限公司,新批准暂未销售,按化学药品新注册分类批准的仿制药,J05AF10,,,https://www.cde.org.cn/hymlj/detailPage/daefa9a622ea63b7f020540e34476150
85a26fdd4befbd0b6976f39cbde6c464,布洛芬,Ibuprofen,布洛芬缓释胶囊,Ibuprofen Sustained-release Capsules,CYHS1700544,胶囊剂,口服,0.3g,否,国药准字H20193365,2019-12-16,,华北制药股份有限公司,新批准暂未销售,按化学药品新注册分类批准的仿制药,M01AE01,,,https://www.cde.org.cn/hymlj/detailPage/85a26fdd4befbd0b6976f39cbde6c464
8b84ad647abd2b73a8d3be6e5d97acf3,非那雄胺,Finasteride,非那雄胺片,Finasteride Tablets,CYHB1950157,片剂,口服,5mg,否,国药准字H20041152,2020-01-07,,成都倍特药业股份有限公司,上市销售中,通过质量和疗效一致性评价的药品,G04CB01 ,ffa7d7cb61d7354ce643b73df0a9cbdd,国药准字H20041152_非那雄胺片.pdf,https://www.cde.org.cn/hymlj/detailPage/8b84ad647abd2b73a8d3be6e5d97acf3
a94b249b09b1256f65eb772d776aac9b,依帕司他,Epalrestat ,依帕司他片,Epalrestat Tablets,CYHB1950142,片剂,口服,50mg,否,国药准字H20040012,2020-01-07,,扬子江药业集团南京海陵药业有限公司,上市销售中,通过质量和疗效一致性评价的药品,A10XA ,,,https://www.cde.org.cn/hymlj/detailPage/a94b249b09b1256f65eb772d776aac9b
b11b4606eb1ecc833b6a7d00e53348fa,卡托普利,Captopril,卡托普利片,Captopril Tablets,CYHB1850411,片剂,口服,25mg,否,国药准字H31020564,2020-01-07,上海旭东海普药业有限公司 ,上海旭东海普药业有限公司 ,上市销售中,通过质量和疗效一致性评价的药品,C09AA01 ,0740e0ac530ee04ea6b5f753b4e950df,国药准字H31020564_卡托普利片.pdf,https://www.cde.org.cn/hymlj/detailPage/b11b4606eb1ecc833b6a7d00e53348fa
ac65bbc3883f3c585c177f34ee8e9cb6,盐酸西替利嗪,Cetirizine Hydrochloride,盐酸西替利嗪片,Cetirizine Hydrochloride Tablets,CYHB1850387,片剂,口服,10mg,否,国药准字H20020250,2020-01-07,成都利尔药业有限公司,成都利尔药业有限公司,上市销售中,通过质量和疗效一致性评价的药品,R06AE07 ,9b0a7ad17635121c60dc3ea5376754be,国药准字H20020250_盐酸西替利嗪片.pdf,https://www.cde.org.cn/hymlj/detailPage/ac65bbc3883f3c585c177f34ee8e9cb6
5568ea082a0e21a5262772c843563b2a,替莫唑胺,Temozolomide,替莫唑胺胶囊,Temozolomide Capsules,CYHB1940036,胶囊剂,口服,20mg,否,国药准字H20194029,2020-01-07,,江苏天士力帝益药业有限公司,新批准暂未销售,通过质量和疗效一致性评价的药品,L01AX03 ,6974c2bacbac2963c8416eb46845b72b,国药准字H20194029_替莫唑胺胶囊.pdf,https://www.cde.org.cn/hymlj/detailPage/5568ea082a0e21a5262772c843563b2a
952b93ffaa9427ba6f3d97eba31eceae,吗替麦考酚酯,Mycophenolate mofetil ,吗替麦考酚酯片,Mycophenolate mofetil Tables,CYHB1850353,片剂,口服,0.5g,否,国药准字H20070082,2020-01-07,,浙江海正药业股份有限公司,新批准暂未销售,通过质量和疗效一致性评价的药品,L04AA06 ,9263a4a5d597ec69fc2060a4b0138585,国药准字H20070082_吗替麦考酚酯片.pdf,https://www.cde.org.cn/hymlj/detailPage/952b93ffaa9427ba6f3d97eba31eceae
213f320d042427ee65a6b90632b944c7,阿莫西林,Amoxicillin,阿莫西林胶囊,Amoxicillin Capsules,CYHB1850279,胶囊剂,口服,0.25g（按C16H19N3O5S计）,否,国药准字H20046351,2020-01-07,,海南通用三洋药业有限公司,上市销售中,通过质量和疗效一致性评价的药品,J01CA04,ad72c37dc863d47031dcf7a0ca6cb5be,国药准字H20046351_阿莫西林胶囊.pdf,https://www.cde.org.cn/hymlj/detailPage/213f320d042427ee65a6b90632b944c7
5b5b0312718511a63993c6701f6ab48a,双氯芬酸钠,Diclofenac Sodium,双氯芬酸钠缓释片,Diclofenac Sodium Sustained Release Tablets,CYHB1850359,片剂,口服,0.1g,否,国药准字H10970209,2020-01-07,,国药集团致君（深圳）坪山制药有限公司,上市销售中,通过质量和疗效一致性评价的药品,M01AB05 ,3e423b48810bd85c35946b1821a8dd8f,国药准字H10970209_双氯芬酸钠缓释片.pdf,https://www.cde.org.cn/hymlj/detailPage/5b5b0312718511a63993c6701f6ab48a
a9dcc3861835f789a35bae1cebf6c6c9,缬沙坦; 氢氯噻嗪,Valsartan; Hydrochlorothiazide,缬沙坦氢氯噻嗪片,Valsartan and Hydrochlorothiazide Tablets,CYHS1800102,片剂,口服,每片含缬沙坦80mg，氢氯噻嗪12.5mg,否,国药准字H20203024,2020-02-11,北京百奥药业有限责任公司,北京百奥药业有限责任公司,新批准暂未销售,按化学药品新注册分类批准的仿制药,C09CA03 C03AA03,,,https://www.cde.org.cn/hymlj/detailPage/a9dcc3861835f789a35bae1cebf6c6c9
d0e8c2c04b2a1b1be44a5e203a73aa56,普瑞巴林,Pregabalin ,普瑞巴林胶囊,Pregabalin Capsules,CYHS1700315,胶囊剂,口服,150mg,否,国药准字H20203041,2020-02-20,,齐鲁制药（海南）有限公司 ,新批准暂未销售,按化学药品新注册分类批准的仿制药,N03AX16,,,https://www.cde.org.cn/hymlj/detailPage/d0e8c2c04b2a1b1be44a5e203a73aa56
95b3efa0b9157323a3640a1a2b33f02c,普瑞巴林,Pregabalin ,普瑞巴林胶囊,Pregabalin Capsules,CYHS1700314,胶囊剂,口服,75mg,否,国药准字H20203040,2020-02-20,,齐鲁制药（海南）有限公司 ,新批准暂未销售,按化学药品新注册分类批准的仿制药,N03AX16,,,https://www.cde.org.cn/hymlj/detailPage/95b3efa0b9157323a3640a1a2b33f02c
604f0904f9c1d06fef6738580832b655,度他雄胺,,度他雄胺软胶囊,Dutasteride Soft Capsules,CYHS1700089,胶囊剂,口服,0.5mg,否,国药准字H20203007,2020-01-08,四川国为制药有限公司,四川国为制药有限公司,新批准暂未销售,按化学药品新注册分类批准的仿制药,G04CB02,,,https://www.cde.org.cn/hymlj/detailPage/604f0904f9c1d06fef6738580832b655
716c2b04de97518467080052f25bcbfb,苯磺酸氨氯地平,Amlodipine Besylate,苯磺酸氨氯地平片,Amlodipine Besylate Tablets,CYHB1850187,片剂,口服,5 mg（按C20H25ClN2O5计） ,否,国药准字H20093494,2020-01-16,, 上海迪赛诺生物医药有限公司  ,上市销售中,通过质量和疗效一致性评价的药品,C08CA01 ,c6cff11df45b162577cb8493d7eb4edc,国药准字H20093494_苯磺酸氨氯地平片.pdf,https://www.cde.org.cn/hymlj/detailPage/716c2b04de97518467080052f25bcbfb
4daddebfff1b252b960d6f116bf2efa4,盐酸西替利嗪,Cetirizine Hydrochloride,盐酸西替利嗪片,Cetirizine Hydrochloride Tablets,CYHB1950147,片剂,口服,10mg,否,国药准字H20030447,2020-02-12,,苏州中化药品工业有限公司,上市销售中,通过质量和疗效一致性评价的药品,R06AE07 ,c4acef20ed9cc3501de847b816fed769,国药准字H20030447_盐酸西替利嗪片.pdf,https://www.cde.org.cn/hymlj/detailPage/4daddebfff1b252b960d6f116bf2efa4
08b6c437a0ea9dac2cdd6d243973b73f,盐酸坦索罗辛,Tamsulosin Hydrochloride,盐酸坦索罗辛缓释胶囊,Tamsulosin Hydrochloride Sustained-release Capsules,CYHB1950324,胶囊剂（缓释）,口服,0.2mg,否,国药准字H20050285,2020-01-20,,杭州康恩贝制药有限公司,上市销售中,通过质量和疗效一致性评价的药品,G04CA02 ,492754eae4028558bb350b04c496c352,国药准字H20050285_盐酸坦索罗辛缓释胶囊.pdf,https://www.cde.org.cn/hymlj/detailPage/08b6c437a0ea9dac2cdd6d243973b73f
2eb218059702a07064081f6b70d4e0cb,奥美拉唑,Omeprazole,奥美拉唑肠溶胶囊,Omeprazole Enteric Capsules,CYHB1950186,胶囊剂,口服,20mg,否,国药准字H10950086,2020-02-13,,常州四药制药有限公司,上市销售中,通过质量和疗效一致性评价的药品,A02BC01 ,2518b22d2a43ef11dd9565b69ca160f0,国药准字H10950086_奥美拉唑肠溶胶囊.pdf,https://www.cde.org.cn/hymlj/detailPage/2eb218059702a07064081f6b70d4e0cb
81709733070f00e2256deda91629c3c8,头孢克肟,Cefixime,头孢克肟颗粒,Cefixime Granules,CYHB1740004,颗粒剂,口服,50mg（按C16H15N5O7S2计） ,否,国药准字H20020512,2020-02-13,国药集团致君（深圳）制药有限公司,国药集团致君（深圳）制药有限公司,上市销售中,通过质量和疗效一致性评价的药品,J01DD08 ,d1a45ad914d0a247f33c14d6778abda1,国药准字H20020512_头孢克肟颗粒.pdf,https://www.cde.org.cn/hymlj/detailPage/81709733070f00e2256deda91629c3c8
caec57088944101d4f7b9e74c9f1cfdb,马来酸依那普利,Enalapril Maleate ,马来酸依那普利片,Enalapril Maleate Tablets,CYHB1950525,片剂,口服,5mg,否,国药准字H20055812,2020-02-17,石药集团欧意药业有限公司  ,石药集团欧意药业有限公司  ,上市销售中,通过质量和疗效一致性评价的药品,C09AA02 ,21ae31a1ceba8a805360808d5932b848,国药准字H20055812_马来酸依那普利片.pdf,https://www.cde.org.cn/hymlj/detailPage/caec57088944101d4f7b9e74c9f1cfdb
74972b7ed784ad136862c7866ec0dff1,马来酸依那普利,Enalapril Maleate,马来酸依那普利片,Enalapril Maleate Tablets,CYHB1950524,片剂,口服,2.5mg,否,国药准字H20055813,2020-02-17,石药集团欧意药业有限公司  ,石药集团欧意药业有限公司 ,上市销售中,通过质量和疗效一致性评价的药品,C09AA02 ,caecffbfe92421b7bd64532a1c873c5b,国药准字H20055813_马来酸依那普利片.pdf,https://www.cde.org.cn/hymlj/detailPage/74972b7ed784ad136862c7866ec0dff1
a4711bb2a3e1194af09dc380e81a65f4,蒙脱石,Montmorillonite,蒙脱石散,Montmorillonite Powder,CYHB1850486,散剂,口服,每袋含蒙脱石3g,否,国药准字H19990380,2020-02-17,,北京万辉双鹤药业有限责任公司,上市销售中,通过质量和疗效一致性评价的药品,A07BC05 ,111ea2b12207e625bb44fde971f81052,国药准字H19990380_蒙脱石散.pdf,https://www.cde.org.cn/hymlj/detailPage/a4711bb2a3e1194af09dc380e81a65f4
4b14d5f78a9ad66a198ff95cd5c9c861,盐酸克林霉素,Clindamycin Hydrochloride ,盐酸克林霉素胶囊,Clindamycin Hydrochloride Capsules,CYHB1850423,胶囊剂,口服,0.15g（按C18H33C1N2O5S计） ,否,国药准字H41020486,2020-02-13,,天方药业有限公司,上市销售中,通过质量和疗效一致性评价的药品,J01FF01 ,957f26d7ee1106f6ebb4d7fe9be8953d,国药准字H41020486_盐酸克林霉素胶囊.pdf,https://www.cde.org.cn/hymlj/detailPage/4b14d5f78a9ad66a198ff95cd5c9c861
f0bdd32fe6e9fccd2b08e945777726ec,盐酸乙胺丁醇,Ethambutol Hydrochloride,盐酸乙胺丁醇片,Ethambutol Hydrochloride Tablets,CYHB1850404,片剂,口服,0.25g,否,国药准字H44020758,2020-02-17,广东华南药业集团有限公司,广东华南药业集团有限公司,上市销售中,通过质量和疗效一致性评价的药品,J04AK02 ,216f5035a600033cff7d99edde7c2e89,国药准字H44020758_盐酸乙胺丁醇片.pdf,https://www.cde.org.cn/hymlj/detailPage/f0bdd32fe6e9fccd2b08e945777726ec
628fab219966aa11e8c462908535c647,卡托普利,Captopril,卡托普利片,Captopril Tablets,CYHB1850389,片剂,口服,12.5mg,否,国药准字H43021388,2020-02-17,,湖南汉森制药股份有限公司  ,上市销售中,通过质量和疗效一致性评价的药品,C09AA01 ,24384b7e1c01a9acd32bb6480390b244,国药准字H43021388_卡托普利片.pdf,https://www.cde.org.cn/hymlj/detailPage/628fab219966aa11e8c462908535c647
7f4094bba1e4186dc4203e252e897392,左乙拉西坦,Levetiracetam,左乙拉西坦片,Levetiracetam Tablets,CYHS1700453,片剂,口服,250mg,否,国药准字H20203042,2020-02-20,浙江华海药业股份有限公司,浙江华海药业股份有限公司,新批准暂未销售,按化学药品新注册分类批准的仿制药,N03AX14,,,https://www.cde.org.cn/hymlj/detailPage/7f4094bba1e4186dc4203e252e897392
e8fcd4613478be12e1794d76ee6899eb,左乙拉西坦,Levetiracetam,左乙拉西坦片,Levetiracetam Tablets,CYHS1700454,片剂,口服,500mg,否,国药准字H20203043,2020-02-20,浙江华海药业股份有限公司,浙江华海药业股份有限公司,新批准暂未销售,按化学药品新注册分类批准的仿制药,N03AX14 ,,,https://www.cde.org.cn/hymlj/detailPage/e8fcd4613478be12e1794d76ee6899eb
f426b256779832173e4dbc31654f0500,瑞舒伐他汀钙,Rosuvastatin Calcium,瑞舒伐他汀钙片,Rosuvastatin Calcium  Tablets,CYHS1800171,片剂,口服,10mg(按C22H28FN3O6S计),否,国药准字H20203049,2020-02-20,合肥英太制药有限公司,合肥英太制药有限公司,新批准暂未销售,按化学药品新注册分类批准的仿制药,C10AA07 ,,,https://www.cde.org.cn/hymlj/detailPage/f426b256779832173e4dbc31654f0500
61a76a8006d443d23ddf03134786f2d2,盐酸莫西沙星,Moxifloxacin Hydrochloride,盐酸莫西沙星片,Moxifloxacin Hydrochloride Tablets,CYHS1700613,片剂,口服,0.4g（以C21H24FN3O4计）,否,国药准字H20203062,2020-02-25,深圳信立泰药业股份有限公司,深圳信立泰药业股份有限公司,新批准暂未销售,按化学药品新注册分类批准的仿制药,J01MA14,,,https://www.cde.org.cn/hymlj/detailPage/61a76a8006d443d23ddf03134786f2d2
0f98a65960166580435351cc7f195951,丙氨酰谷氨酰胺,Alanyl Glutamine ,丙氨酰谷氨酰胺注射液,Alanyl Glutamine Injection,,注射剂,静脉注射,50ml:10g,是,H20150558;H20150559,1999-04-03,Fresenius Kabi Austria GmbH,Fresenius Kabi Austria GmbH,上市销售中,进口原研药品,B05XB02,,,https://www.cde.org.cn/hymlj/detailPage/0f98a65960166580435351cc7f195951
159220dddc64617c300dc6e1f646c87d,达比加群酯,Dabigatran Etexilate ,达比加群酯胶囊,Dabigatran Etexilate Capsules,CYHS1800217,胶囊剂,口服,110mg（以达比加群酯计）,否,国药准字H20203098,2020-03-17,正大天晴药业集团股份有限公司,正大天晴药业集团股份有限公司,新批准暂未销售,按化学药品新注册分类批准的仿制药,B01AE07,,,https://www.cde.org.cn/hymlj/detailPage/159220dddc64617c300dc6e1f646c87d
bce1197019495b8faf0f0da142294072,达比加群酯,Dabigatran Etexilate,达比加群酯胶囊,Dabigatran Etexilate Capsules,CYHS1800216,胶囊剂,口服,75mg（以达比加群酯计）,否,国药准字H20203097,2020-03-17,正大天晴药业集团股份有限公司 ,正大天晴药业集团股份有限公司 ,新批准暂未销售,按化学药品新注册分类批准的仿制药,B01AE07,,,https://www.cde.org.cn/hymlj/detailPage/bce1197019495b8faf0f0da142294072
a66b0fbab1f7eb998d97824b143e5f8f,苯磺酸氨氯地平,Amlodipine Besilate,苯磺酸氨氯地平片,Amlodipine Besilate Tablets,CYHB1850374,片剂,口服,5mg（以氨氯地平计）,否,国药准字H20103551,2020-02-27,,四川省百草生物药业有限公司 ,上市销售中,通过质量和疗效一致性评价的药品,C08CA01 ,2a3974a6ea1bbbeff4ebaf435fde7617,国药准字H20103551_苯磺酸氨氯地平片.pdf,https://www.cde.org.cn/hymlj/detailPage/a66b0fbab1f7eb998d97824b143e5f8f
5b9378ebc9401abb58da3a7e8cf36ce5,头孢克肟,Cefixime,头孢克肟颗粒,Cefixime Granules,CYHB1850331,颗粒剂,口服,50mg（按C16H15N5O7S2计）,否,国药准字H10940128,2020-02-21,广州白云山医药集团股份有限公司白云山制药总厂,广州白云山医药集团股份有限公司白云山制药总厂,上市销售中,通过质量和疗效一致性评价的药品,J01DD08,639275430136520ac529c357c4cb9202,国药准字H10940128_头孢克肟颗粒.pdf,https://www.cde.org.cn/hymlj/detailPage/5b9378ebc9401abb58da3a7e8cf36ce5
3a2cdac62d949d2deb7a5ab2855ee7f3,非那雄胺,Finasteride,非那雄胺片,Finasteride Tablets,CYHB1850441,片剂,口服,5mg,否,国药准字H20070146,2020-01-20,,湖北舒邦药业有限公司,新批准暂未销售,通过质量和疗效一致性评价的药品,G04CB01 ,f70266bae115655cb7b7f2bfb6898fa9,国药准字H20070146_非那雄胺片.pdf,https://www.cde.org.cn/hymlj/detailPage/3a2cdac62d949d2deb7a5ab2855ee7f3
b726a1de62912d3da1ba7722430040d9,对乙酰氨基酚,Paracetamol,对乙酰氨基酚片,Paracetamol Tablets,CYHB1950096,片剂,口服,0.5g,否,国药准字H14020578,2020-01-02,,山西振东安特生物制药有限公司,新批准暂未销售,通过质量和疗效一致性评价的药品,N02BE01 ,9c5fdf893c8f5790d5faceacc5da889c,国药准字H14020578_对乙酰氨基酚片.pdf,https://www.cde.org.cn/hymlj/detailPage/b726a1de62912d3da1ba7722430040d9
319979b51c25730fc175c108803e178c,盐酸二甲双胍,Metformin Hydrochloride,盐酸二甲双胍片,Metformin Hydrochloride Tablets,CYHB1950308,片剂,口服,0.25g,否,国药准字H12020587,2020-03-03,,天津中新药业集团股份有限公司新新制药厂 ,新批准暂未销售,通过质量和疗效一致性评价的药品,A10BA02 ,ca5e7e288d21921828d25ccefe80abda,国药准字H12020587_盐酸二甲双胍片.pdf,https://www.cde.org.cn/hymlj/detailPage/319979b51c25730fc175c108803e178c
c26341d32d58d7a97aa3136f2a8c913e,盐酸氟西汀,Fluoxetine Hydrochloride,盐酸氟西汀胶囊,Fluoxetine Hydrochloride Capsules,CYHB1950221,胶囊剂,口服,20mg(以氟西汀计),否,国药准字H20073985,2020-03-03,,山西仟源医药集团股份有限公司,新批准暂未销售,通过质量和疗效一致性评价的药品,N06AB03 ,befd47d687b8a817d3a81022c959e9e6,国药准字H20073985_盐酸氟西汀胶囊.pdf,https://www.cde.org.cn/hymlj/detailPage/c26341d32d58d7a97aa3136f2a8c913e
c1bf4e1da0e9b35adcb948d9efd92685,盐酸帕罗西汀,Paroxetine Hydrochloride,盐酸帕罗西汀片,Paroxetine Hydrochloride Tablets,CYHB1950106,片剂,口服,20mg,否,国药准字H20040533,2020-02-26,,浙江尖峰药业有限公司,上市销售中,通过质量和疗效一致性评价的药品,N06AB05,172f7cb9af9f58e26eb0324c63df9ed6,国药准字H20040533_盐酸帕罗西汀片.pdf,https://www.cde.org.cn/hymlj/detailPage/c1bf4e1da0e9b35adcb948d9efd92685
d619746cc5cd820b8ca6d7ce46dac9c4,利伐沙班,Rivaroxaban,利伐沙班片,Rivaroxaban Tablets,CYHS1800210,片剂,口服,10mg,否,国药准字H20203077,2020-03-03, 石药集团欧意药业有限公司  , 石药集团欧意药业有限公司  ,新批准暂未销售,按化学药品新注册分类批准的仿制药,B01AF01 ,,,https://www.cde.org.cn/hymlj/detailPage/d619746cc5cd820b8ca6d7ce46dac9c4
cc597a80a21d90cd15b2049ded9117e9,依托考昔,Etoricoxib ,依托考昔片,Etoricoxib Tablets,CYHS1700562,片剂,口服,30mg,否,国药准字H20193302,2019-11-04,成都苑东生物制药股份有限公司,成都苑东生物制药股份有限公司,新批准暂未销售,按化学药品新注册分类批准的仿制药,M01AH05 ,,,https://www.cde.org.cn/hymlj/detailPage/cc597a80a21d90cd15b2049ded9117e9
a06d40dcc1b7f86d103a2da8fbfdb052,依托考昔,Etoricoxib ,依托考昔片,Etoricoxib Tablets,CYHS1700563,片剂,口服,60mg,否,国药准字H20193303,2019-11-04,成都苑东生物制药股份有限公司,成都苑东生物制药股份有限公司,新批准暂未销售,按化学药品新注册分类批准的仿制药,M01AH05,,,https://www.cde.org.cn/hymlj/detailPage/a06d40dcc1b7f86d103a2da8fbfdb052
da0ace55d2fb27a056ab462b9da5ccd2,依托考昔,Etoricoxib ,依托考昔片,Etoricoxib Tablets,CYHS1700564,片剂,口服,120mg,否,国药准字H20193304,2019-11-04,成都苑东生物制药股份有限公司,成都苑东生物制药股份有限公司,新批准暂未销售,按化学药品新注册分类批准的仿制药,M01AH05 ,,,https://www.cde.org.cn/hymlj/detailPage/da0ace55d2fb27a056ab462b9da5ccd2
1e4ce94f54719bb758fa2f4bef3ca902,苯磺酸氨氯地平,Amlodipine Besilate ,苯磺酸氨氯地平片,Amlodipine Besilate Tablets,CYHB1850361,片剂,口服,5mg（按C20H25ClN2O5计） ,否,国药准字H20020161,2020-01-16,宁波大红鹰药业股份有限公司  ,宁波大红鹰药业股份有限公司  ,上市销售中,通过质量和疗效一致性评价的药品,C08CA01 ,09d7d5d35d9fa0a07b81dd8a5eaf123b,国药准字H20020161_苯磺酸氨氯地平片.pdf,https://www.cde.org.cn/hymlj/detailPage/1e4ce94f54719bb758fa2f4bef3ca902
081014dd6ccec4c1e051423a6fe0e6f9,苯磺酸氨氯地平,Amlodipine Besylate,苯磺酸氨氯地平片,Amlodipine Besylate Tablets,CYHB1850267,片剂,口服,5mg（按氨氯地平计）,否,国药准字H20083379,2020-02-27,福建省泉州亚泰制药有限公司,福建省泉州亚泰制药有限公司,上市销售中,通过质量和疗效一致性评价的药品,C08CA01 ,82fb97d4460164d50cb7fc224f92853c,国药准字H20083379_苯磺酸氨氯地平片.pdf,https://www.cde.org.cn/hymlj/detailPage/081014dd6ccec4c1e051423a6fe0e6f9
319e9f217b91efc8ff631d5f96eca50d,苯甲酸阿格列汀,Alogliptin Benzoate ,苯甲酸阿格列汀片,Alogliptin Benzoate Tablets,CYHS1700049,片剂,口服,25mg（以C18H21N5O2计）,否,国药准字H20193329,2019-11-18,,亚宝药业集团股份有限公司,新批准暂未销售,按化学药品新注册分类批准的仿制药,A10BH04,,,https://www.cde.org.cn/hymlj/detailPage/319e9f217b91efc8ff631d5f96eca50d
c5a05fe8aa41260796ea142e22ea2bed,蛋白质；脂肪；碳水化合物；膳食纤维；钠；钾；氯化物；钙；镁；磷；铁；锌；铜；锰；碘化物；铬；钼；氟化物；硒；维生素A；维生素D3；维生素E；维生素K1；维生素B1；维生素B2；烟酰胺；维生素B6；维生素B12；泛酸；生物素；叶酸；维生素C；胆碱,Protein; Fat; Carbohydrates; Dietary fibre; Sodium; Potassium; Chloride; Calcium; Magnesium; Phosphorus; Iron; Zinc; Copper; Manganese; Iodide; Chromium; Molybdenum; Fluoride; Selenium; Vitamin A; Vitamin D3; Vitamin E; Vitamin K1; Vitamin B1; Vitamin B2; Nicotinamide; Vitamin B6; Vitamin B12; Pantothenic acid; Biotin; Folic acid; Vitamin C; Choline,肠内营养乳剂（TPF-D）,Enteral Nutritional Emulsion（TPF-D）,,口服乳剂,口服；其他（管饲）,500ml/袋,是,H20140192;H20140191,2001-08-22, Fresenius Kabi Deutschland GmbH,Fresenius Kabi Deutschland GmbH,上市销售中,进口原研药品,V06DB00,,,https://www.cde.org.cn/hymlj/detailPage/c5a05fe8aa41260796ea142e22ea2bed
7716e04638e482dded955f90583fbcd4,蛋白质；脂肪；碳水化合物；膳食纤维；钠；钾；氯化物；钙；镁；磷；铁；锌；铜；锰；碘化物；铬；钼；氟化物；硒；维生素A；维生素D3；维生素E；维生素K1；维生素B1；维生素B2；烟酰胺；维生素B6；维生素B12；泛酸；生物素；叶酸；维生素C；胆碱,Protein; Fat; Carbohydrates; Dietary fibre; Sodium; Potassium; Chloride; Calcium; Magnesium; Phosphorus; Iron; Zinc; Copper; Manganese; Iodide; Chromium; Molybdenum; Fluoride; Selenium; Vitamin A; Vitamin D3; Vitamin E; Vitamin K1; Vitamin B1; Vitamin B2; Nicotinamide; Vitamin B6; Vitamin B12; Pantothenic acid; Biotin; Folic acid; Vitamin C; Choline,肠内营养乳剂（TPF-D）,Enteral Nutritional Emulsion（TPF-D）,,口服乳剂,口服；其他（管饲）,500ml/瓶,是,H20140189;H20140190,2001-08-22, Fresenius Kabi Deutschland GmbH,Fresenius Kabi Deutschland GmbH,上市销售中,进口原研药品,V06DB00,,,https://www.cde.org.cn/hymlj/detailPage/7716e04638e482dded955f90583fbcd4
72eb84d092ae730f1d0a9c24a8e1b013,醋酸奥曲肽,Octreotide Acetate ,醋酸奥曲肽注射液,Octreotide Acetate Injection,,注射剂,皮下注射；静脉注射,1ml:0.1mg,是,H20150364,1996-01-15,Novartis Pharma Schweiz AG,Novartis Pharma Stein AG,上市销售中,进口原研药品,H01CB02,,,https://www.cde.org.cn/hymlj/detailPage/72eb84d092ae730f1d0a9c24a8e1b013
8e58d6c2099304df8e976581c829b652,地塞米松棕榈酸酯,Dexamethasone Palmitate,地塞米松棕榈酸酯注射液,Dexamethasone Palmitate Injection,,注射剂,静脉注射；其他（关节腔注射）,1ml:4mg（以地塞米松棕榈酸酯计）,是,H20160167,1996-01-24,Mitsubishi Tanabe Pharma Corporation,Mitsubishi Tanabe Pharma Korea Co.， Ltd.       ,上市销售中,进口原研药品,H02AB02,,,https://www.cde.org.cn/hymlj/detailPage/8e58d6c2099304df8e976581c829b652
e36ca2552251434c614cfbf9af5110ea,碘佛醇,Ioversol,碘佛醇注射液,Ioversol Injection,,注射剂,血管内注射,50mL:17.5g（I）,是,H20150571,1999-03-02,Liebel-Flarsheim Canada Inc.,Liebel-Flarsheim Canada Inc.,上市销售中,进口原研药品,V08AB07,,,https://www.cde.org.cn/hymlj/detailPage/e36ca2552251434c614cfbf9af5110ea
c041d77f010ad437c91832ccb8c100b6,丙酸氟替卡松,Fluticasone Propionate ,丙酸氟替卡松吸入气雾剂,Fluticasone Propionate Inhaled Aerosol,,吸入气雾剂,吸入,50 ug/揿,是,H20130189,1997-06-06,GlaxoSmithKline Australia Pty Ltd.,Glaxo Wellcome SA,上市销售中,进口原研药品,R03BA05,,,https://www.cde.org.cn/hymlj/detailPage/c041d77f010ad437c91832ccb8c100b6
7b013e5a4b3c7a43df2b05f77c86ba14,丙酸氟替卡松,Fluticasone Propionate ,丙酸氟替卡松吸入气雾剂,Fluticasone Propionate Inhaled Aerosol,,吸入气雾剂,吸入,125 ug/揿,是,H20130190,1997-06-06,GlaxoSmithKline Australia Pty Ltd.,Glaxo Wellcome SA,上市销售中,进口原研药品,R03BA05,,,https://www.cde.org.cn/hymlj/detailPage/7b013e5a4b3c7a43df2b05f77c86ba14
20b56806d9c5c0094fdbb5484569bdd1,布洛芬,Ibuprofen,布洛芬混悬液,Ibuprofen Suspension,,口服混悬剂,口服,30ml:0.6g,是,国药准字H20000359,2000-05-23, ,上海强生制药有限公司,上市销售中,其他药品,M01AE01,,,https://www.cde.org.cn/hymlj/detailPage/20b56806d9c5c0094fdbb5484569bdd1
f76abb8d74d7785ef1a17dd5192278d0,布洛芬,Ibuprofen,布洛芬混悬液,Ibuprofen Suspension,,口服混悬剂,口服,100ml:2g,是,国药准字H19991011,1999-03-17, ,上海强生制药有限公司,上市销售中,其他药品,M01AE01,,,https://www.cde.org.cn/hymlj/detailPage/f76abb8d74d7785ef1a17dd5192278d0
1bfd575584a6c987611cce4bdc8984b6,琥珀酸普芦卡必利,Prucalopride Succinate ,琥珀酸普芦卡必利片,Prucalopride Succinate Tablets,CYHS1700218,片剂,口服,2mg（以普芦卡必利计）,否,国药准字H20203021,2020-02-05,河北仁合益康药业有限公司,河北仁合益康药业有限公司,新批准暂未销售,按化学药品新注册分类批准的仿制药,A06AX05 ,,,https://www.cde.org.cn/hymlj/detailPage/1bfd575584a6c987611cce4bdc8984b6
3a7fc918dd73d1a2441374e6281f38d0,琥珀酸普芦卡必利,Prucalopride Succinate,琥珀酸普芦卡必利片,Prucalopride Succinate Tablets,CYHS1700217,片剂,口服,1mg（以普芦卡必利计）,否,国药准字H20203020,2020-02-05,河北仁合益康药业有限公司,河北仁合益康药业有限公司,新批准暂未销售,按化学药品新注册分类批准的仿制药,A06AX05,,,https://www.cde.org.cn/hymlj/detailPage/3a7fc918dd73d1a2441374e6281f38d0
3b35aea549195c1b91dcb6c8d0dc71a6,磷酸西格列汀,Sitagliptin Phosphate,磷酸西格列汀片,Sitagliptin Phosphate Tablets,CYHS1700378,片剂,口服,100mg（以西格列汀计）,否,国药准字H20203059,2020-02-25,正大天晴药业集团股份有限公司,正大天晴药业集团股份有限公司,新批准暂未销售,按化学药品新注册分类批准的仿制药,A10BH01,,,https://www.cde.org.cn/hymlj/detailPage/3b35aea549195c1b91dcb6c8d0dc71a6
bd53dad460f65cb5e58f099e862156b2,阿奇霉素,Azithromycin,阿奇霉素片,Azithromycin Tablets,CYHB1950281,片剂,口服,0.25g,否,国药准字H20058315,2020-02-21,,浙江京新药业股份有限公司,新批准暂未销售,通过质量和疗效一致性评价的药品,J01FA10 ,415368e9189ac03047563fb05fcb521a,国药准字H20058315_阿奇霉素片.pdf,https://www.cde.org.cn/hymlj/detailPage/bd53dad460f65cb5e58f099e862156b2
37c2fe98ac093e727e5a524bdb2031a9,阿立哌唑,Aripiprazole ,阿立哌唑片,Aripiprazole Tablets,CYHS1800071,片剂,口服,5mg,否,国药准字H20203074,2020-03-03,浙江华海药业股份有限公司 ,浙江华海药业股份有限公司 ,新批准暂未销售,按化学药品新注册分类批准的仿制药,N05AX12,,,https://www.cde.org.cn/hymlj/detailPage/37c2fe98ac093e727e5a524bdb2031a9
95704b721e05cf7cb426573bd230a674,阿立哌唑,Aripiprazole ,阿立哌唑片,Aripiprazole Tablets,CYHS1800072,片剂,口服,10mg,否,国药准字H20203075,2020-03-03,浙江华海药业股份有限公司 ,浙江华海药业股份有限公司 ,新批准暂未销售,按化学药品新注册分类批准的仿制药,N05AX12,,,https://www.cde.org.cn/hymlj/detailPage/95704b721e05cf7cb426573bd230a674
3005a74a926352b813de298b13c6c2c9,阿立哌唑,Aripiprazole,阿立哌唑片,Aripiprazole Tablets,CYHS1800073,片剂,口服,15mg,否,国药准字H20203076,2020-03-03,浙江华海药业股份有限公司 ,浙江华海药业股份有限公司 ,新批准暂未销售,按化学药品新注册分类批准的仿制药,N05AX12,,,https://www.cde.org.cn/hymlj/detailPage/3005a74a926352b813de298b13c6c2c9
933d547418f65f0dcad1df5fac9db537,恩替卡韦,Entecavir,恩替卡韦片,Entecavir Tablets,CYHS1800050,片剂,口服,0.5mg,否,国药准字H20203081,2020-03-03,浙江华海药业股份有限公司,浙江华海药业股份有限公司,新批准暂未销售,按化学药品新注册分类批准的仿制药,J05AF10 ,,,https://www.cde.org.cn/hymlj/detailPage/933d547418f65f0dcad1df5fac9db537
0e13dd1762e8d02629b180dfd926f8dc,恩替卡韦,Entecavir,恩替卡韦片,Entecavir Tablets,CYHS1800051,片剂,口服,1mg,否,国药准字H20203082,2020-03-03,浙江华海药业股份有限公司,浙江华海药业股份有限公司,新批准暂未销售,按化学药品新注册分类批准的仿制药,J05AF10,,,https://www.cde.org.cn/hymlj/detailPage/0e13dd1762e8d02629b180dfd926f8dc
d9c0d2ed1dc40bf285005181a54dba1c,右佐匹克隆,Dexzopiclone ,右佐匹克隆片,Dexzopiclone Tablets,CYHB1950250,片剂,口服,3mg,否,国药准字H20100074,2020-02-21,,成都康弘药业集团股份有限公司,上市销售中,通过质量和疗效一致性评价的药品,N05CF04,be067217a584f24eab8a206650c190c6,国药准字H20100074_右佐匹克隆片.pdf,https://www.cde.org.cn/hymlj/detailPage/d9c0d2ed1dc40bf285005181a54dba1c
b408566397aed76dea76cbb42688ccc3,孟鲁司特钠,Montelukast Sodium,孟鲁司特钠颗粒,Montelukast Sodium Oral Granules,CYHS1700730,颗粒剂,口服,0.5g:4mg(以孟鲁司特计),否,国药准字H20203044,2020-02-20,江苏正大丰海制药有限公司,江苏正大丰海制药有限公司,新批准暂未销售,按化学药品新注册分类批准的仿制药,R03DC03,,,https://www.cde.org.cn/hymlj/detailPage/b408566397aed76dea76cbb42688ccc3
abab1f9a100ee7b8bf64132a3d6c207b,依托考昔,Etoricoxib,依托考昔片,Etoricoxib Tablets,CYHS1700456,片剂,口服,120mg,否,国药准字H20193272,2019-09-17,齐鲁制药有限公司,齐鲁制药有限公司,新批准暂未销售,按化学药品新注册分类批准的仿制药,M01AH05,,,https://www.cde.org.cn/hymlj/detailPage/abab1f9a100ee7b8bf64132a3d6c207b
df9c73d6163f96caedcf15139ef05a52,依托考昔,Etoricoxib,依托考昔片,Etoricoxib Tablets,CYHS1700457,片剂,口服,60mg,否,国药准字H20193273,2019-09-17,齐鲁制药有限公司,齐鲁制药有限公司,新批准暂未销售,按化学药品新注册分类批准的仿制药,M01AH05,,,https://www.cde.org.cn/hymlj/detailPage/df9c73d6163f96caedcf15139ef05a52
880a42c3c303d2556996527e74dad546,依托考昔,Etoricoxib,依托考昔片,Etoricoxib Tablets,CYHS1700458,片剂,口服,90mg,否,国药准字H20193274,2019-09-17,齐鲁制药有限公司,齐鲁制药有限公司,新批准暂未销售,按化学药品新注册分类批准的仿制药,M01AH05 ,,,https://www.cde.org.cn/hymlj/detailPage/880a42c3c303d2556996527e74dad546
1e41e1bd9abef82f1ab4ddf88b7f08f3,依托考昔,Etoricoxib,依托考昔片,Etoricoxib Tablets,CYHS1700459,片剂,口服,30mg,否,国药准字H20193275,2019-09-17,齐鲁制药有限公司,齐鲁制药有限公司,新批准暂未销售,按化学药品新注册分类批准的仿制药,M01AH05,,,https://www.cde.org.cn/hymlj/detailPage/1e41e1bd9abef82f1ab4ddf88b7f08f3
705a510e376cf23d547b17fff9e93819,瑞舒伐他汀钙,,瑞舒伐他汀钙片,Rosuvastatin Calcium Tablets,CYHS1800046,片剂,口服,5mg（按C22H28FN3O6S计）,否,国药准字H20203080,2020-03-03,北京福元医药股份有限公司,北京福元医药股份有限公司,新批准暂未销售,按化学药品新注册分类批准的仿制药,C10AA07 ,,,https://www.cde.org.cn/hymlj/detailPage/705a510e376cf23d547b17fff9e93819
f3222ffe44b3e6c02588760496b31d77,对乙酰氨基酚,Paracetamol ,对乙酰氨基酚片,Paracetamol Tablets,CYHB1850318,片剂,口服,0.5g,否,国药准字H42020607,2020-01-02,,华中药业股份有限公司,新批准暂未销售,通过质量和疗效一致性评价的药品,N02BE01 ,116c7c710c5ed75a3c13d20a34b84709,国药准字H42020607_对乙酰氨基酚片.pdf,https://www.cde.org.cn/hymlj/detailPage/f3222ffe44b3e6c02588760496b31d77
def8e8817550964d13470dbe6dde4de3,对乙酰氨基酚,Paracetamol ,对乙酰氨基酚片,Paracetamol  Tablets,CYHB1950069,片剂,口服,0.5g,否,国药准字H20057276,2020-01-02,四川省通园制药集团有限公司,四川省通园制药集团有限公司,上市销售中,通过质量和疗效一致性评价的药品,N02BE01 ,665374dbfec3514fa57fea3d078e5aba,国药准字H20057276_对乙酰氨基酚片.pdf,https://www.cde.org.cn/hymlj/detailPage/def8e8817550964d13470dbe6dde4de3
d8b4c56dd5aa90c31d9c20e58ed0a732,盐酸苯海拉明,Diphenhydramine Hydrochloride ,盐酸苯海拉明片,Diphenhydramine Hydrochloride Tablets,CYHB1950099,片剂,口服,25mg（以盐酸苯海拉明计） ,否,国药准字H42021982,2020-01-07,,宜昌人福药业有限责任公司,新批准暂未销售,通过质量和疗效一致性评价的药品,R06AA02 ,1b2ab385df3775e08b5022ec1c396dcc,国药准字H42021982_盐酸苯海拉明片.pdf,https://www.cde.org.cn/hymlj/detailPage/d8b4c56dd5aa90c31d9c20e58ed0a732
95d3918f3039423ca58678e8f56724ca,盐酸乙胺丁醇,Ethambutol Hydrochloride,盐酸乙胺丁醇片,Ethambutol Hydrochloride Tablets,CYHB1950199,片剂,口服,0.25g,否,国药准字H42022126,2020-01-07,宜昌人福药业有限责任公司,宜昌人福药业有限责任公司,上市销售中,通过质量和疗效一致性评价的药品,J04AK02 ,ac194c9830f4499197b625d6c3dfdbd9,国药准字H42022126_盐酸乙胺丁醇片.pdf,https://www.cde.org.cn/hymlj/detailPage/95d3918f3039423ca58678e8f56724ca
dd3917c77214aafc051b7cc01db6a225,富马酸比索洛尔,Bisoprolol Fumarate ,富马酸比索洛尔片,Bisoprolol Fumarate Tablets,CYHB1850430,片剂,口服,2.5mg,否,国药准字H20083007,2020-01-07,成都苑东生物制药股份有限公司 ,成都苑东生物制药股份有限公司 ,上市销售中,通过质量和疗效一致性评价的药品,C07AB07 ,bcd3e7033b29a322dccbf12d395aaeee,国药准字H20083007_富马酸比索洛尔片.pdf,https://www.cde.org.cn/hymlj/detailPage/dd3917c77214aafc051b7cc01db6a225
2a088fa0f6840f7723e1d39e9e1bae2a,盐酸左西替利嗪,Levocetirizine Dihydrochloride,盐酸左西替利嗪片,Levocetirizine Dihydrochloride Tablets,CYHB1850335,片剂,口服,5mg,否,国药准字H20080662,2020-01-02,浙江永宁药业股份有限公司,浙江永宁药业股份有限公司,上市销售中,通过质量和疗效一致性评价的药品,R06AE09 ,1e0a4bb47ad976e5c6c0fb23b06e6d07,国药准字H20080662_盐酸左西替利嗪片.pdf,https://www.cde.org.cn/hymlj/detailPage/2a088fa0f6840f7723e1d39e9e1bae2a
ef75022ecbdb77adc724e58a86c4010a,盐酸异丙嗪,Promethazine Hydrochloride,盐酸异丙嗪片,Promethazine Hydrochloride Tablets,CYHB1950132,片剂,口服,25mg,否,国药准字H12020237,2020-01-07,,天津力生制药股份有限公司,上市销售中,通过质量和疗效一致性评价的药品,R06AD02 ,11cd85ee5214009fb0cfcd9d570f14f8,国药准字H12020237_盐酸异丙嗪片.pdf,https://www.cde.org.cn/hymlj/detailPage/ef75022ecbdb77adc724e58a86c4010a
ce09ffe80f70f4772c94c29d2195e417,头孢地尼,Cefdinir,头孢地尼分散片,Cefdinir Dispersible Tablets,CYHB1840140,片剂,口服,0.1g,否,国药准字H20100147,2020-01-15,国药集团致君（深圳）制药有限公司,国药集团致君（深圳）制药有限公司,上市销售中,通过质量和疗效一致性评价的药品,J01DD15,3174006c97d39ac167b1f5e965a3cc38,国药准字H20100147_头孢地尼分散片.pdf,https://www.cde.org.cn/hymlj/detailPage/ce09ffe80f70f4772c94c29d2195e417
399ca60ba73e8f79964cf241a787ecbf,米氮平,Mirtazapine,米氮平片,Mirtazapine Tablets,CYHB1940034,片剂,口服,30mg,否,国药准字H20184125,2020-01-15,,哈尔滨三联药业股份有限公司,新批准暂未销售,通过质量和疗效一致性评价的药品,N06AX11 ,e588f20e3002ec2a0f8a2d53d16e544b,国药准字H20184125_米氮平片.pdf,https://www.cde.org.cn/hymlj/detailPage/399ca60ba73e8f79964cf241a787ecbf
dc2e9c71fc3bec31ed3c74b628933e1c,洛索洛芬钠,Loxoprofen Sodium,洛索洛芬钠片,Loxoprofen Sodium Tablets,CYHB1950316,片剂,口服,60mg（以C15H17NaO3计）,否,国药准字H20050437,2020-01-15,,迪沙药业集团有限公司,上市销售中,通过质量和疗效一致性评价的药品,未查询到 ,a024a16d26e6a292bd229a8d8fb86ea3,国药准字H20050437_洛索洛芬钠片.pdf,https://www.cde.org.cn/hymlj/detailPage/dc2e9c71fc3bec31ed3c74b628933e1c
a29bf0ad201041a6bc67dd1dcde4712b,阿莫西林,Amoxicillin ,阿莫西林胶囊,Amoxicillin Capsules,CYHB1850457,胶囊剂,口服,0.125g（按C16H19N3O5S计）,否,国药准字H13021769,2020-01-07,石药集团中诺药业（石家庄）有限公司,石药集团中诺药业（石家庄）有限公司,上市销售中,通过质量和疗效一致性评价的药品,J01CA04 ,0d8f06e7fa7e08c365d428aea6fc3727,国药准字H13021769_阿莫西林胶囊.pdf,https://www.cde.org.cn/hymlj/detailPage/a29bf0ad201041a6bc67dd1dcde4712b
0a832075742be42eb614f0a11ddf97f0,甲钴胺,Mecobalamin,甲钴胺片,Mecobalamin Tablets,CYHB1850078,片剂,口服,0.5mg,否,国药准字H20051440,2020-01-14,,江西青峰药业有限公司,上市销售中,通过质量和疗效一致性评价的药品,B03BA05 ,1be4df01a5503faf2d20f7af4803bc27,国药准字H20051440_甲钴胺片.pdf,https://www.cde.org.cn/hymlj/detailPage/0a832075742be42eb614f0a11ddf97f0
96c4745464c8f9768966bd8b7a4f24bb,头孢氨苄,cefalexin ,头孢氨苄胶囊,cefalexin capsules,CYHB1950086,胶囊剂,口服,按C16H17N3O4S计0.125g ,否,国药准字H37020701,2020-01-20,山东新华制药股份有限公司,山东新华制药股份有限公司,上市销售中,通过质量和疗效一致性评价的药品,J01DB01 ,065f74924bd74aee98358cc5d7fab788,国药准字H37020701_头孢氨苄胶囊.pdf,https://www.cde.org.cn/hymlj/detailPage/96c4745464c8f9768966bd8b7a4f24bb
774c049734e9def612f8f6beb802cc39,盐酸昂丹司琼,Ondansetron Hydrochloride,盐酸昂丹司琼片,Ondansetron Hydrochloride Tablets,CYHB1950421,片剂,口服,4mg（按C18H19N3O计）,否,国药准字H10970062,2019-12-10,齐鲁制药有限公司,齐鲁制药有限公司,新批准暂未销售,通过质量和疗效一致性评价的药品,A04AA01 ,e22cdd59b8f7264a57e5ac01e479c676,国药准字H10970062_盐酸昂丹司琼片.pdf,https://www.cde.org.cn/hymlj/detailPage/774c049734e9def612f8f6beb802cc39
5760d9f29d4c3b69f40b1d75cfe71fc2,阿莫西林,Amoxicillin,阿莫西林胶囊,Amoxicillin Capsules,CYHB1850289,胶囊剂,口服,按C16H19N3O5S计0.5g ,否,国药准字H20083153,2020-01-07,,四川依科制药有限公司,上市销售中,通过质量和疗效一致性评价的药品,J01CA04 ,5c40e2ebfdff389882d2d5e16fff6ee9,国药准字H20083153_阿莫西林胶囊.pdf,https://www.cde.org.cn/hymlj/detailPage/5760d9f29d4c3b69f40b1d75cfe71fc2
624c532370254b0c1c89df2fb1a942cd,阿莫西林,Amoxicillin,阿莫西林胶囊,Amoxicillin Capsules,CYHB1850288,胶囊剂,口服,按C16H19N3O5S计0.25g ,否,国药准字H51020246,2020-01-07,,四川依科制药有限公司,上市销售中,通过质量和疗效一致性评价的药品,J01CA04 ,a9022cac7ef50855ad4e4c5777b81f86,国药准字H51020246_阿莫西林胶囊.pdf,https://www.cde.org.cn/hymlj/detailPage/624c532370254b0c1c89df2fb1a942cd
97a95012efec59a3d69c5afd81da9b4a,塞来昔布,Celecoxib,塞来昔布胶囊,Celecoxib Capsules,CYHS1700365,胶囊剂,口服,0.2g,否,国药准字H20193414,2019-12-26,,江苏正大清江制药有限公司,新批准暂未销售,按化学药品新注册分类批准的仿制药,M01AH01,,,https://www.cde.org.cn/hymlj/detailPage/97a95012efec59a3d69c5afd81da9b4a
303e7916e4c571008edb53ed6bb88b27,对乙酰氨基酚,Paracetamol ,对乙酰氨基酚片,Paracetamol  Tablets,CYHB1950130,片剂,口服,0.5g,否,国药准字H50020178,2020-01-17,,西南药业股份有限公司,上市销售中,通过质量和疗效一致性评价的药品,N02BE01 ,d9180f3a946b8acf1c629ffa6c719fa4,国药准字H50020178_对乙酰氨基酚片.pdf,https://www.cde.org.cn/hymlj/detailPage/303e7916e4c571008edb53ed6bb88b27
9077b86a1bca83635ce44428424a6e1f,卡培他滨,Capecitabine,卡培他滨片,Capecitabine Tablets,CYHB1950089,片剂,口服,0.5g,否,国药准字H20133365,2020-01-20,,江苏恒瑞医药股份有限公司,上市销售中,通过质量和疗效一致性评价的药品,L01BC06 ,551011fb99bd8d1238af7a301fca4206,国药准字H20133365_卡培他滨片.pdf,https://www.cde.org.cn/hymlj/detailPage/9077b86a1bca83635ce44428424a6e1f
5a721bcd776d451b14baaad07f3dd503,布洛芬,Ibuprofen,布洛芬颗粒,Ibuprofen Granules,CYHB1950478,颗粒剂,口服,0.1g,否,国药准字H20066209,2020-01-20,石药集团欧意药业有限公司,石药集团欧意药业有限公司,上市销售中,通过质量和疗效一致性评价的药品,M01AE01 ,e4175a8d43e4697efea10bd00acf5f9a,国药准字H20066209_布洛芬颗粒.pdf,https://www.cde.org.cn/hymlj/detailPage/5a721bcd776d451b14baaad07f3dd503
2d30ce5601e8e8b793af0438013e05ae,头孢氨苄,cefalexin,头孢氨苄胶囊,cefalexin capsules,CYHB1950087,胶囊剂,口服,0.25g,否,国药准字H37020702,2020-01-20,山东新华制药股份有限公司,山东新华制药股份有限公司,新批准暂未销售,通过质量和疗效一致性评价的药品,J01DB01 ,ba76466545881832308d0e725576744a,国药准字H37020702_头孢氨苄胶囊.pdf,https://www.cde.org.cn/hymlj/detailPage/2d30ce5601e8e8b793af0438013e05ae
59af78eb375ae1a0588fa4ef6d119922,对乙酰氨基酚,Paracetamol ,对乙酰氨基酚片,Paracetamol Tablets,CYHB1850371,片剂,口服,0.5g,否,国药准字H37021110,2019-12-24,,青岛黄海制药有限责任公司,上市销售中,通过质量和疗效一致性评价的药品,N02BE01 ,6e2dcb1b9f1e7661cf13400492b98cc9,国药准字H37021110_对乙酰氨基酚片.pdf,https://www.cde.org.cn/hymlj/detailPage/59af78eb375ae1a0588fa4ef6d119922
e5ba9a1fe3e4746ec12453d4561ba5f4,头孢克洛,Cefaclor,头孢克洛胶囊,Cefaclor Capsules,CYHB1840132,胶囊剂,口服,按C15H14CIN3O4S计0.25g,否,国药准字H20083645,2020-02-21,,深圳立健药业有限公司,上市销售中,通过质量和疗效一致性评价的药品,J01DC04,8dee7d6a6997ccfac394117971d03915,国药准字H20083645_头孢克洛胶囊.pdf,https://www.cde.org.cn/hymlj/detailPage/e5ba9a1fe3e4746ec12453d4561ba5f4
e74460b954873bdb4e21802a1b50f6b5,美洛昔康,Meloxicam,美洛昔康片,Meloxicam Tablets,CYHB1950078,片剂,口服,7.5mg,否,国药准字H20020398,2020-03-03,,澳美制药（海南）有限公司 ,上市销售中,通过质量和疗效一致性评价的药品,M01AC06 ,2e25767c4e74ecc6c99def3d668d44c4,国药准字H20020398_美洛昔康片.pdf,https://www.cde.org.cn/hymlj/detailPage/e74460b954873bdb4e21802a1b50f6b5
ce06beecb87f6c3bf7bfc1562b9acdbe,盐酸二甲双胍,Metformin Hydrochloride,盐酸二甲双胍胶囊,Metformin Hydrochloride Capsules,CYHB1840147,胶囊剂,口服,0.25g,否,国药准字H19991009,2020-03-03,,常州兰陵制药有限公司 ,新批准暂未销售,通过质量和疗效一致性评价的药品,A10BA02,4d9bd4e61be50ae0ea95aaf2cb8e71c5,国药准字H19991009_盐酸二甲双胍胶囊.pdf,https://www.cde.org.cn/hymlj/detailPage/ce06beecb87f6c3bf7bfc1562b9acdbe
c249bfb225ee6f37da884e0b6dfa5d19,对乙酰氨基酚,Paracetamol,对乙酰氨基酚片,Paracetamol Tablets,CYHB1950239,片剂,口服,0.5g,否,国药准字H50020348,2020-03-03,,重庆国泰康宁制药有限责任公司,新批准暂未销售,通过质量和疗效一致性评价的药品,N02BE01,d3f4f859316387ef6424de21aac86481,国药准字H50020348_对乙酰氨基酚片.pdf,https://www.cde.org.cn/hymlj/detailPage/c249bfb225ee6f37da884e0b6dfa5d19
7ccf707558d2b2e0fe61e9c8b982920d,甲硝唑,Metronidazole,甲硝唑片,Metronidazole Tablets,CYHB1850292,片剂,口服,0.2g,否,国药准字H32020145,2020-02-26,,江苏悦兴药业有限公司,上市销售中,通过质量和疗效一致性评价的药品,J01XD01 ,87a46f76d599d9786597233612bc84a4,国药准字H32020145_甲硝唑片.pdf,https://www.cde.org.cn/hymlj/detailPage/7ccf707558d2b2e0fe61e9c8b982920d
77ca5a16672f391a429f0506701e2850,右佐匹克隆,Dexzopiclone,右佐匹克隆片,Dexzopiclone Tablets,CYHB1940011,片剂,口服,3mg,否,国药准字H20120001,2020-02-21,,上海上药中西制药有限公司,上市销售中,通过质量和疗效一致性评价的药品,N05CF04 ,e3d7cffdd67e7e18ed00ef1d4712e9ff,国药准字H20120001_右佐匹克隆片.pdf,https://www.cde.org.cn/hymlj/detailPage/77ca5a16672f391a429f0506701e2850
e0ac23441070b2015f1a28c0724bdb1c,奥替拉西钾/吉美嘧啶/替加氟,Tegafur; Gimeracil; Oteracil Potassium,替吉奥胶囊,Tegafur，Gimeracil and Oteracil Potassium Capsules,CYHB1950426,胶囊剂,口服,替加氟20mg，吉美嘧啶5.8mg，奥替拉西钾19.6mg,否,国药准字H20080802,2020-03-03,,山东新时代药业有限公司,上市销售中,通过质量和疗效一致性评价的药品,L01BC03 ,a1a75d46246fc7d0acec9267425d07b2,国药准字H20080802_替吉奥胶囊.pdf,https://www.cde.org.cn/hymlj/detailPage/e0ac23441070b2015f1a28c0724bdb1c
ae13ee41417952bb20d70d2a6a5dcf54,替加氟;吉美嘧啶;奥替拉西钾,Tegafur; Gimeracil; Oteracil Potassium ,替吉奥胶囊,Tegafur，Gimeracil and Oteracil Potassium Capsules,CYHB1950427,胶囊剂,口服,替加氟25mg，吉美嘧啶7.25mg，奥替拉西钾24.5mg,否,国药准字H20080803,2020-03-03,,山东新时代药业有限公司,上市销售中,通过质量和疗效一致性评价的药品,L01BC03 ,7b616fad7107316065ed3214b4b51886,国药准字H20080803_替吉奥胶囊.pdf,https://www.cde.org.cn/hymlj/detailPage/ae13ee41417952bb20d70d2a6a5dcf54
89b3dda3375d1384433552af076937e3,阿托伐他汀钙,Atorvastatin Calcium,阿托伐他汀钙片,Atorvastatin Calcium Tablets,CYHS1800268,片剂,口服,按C33H35FN2O5计 10mg,否,国药准字H20203099,2020-03-17,北京福元医药股份有限公司 ,北京福元医药股份有限公司 ,新批准暂未销售,按化学药品新注册分类批准的仿制药,C10AA05 ,,,https://www.cde.org.cn/hymlj/detailPage/89b3dda3375d1384433552af076937e3
b930c27a9fefcaeb5e9ae8ffbb6bfd1d,阿托伐他汀钙,Atorvastatin Calcium,阿托伐他汀钙片,Atorvastatin Calcium Tablets,CYHS1800269,片剂,口服,按C33H35FN2O5计 20mg,否,国药准字H20203100,2020-03-17, 北京福元医药股份有限公司  , 北京福元医药股份有限公司  ,新批准暂未销售,按化学药品新注册分类批准的仿制药,C10AA05 ,,,https://www.cde.org.cn/hymlj/detailPage/b930c27a9fefcaeb5e9ae8ffbb6bfd1d
8639d651104273da17f8679bc206b1c0,醋酸卡泊芬净,Caspofungin Acetate,注射用醋酸卡泊芬净,Caspofungin Acetate for Injection,,注射剂,静脉输注,70mg（以卡泊芬净计）,是,H20171219,2002-10-29,Merck Sharp & Dohme Ltd,Laboratoires Merck Sharp & Dohme Chibret,上市销售中,进口原研药品,J02AX04,,,https://www.cde.org.cn/hymlj/detailPage/8639d651104273da17f8679bc206b1c0
e9b5e4236f44ffa803173e93f99acf3f,碘美普尔,Iomeprol,碘美普尔注射液,Iomeprol Injection,,注射剂,静脉注射、其他（动脉注射和体腔注射）,100ml:40g（I）,是,H20150064;H20140756,2005-02-25,Bracco Imaging Italia S.r.L.,Patheon Italia S.P.A. ,上市销售中,进口原研药品,V08AB10,,,https://www.cde.org.cn/hymlj/detailPage/e9b5e4236f44ffa803173e93f99acf3f
09aae182c903b7bcab12153ad3e626b2,碘美普尔,Iomeprol,碘美普尔注射液,Iomeprol Injection,,注射剂,静脉注射、其他（动脉注射和体腔注射）,100ml:35g（I）,是,H20150063;H20140754,2005-02-25,Bracco Imaging Italia S.r.L.,Patheon Italia S.P.A. ,上市销售中,进口原研药品,V08AB10,,,https://www.cde.org.cn/hymlj/detailPage/09aae182c903b7bcab12153ad3e626b2
62d1547aab73760ab58b4425dc03310d,碘美普尔,Iomeprol,碘美普尔注射液,Iomeprol Injection,,注射剂,静脉注射、其他（动脉注射和体腔注射）,50ml:20g（I）,是,H20150059;H20140755,2005-02-25,Bracco Imaging Italia S.r.L.,Patheon Italia S.P.A. ,上市销售中,进口原研药品,V08AB10,,,https://www.cde.org.cn/hymlj/detailPage/62d1547aab73760ab58b4425dc03310d
3135215523ccf9f70c0d6c5fbd24e461,碘帕醇,Iopamidol,碘帕醇注射液,Iopamidol Injection,,注射剂,静脉注射、其他（动脉注射）,37g（I）/100ml/瓶,是,H20150239;H20140890,2002-07-30,Bracco Imaging Italia S.r.L.,Patheon Italia S.P.A. ,上市销售中,进口原研药品,V08AB04,,,https://www.cde.org.cn/hymlj/detailPage/3135215523ccf9f70c0d6c5fbd24e461
0c2a01786ac515fe9609c9e7b3cfe009,碘帕醇,Iopamidol,碘帕醇注射液,Iopamidol Injection,,注射剂,静脉注射、鞘内注射、其他（动脉注射和体腔注射）,30g（I）/100 ml/瓶,是,H20150240;H20140888,2002-07-30,Bracco Imaging Italia S.r.L.,Patheon Italia S.P.A. ,上市销售中,进口原研药品,V08AB04,,,https://www.cde.org.cn/hymlj/detailPage/0c2a01786ac515fe9609c9e7b3cfe009
742a0e227cbd6c79d71636683af50f81,碘帕醇,Iopamidol,碘帕醇注射液,Iopamidol Injection,,注射剂,静脉注射、鞘内注射、其他（动脉注射和体腔注射）,15g（I）/50ml/瓶,是,H20150241;H20140887,2002-07-30,Bracco Imaging Italia S.r.L.,Patheon Italia S.P.A. ,上市销售中,进口原研药品,V08AB04,,,https://www.cde.org.cn/hymlj/detailPage/742a0e227cbd6c79d71636683af50f81
18266d06454719b0d9299045b3428834,碘帕醇,Iopamidol,碘帕醇注射液,Iopamidol Injection,,注射剂,静脉注射、其他（动脉注射）,74g（I）/200ml/瓶,是,H20140885;H20140891,2004-03-23,Bracco Imaging Italia S.r.L.,Patheon Italia S.P.A. ,上市销售中,进口原研药品,V08AB04,,,https://www.cde.org.cn/hymlj/detailPage/18266d06454719b0d9299045b3428834
21109a6a36bf1f784614dce804c367a6,多西他赛,Docetaxel,多西他赛注射液,Docetaxel Injection,,注射剂,静脉注射,0.5ml:20mg,是,H20140086,1997-12-25,Aventis Pharma S.A.,Sanofi-Aventis Deutschland GmbH,上市销售中,进口原研药品,L01CD02 ,,,https://www.cde.org.cn/hymlj/detailPage/21109a6a36bf1f784614dce804c367a6
392164f4068e88443e31d9ce08a3510d,盐酸苯达莫司汀,Bendamustine Hydrochloride,注射用盐酸苯达莫司汀,Bendamustine Hydrochloride for Injection,,注射剂,静脉注射,100mg（以C16H21Cl2N3O2·HCl计）,是,H20180087,2018-12-17,Cephalon Inc.,Pharmachemie B.V.,上市销售中,进口原研药品,L01AA09,,,https://www.cde.org.cn/hymlj/detailPage/392164f4068e88443e31d9ce08a3510d
bcb67c72437496aa90c2919e57cdce4c,地西他滨,Decitabine,注射用地西他滨,Decitabine for Injection,,注射剂,静脉输注,50mg,是,H20181217,2008-09-28,Janssen-Cilag International NV,Pharmachemie B.V.,上市销售中,进口原研药品,L01BC08,,,https://www.cde.org.cn/hymlj/detailPage/bcb67c72437496aa90c2919e57cdce4c
de0f4fa4b3d4920da492829a41eb2a42,环磷酰胺,Cyclophosphamide,注射用环磷酰胺,Cyclophosphamide for Injection,,注射剂,静脉注射,0.2g,是,H20160467,2001-03-14,Baxter Oncology GmbH,Baxter Oncology GmbH,上市销售中,进口原研药品,L01AA01,,,https://www.cde.org.cn/hymlj/detailPage/de0f4fa4b3d4920da492829a41eb2a42
2328d026c090b0ebbb20cb3bfd6c42d8,吉西他滨,Gemcitabine,注射用盐酸吉西他滨,Gemcitabine Hydrochloride for Injection,,注射剂,静脉注射,200mg（以C9H11F2N3O4计）,是,H20160224,1999-02-13,LILLY FRANCE,Vianex S.A.-Plant C,上市销售中,进口原研药品,L01BC05,,,https://www.cde.org.cn/hymlj/detailPage/2328d026c090b0ebbb20cb3bfd6c42d8
55aadab51f73639f60f224f538970084,吉西他滨,Gemcitabine,注射用盐酸吉西他滨,Gemcitabine Hydrochloride for Injection,,注射剂,静脉注射,1g（以C9H11F2N3O4计）,是,H20160225,1999-02-13,LILLY FRANCE,Vianex S.A.-Plant C,上市销售中,进口原研药品,L01BC05,,,https://www.cde.org.cn/hymlj/detailPage/55aadab51f73639f60f224f538970084
3a3fbab44808c8a185bb778ecde698f4,利培酮,Risperdone,利培酮口服溶液,Risperidone Oral Solution,,口服溶液剂,口服,1mg/ml,是,H20171343,2002-10-29,Janssen-Cilag N.V .,Janssen Pharmaceutica N.V.,上市销售中,进口原研药品,N05AX08,,,https://www.cde.org.cn/hymlj/detailPage/3a3fbab44808c8a185bb778ecde698f4
578b83757681ee3f114617ad7fe253de,棕榈帕利哌酮酯,Paliperidone Palmitate,棕榈帕利哌酮酯注射液（3M）,Paliperidone Palmitate Injection (3M),,注射剂,肌肉注射,按帕利哌酮(C23H27FN4O3)计，2.625ml:525mg,是,H20180023,2018-05-17,Janssen-Cilag International NV,Janssen Pharmaceutica N.V.,上市销售中,进口原研药品 ,N05AX13,,,https://www.cde.org.cn/hymlj/detailPage/578b83757681ee3f114617ad7fe253de
69b9149e2b42fa4a0074c496cceaccda,棕榈帕利哌酮酯,Paliperidone Palmitate,棕榈帕利哌酮酯注射液（3M）,Paliperidone Palmitate Injection (3M),,注射剂,肌肉注射,按帕利哌酮(C23H27FN4O3)计，1.315ml:263mg,是,H20180022,2018-05-17,Janssen-Cilag International NV,Janssen Pharmaceutica N.V.,上市销售中,进口原研药品,N05AX13,,,https://www.cde.org.cn/hymlj/detailPage/69b9149e2b42fa4a0074c496cceaccda
05808e5b56ecc6b24eb17ae12beedc7b,棕榈帕利哌酮酯,Paliperidone Palmitate,棕榈帕利哌酮酯注射液（3M）,Paliperidone Palmitate Injection (3M),,注射剂,肌肉注射,按帕利哌酮(C23H27FN4O3)计，1.75ml:350mg,是,H20180021,2018-05-17,Janssen-Cilag International NV,Janssen Pharmaceutica N.V.,上市销售中,进口原研药品 ,N05AX13,,,https://www.cde.org.cn/hymlj/detailPage/05808e5b56ecc6b24eb17ae12beedc7b
28ad6c640c44bed5e36640fe3a631d29,棕榈帕利哌酮酯,Paliperidone Palmitate,棕榈帕利哌酮酯注射液（3M）,Paliperidone Palmitate Injection (3M),,注射剂,肌肉注射,按帕利哌酮(C23H27FN4O3)计，0.875ml:175mg,是,H20180020,2018-05-17,Janssen-Cilag International NV,Janssen Pharmaceutica N.V.,新批准暂未销售,进口原研药品,N05AX13,,,https://www.cde.org.cn/hymlj/detailPage/28ad6c640c44bed5e36640fe3a631d29
fa0e80999f0da1cd8291dd42af5543ec,他克莫司,Tacrolimus,他克莫司软膏,Tacrolimus Ointment,,软膏剂,外用,0.03%（10g:3mg）,是,H20181015;H20181014 ,2004-11-17,LEO Pharma A/S,Astellas Pharma Tech Co.， Ltd. Toyama Technology Center,上市销售中,进口原研药品 ,D11AH01,,,https://www.cde.org.cn/hymlj/detailPage/fa0e80999f0da1cd8291dd42af5543ec
0552029cfbfe1636aba5310dcd92d5db,他克莫司,Tacrolimus ,他克莫司软膏,Tacrolimus Ointment,,软膏剂,外用,0.1%（10g:10mg）,是,H20181016;H20181013,2004-11-17,LEO Pharma A/S,Astellas Pharma Tech Co.， Ltd. Toyama Technology Center,上市销售中,进口原研药品,D11AH01,,,https://www.cde.org.cn/hymlj/detailPage/0552029cfbfe1636aba5310dcd92d5db
1c8afd87ea5769cf8f3690da71275679,特利加压素,Terlipressin,注射用特利加压素,Terlipressin for Injection,,注射剂,静脉注射,1mg,是,H20140690,1996-01-24,Ferring GmbH,Ferring GmbH,上市销售中,进口原研药品 ,,,,https://www.cde.org.cn/hymlj/detailPage/1c8afd87ea5769cf8f3690da71275679
ff3b24ef708f8d20800820985979b537,胸腺法新,Thymalfasin,注射用胸腺法新,Thymalfasin for Injection,,注射剂,皮下注射,1.6mg,是,H20171177,1996-09-11,SciClone Pharmaceuticals Italy S.R.L.,Patheon Italia S.p.A.,上市销售中,进口原研药品, ,,,https://www.cde.org.cn/hymlj/detailPage/ff3b24ef708f8d20800820985979b537
1ecdf33b62b1055e4151eeaf0820971e,溴芬酸钠,Bromfenac sodium,溴芬酸钠滴眼液,Bromfenac Sodium Eye Drops,,滴眼剂,眼用,0.1%（5ml:5mg，按C15H11BrNNaO3·1&frac12;H2O计）,是,H20150243,2009-09-29,SENJU PHARMACEUTICAL CO.， LTD.,SENJU PHARMACEUTICAL CO.， LTD. Karatsu Plant,上市销售中,进口原研药品 ,S01BC11,,,https://www.cde.org.cn/hymlj/detailPage/1ecdf33b62b1055e4151eeaf0820971e
07074c47d9784db25878a473029064c2,头孢他啶,Ceftazidime,注射用头孢他啶,Ceftazidime for injection,,注射剂,静脉注射；肌肉注射,1g,是,H20171174,1998-01-10,GLAXOSMITHKLINE S.p.A.,GLAXOSMITHKLINE MANUFACTURING S.p.A.,上市销售中,进口原研药品,J01DD02,,,https://www.cde.org.cn/hymlj/detailPage/07074c47d9784db25878a473029064c2
5ae3a4490bcb1a282909c3abedff64e9,大豆油；中链甘油三酸酯,Soybean oil;Medium-chain Triglycerides,中/长链脂肪乳注射液（C8~24 Ve）,Medium and Long Chain Fat Emulsion Injection (C8-24Ve),,注射剂,静脉注射,10%×500ml/瓶,是,H20140834,2002-07-25,B. Braun Melsungen AG,B. Braun Melsungen AG,上市销售中,进口原研药品 ,B05BA02,,,https://www.cde.org.cn/hymlj/detailPage/5ae3a4490bcb1a282909c3abedff64e9
55995698da5db36c8532ab4f18021bdc,大豆油；中链甘油三酸酯,Soybean oil;Medium-chain Triglycerides,中/长链脂肪乳注射液（C8~24 Ve）,Medium and Long Chain Fat Emulsion Injection (C8-24Ve),,注射剂,静脉注射,20%×250ml/瓶,是,H20140236;H20140234,2001-02-05,B. Braun Melsungen AG,B. Braun Melsungen AG,上市销售中,进口原研药品 ,B05BA02,,,https://www.cde.org.cn/hymlj/detailPage/55995698da5db36c8532ab4f18021bdc
df94b398669057d06113e99868c74d80,橄榄油；大豆油,Refined olive oil;Refined soya bean oil,长链脂肪乳注射液（OO）,Long Chain Fat Emulsion Injection（OO）,,注射剂,静脉输注,100ml:20g（脂肪）与1.2g（磷脂）,是,H20170154,2006-05-30,Baxter S.A.,Baxter S.A.,上市销售中,进口原研药品,B05BA02,,,https://www.cde.org.cn/hymlj/detailPage/df94b398669057d06113e99868c74d80
a45c532a63cc0f25dc738e00042918fd,橄榄油；大豆油,Refined olive oil;Refined soya bean oil,长链脂肪乳注射液（OO）,Long Chain Fat Emulsion Injection（OO）,,注射剂,静脉输注,250ml:50g（脂肪）与3g（磷脂）,是,H20170155,2006-05-30,Baxter S.A.,Baxter S.A.,上市销售中,进口原研药品 ,B05BA02,,,https://www.cde.org.cn/hymlj/detailPage/a45c532a63cc0f25dc738e00042918fd
6c298d5ad0a61d9e12585d6d645f17e3,依诺肝素钠,Enoxaparin Sodium,依诺肝素钠注射液,Enoxaparin Sodium Injection,,注射剂,静脉注射；皮下注射,0.4ml:4000AxaIU,是,H20170269,1997-08-27,Sanofi-aventis France,SANOFI WINTHROP INDUSTRIE,上市销售中,进口原研药品 , B01AB05 ,,,https://www.cde.org.cn/hymlj/detailPage/6c298d5ad0a61d9e12585d6d645f17e3
c8192922be114ff06864e7e69ff39dd9,依诺肝素钠,Enoxaparin Sodium,依诺肝素钠注射液,Enoxaparin Sodium Injection,,注射剂,静脉注射；皮下注射,0.6ml:6000AxaIU,是,H20170270,1997-08-27,Sanofi-aventis France,SANOFI WINTHROP INDUSTRIE,上市销售中,进口原研药品 , B01AB05 ,,,https://www.cde.org.cn/hymlj/detailPage/c8192922be114ff06864e7e69ff39dd9
15b1f6ac71dfa80222477cf1ca015c58,吡贝地尔,Piribedil,吡贝地尔缓释片,Piribedil Sustained-release Tablets,,片剂,口服,50mg,是,H20140104;H20140105,1993-05-15,LES LABORATOIRES SERVIER,LES LABORATOIRES SERVIER INDUSTRIE,上市销售中,进口原研药品,N04BC08,,,https://www.cde.org.cn/hymlj/detailPage/15b1f6ac71dfa80222477cf1ca015c58
3cb2d2a5e603138a8a0ffbbbae596a8f,盐酸羟考酮,Oxycodone Hydrochloride,盐酸羟考酮胶囊,Oxycodone Hydrochloride Capsules,,胶囊剂,口服 ,5mg,是 ,H20180033,2018-07-24,NAPP PHARMACEUTICALS LIMITED,BARD PHARMACEUTICALS LIMITED,上市销售中,进口原研药品,N02AA05,,,https://www.cde.org.cn/hymlj/detailPage/3cb2d2a5e603138a8a0ffbbbae596a8f
2f421380d8aa85949325a295e1debe4e,盐酸羟考酮,Oxycodone Hydrochloride,盐酸羟考酮胶囊,Oxycodone Hydrochloride Capsules,,胶囊剂,口服 ,10mg,是 ,H20180034,2018-07-24,NAPP PHARMACEUTICALS LIMITED,BARD PHARMACEUTICALS LIMITED,上市销售中,进口原研药品 ,N02AA05,,,https://www.cde.org.cn/hymlj/detailPage/2f421380d8aa85949325a295e1debe4e
1b5ddefd56d1483c2668b3ec1e699c69,盐酸羟考酮,Oxycodone Hydrochloride,盐酸羟考酮胶囊,Oxycodone Hydrochloride Capsules,,胶囊剂,口服 ,20mg,是 ,H20180035,2018-07-24,NAPP PHARMACEUTICALS LIMITED,BARD PHARMACEUTICALS LIMITED,新批准暂未销售,进口原研药品,N02AA05,,,https://www.cde.org.cn/hymlj/detailPage/1b5ddefd56d1483c2668b3ec1e699c69
09a5bd1fc1c799c6c60b2b3b7d237838,洛匹那韦；利托那韦,Lopinavir;Ritonavir,洛匹那韦利托那韦片,Lopinavir and Ritonavir Tablets,,片剂,口服,每片含洛匹那韦100mg，利托那韦25mg,是 ,H20181115,2009-03-13,AbbVie Ltd.,AbbVie Deutschland GmbH&Co.KG,上市销售中,进口原研药品 ,J05AR10,,,https://www.cde.org.cn/hymlj/detailPage/09a5bd1fc1c799c6c60b2b3b7d237838
8d3574613859fe422bda252164390e8b,洛匹那韦；利托那韦,Lopinavir;Ritonavir,洛匹那韦利托那韦片,Lopinavir and Ritonavir Tablets,,片剂,口服,每片含洛匹那韦200mg，利托那韦50mg,是 ,H20170213,2007-11-15,AbbVie Ltd.,AbbVie Deutschland GmbH&Co.KG,上市销售中,进口原研药品,J05AR10,,,https://www.cde.org.cn/hymlj/detailPage/8d3574613859fe422bda252164390e8b
d8e1827d619a26003eedd8d0eff4470c,利托那韦,Ritonavir,利托那韦片,Ritonavir Tablets,,片剂,口服,100mg,是 ,H20160509,2011-07-18,AbbVie Ltd.,AbbVie Deutschland GmbH&Co.KG,上市销售中,进口原研药品 ,J05AE03,,,https://www.cde.org.cn/hymlj/detailPage/d8e1827d619a26003eedd8d0eff4470c
6826983338dcb64b180bb4ce565fd55c,苯磺顺阿曲库铵,Cisatracurium Besylate ,苯磺顺阿曲库铵注射液,Cisatracurium Besylate Injection,,注射剂,静脉注射,5ml:10mg,是 ,H20181158,2000-05-16,Aspen Pharma Trading Limited,GLAXOSMITHKLINE MANUFACTURING SPA,上市销售中,进口原研药品,M03AC11,,,https://www.cde.org.cn/hymlj/detailPage/6826983338dcb64b180bb4ce565fd55c
bd9bd5b5eaffb14c8a984537e58105df,米库氯铵,Mivacurium Chloride ,米库氯铵注射液,Mivacurium Chloride Injection,,注射剂,静脉注射,5ml:10mg,是 ,H20181155,2005-08-11,Aspen Pharma Trading Limited,GLAXOSMITHKLINE MANUFACTURING SPA,上市销售中,进口原研药品,M03AC10,,,https://www.cde.org.cn/hymlj/detailPage/bd9bd5b5eaffb14c8a984537e58105df
b8fe3435c9ac61567bf48a92aeae59e0,硫酸特布他林,Terbutaline  Sulfate,硫酸特布他林雾化吸入用溶液,Terbutaline Sulfate Nebuliser Solution,,雾化溶液剂,吸入,2ml:5mg,是 ,H20140108,1997-06-20,AstraZeneca AB,AstraZeneca AB,上市销售中,进口原研药品,R03AC03,1e4ce94f54719bb758fa2f4bef3ca902,国药准字H20140108_草酸艾司西酞普兰片.pdf,https://www.cde.org.cn/hymlj/detailPage/b8fe3435c9ac61567bf48a92aeae59e0
32876496cefdcd651cdae852f346b8df,盐酸莫西沙星,Moxifloxacin Hydrochloride,盐酸莫西沙星氯化钠注射液,Moxifloxacin Hydrochloride and Sodium Chloride Injection,,注射剂,静脉注射,250ml:莫西沙星0.4g与氯化钠2.0g,是 ,H20140424;H20140425,2004-04-15,Bayer Vital GmbH,Bayer AG,上市销售中,进口原研药品,J01MA14,,,https://www.cde.org.cn/hymlj/detailPage/32876496cefdcd651cdae852f346b8df
4dad41b53a03727c812e2baf1f63006c,异丙托溴铵；硫酸沙丁胺醇,,吸入用复方异丙托溴铵溶液,Compound Ipratropium Bromide Solution for Inhalation,,吸入用溶液剂,吸入,2.5ml:异丙托溴铵0.5mg(按C20H30BrNO3计)与沙丁胺醇2.5mg(按C13H21NO3计),是 ,H20150173,2002-09-12,SCS Boehringer Ingelheim Comm.V,Laboratoire Unither,上市销售中,进口原研药品,R03AL02,,,https://www.cde.org.cn/hymlj/detailPage/4dad41b53a03727c812e2baf1f63006c
fee6af1a163689a25e87283d78fadaea,醋酸去氨加压素,Desmopressin Acetate ,醋酸去氨加压素注射液,Desmopressin Acetate Injection,,注射剂,静脉注射；肌肉注射；皮下注射,1ml:4μg（按去氨加压素计为3.56μg）,是 ,H20170093,1995-06-01,Ferring AG,Rechon Life Science AB,上市销售中,进口原研药品,H01BA02,,,https://www.cde.org.cn/hymlj/detailPage/fee6af1a163689a25e87283d78fadaea
72bf11cab752f1385fc13260dff6d1fb,醋酸去氨加压素,Desmopressin Acetate ,醋酸去氨加压素注射液,Desmopressin Acetate Injection,,注射剂,静脉注射；皮下注射,1ml:15μg（按去氨加压素计为13.4μg）,是 ,H20130173,1998-12-28,Ferring AG,Rechon Life Science AB,上市销售中,进口原研药品,H01BA02,,,https://www.cde.org.cn/hymlj/detailPage/72bf11cab752f1385fc13260dff6d1fb
fcf6472c8723eb5a7610100436abcb0b,盐酸伊立替康,Irinotecan Hydrochloride,盐酸伊立替康注射液,Irinotecan Hydrochloride Injection,,注射剂,静脉注射,2ml:40mg,是 ,H20160576,2003-05-23,Pfizer Australia Pty Ltd,Pfizer (Perth) Pty Limited,上市销售中,进口原研药品,L01XX19 ,,,https://www.cde.org.cn/hymlj/detailPage/fcf6472c8723eb5a7610100436abcb0b
15163c629cb0dc575fe9fb978120d285,盐酸伊立替康,Irinotecan Hydrochloride,盐酸伊立替康注射液,Irinotecan Hydrochloride Injection,,注射剂,静脉注射,5ml:0.1g,是 ,H20160577,2003-05-23,Pfizer Australia Pty Ltd,Pfizer (Perth) Pty Limited,上市销售中,进口原研药品,L01XX19 ,,,https://www.cde.org.cn/hymlj/detailPage/15163c629cb0dc575fe9fb978120d285
7827822555d0990e4681ee163b8b1a6d,哌拉西林；他唑巴坦,Piperacillin;Tazobactam,注射用哌拉西林钠他唑巴坦钠,Piperacillin Sodium and Tazobactam Sodium for Injection,,注射剂,静脉注射,4.5g（哌拉西林4.0g与他唑巴坦0.5g）,是 ,H20140910;H20140911,1996-07-12,Pfizer Limited,Wyeth Lederle S.R.L.,上市销售中,进口原研药品,J01CR05,,,https://www.cde.org.cn/hymlj/detailPage/7827822555d0990e4681ee163b8b1a6d
695eb3345dc76e5563bd0ddd7449b665,替加环素,Tigecycline,注射用替加环素,Tigecycline for Injection,,注射剂,静脉注射,50mg,是 ,H20160471;H20160472,2010-11-09,Pfizer Limited,Wyeth Lederle S.r.l.,上市销售中,进口原研药品,J01AA12,,,https://www.cde.org.cn/hymlj/detailPage/695eb3345dc76e5563bd0ddd7449b665
94e53b7e63e3cc31abeb493c4859e59f,帕瑞昔布钠,Parecoxib Sodium,注射用帕瑞昔布钠,Parecoxib Sodium for Injection,,注射剂,静脉注射；肌肉注射,40mg,是 ,H20171210;H20171071;H20171072,2008-03-24,Pfizer Ltd.,Pharmacia & Upjohn Company LLC,上市销售中,进口原研药品,M01AH04,,,https://www.cde.org.cn/hymlj/detailPage/94e53b7e63e3cc31abeb493c4859e59f
5b33d91df37677c9fa0b58d1f935e603,拉坦前列素,Latanoprost ,拉坦前列素滴眼液, Latanoprost Eye Drops,,眼用制剂,眼用,2.5ml:125μg,是 ,H20171094,1999-02-13,PFIZER SA, Pfizer Manufacturing Belgium NV,上市销售中,进口原研药品,S01EE01,,,https://www.cde.org.cn/hymlj/detailPage/5b33d91df37677c9fa0b58d1f935e603
81eeb110b13f5e04293529c8c7ac34bb,培美曲塞二钠,Pemetrexed Disodium,注射用培美曲塞二钠,Pemetrexed Disodium for Injection,,注射剂,静脉注射,100mg ,是 ,H20150445,2009-07-14,ELI LILLY AND COMPANY ,ELI LILLY AND COMPANY ,上市销售中,进口原研药品,L01BA04,,,https://www.cde.org.cn/hymlj/detailPage/81eeb110b13f5e04293529c8c7ac34bb
4090fbca6c6f41edd9fe548c5cc0e9c4,培美曲塞二钠,Pemetrexed Disodium,注射用培美曲塞二钠,Pemetrexed Disodium for Injection,,注射剂,静脉注射,500mg,是 ,H20140662,2005-08-22,ELI LILLY AND COMPANY ,ELI LILLY AND COMPANY ,上市销售中,进口原研药品,L01BA04,,,https://www.cde.org.cn/hymlj/detailPage/4090fbca6c6f41edd9fe548c5cc0e9c4
87bc05cd811f5ecfaa95ceed2d68406e,盐酸羟考酮,Oxycodone Hydrochloride ,盐酸羟考酮注射液,Oxycodone Hydrochloride Injection,,注射剂,皮下注射；静脉注射,1ml:10mg,是 ,H20170222,2013-04-23,NAPP PHARMACEUTICALS LIMITED,RAFA LABORATORIES LIMITED,上市销售中,进口原研药品,N02AA05,,,https://www.cde.org.cn/hymlj/detailPage/87bc05cd811f5ecfaa95ceed2d68406e
8a4834dbcf23d41bcb01dedd621f2416,碘海醇,Iohexol,碘海醇注射液,Iohexol Injection,,注射剂,静脉注射,75ml: 26.25g（I）,是,国药准字H20000598,2000-10-24,,通用电气药业（上海）有限公司,上市销售中,其他药品,V08AB02,,,https://www.cde.org.cn/hymlj/detailPage/8a4834dbcf23d41bcb01dedd621f2416
c148c8d470a2be43b947b5a94e95a4a0,碘海醇,Iohexol,碘海醇注射液,Iohexol Injection,,注射剂,静脉注射,100ml:35g（I）,是,国药准字H20000599,2000-10-24,,通用电气药业（上海）有限公司,上市销售中,其他药品,V08AB02,,,https://www.cde.org.cn/hymlj/detailPage/c148c8d470a2be43b947b5a94e95a4a0
2c49e4fa9304c5d0781f04d5f155a7e5,碘海醇,Iohexol,碘海醇注射液,Iohexol Injection,,注射剂,静脉注射,200ml: 70g（I）,是,国药准字H20000600,2000-10-24,,通用电气药业（上海）有限公司,上市销售中,其他药品,V08AB02,,,https://www.cde.org.cn/hymlj/detailPage/2c49e4fa9304c5d0781f04d5f155a7e5
20cea84610f9f670e70cc99e2cbc7b9f,碘美普尔,Iomeprol,碘美普尔注射液,Iomeprol Injection,,注射剂,静脉注射；其他（动脉注射和体腔注射）,100ml:40g（I）,是,国药准字H20067802,2006-08-18,,上海博莱科信谊药业有限责任公司,上市销售中,其他药品,V08AB10,,,https://www.cde.org.cn/hymlj/detailPage/20cea84610f9f670e70cc99e2cbc7b9f
b7987462caefc4fe612a98856312af51,碘美普尔,Iomeprol,碘美普尔注射液,Iomeprol Injection,,注射剂,静脉注射；其他（动脉注射和体腔注射）,75ml:30g（I）,是,国药准字H20067801,2006-08-18,,上海博莱科信谊药业有限责任公司,上市销售中,其他药品,V08AB10,,,https://www.cde.org.cn/hymlj/detailPage/b7987462caefc4fe612a98856312af51
18a207774661855417875bbb3c8d52e0,贝前列素钠,Beraprost Sodium,贝前列素钠片,Beraprost Sodium Tablets,,片剂,口服,20μg,是,H20181057;H20181058,2003-08-15,Toray Industries，Inc.,Toray Industries，Inc.Mishima Plant,上市销售中,进口原研药品,B01AC19,,,https://www.cde.org.cn/hymlj/detailPage/18a207774661855417875bbb3c8d52e0
469db8c19855e098b5c28b960ae2c4eb,异亮氨酸；亮氨酸；醋酸赖氨酸；甲硫氨酸；苯丙氨酸；苏氨酸；色氨酸；缬氨酸；精氨酸；组氨酸；丙氨酸；甘氨酸；门冬酰胺；门冬氨酸；谷氨酸；鸟氨酸盐酸盐；脯氨酸；丝氨酸；N-乙酰酪氨酸；乙酰半胱氨酸,Isoleucine; Leucine; Lysine acetate; Methionineg; Phenylalanine; Threonine; Tryptophan; Valine; Arginine; Histidine; Glycine; Alanine; Prolin; Aspartic acid; Asparagine monohydrate; Acetylcysteine; Glutamic acid; Ornithine hydrochloride; Serine; N-Acetyltyrosine,复方氨基酸注射液（20AA）,Compound Amino Acid Injection,,注射剂,静脉注射,500ml:50g,是,H20171149,1998-03-30,B.Braun Melsungen AG,B. Braun Melsungen AG,上市销售中,进口原研药品,B05BA01,,,https://www.cde.org.cn/hymlj/detailPage/469db8c19855e098b5c28b960ae2c4eb
438f2777e5f9ff8ee2f4986376943cdb,重酒石酸卡巴拉汀,Rivastigmine Hydrogen Tartrate,重酒石酸卡巴拉汀胶囊,Rivastigmine Hydrogen Tartrate Capsules,CYHS1800019,胶囊剂,口服,按C14H22N2O2计3.0mg,否,国药准字H20203012,2020-01-21,,北京四环制药有限公司,新批准暂未销售,按化学药品新注册分类批准的仿制药,N06DA03,,,https://www.cde.org.cn/hymlj/detailPage/438f2777e5f9ff8ee2f4986376943cdb
aba5e6c0f8517c27cca6b8926ac17570,重酒石酸卡巴拉汀,Rivastigmine Hydrogen Tartrate ,重酒石酸卡巴拉汀胶囊,Rivastigmine Hydrogen Tartrate Capsules,CYHS1800017,胶囊剂,口服,按C14H22N2O2计1.5mg,否,国药准字H20203011,2020-01-21,,北京四环制药有限公司,新批准暂未销售,按化学药品新注册分类批准的仿制药,N06DA03,,,https://www.cde.org.cn/hymlj/detailPage/aba5e6c0f8517c27cca6b8926ac17570
06eb36ee9827bc5232861a8ceb6260cf,盐酸二甲双胍,Metformin Hydrochloride,盐酸二甲双胍缓释片,Metformin Hydrochloride Sustained-release Tablets,CYHB1850143,片剂,口服,0.5g,否,国药准字H20140023,2020-02-19,,石家庄市华新药业有限责任公司,上市销售中,通过质量和疗效一致性评价的药品,A10BA02,024695003e9b2eaa959ed10ed838e744,国药准字H20140023_盐酸二甲双胍缓释片.pdf,https://www.cde.org.cn/hymlj/detailPage/06eb36ee9827bc5232861a8ceb6260cf
553ad4fdd8e340b93ef4fac9c86aa2cd,盐酸二甲双胍,Metformin Hydrochloride,盐酸二甲双胍片,Metformin Hydrochloride Tablets,CYHB1850467,片剂,口服,0.25g,否,国药准字H31021359,2020-02-19,,上海衡山药业有限公司 ,新批准暂未销售,通过质量和疗效一致性评价的药品,A10BA02 ,a3b84ff87aa3e6139b7feacd32242aae,国药准字H31021359_盐酸二甲双胍片.pdf,https://www.cde.org.cn/hymlj/detailPage/553ad4fdd8e340b93ef4fac9c86aa2cd
6d2c49bf1989143f1697e2c89518234d,盐酸二甲双胍,Metformin Hydrochloride,盐酸二甲双胍片,Metformin Hydrochloride Tablets,CYHB1950317,片剂,口服,0.5g,否,国药准字H20023251,2020-03-03,,深圳市中联制药有限公司 ,上市销售中,通过质量和疗效一致性评价的药品,A10BA02 ,ed9675ddd903bd1a68e06c781ec4b289,国药准字H20023251_盐酸二甲双胍片.pdf,https://www.cde.org.cn/hymlj/detailPage/6d2c49bf1989143f1697e2c89518234d
b1129288e5add0f0de0d0b3df20b0e96,奥美拉唑,Omeprazole,奥美拉唑肠溶胶囊,Omeprazole Enteric Capsules,CYHB1850401,胶囊剂,口服,10mg,否,国药准字H20084507,2020-01-03,,山东罗欣药业集团股份有限公司,上市销售中,通过质量和疗效一致性评价的药品,A02BC01,8d3cc2608411901fefef5827ad7d4ccd,国药准字H20084507_奥美拉唑肠溶胶囊.pdf,https://www.cde.org.cn/hymlj/detailPage/b1129288e5add0f0de0d0b3df20b0e96
8f2b0a402a6d5e017268e4a952b45b9c,拉考沙胺,Lacosamide,拉考沙胺片,Lacosamide Tablets,CYHS1700263,片剂,口服,100mg,否,国药准字H20193022,2019-01-15,,江西青峰药业有限公司,上市销售中,按化学药品新注册分类批准的仿制药,N03AX18,,,https://www.cde.org.cn/hymlj/detailPage/8f2b0a402a6d5e017268e4a952b45b9c
790d6711b7080ec93a9a7bea370ef753,拉考沙胺,Lacosamide,拉考沙胺片,Lacosamide Tablets,CYHS1700262,片剂,口服,50mg,否,国药准字H20193021,2019-01-15,,江西青峰药业有限公司,上市销售中,按化学药品新注册分类批准的仿制药,N03AX18,,,https://www.cde.org.cn/hymlj/detailPage/790d6711b7080ec93a9a7bea370ef753
dd3b5079cb6b19fc739011ba8433c34e,左乙拉西坦,Levetiracetam,左乙拉西坦缓释片,Levetiracetam Sustained-release Tablets,CYHS1700325,片剂,口服,0.5g,否,国药准字H20193059,2019-02-22,深圳信立泰药业股份有限公司,深圳信立泰药业股份有限公司,上市销售中,按化学药品新注册分类批准的仿制药,N03AX14,,,https://www.cde.org.cn/hymlj/detailPage/dd3b5079cb6b19fc739011ba8433c34e
b7624c90758288a76a1e72aad580af0c,奥美拉唑,Omeprazole,奥美拉唑肠溶胶囊,Omeprazole Enteric Capsules,CYHB1850400,胶囊剂,口服,20mg,否,国药准字H20033444,2019-12-16,,山东罗欣药业集团股份有限公司,上市销售中,通过质量和疗效一致性评价的药品,A02BC01 ,5f3e76798f9830f86a80c0cf8b40411b,国药准字H20033444_奥美拉唑肠溶胶囊.pdf,https://www.cde.org.cn/hymlj/detailPage/b7624c90758288a76a1e72aad580af0c
31c7ff7ea0026475fbea0cd16af96531,盐酸氨溴索,Ambroxol hydrochloride,盐酸氨溴索注射液,Ambroxol Hydrochloride Injection,,注射剂,静脉注射,2ml:15mg,是,H20150468;H20150469,2003-07-08,Boehringer Ingelheim Pharma GmbH&Co.KG,Boehringer Ingelheim Espana，S.A.,上市销售中,进口原研药品,R05CB06,,,https://www.cde.org.cn/hymlj/detailPage/31c7ff7ea0026475fbea0cd16af96531
63e42777bc6da529cf487411105d5a70,盐酸奥洛他定,Olopatadine Hydrochloride,盐酸奥洛他定滴眼液,Olopatadine Hydrochloride Eye Drops,,眼用制剂,眼用,0.1%（5ml:5mg，以C21H23NO3计）,是,H20181146,2002-06-13, Novartis Europharm Limited,S.A.Alcon Couvreur N.V.,上市销售中,进口原研药品,S01GX09,,,https://www.cde.org.cn/hymlj/detailPage/63e42777bc6da529cf487411105d5a70
8be5dc5fde65cd68f445b40cc7a7ff94,盐酸法舒地尔,Fasudil hydrochloride,盐酸法舒地尔注射液,Fasudil Hydrochloride Injection,,注射剂,静脉滴注,2ml:30mg,是,H20150252,2001-08-22,Asahi Kasei Pharma Corporation,Asahi Kasei Pharma Corporation， Nagoya Pharmaceuticals Plant,上市销售中,进口原研药品,C04AX32,,,https://www.cde.org.cn/hymlj/detailPage/8be5dc5fde65cd68f445b40cc7a7ff94
2b714084e95bc11f341ab08feeba3d42,阿扎胞苷,Azacitidine,注射用阿扎胞苷,Azacitidine for Injection,,注射剂,静脉注射,100mg,是,H20170238,2017-04-24,Celgene Europe Ltd.,Baxter Oncology GmbH,上市销售中,进口原研药品,L01BC07,,,https://www.cde.org.cn/hymlj/detailPage/2b714084e95bc11f341ab08feeba3d42
7465ef8091a03218118dbc2ff10ebf9a,艾司奥美拉唑钠,Esomeprazole Sodium ,注射用艾司奥美拉唑钠,Esomeprazole Sodium for Injection,,注射剂,静脉注射,40mg(按C17H19N3O3S计算),是,H20160672;H20160673,2007-04-03,Astrazeneca AB,Astrazeneca AB,上市销售中,进口原研药品,A02BC05,,,https://www.cde.org.cn/hymlj/detailPage/7465ef8091a03218118dbc2ff10ebf9a
9077b86a1bca83635ce44428424a6e1f,卡培他滨,Capecitabine,卡培他滨片,Capecitabine Tablets,CYHB1950089,片剂,口服,0.5g,否,国药准字H20133365,2020-01-20,,江苏恒瑞医药股份有限公司,上市销售中,通过质量和疗效一致性评价的药品,L01BC06 ,551011fb99bd8d1238af7a301fca4206,国药准字H20133365_卡培他滨片.pdf,https://www.cde.org.cn/hymlj/detailPage/9077b86a1bca83635ce44428424a6e1f
5a721bcd776d451b14baaad07f3dd503,布洛芬,Ibuprofen,布洛芬颗粒,Ibuprofen Granules,CYHB1950478,颗粒剂,口服,0.1g,否,国药准字H20066209,2020-01-20,石药集团欧意药业有限公司,石药集团欧意药业有限公司,上市销售中,通过质量和疗效一致性评价的药品,M01AE01 ,e4175a8d43e4697efea10bd00acf5f9a,国药准字H20066209_布洛芬颗粒.pdf,https://www.cde.org.cn/hymlj/detailPage/5a721bcd776d451b14baaad07f3dd503
2d30ce5601e8e8b793af0438013e05ae,头孢氨苄,cefalexin,头孢氨苄胶囊,cefalexin capsules,CYHB1950087,胶囊剂,口服,0.25g,否,国药准字H37020702,2020-01-20,山东新华制药股份有限公司,山东新华制药股份有限公司,新批准暂未销售,通过质量和疗效一致性评价的药品,J01DB01 ,ba76466545881832308d0e725576744a,国药准字H37020702_头孢氨苄胶囊.pdf,https://www.cde.org.cn/hymlj/detailPage/2d30ce5601e8e8b793af0438013e05ae
59af78eb375ae1a0588fa4ef6d119922,对乙酰氨基酚,Paracetamol ,对乙酰氨基酚片,Paracetamol Tablets,CYHB1850371,片剂,口服,0.5g,否,国药准字H37021110,2019-12-24,,青岛黄海制药有限责任公司,上市销售中,通过质量和疗效一致性评价的药品,N02BE01 ,6e2dcb1b9f1e7661cf13400492b98cc9,国药准字H37021110_对乙酰氨基酚片.pdf,https://www.cde.org.cn/hymlj/detailPage/59af78eb375ae1a0588fa4ef6d119922
e5ba9a1fe3e4746ec12453d4561ba5f4,头孢克洛,Cefaclor,头孢克洛胶囊,Cefaclor Capsules,CYHB1840132,胶囊剂,口服,按C15H14CIN3O4S计0.25g,否,国药准字H20083645,2020-02-21,,深圳立健药业有限公司,上市销售中,通过质量和疗效一致性评价的药品,J01DC04,8dee7d6a6997ccfac394117971d03915,国药准字H20083645_头孢克洛胶囊.pdf,https://www.cde.org.cn/hymlj/detailPage/e5ba9a1fe3e4746ec12453d4561ba5f4
e74460b954873bdb4e21802a1b50f6b5,美洛昔康,Meloxicam,美洛昔康片,Meloxicam Tablets,CYHB1950078,片剂,口服,7.5mg,否,国药准字H20020398,2020-03-03,,澳美制药（海南）有限公司 ,上市销售中,通过质量和疗效一致性评价的药品,M01AC06 ,2e25767c4e74ecc6c99def3d668d44c4,国药准字H20020398_美洛昔康片.pdf,https://www.cde.org.cn/hymlj/detailPage/e74460b954873bdb4e21802a1b50f6b5
ce06beecb87f6c3bf7bfc1562b9acdbe,盐酸二甲双胍,Metformin Hydrochloride,盐酸二甲双胍胶囊,Metformin Hydrochloride Capsules,CYHB1840147,胶囊剂,口服,0.25g,否,国药准字H19991009,2020-03-03,,常州兰陵制药有限公司 ,新批准暂未销售,通过质量和疗效一致性评价的药品,A10BA02,4d9bd4e61be50ae0ea95aaf2cb8e71c5,国药准字H19991009_盐酸二甲双胍胶囊.pdf,https://www.cde.org.cn/hymlj/detailPage/ce06beecb87f6c3bf7bfc1562b9acdbe
c249bfb225ee6f37da884e0b6dfa5d19,对乙酰氨基酚,Paracetamol,对乙酰氨基酚片,Paracetamol Tablets,CYHB1950239,片剂,口服,0.5g,否,国药准字H50020348,2020-03-03,,重庆国泰康宁制药有限责任公司,新批准暂未销售,通过质量和疗效一致性评价的药品,N02BE01,d3f4f859316387ef6424de21aac86481,国药准字H50020348_对乙酰氨基酚片.pdf,https://www.cde.org.cn/hymlj/detailPage/c249bfb225ee6f37da884e0b6dfa5d19
7ccf707558d2b2e0fe61e9c8b982920d,甲硝唑,Metronidazole,甲硝唑片,Metronidazole Tablets,CYHB1850292,片剂,口服,0.2g,否,国药准字H32020145,2020-02-26,,江苏悦兴药业有限公司,上市销售中,通过质量和疗效一致性评价的药品,J01XD01 ,87a46f76d599d9786597233612bc84a4,国药准字H32020145_甲硝唑片.pdf,https://www.cde.org.cn/hymlj/detailPage/7ccf707558d2b2e0fe61e9c8b982920d
77ca5a16672f391a429f0506701e2850,右佐匹克隆,Dexzopiclone,右佐匹克隆片,Dexzopiclone Tablets,CYHB1940011,片剂,口服,3mg,否,国药准字H20120001,2020-02-21,,上海上药中西制药有限公司,上市销售中,通过质量和疗效一致性评价的药品,N05CF04 ,e3d7cffdd67e7e18ed00ef1d4712e9ff,国药准字H20120001_右佐匹克隆片.pdf,https://www.cde.org.cn/hymlj/detailPage/77ca5a16672f391a429f0506701e2850
e0ac23441070b2015f1a28c0724bdb1c,奥替拉西钾/吉美嘧啶/替加氟,Tegafur; Gimeracil; Oteracil Potassium,替吉奥胶囊,Tegafur，Gimeracil and Oteracil Potassium Capsules,CYHB1950426,胶囊剂,口服,替加氟20mg，吉美嘧啶5.8mg，奥替拉西钾19.6mg,否,国药准字H20080802,2020-03-03,,山东新时代药业有限公司,上市销售中,通过质量和疗效一致性评价的药品,L01BC03 ,a1a75d46246fc7d0acec9267425d07b2,国药准字H20080802_替吉奥胶囊.pdf,https://www.cde.org.cn/hymlj/detailPage/e0ac23441070b2015f1a28c0724bdb1c
ae13ee41417952bb20d70d2a6a5dcf54,替加氟;吉美嘧啶;奥替拉西钾,Tegafur; Gimeracil; Oteracil Potassium ,替吉奥胶囊,Tegafur，Gimeracil and Oteracil Potassium Capsules,CYHB1950427,胶囊剂,口服,替加氟25mg，吉美嘧啶7.25mg，奥替拉西钾24.5mg,否,国药准字H20080803,2020-03-03,,山东新时代药业有限公司,上市销售中,通过质量和疗效一致性评价的药品,L01BC03 ,7b616fad7107316065ed3214b4b51886,国药准字H20080803_替吉奥胶囊.pdf,https://www.cde.org.cn/hymlj/detailPage/ae13ee41417952bb20d70d2a6a5dcf54
89b3dda3375d1384433552af076937e3,阿托伐他汀钙,Atorvastatin Calcium,阿托伐他汀钙片,Atorvastatin Calcium Tablets,CYHS1800268,片剂,口服,按C33H35FN2O5计 10mg,否,国药准字H20203099,2020-03-17,北京福元医药股份有限公司 ,北京福元医药股份有限公司 ,新批准暂未销售,按化学药品新注册分类批准的仿制药,C10AA05 ,,,https://www.cde.org.cn/hymlj/detailPage/89b3dda3375d1384433552af076937e3
b930c27a9fefcaeb5e9ae8ffbb6bfd1d,阿托伐他汀钙,Atorvastatin Calcium,阿托伐他汀钙片,Atorvastatin Calcium Tablets,CYHS1800269,片剂,口服,按C33H35FN2O5计 20mg,否,国药准字H20203100,2020-03-17, 北京福元医药股份有限公司  , 北京福元医药股份有限公司  ,新批准暂未销售,按化学药品新注册分类批准的仿制药,C10AA05 ,,,https://www.cde.org.cn/hymlj/detailPage/b930c27a9fefcaeb5e9ae8ffbb6bfd1d
8639d651104273da17f8679bc206b1c0,醋酸卡泊芬净,Caspofungin Acetate,注射用醋酸卡泊芬净,Caspofungin Acetate for Injection,,注射剂,静脉输注,70mg（以卡泊芬净计）,是,H20171219,2002-10-29,Merck Sharp & Dohme Ltd,Laboratoires Merck Sharp & Dohme Chibret,上市销售中,进口原研药品,J02AX04,,,https://www.cde.org.cn/hymlj/detailPage/8639d651104273da17f8679bc206b1c0
e9b5e4236f44ffa803173e93f99acf3f,碘美普尔,Iomeprol,碘美普尔注射液,Iomeprol Injection,,注射剂,静脉注射、其他（动脉注射和体腔注射）,100ml:40g（I）,是,H20150064;H20140756,2005-02-25,Bracco Imaging Italia S.r.L.,Patheon Italia S.P.A. ,上市销售中,进口原研药品,V08AB10,,,https://www.cde.org.cn/hymlj/detailPage/e9b5e4236f44ffa803173e93f99acf3f
09aae182c903b7bcab12153ad3e626b2,碘美普尔,Iomeprol,碘美普尔注射液,Iomeprol Injection,,注射剂,静脉注射、其他（动脉注射和体腔注射）,100ml:35g（I）,是,H20150063;H20140754,2005-02-25,Bracco Imaging Italia S.r.L.,Patheon Italia S.P.A. ,上市销售中,进口原研药品,V08AB10,,,https://www.cde.org.cn/hymlj/detailPage/09aae182c903b7bcab12153ad3e626b2
62d1547aab73760ab58b4425dc03310d,碘美普尔,Iomeprol,碘美普尔注射液,Iomeprol Injection,,注射剂,静脉注射、其他（动脉注射和体腔注射）,50ml:20g（I）,是,H20150059;H20140755,2005-02-25,Bracco Imaging Italia S.r.L.,Patheon Italia S.P.A. ,上市销售中,进口原研药品,V08AB10,,,https://www.cde.org.cn/hymlj/detailPage/62d1547aab73760ab58b4425dc03310d
3135215523ccf9f70c0d6c5fbd24e461,碘帕醇,Iopamidol,碘帕醇注射液,Iopamidol Injection,,注射剂,静脉注射、其他（动脉注射）,37g（I）/100ml/瓶,是,H20150239;H20140890,2002-07-30,Bracco Imaging Italia S.r.L.,Patheon Italia S.P.A. ,上市销售中,进口原研药品,V08AB04,,,https://www.cde.org.cn/hymlj/detailPage/3135215523ccf9f70c0d6c5fbd24e461
0c2a01786ac515fe9609c9e7b3cfe009,碘帕醇,Iopamidol,碘帕醇注射液,Iopamidol Injection,,注射剂,静脉注射、鞘内注射、其他（动脉注射和体腔注射）,30g（I）/100 ml/瓶,是,H20150240;H20140888,2002-07-30,Bracco Imaging Italia S.r.L.,Patheon Italia S.P.A. ,上市销售中,进口原研药品,V08AB04,,,https://www.cde.org.cn/hymlj/detailPage/0c2a01786ac515fe9609c9e7b3cfe009
742a0e227cbd6c79d71636683af50f81,碘帕醇,Iopamidol,碘帕醇注射液,Iopamidol Injection,,注射剂,静脉注射、鞘内注射、其他（动脉注射和体腔注射）,15g（I）/50ml/瓶,是,H20150241;H20140887,2002-07-30,Bracco Imaging Italia S.r.L.,Patheon Italia S.P.A. ,上市销售中,进口原研药品,V08AB04,,,https://www.cde.org.cn/hymlj/detailPage/742a0e227cbd6c79d71636683af50f81
18266d06454719b0d9299045b3428834,碘帕醇,Iopamidol,碘帕醇注射液,Iopamidol Injection,,注射剂,静脉注射、其他（动脉注射）,74g（I）/200ml/瓶,是,H20140885;H20140891,2004-03-23,Bracco Imaging Italia S.r.L.,Patheon Italia S.P.A. ,上市销售中,进口原研药品,V08AB04,,,https://www.cde.org.cn/hymlj/detailPage/18266d06454719b0d9299045b3428834
21109a6a36bf1f784614dce804c367a6,多西他赛,Docetaxel,多西他赛注射液,Docetaxel Injection,,注射剂,静脉注射,0.5ml:20mg,是,H20140086,1997-12-25,Aventis Pharma S.A.,Sanofi-Aventis Deutschland GmbH,上市销售中,进口原研药品,L01CD02 ,,,https://www.cde.org.cn/hymlj/detailPage/21109a6a36bf1f784614dce804c367a6
392164f4068e88443e31d9ce08a3510d,盐酸苯达莫司汀,Bendamustine Hydrochloride,注射用盐酸苯达莫司汀,Bendamustine Hydrochloride for Injection,,注射剂,静脉注射,100mg（以C16H21Cl2N3O2·HCl计）,是,H20180087,2018-12-17,Cephalon Inc.,Pharmachemie B.V.,上市销售中,进口原研药品,L01AA09,,,https://www.cde.org.cn/hymlj/detailPage/392164f4068e88443e31d9ce08a3510d
bcb67c72437496aa90c2919e57cdce4c,地西他滨,Decitabine,注射用地西他滨,Decitabine for Injection,,注射剂,静脉输注,50mg,是,H20181217,2008-09-28,Janssen-Cilag International NV,Pharmachemie B.V.,上市销售中,进口原研药品,L01BC08,,,https://www.cde.org.cn/hymlj/detailPage/bcb67c72437496aa90c2919e57cdce4c
de0f4fa4b3d4920da492829a41eb2a42,环磷酰胺,Cyclophosphamide,注射用环磷酰胺,Cyclophosphamide for Injection,,注射剂,静脉注射,0.2g,是,H20160467,2001-03-14,Baxter Oncology GmbH,Baxter Oncology GmbH,上市销售中,进口原研药品,L01AA01,,,https://www.cde.org.cn/hymlj/detailPage/de0f4fa4b3d4920da492829a41eb2a42
2328d026c090b0ebbb20cb3bfd6c42d8,吉西他滨,Gemcitabine,注射用盐酸吉西他滨,Gemcitabine Hydrochloride for Injection,,注射剂,静脉注射,200mg（以C9H11F2N3O4计）,是,H20160224,1999-02-13,LILLY FRANCE,Vianex S.A.-Plant C,上市销售中,进口原研药品,L01BC05,,,https://www.cde.org.cn/hymlj/detailPage/2328d026c090b0ebbb20cb3bfd6c42d8
55aadab51f73639f60f224f538970084,吉西他滨,Gemcitabine,注射用盐酸吉西他滨,Gemcitabine Hydrochloride for Injection,,注射剂,静脉注射,1g（以C9H11F2N3O4计）,是,H20160225,1999-02-13,LILLY FRANCE,Vianex S.A.-Plant C,上市销售中,进口原研药品,L01BC05,,,https://www.cde.org.cn/hymlj/detailPage/55aadab51f73639f60f224f538970084
3a3fbab44808c8a185bb778ecde698f4,利培酮,Risperdone,利培酮口服溶液,Risperidone Oral Solution,,口服溶液剂,口服,1mg/ml,是,H20171343,2002-10-29,Janssen-Cilag N.V .,Janssen Pharmaceutica N.V.,上市销售中,进口原研药品,N05AX08,,,https://www.cde.org.cn/hymlj/detailPage/3a3fbab44808c8a185bb778ecde698f4
578b83757681ee3f114617ad7fe253de,棕榈帕利哌酮酯,Paliperidone Palmitate,棕榈帕利哌酮酯注射液（3M）,Paliperidone Palmitate Injection (3M),,注射剂,肌肉注射,按帕利哌酮(C23H27FN4O3)计，2.625ml:525mg,是,H20180023,2018-05-17,Janssen-Cilag International NV,Janssen Pharmaceutica N.V.,上市销售中,进口原研药品 ,N05AX13,,,https://www.cde.org.cn/hymlj/detailPage/578b83757681ee3f114617ad7fe253de
69b9149e2b42fa4a0074c496cceaccda,棕榈帕利哌酮酯,Paliperidone Palmitate,棕榈帕利哌酮酯注射液（3M）,Paliperidone Palmitate Injection (3M),,注射剂,肌肉注射,按帕利哌酮(C23H27FN4O3)计，1.315ml:263mg,是,H20180022,2018-05-17,Janssen-Cilag International NV,Janssen Pharmaceutica N.V.,上市销售中,进口原研药品,N05AX13,,,https://www.cde.org.cn/hymlj/detailPage/69b9149e2b42fa4a0074c496cceaccda
05808e5b56ecc6b24eb17ae12beedc7b,棕榈帕利哌酮酯,Paliperidone Palmitate,棕榈帕利哌酮酯注射液（3M）,Paliperidone Palmitate Injection (3M),,注射剂,肌肉注射,按帕利哌酮(C23H27FN4O3)计，1.75ml:350mg,是,H20180021,2018-05-17,Janssen-Cilag International NV,Janssen Pharmaceutica N.V.,上市销售中,进口原研药品 ,N05AX13,,,https://www.cde.org.cn/hymlj/detailPage/05808e5b56ecc6b24eb17ae12beedc7b
28ad6c640c44bed5e36640fe3a631d29,棕榈帕利哌酮酯,Paliperidone Palmitate,棕榈帕利哌酮酯注射液（3M）,Paliperidone Palmitate Injection (3M),,注射剂,肌肉注射,按帕利哌酮(C23H27FN4O3)计，0.875ml:175mg,是,H20180020,2018-05-17,Janssen-Cilag International NV,Janssen Pharmaceutica N.V.,新批准暂未销售,进口原研药品,N05AX13,,,https://www.cde.org.cn/hymlj/detailPage/28ad6c640c44bed5e36640fe3a631d29
fa0e80999f0da1cd8291dd42af5543ec,他克莫司,Tacrolimus,他克莫司软膏,Tacrolimus Ointment,,软膏剂,外用,0.03%（10g:3mg）,是,H20181015;H20181014 ,2004-11-17,LEO Pharma A/S,Astellas Pharma Tech Co.， Ltd. Toyama Technology Center,上市销售中,进口原研药品 ,D11AH01,,,https://www.cde.org.cn/hymlj/detailPage/fa0e80999f0da1cd8291dd42af5543ec
0552029cfbfe1636aba5310dcd92d5db,他克莫司,Tacrolimus ,他克莫司软膏,Tacrolimus Ointment,,软膏剂,外用,0.1%（10g:10mg）,是,H20181016;H20181013,2004-11-17,LEO Pharma A/S,Astellas Pharma Tech Co.， Ltd. Toyama Technology Center,上市销售中,进口原研药品,D11AH01,,,https://www.cde.org.cn/hymlj/detailPage/0552029cfbfe1636aba5310dcd92d5db
1c8afd87ea5769cf8f3690da71275679,特利加压素,Terlipressin,注射用特利加压素,Terlipressin for Injection,,注射剂,静脉注射,1mg,是,H20140690,1996-01-24,Ferring GmbH,Ferring GmbH,上市销售中,进口原研药品 ,,,,https://www.cde.org.cn/hymlj/detailPage/1c8afd87ea5769cf8f3690da71275679
ff3b24ef708f8d20800820985979b537,胸腺法新,Thymalfasin,注射用胸腺法新,Thymalfasin for Injection,,注射剂,皮下注射,1.6mg,是,H20171177,1996-09-11,SciClone Pharmaceuticals Italy S.R.L.,Patheon Italia S.p.A.,上市销售中,进口原研药品, ,,,https://www.cde.org.cn/hymlj/detailPage/ff3b24ef708f8d20800820985979b537
1ecdf33b62b1055e4151eeaf0820971e,溴芬酸钠,Bromfenac sodium,溴芬酸钠滴眼液,Bromfenac Sodium Eye Drops,,滴眼剂,眼用,0.1%（5ml:5mg，按C15H11BrNNaO3·1&frac12;H2O计）,是,H20150243,2009-09-29,SENJU PHARMACEUTICAL CO.， LTD.,SENJU PHARMACEUTICAL CO.， LTD. Karatsu Plant,上市销售中,进口原研药品 ,S01BC11,,,https://www.cde.org.cn/hymlj/detailPage/1ecdf33b62b1055e4151eeaf0820971e
07074c47d9784db25878a473029064c2,头孢他啶,Ceftazidime,注射用头孢他啶,Ceftazidime for injection,,注射剂,静脉注射；肌肉注射,1g,是,H20171174,1998-01-10,GLAXOSMITHKLINE S.p.A.,GLAXOSMITHKLINE MANUFACTURING S.p.A.,上市销售中,进口原研药品,J01DD02,,,https://www.cde.org.cn/hymlj/detailPage/07074c47d9784db25878a473029064c2
5ae3a4490bcb1a282909c3abedff64e9,大豆油；中链甘油三酸酯,Soybean oil;Medium-chain Triglycerides,中/长链脂肪乳注射液（C8~24 Ve）,Medium and Long Chain Fat Emulsion Injection (C8-24Ve),,注射剂,静脉注射,10%×500ml/瓶,是,H20140834,2002-07-25,B. Braun Melsungen AG,B. Braun Melsungen AG,上市销售中,进口原研药品 ,B05BA02,,,https://www.cde.org.cn/hymlj/detailPage/5ae3a4490bcb1a282909c3abedff64e9
55995698da5db36c8532ab4f18021bdc,大豆油；中链甘油三酸酯,Soybean oil;Medium-chain Triglycerides,中/长链脂肪乳注射液（C8~24 Ve）,Medium and Long Chain Fat Emulsion Injection (C8-24Ve),,注射剂,静脉注射,20%×250ml/瓶,是,H20140236;H20140234,2001-02-05,B. Braun Melsungen AG,B. Braun Melsungen AG,上市销售中,进口原研药品 ,B05BA02,,,https://www.cde.org.cn/hymlj/detailPage/55995698da5db36c8532ab4f18021bdc
df94b398669057d06113e99868c74d80,橄榄油；大豆油,Refined olive oil;Refined soya bean oil,长链脂肪乳注射液（OO）,Long Chain Fat Emulsion Injection（OO）,,注射剂,静脉输注,100ml:20g（脂肪）与1.2g（磷脂）,是,H20170154,2006-05-30,Baxter S.A.,Baxter S.A.,上市销售中,进口原研药品,B05BA02,,,https://www.cde.org.cn/hymlj/detailPage/df94b398669057d06113e99868c74d80
a45c532a63cc0f25dc738e00042918fd,橄榄油；大豆油,Refined olive oil;Refined soya bean oil,长链脂肪乳注射液（OO）,Long Chain Fat Emulsion Injection（OO）,,注射剂,静脉输注,250ml:50g（脂肪）与3g（磷脂）,是,H20170155,2006-05-30,Baxter S.A.,Baxter S.A.,上市销售中,进口原研药品 ,B05BA02,,,https://www.cde.org.cn/hymlj/detailPage/a45c532a63cc0f25dc738e00042918fd
6c298d5ad0a61d9e12585d6d645f17e3,依诺肝素钠,Enoxaparin Sodium,依诺肝素钠注射液,Enoxaparin Sodium Injection,,注射剂,静脉注射；皮下注射,0.4ml:4000AxaIU,是,H20170269,1997-08-27,Sanofi-aventis France,SANOFI WINTHROP INDUSTRIE,上市销售中,进口原研药品 , B01AB05 ,,,https://www.cde.org.cn/hymlj/detailPage/6c298d5ad0a61d9e12585d6d645f17e3
c8192922be114ff06864e7e69ff39dd9,依诺肝素钠,Enoxaparin Sodium,依诺肝素钠注射液,Enoxaparin Sodium Injection,,注射剂,静脉注射；皮下注射,0.6ml:6000AxaIU,是,H20170270,1997-08-27,Sanofi-aventis France,SANOFI WINTHROP INDUSTRIE,上市销售中,进口原研药品 , B01AB05 ,,,https://www.cde.org.cn/hymlj/detailPage/c8192922be114ff06864e7e69ff39dd9
15b1f6ac71dfa80222477cf1ca015c58,吡贝地尔,Piribedil,吡贝地尔缓释片,Piribedil Sustained-release Tablets,,片剂,口服,50mg,是,H20140104;H20140105,1993-05-15,LES LABORATOIRES SERVIER,LES LABORATOIRES SERVIER INDUSTRIE,上市销售中,进口原研药品,N04BC08,,,https://www.cde.org.cn/hymlj/detailPage/15b1f6ac71dfa80222477cf1ca015c58
3cb2d2a5e603138a8a0ffbbbae596a8f,盐酸羟考酮,Oxycodone Hydrochloride,盐酸羟考酮胶囊,Oxycodone Hydrochloride Capsules,,胶囊剂,口服 ,5mg,是 ,H20180033,2018-07-24,NAPP PHARMACEUTICALS LIMITED,BARD PHARMACEUTICALS LIMITED,上市销售中,进口原研药品,N02AA05,,,https://www.cde.org.cn/hymlj/detailPage/3cb2d2a5e603138a8a0ffbbbae596a8f
2f421380d8aa85949325a295e1debe4e,盐酸羟考酮,Oxycodone Hydrochloride,盐酸羟考酮胶囊,Oxycodone Hydrochloride Capsules,,胶囊剂,口服 ,10mg,是 ,H20180034,2018-07-24,NAPP PHARMACEUTICALS LIMITED,BARD PHARMACEUTICALS LIMITED,上市销售中,进口原研药品 ,N02AA05,,,https://www.cde.org.cn/hymlj/detailPage/2f421380d8aa85949325a295e1debe4e
1b5ddefd56d1483c2668b3ec1e699c69,盐酸羟考酮,Oxycodone Hydrochloride,盐酸羟考酮胶囊,Oxycodone Hydrochloride Capsules,,胶囊剂,口服 ,20mg,是 ,H20180035,2018-07-24,NAPP PHARMACEUTICALS LIMITED,BARD PHARMACEUTICALS LIMITED,新批准暂未销售,进口原研药品,N02AA05,,,https://www.cde.org.cn/hymlj/detailPage/1b5ddefd56d1483c2668b3ec1e699c69
09a5bd1fc1c799c6c60b2b3b7d237838,洛匹那韦；利托那韦,Lopinavir;Ritonavir,洛匹那韦利托那韦片,Lopinavir and Ritonavir Tablets,,片剂,口服,每片含洛匹那韦100mg，利托那韦25mg,是 ,H20181115,2009-03-13,AbbVie Ltd.,AbbVie Deutschland GmbH&Co.KG,上市销售中,进口原研药品 ,J05AR10,,,https://www.cde.org.cn/hymlj/detailPage/09a5bd1fc1c799c6c60b2b3b7d237838
8d3574613859fe422bda252164390e8b,洛匹那韦；利托那韦,Lopinavir;Ritonavir,洛匹那韦利托那韦片,Lopinavir and Ritonavir Tablets,,片剂,口服,每片含洛匹那韦200mg，利托那韦50mg,是 ,H20170213,2007-11-15,AbbVie Ltd.,AbbVie Deutschland GmbH&Co.KG,上市销售中,进口原研药品,J05AR10,,,https://www.cde.org.cn/hymlj/detailPage/8d3574613859fe422bda252164390e8b
d8e1827d619a26003eedd8d0eff4470c,利托那韦,Ritonavir,利托那韦片,Ritonavir Tablets,,片剂,口服,100mg,是 ,H20160509,2011-07-18,AbbVie Ltd.,AbbVie Deutschland GmbH&Co.KG,上市销售中,进口原研药品 ,J05AE03,,,https://www.cde.org.cn/hymlj/detailPage/d8e1827d619a26003eedd8d0eff4470c
6826983338dcb64b180bb4ce565fd55c,苯磺顺阿曲库铵,Cisatracurium Besylate ,苯磺顺阿曲库铵注射液,Cisatracurium Besylate Injection,,注射剂,静脉注射,5ml:10mg,是 ,H20181158,2000-05-16,Aspen Pharma Trading Limited,GLAXOSMITHKLINE MANUFACTURING SPA,上市销售中,进口原研药品,M03AC11,,,https://www.cde.org.cn/hymlj/detailPage/6826983338dcb64b180bb4ce565fd55c
bd9bd5b5eaffb14c8a984537e58105df,米库氯铵,Mivacurium Chloride ,米库氯铵注射液,Mivacurium Chloride Injection,,注射剂,静脉注射,5ml:10mg,是 ,H20181155,2005-08-11,Aspen Pharma Trading Limited,GLAXOSMITHKLINE MANUFACTURING SPA,上市销售中,进口原研药品,M03AC10,,,https://www.cde.org.cn/hymlj/detailPage/bd9bd5b5eaffb14c8a984537e58105df
b8fe3435c9ac61567bf48a92aeae59e0,硫酸特布他林,Terbutaline  Sulfate,硫酸特布他林雾化吸入用溶液,Terbutaline Sulfate Nebuliser Solution,,雾化溶液剂,吸入,2ml:5mg,是 ,H20140108,1997-06-20,AstraZeneca AB,AstraZeneca AB,上市销售中,进口原研药品,R03AC03,1e4ce94f54719bb758fa2f4bef3ca902,国药准字H20140108_草酸艾司西酞普兰片.pdf,https://www.cde.org.cn/hymlj/detailPage/b8fe3435c9ac61567bf48a92aeae59e0
32876496cefdcd651cdae852f346b8df,盐酸莫西沙星,Moxifloxacin Hydrochloride,盐酸莫西沙星氯化钠注射液,Moxifloxacin Hydrochloride and Sodium Chloride Injection,,注射剂,静脉注射,250ml:莫西沙星0.4g与氯化钠2.0g,是 ,H20140424;H20140425,2004-04-15,Bayer Vital GmbH,Bayer AG,上市销售中,进口原研药品,J01MA14,,,https://www.cde.org.cn/hymlj/detailPage/32876496cefdcd651cdae852f346b8df
4dad41b53a03727c812e2baf1f63006c,异丙托溴铵；硫酸沙丁胺醇,,吸入用复方异丙托溴铵溶液,Compound Ipratropium Bromide Solution for Inhalation,,吸入用溶液剂,吸入,2.5ml:异丙托溴铵0.5mg(按C20H30BrNO3计)与沙丁胺醇2.5mg(按C13H21NO3计),是 ,H20150173,2002-09-12,SCS Boehringer Ingelheim Comm.V,Laboratoire Unither,上市销售中,进口原研药品,R03AL02,,,https://www.cde.org.cn/hymlj/detailPage/4dad41b53a03727c812e2baf1f63006c
fee6af1a163689a25e87283d78fadaea,醋酸去氨加压素,Desmopressin Acetate ,醋酸去氨加压素注射液,Desmopressin Acetate Injection,,注射剂,静脉注射；肌肉注射；皮下注射,1ml:4μg（按去氨加压素计为3.56μg）,是 ,H20170093,1995-06-01,Ferring AG,Rechon Life Science AB,上市销售中,进口原研药品,H01BA02,,,https://www.cde.org.cn/hymlj/detailPage/fee6af1a163689a25e87283d78fadaea
72bf11cab752f1385fc13260dff6d1fb,醋酸去氨加压素,Desmopressin Acetate ,醋酸去氨加压素注射液,Desmopressin Acetate Injection,,注射剂,静脉注射；皮下注射,1ml:15μg（按去氨加压素计为13.4μg）,是 ,H20130173,1998-12-28,Ferring AG,Rechon Life Science AB,上市销售中,进口原研药品,H01BA02,,,https://www.cde.org.cn/hymlj/detailPage/72bf11cab752f1385fc13260dff6d1fb
fcf6472c8723eb5a7610100436abcb0b,盐酸伊立替康,Irinotecan Hydrochloride,盐酸伊立替康注射液,Irinotecan Hydrochloride Injection,,注射剂,静脉注射,2ml:40mg,是 ,H20160576,2003-05-23,Pfizer Australia Pty Ltd,Pfizer (Perth) Pty Limited,上市销售中,进口原研药品,L01XX19 ,,,https://www.cde.org.cn/hymlj/detailPage/fcf6472c8723eb5a7610100436abcb0b
15163c629cb0dc575fe9fb978120d285,盐酸伊立替康,Irinotecan Hydrochloride,盐酸伊立替康注射液,Irinotecan Hydrochloride Injection,,注射剂,静脉注射,5ml:0.1g,是 ,H20160577,2003-05-23,Pfizer Australia Pty Ltd,Pfizer (Perth) Pty Limited,上市销售中,进口原研药品,L01XX19 ,,,https://www.cde.org.cn/hymlj/detailPage/15163c629cb0dc575fe9fb978120d285
7827822555d0990e4681ee163b8b1a6d,哌拉西林；他唑巴坦,Piperacillin;Tazobactam,注射用哌拉西林钠他唑巴坦钠,Piperacillin Sodium and Tazobactam Sodium for Injection,,注射剂,静脉注射,4.5g（哌拉西林4.0g与他唑巴坦0.5g）,是 ,H20140910;H20140911,1996-07-12,Pfizer Limited,Wyeth Lederle S.R.L.,上市销售中,进口原研药品,J01CR05,,,https://www.cde.org.cn/hymlj/detailPage/7827822555d0990e4681ee163b8b1a6d
695eb3345dc76e5563bd0ddd7449b665,替加环素,Tigecycline,注射用替加环素,Tigecycline for Injection,,注射剂,静脉注射,50mg,是 ,H20160471;H20160472,2010-11-09,Pfizer Limited,Wyeth Lederle S.r.l.,上市销售中,进口原研药品,J01AA12,,,https://www.cde.org.cn/hymlj/detailPage/695eb3345dc76e5563bd0ddd7449b665
94e53b7e63e3cc31abeb493c4859e59f,帕瑞昔布钠,Parecoxib Sodium,注射用帕瑞昔布钠,Parecoxib Sodium for Injection,,注射剂,静脉注射；肌肉注射,40mg,是 ,H20171210;H20171071;H20171072,2008-03-24,Pfizer Ltd.,Pharmacia & Upjohn Company LLC,上市销售中,进口原研药品,M01AH04,,,https://www.cde.org.cn/hymlj/detailPage/94e53b7e63e3cc31abeb493c4859e59f
5b33d91df37677c9fa0b58d1f935e603,拉坦前列素,Latanoprost ,拉坦前列素滴眼液, Latanoprost Eye Drops,,眼用制剂,眼用,2.5ml:125μg,是 ,H20171094,1999-02-13,PFIZER SA, Pfizer Manufacturing Belgium NV,上市销售中,进口原研药品,S01EE01,,,https://www.cde.org.cn/hymlj/detailPage/5b33d91df37677c9fa0b58d1f935e603
81eeb110b13f5e04293529c8c7ac34bb,培美曲塞二钠,Pemetrexed Disodium,注射用培美曲塞二钠,Pemetrexed Disodium for Injection,,注射剂,静脉注射,100mg ,是 ,H20150445,2009-07-14,ELI LILLY AND COMPANY ,ELI LILLY AND COMPANY ,上市销售中,进口原研药品,L01BA04,,,https://www.cde.org.cn/hymlj/detailPage/81eeb110b13f5e04293529c8c7ac34bb
4090fbca6c6f41edd9fe548c5cc0e9c4,培美曲塞二钠,Pemetrexed Disodium,注射用培美曲塞二钠,Pemetrexed Disodium for Injection,,注射剂,静脉注射,500mg,是 ,H20140662,2005-08-22,ELI LILLY AND COMPANY ,ELI LILLY AND COMPANY ,上市销售中,进口原研药品,L01BA04,,,https://www.cde.org.cn/hymlj/detailPage/4090fbca6c6f41edd9fe548c5cc0e9c4
87bc05cd811f5ecfaa95ceed2d68406e,盐酸羟考酮,Oxycodone Hydrochloride ,盐酸羟考酮注射液,Oxycodone Hydrochloride Injection,,注射剂,皮下注射；静脉注射,1ml:10mg,是 ,H20170222,2013-04-23,NAPP PHARMACEUTICALS LIMITED,RAFA LABORATORIES LIMITED,上市销售中,进口原研药品,N02AA05,,,https://www.cde.org.cn/hymlj/detailPage/87bc05cd811f5ecfaa95ceed2d68406e
8a4834dbcf23d41bcb01dedd621f2416,碘海醇,Iohexol,碘海醇注射液,Iohexol Injection,,注射剂,静脉注射,75ml: 26.25g（I）,是,国药准字H20000598,2000-10-24,,通用电气药业（上海）有限公司,上市销售中,其他药品,V08AB02,,,https://www.cde.org.cn/hymlj/detailPage/8a4834dbcf23d41bcb01dedd621f2416
c148c8d470a2be43b947b5a94e95a4a0,碘海醇,Iohexol,碘海醇注射液,Iohexol Injection,,注射剂,静脉注射,100ml:35g（I）,是,国药准字H20000599,2000-10-24,,通用电气药业（上海）有限公司,上市销售中,其他药品,V08AB02,,,https://www.cde.org.cn/hymlj/detailPage/c148c8d470a2be43b947b5a94e95a4a0
2c49e4fa9304c5d0781f04d5f155a7e5,碘海醇,Iohexol,碘海醇注射液,Iohexol Injection,,注射剂,静脉注射,200ml: 70g（I）,是,国药准字H20000600,2000-10-24,,通用电气药业（上海）有限公司,上市销售中,其他药品,V08AB02,,,https://www.cde.org.cn/hymlj/detailPage/2c49e4fa9304c5d0781f04d5f155a7e5
20cea84610f9f670e70cc99e2cbc7b9f,碘美普尔,Iomeprol,碘美普尔注射液,Iomeprol Injection,,注射剂,静脉注射；其他（动脉注射和体腔注射）,100ml:40g（I）,是,国药准字H20067802,2006-08-18,,上海博莱科信谊药业有限责任公司,上市销售中,其他药品,V08AB10,,,https://www.cde.org.cn/hymlj/detailPage/20cea84610f9f670e70cc99e2cbc7b9f
b7987462caefc4fe612a98856312af51,碘美普尔,Iomeprol,碘美普尔注射液,Iomeprol Injection,,注射剂,静脉注射；其他（动脉注射和体腔注射）,75ml:30g（I）,是,国药准字H20067801,2006-08-18,,上海博莱科信谊药业有限责任公司,上市销售中,其他药品,V08AB10,,,https://www.cde.org.cn/hymlj/detailPage/b7987462caefc4fe612a98856312af51
18a207774661855417875bbb3c8d52e0,贝前列素钠,Beraprost Sodium,贝前列素钠片,Beraprost Sodium Tablets,,片剂,口服,20μg,是,H20181057;H20181058,2003-08-15,Toray Industries，Inc.,Toray Industries，Inc.Mishima Plant,上市销售中,进口原研药品,B01AC19,,,https://www.cde.org.cn/hymlj/detailPage/18a207774661855417875bbb3c8d52e0
469db8c19855e098b5c28b960ae2c4eb,异亮氨酸；亮氨酸；醋酸赖氨酸；甲硫氨酸；苯丙氨酸；苏氨酸；色氨酸；缬氨酸；精氨酸；组氨酸；丙氨酸；甘氨酸；门冬酰胺；门冬氨酸；谷氨酸；鸟氨酸盐酸盐；脯氨酸；丝氨酸；N-乙酰酪氨酸；乙酰半胱氨酸,Isoleucine; Leucine; Lysine acetate; Methionineg; Phenylalanine; Threonine; Tryptophan; Valine; Arginine; Histidine; Glycine; Alanine; Prolin; Aspartic acid; Asparagine monohydrate; Acetylcysteine; Glutamic acid; Ornithine hydrochloride; Serine; N-Acetyltyrosine,复方氨基酸注射液（20AA）,Compound Amino Acid Injection,,注射剂,静脉注射,500ml:50g,是,H20171149,1998-03-30,B.Braun Melsungen AG,B. Braun Melsungen AG,上市销售中,进口原研药品,B05BA01,,,https://www.cde.org.cn/hymlj/detailPage/469db8c19855e098b5c28b960ae2c4eb
438f2777e5f9ff8ee2f4986376943cdb,重酒石酸卡巴拉汀,Rivastigmine Hydrogen Tartrate,重酒石酸卡巴拉汀胶囊,Rivastigmine Hydrogen Tartrate Capsules,CYHS1800019,胶囊剂,口服,按C14H22N2O2计3.0mg,否,国药准字H20203012,2020-01-21,,北京四环制药有限公司,新批准暂未销售,按化学药品新注册分类批准的仿制药,N06DA03,,,https://www.cde.org.cn/hymlj/detailPage/438f2777e5f9ff8ee2f4986376943cdb
aba5e6c0f8517c27cca6b8926ac17570,重酒石酸卡巴拉汀,Rivastigmine Hydrogen Tartrate ,重酒石酸卡巴拉汀胶囊,Rivastigmine Hydrogen Tartrate Capsules,CYHS1800017,胶囊剂,口服,按C14H22N2O2计1.5mg,否,国药准字H20203011,2020-01-21,,北京四环制药有限公司,新批准暂未销售,按化学药品新注册分类批准的仿制药,N06DA03,,,https://www.cde.org.cn/hymlj/detailPage/aba5e6c0f8517c27cca6b8926ac17570
06eb36ee9827bc5232861a8ceb6260cf,盐酸二甲双胍,Metformin Hydrochloride,盐酸二甲双胍缓释片,Metformin Hydrochloride Sustained-release Tablets,CYHB1850143,片剂,口服,0.5g,否,国药准字H20140023,2020-02-19,,石家庄市华新药业有限责任公司,上市销售中,通过质量和疗效一致性评价的药品,A10BA02,024695003e9b2eaa959ed10ed838e744,国药准字H20140023_盐酸二甲双胍缓释片.pdf,https://www.cde.org.cn/hymlj/detailPage/06eb36ee9827bc5232861a8ceb6260cf
553ad4fdd8e340b93ef4fac9c86aa2cd,盐酸二甲双胍,Metformin Hydrochloride,盐酸二甲双胍片,Metformin Hydrochloride Tablets,CYHB1850467,片剂,口服,0.25g,否,国药准字H31021359,2020-02-19,,上海衡山药业有限公司 ,新批准暂未销售,通过质量和疗效一致性评价的药品,A10BA02 ,a3b84ff87aa3e6139b7feacd32242aae,国药准字H31021359_盐酸二甲双胍片.pdf,https://www.cde.org.cn/hymlj/detailPage/553ad4fdd8e340b93ef4fac9c86aa2cd
6d2c49bf1989143f1697e2c89518234d,盐酸二甲双胍,Metformin Hydrochloride,盐酸二甲双胍片,Metformin Hydrochloride Tablets,CYHB1950317,片剂,口服,0.5g,否,国药准字H20023251,2020-03-03,,深圳市中联制药有限公司 ,上市销售中,通过质量和疗效一致性评价的药品,A10BA02 ,ed9675ddd903bd1a68e06c781ec4b289,国药准字H20023251_盐酸二甲双胍片.pdf,https://www.cde.org.cn/hymlj/detailPage/6d2c49bf1989143f1697e2c89518234d
b1129288e5add0f0de0d0b3df20b0e96,奥美拉唑,Omeprazole,奥美拉唑肠溶胶囊,Omeprazole Enteric Capsules,CYHB1850401,胶囊剂,口服,10mg,否,国药准字H20084507,2020-01-03,,山东罗欣药业集团股份有限公司,上市销售中,通过质量和疗效一致性评价的药品,A02BC01,8d3cc2608411901fefef5827ad7d4ccd,国药准字H20084507_奥美拉唑肠溶胶囊.pdf,https://www.cde.org.cn/hymlj/detailPage/b1129288e5add0f0de0d0b3df20b0e96
8f2b0a402a6d5e017268e4a952b45b9c,拉考沙胺,Lacosamide,拉考沙胺片,Lacosamide Tablets,CYHS1700263,片剂,口服,100mg,否,国药准字H20193022,2019-01-15,,江西青峰药业有限公司,上市销售中,按化学药品新注册分类批准的仿制药,N03AX18,,,https://www.cde.org.cn/hymlj/detailPage/8f2b0a402a6d5e017268e4a952b45b9c
790d6711b7080ec93a9a7bea370ef753,拉考沙胺,Lacosamide,拉考沙胺片,Lacosamide Tablets,CYHS1700262,片剂,口服,50mg,否,国药准字H20193021,2019-01-15,,江西青峰药业有限公司,上市销售中,按化学药品新注册分类批准的仿制药,N03AX18,,,https://www.cde.org.cn/hymlj/detailPage/790d6711b7080ec93a9a7bea370ef753
dd3b5079cb6b19fc739011ba8433c34e,左乙拉西坦,Levetiracetam,左乙拉西坦缓释片,Levetiracetam Sustained-release Tablets,CYHS1700325,片剂,口服,0.5g,否,国药准字H20193059,2019-02-22,深圳信立泰药业股份有限公司,深圳信立泰药业股份有限公司,上市销售中,按化学药品新注册分类批准的仿制药,N03AX14,,,https://www.cde.org.cn/hymlj/detailPage/dd3b5079cb6b19fc739011ba8433c34e
b7624c90758288a76a1e72aad580af0c,奥美拉唑,Omeprazole,奥美拉唑肠溶胶囊,Omeprazole Enteric Capsules,CYHB1850400,胶囊剂,口服,20mg,否,国药准字H20033444,2019-12-16,,山东罗欣药业集团股份有限公司,上市销售中,通过质量和疗效一致性评价的药品,A02BC01 ,5f3e76798f9830f86a80c0cf8b40411b,国药准字H20033444_奥美拉唑肠溶胶囊.pdf,https://www.cde.org.cn/hymlj/detailPage/b7624c90758288a76a1e72aad580af0c
31c7ff7ea0026475fbea0cd16af96531,盐酸氨溴索,Ambroxol hydrochloride,盐酸氨溴索注射液,Ambroxol Hydrochloride Injection,,注射剂,静脉注射,2ml:15mg,是,H20150468;H20150469,2003-07-08,Boehringer Ingelheim Pharma GmbH&Co.KG,Boehringer Ingelheim Espana，S.A.,上市销售中,进口原研药品,R05CB06,,,https://www.cde.org.cn/hymlj/detailPage/31c7ff7ea0026475fbea0cd16af96531
63e42777bc6da529cf487411105d5a70,盐酸奥洛他定,Olopatadine Hydrochloride,盐酸奥洛他定滴眼液,Olopatadine Hydrochloride Eye Drops,,眼用制剂,眼用,0.1%（5ml:5mg，以C21H23NO3计）,是,H20181146,2002-06-13, Novartis Europharm Limited,S.A.Alcon Couvreur N.V.,上市销售中,进口原研药品,S01GX09,,,https://www.cde.org.cn/hymlj/detailPage/63e42777bc6da529cf487411105d5a70
8be5dc5fde65cd68f445b40cc7a7ff94,盐酸法舒地尔,Fasudil hydrochloride,盐酸法舒地尔注射液,Fasudil Hydrochloride Injection,,注射剂,静脉滴注,2ml:30mg,是,H20150252,2001-08-22,Asahi Kasei Pharma Corporation,Asahi Kasei Pharma Corporation， Nagoya Pharmaceuticals Plant,上市销售中,进口原研药品,C04AX32,,,https://www.cde.org.cn/hymlj/detailPage/8be5dc5fde65cd68f445b40cc7a7ff94
2b714084e95bc11f341ab08feeba3d42,阿扎胞苷,Azacitidine,注射用阿扎胞苷,Azacitidine for Injection,,注射剂,静脉注射,100mg,是,H20170238,2017-04-24,Celgene Europe Ltd.,Baxter Oncology GmbH,上市销售中,进口原研药品,L01BC07,,,https://www.cde.org.cn/hymlj/detailPage/2b714084e95bc11f341ab08feeba3d42
7465ef8091a03218118dbc2ff10ebf9a,艾司奥美拉唑钠,Esomeprazole Sodium ,注射用艾司奥美拉唑钠,Esomeprazole Sodium for Injection,,注射剂,静脉注射,40mg(按C17H19N3O3S计算),是,H20160672;H20160673,2007-04-03,Astrazeneca AB,Astrazeneca AB,上市销售中,进口原研药品,A02BC05,,,https://www.cde.org.cn/hymlj/detailPage/7465ef8091a03218118dbc2ff10ebf9a
9ac3d8a1748905874f9b696792285927,伏立康唑,Voriconazole,注射用伏立康唑,Voriconazole for Injection,,注射剂,静脉注射,0.2g,是,H20181102,2004-10-21,Pfizer Limited,Pharmacia & Upjohn Company,上市销售中,进口原研药品,J02AC03,,,https://www.cde.org.cn/hymlj/detailPage/9ac3d8a1748905874f9b696792285927
14fac513c772a03e611bb9a1ebff7894,唑来膦酸,Zoledronic Acid,注射用唑来膦酸浓溶液,Zoledronic Acid Concentrated Solution for Injection,,注射剂,静脉注射,5ml:4mg,是,H20150049,2008-11-04,Novartis Pharma Schweiz AG,Novartis Pharma Stein AG,上市销售中,进口原研药品,M05BA08,,,https://www.cde.org.cn/hymlj/detailPage/14fac513c772a03e611bb9a1ebff7894
ec25abe1fa86f136c56973bc01a22d25,唑来膦酸,Zoledronic Acid,唑来膦酸注射液,Zoledronic Acid Injection,,注射剂,静脉注射,100ml:5mg（以唑来膦酸无水物计）,是,H20181132,2007-04-26,Novartis Pharma Schweiz AG,Fresenius Kabi Austria GmbH,上市销售中,进口原研药品,M05BA08 ,,,https://www.cde.org.cn/hymlj/detailPage/ec25abe1fa86f136c56973bc01a22d25
b18b78ca9e1b1f0b6832ace280f01da5,盐酸二甲双胍,Metformin Hydrochloride,盐酸二甲双胍片,Metformin Hydrochloride Tablets,CYHB1850447,片剂,口服,0.25g,否,国药准字H20023543,2019-11-15,,深圳海王药业有限公司 ,上市销售中,通过质量和疗效一致性评价的药品,A10BA02 ,a2d7b06fc74eef52b9aca67792272230,国药准字H20023543_盐酸二甲双胍片.pdf,https://www.cde.org.cn/hymlj/detailPage/b18b78ca9e1b1f0b6832ace280f01da5
3b010ab7207744c9771b4c2a48406663,头孢呋辛酯,Cefuroxime Axetil ,头孢呋辛酯胶囊,Cefuroxime Axetil Capsules,CYHB1940002,胶囊剂,口服,0.125g(按C16H16N4O8S计),否,国药准字H20000401,2019-11-11,国药集团致君（深圳）制药有限公司,国药集团致君（深圳）制药有限公司,上市销售中,通过质量和疗效一致性评价的药品,J01DC02；S01AA27 ,2e0204ba2ba60a44c9f45824bed48802,国药准字H20000401_头孢呋辛酯胶囊.pdf,https://www.cde.org.cn/hymlj/detailPage/3b010ab7207744c9771b4c2a48406663
f5e104e962f6addd24445a42fa25cef8,盐酸二甲双胍,Metformin Hydrochloride,盐酸二甲双胍片,Metformin Hydrochloride Tablets,CYHB1950141,片剂,口服,0.25g,否,国药准字H20033597,2019-11-15,,重庆康刻尔制药有限公司  ,上市销售中,通过质量和疗效一致性评价的药品,A10BA02 ,32292e94d6189708be161a8e24648222,国药准字H20033597_盐酸二甲双胍片.pdf,https://www.cde.org.cn/hymlj/detailPage/f5e104e962f6addd24445a42fa25cef8
02cb6fe01b694eb71d95036a1beb81a7,阿莫西林,Amoxicillin,阿莫西林胶囊,Amoxicillin Capsules,CYHB1850158,胶囊剂,口服,0.25g（按C16H19N3O5S计）,否,国药准字H45021516,2019-11-11,,桂林南药股份有限公司,上市销售中,通过质量和疗效一致性评价的药品,J01CA04 ,2c09a12a72483809364ef57a0ab61843,国药准字H45021516_阿莫西林胶囊.pdf,https://www.cde.org.cn/hymlj/detailPage/02cb6fe01b694eb71d95036a1beb81a7
ca9804d961b3ed9f04701ccd3096e35d,阿莫西林,Amoxicillin,阿莫西林胶囊,Amoxicillin Capsules,CYHB1850106,胶囊剂,口服,0.25g（按C16H19N3O5S计）,否,国药准字H46020131,2019-11-14,,海南先声药业有限公司,上市销售中,通过质量和疗效一致性评价的药品,J01CA04 ,58b95c4ff0df56e4462f73e4d9440095,国药准字H46020131_阿莫西林胶囊.pdf,https://www.cde.org.cn/hymlj/detailPage/ca9804d961b3ed9f04701ccd3096e35d
6d38edc65dee92705246289521c61475,吲达帕胺,Indapamide,吲达帕胺片,Indapamide Tablets,CYHB1850229,片剂,口服,2.5mg,否,国药准字H37022368,2019-11-14,,烟台巨先药业有限公司 ,上市销售中,通过质量和疗效一致性评价的药品,C03BA11,d15fd0c56df24ba6732e8ed27a666821,国药准字H37022368_吲达帕胺片.pdf,https://www.cde.org.cn/hymlj/detailPage/6d38edc65dee92705246289521c61475
80f3cb5215a8ddf29141b6ec6df5ec98,阿奇霉素,Azithromycin,阿奇霉素片,Azithromycin Tablets,CYHB1850373,片剂,口服,0.25g,否,国药准字H20084458,2019-11-22,浙江华润三九众益制药有限公司,浙江华润三九众益制药有限公司,上市销售中,通过质量和疗效一致性评价的药品,J01FA10 ,fa21912a166cead2c004b010dd2f3300,国药准字H20084458_阿奇霉素片.pdf,https://www.cde.org.cn/hymlj/detailPage/80f3cb5215a8ddf29141b6ec6df5ec98
f8ccc653d935fe7a891401cb6875b380,盐酸曲美他嗪,Trimetazidine Hydrochloride,盐酸曲美他嗪片,Trimetazidine Hydrochloride Tablets,CYHB1950184,片剂,口服,20mg,否,国药准字H20065167,2019-12-02,北京福元医药股份有限公司 ,北京福元医药股份有限公司 ,上市销售中,通过质量和疗效一致性评价的药品,C01EB15,9061b7be90e3a2dd67dc0204b7f4e0f0,国药准字H20065167_盐酸曲美他嗪片.pdf,https://www.cde.org.cn/hymlj/detailPage/f8ccc653d935fe7a891401cb6875b380
bceb2f8241e60cfd35ec0cca2959b9fd,草酸艾司西酞普兰,Escitalopram Oxalate ,草酸艾司西酞普兰片,Escitalopram Oxalate Tablets,CYHS1700307,片剂,口服,按艾司西酞普兰（C20H21FN2O）计5mg,否,国药准字H20193300,2019-11-04,浙江华海药业股份有限公司,浙江华海药业股份有限公司,新批准暂未销售,按化学药品新注册分类批准的仿制药,N06AB10 ,,,https://www.cde.org.cn/hymlj/detailPage/bceb2f8241e60cfd35ec0cca2959b9fd
10c6660c954ecb867b25ba393ea14bfe,草酸艾司西酞普兰,Escitalopram Oxalate ,草酸艾司西酞普兰片,Escitalopram Oxalate Tablets,CYHS1700308,片剂,口服,按艾司西酞普兰（C20H21FN2O）计10mg,否,国药准字H20193308,2019-11-04,浙江华海药业股份有限公司,浙江华海药业股份有限公司,新批准暂未销售,按化学药品新注册分类批准的仿制药,N06AB10 ,,,https://www.cde.org.cn/hymlj/detailPage/10c6660c954ecb867b25ba393ea14bfe
90599d4a631579e1e45c575981bd38c0,替格瑞洛,Ticagrelor,替格瑞洛片,Ticagrelor Tablets,CYHS1790030,片剂,口服,90mg,否,国药准字H20193343,2019-11-28,,南京优科制药有限公司  ,新批准暂未销售,按化学药品新注册分类批准的仿制药,B01AC24,,,https://www.cde.org.cn/hymlj/detailPage/90599d4a631579e1e45c575981bd38c0
f698e9a44785e8cb483b69b13a3d8e72,厄贝沙坦/氢氯噻嗪,Irbesartan and Hydrochlorothiazide,厄贝沙坦氢氯噻嗪片,Irbesartan and Hydrochlorothiazide Tables,CYHS1700323,片剂,口服,厄贝沙坦150mg/氢氯噻嗪12.5mg,否,国药准字H20193330,2019-11-18,,湖北荆江源制药股份有限公司,新批准暂未销售,按化学药品新注册分类批准的仿制药,C09DA04,,,https://www.cde.org.cn/hymlj/detailPage/f698e9a44785e8cb483b69b13a3d8e72
e5af61b9aeb54d427263fd52b750383d,左乙拉西坦,Levetiracetam,左乙拉西坦片,Levetiracetam Tablets,CYHS1700720,片剂,口服,0.5g,否,国药准字H20193286,2019-09-26,,华润赛科药业有限责任公司,新批准暂未销售,按化学药品新注册分类批准的仿制药,N03AX14,,,https://www.cde.org.cn/hymlj/detailPage/e5af61b9aeb54d427263fd52b750383d
0fc0b2c5c9dbef685f93b61bfff009f9,利奈唑胺,Linezolid,利奈唑胺葡萄糖注射液,Linezolid and Glucose Injection,,注射剂,静脉注射,300ml：利奈唑胺600mg与葡萄糖13.7g,是,H20160301,2006-09-12,Pfizer AS,Fresenius Kabi Norge AS,上市销售中,进口原研药品,J01XX08  ,,,https://www.cde.org.cn/hymlj/detailPage/0fc0b2c5c9dbef685f93b61bfff009f9
8afb76400f6b325d3d808df90ca40c25,利斯的明,Rivastigmine ,利斯的明透皮贴剂,Rivastigmine transdermal patch,,贴剂,外用,4.6mg（5cm2）,是,H20170380,2017-11-21,Novartis Europharm Limited,LTS Lohmann Therapie-Systeme AG,上市销售中,进口原研药品,N06DA03,,,https://www.cde.org.cn/hymlj/detailPage/8afb76400f6b325d3d808df90ca40c25
5a1d06e450ac27c7cf00d17e93a9524a,利斯的明,Rivastigmine ,利斯的明透皮贴剂,Rivastigmine Transdermal Patch,,贴剂,外用,9.5mg（10cm2）,是,H20170379,2017-11-21,Novartis Europharm Limited,LTS Lohmann Therapie-Systeme AG,上市销售中,进口原研药品,N06DA03,,,https://www.cde.org.cn/hymlj/detailPage/5a1d06e450ac27c7cf00d17e93a9524a
cd8e00620fa9f3bde8cd4302019ca830,马来酸茚达特罗,Indacaterol Maleate ,马来酸茚达特罗吸入粉雾剂, Indacaterol Maleate Powder for Inhalation,,吸入粉雾剂,吸入,150 ug（以C24H28N2O3计）,是,H20160302,2012-06-15,Novartis Pharma Schweiz AG,Novartis Pharma Stein AG,上市销售中,进口原研药品,R03AC18,,,https://www.cde.org.cn/hymlj/detailPage/cd8e00620fa9f3bde8cd4302019ca830
883e0bf90246cb53db42f97d7a490163,麦考酚酸,Mycophenolic acid,麦考酚钠肠溶片,Mycophenolate Sodium Enteric-coated Tablets,,片剂,口服,180mg,是,H20160051,2008-12-19,Novartis Pharma GmbH,Novartis Pharma Produktions GmbH,上市销售中,进口原研药品,L04AA06,,,https://www.cde.org.cn/hymlj/detailPage/883e0bf90246cb53db42f97d7a490163
cbac5c74b3e58a09b6dc5a1946a8d910,米拉贝隆,Mirabegron,米拉贝隆缓释片,Mirabegron Sustained-release Tablets,,片剂,口服,25mg,是,H20171298;H20171305,2017-09-29,Astellas Pharma Europe B.V，,Avara Pharmaceutical Technologies Inc.,上市销售中,进口原研药品,G04BD12,,,https://www.cde.org.cn/hymlj/detailPage/cbac5c74b3e58a09b6dc5a1946a8d910
882356af449a89dccca836c57757e5ee,米拉贝隆,Mirabegron,米拉贝隆缓释片,Mirabegron Sustained-release Tablets,,片剂,口服,50mg,是,H20171299;H20171306,2017-09-29,Astellas Pharma Europe B.V.,Avara Pharmaceutical Technologies Inc.,上市销售中,进口原研药品,G04BD12,,,https://www.cde.org.cn/hymlj/detailPage/882356af449a89dccca836c57757e5ee
597a6b78f2bf6cfc26aa2154d352f5ce,那屈肝素钙,Nadroparin Calcium,那屈肝素钙注射液,Nadroparin Calcium Injection,,注射剂,皮下注射；静脉注射；其他（动脉端注射）,0.3ml：3075AxaIU,是,H20181135,1994-04-08,Aspen Pharma Trading Limited,ASPEN Notre Dame de Bondeville,上市销售中 ,进口原研药品,B01AB06,,,https://www.cde.org.cn/hymlj/detailPage/597a6b78f2bf6cfc26aa2154d352f5ce
5fb8b13f634b3b02cc6535e1a7605935,那屈肝素钙,Nadroparin Calcium,那屈肝素钙注射液,Nadroparin Calcium Injection,,注射剂,皮下注射；静脉注射；其他（动脉端注射）,0.4ml：4100AXaIU,是,H20181136,1994-04-08,Aspen Pharma Trading Limited,ASPEN Notre Dame de Bondeville,上市销售中 ,进口原研药品,B01AB06,,,https://www.cde.org.cn/hymlj/detailPage/5fb8b13f634b3b02cc6535e1a7605935
412d41db9dcf2fdf8274241a3a55accc,那屈肝素钙,Nadroparin Calcium,那屈肝素钙注射液,Nadroparin Calcium Injection,,注射剂,皮下注射；静脉注射；其他（动脉端注射）,0.6ml：6150AXaIU,是,H20181137,1994-04-08,Aspen Pharma Trading Limited,ASPEN Notre Dame de Bondeville,上市销售中 ,进口原研药品,B01AB06,,,https://www.cde.org.cn/hymlj/detailPage/412d41db9dcf2fdf8274241a3a55accc
dbcefb93bf5a6de7a7b0ff507ec1cf5e,帕立骨化醇,Paricalcitol,帕立骨化醇注射液,Paricalcitol Injection,,注射液,其他（通过血液透析通路给药）,1ml：5μg,是,H20181071,2013-07-16,AbbVie S.R.L., Hospira S.P.A.,上市销售中,进口原研药品,H05BX02,,,https://www.cde.org.cn/hymlj/detailPage/dbcefb93bf5a6de7a7b0ff507ec1cf5e
6d3366b1741a8884e3fa50ad6e561de8,双氯芬酸钠,Diclofenac Sodium,双氯芬酸钠双释放肠溶胶囊,Diclofenac Sodium Dual Release Enteric-coated Capsules,,胶囊剂,口服,75mg,是,H20170098,1997-12-12,Temmler Werke GmbH,Temmler Ireland Ltd.,上市销售中,进口原研药品,M01AB05,,,https://www.cde.org.cn/hymlj/detailPage/6d3366b1741a8884e3fa50ad6e561de8
1f4aa08a4d695eb822cc0f54d6674b2a,盐酸莫西沙星,Moxifloxacin Hydrochloride,盐酸莫西沙星滴眼液,Moxifloxacin Hydrochloride Eye Drops,,眼用制剂,眼用,按C21H24FN3O4计，5ml:25mg (0.5%，w/v),是,H20180089,2018-12-17,Novartis pharmaceuticals Corporation,Alcon Laboratories， Inc.,上市销售中,进口原研药品,S01AE07,,,https://www.cde.org.cn/hymlj/detailPage/1f4aa08a4d695eb822cc0f54d6674b2a
ed46c7b5fd8e48e786863493c64392db,碳酸司维拉姆,Sevelamer Carbonate ,碳酸司维拉姆片,Sevelamer Carbonate Tablets ,,片剂,口服,800mg,是,H20181037;H20181038;H20181039,2013-06-03,Genzyme Europe B.V.,Genzyme Ireland Limited,上市销售中,进口原研药品,V03AE02,,,https://www.cde.org.cn/hymlj/detailPage/ed46c7b5fd8e48e786863493c64392db
2656d8947f99c5bc4a25d6081443f07e,盐酸伐地那非,Vardenafil Hydrochloride,盐酸伐地那非片,Vardenafil Hydrochloride Tablets,,片剂,口服,20mg,是,H20140495;H20140497,2004-08-05,Bayer AG,Bayer AG,上市销售中,进口原研药品,G04BE09,,,https://www.cde.org.cn/hymlj/detailPage/2656d8947f99c5bc4a25d6081443f07e
3cfce7922afbc3e4c7ff83a711be9457,盐酸帕罗西汀,Paroxetine Hydrochloride,盐酸帕罗西汀肠溶缓释片,Paroxetine Hydrochloride Enteric-Coated Sustained-Release Tablets,,片剂,口服,12.5mg,是,H20170001,2010-08-04,GLAXOSMITHKLINE INC.,GLAXOSMITHKLINE INC.,上市销售中,进口原研药品,N06AB05,,,https://www.cde.org.cn/hymlj/detailPage/3cfce7922afbc3e4c7ff83a711be9457
6cd6719c603cb9069c2f2694bd39e672,盐酸帕罗西汀,Paroxetine Hydrochloride,盐酸帕罗西汀肠溶缓释片,Paroxetine Hydrochloride Enteric-Coated Sustained-Release Tablets,,片剂,口服,25mg,是,H20170002,2010-08-04,GLAXOSMITHKLINE INC.,GLAXOSMITHKLINE INC.,上市销售中,进口原研药品,N06AB05,,,https://www.cde.org.cn/hymlj/detailPage/6cd6719c603cb9069c2f2694bd39e672
4612e9f64beb3b6bb1c9b26bcda7dc43,盐酸托莫西汀,Atomoxetine Hydrochloride,盐酸托莫西汀胶囊,Atomoxetine Hydrochloride Capsules,,胶囊剂,口服,10mg,是,H20160109;H20160110;H20160111,2006-05-12,LILLY S.A.,LILLY DEL CARIBE Inc,上市销售中,进口原研药品,N06BA09,,,https://www.cde.org.cn/hymlj/detailPage/4612e9f64beb3b6bb1c9b26bcda7dc43
d5fbb5ce21d6727370ed0656d9d67120,盐酸托莫西汀,Atomoxetine Hydrochloride,盐酸托莫西汀胶囊,Atomoxetine Hydrochloride Capsules,,胶囊剂,口服,25mg,是,H20160115;H20160116;H20160117,2006-05-12,LILLY S.A.,LILLY DEL CARIBE Inc,上市销售中,进口原研药品,N06BA09,,,https://www.cde.org.cn/hymlj/detailPage/d5fbb5ce21d6727370ed0656d9d67120
ee33d29172ef55cd804a88e4da09ae6c,盐酸托莫西汀,Atomoxetine Hydrochloride,盐酸托莫西汀胶囊,Atomoxetine Hydrochloride Capsules,,胶囊剂,口服,40mg,是,H20160118;H20160119;H20160120,2006-05-12,LILLY S.A.,LILLY DEL CARIBE Inc,上市销售中,进口原研药品,N06BA09,,,https://www.cde.org.cn/hymlj/detailPage/ee33d29172ef55cd804a88e4da09ae6c
18ee0a070bf1dfb4774ceb47ffe48ef1,硝呋太尔,NIFURATEL,硝呋太尔阴道片,NIFURATEL VAGINAL TABLETS,,片剂,阴道,250mg/片,是,H20150514,1997-08-27,POLICHEM S.R.L,DOPPEL FARMACEUTICI S.R.L.,上市销售中,进口原研药品,G01AX05,,,https://www.cde.org.cn/hymlj/detailPage/18ee0a070bf1dfb4774ceb47ffe48ef1
0804be5cff680b68ccc9194fac6f6028,替普瑞酮,Teprenone,替普瑞酮胶囊,Teprenone Capsules,,胶囊剂,口服,50mg,是,国药准字H20093656,2009-05-31,,卫材（中国）药业有限公司,上市销售中,其他药品,,,,https://www.cde.org.cn/hymlj/detailPage/0804be5cff680b68ccc9194fac6f6028
b8f08d24c7627699957246f5fa048593,文拉法辛,Venlafaxine,盐酸文拉法辛缓释胶囊,Venlafaxine Hydrochloride Sustained-Release Capsules,,胶囊剂,口服,150mg（以文拉法辛计）,是,H20160384;H20160385,2000-06-16,Pfizer Healthcare Ireland,Pfizer Ireland Pharmaceuticals,上市销售中,进口原研药品,N06AX16,,,https://www.cde.org.cn/hymlj/detailPage/b8f08d24c7627699957246f5fa048593
d0c07a61d82748063a2caf92cd9d933d,盐酸伊伐布雷定,Ivabradine Hydrochloride,盐酸伊伐布雷定片,Ivabradine Hydrochloride Tablets,,片剂,口服,5mg,是,H20150217;H20150272;H20150273,2015-04-29,Les Laboratoires Servier,Les Laboratoires Servier Industrie,上市销售中 ,进口原研药品,C01EB17 ,,,https://www.cde.org.cn/hymlj/detailPage/d0c07a61d82748063a2caf92cd9d933d
aa7b085fcc47685da2f4fe096dcb7f4e,氧氟沙星,Ofloxacin,氧氟沙星滴眼液,Ofloxacin Eye Drops,,滴眼剂,眼用,5ml:15mg,是,国药准字H20113438,2011-11-10, ,参天制药（中国）有限公司,上市销售中,其他药品,S01AE01,,,https://www.cde.org.cn/hymlj/detailPage/aa7b085fcc47685da2f4fe096dcb7f4e
a9242cea0dd16ff240de87124d7bc17d,伊曲康唑,Itraconazole,伊曲康唑口服溶液,Itraconazole Oral Solution,,口服溶液剂,口服,150ml:1.5g,是,H20130425,2003-12-31,Janssen-Cilag NV,Janssen Pharmaceutica NV,上市销售中,进口原研药品,J02AC02,,,https://www.cde.org.cn/hymlj/detailPage/a9242cea0dd16ff240de87124d7bc17d
35afb766260c63ffa769d4261318b1c3,伊曲康唑,Itraconazole,伊曲康唑注射液,Itraconazole Injection,,注射剂,静脉注射,25ml:0.25g,是,H20160558,2001-11-06,Janssen-Cilag Limited,GlaxoSmithKline Manufacturing S.p.A.,上市销售中,进口原研药品,J02AC02,,,https://www.cde.org.cn/hymlj/detailPage/35afb766260c63ffa769d4261318b1c3
6fe8fe1a8241af1017b2f5c03bba9317,依托考昔,Etoricoxib,依托考昔片,Etoricoxib Tablets,,片剂,口服 ,60mg,是,H20181027,2007-05-21,Merck Sharp & Dohme B.V.,Frosst Iberica SA,上市销售中,进口原研药品,M01AH05,,,https://www.cde.org.cn/hymlj/detailPage/6fe8fe1a8241af1017b2f5c03bba9317
a3da3aa715b1a5cde1bae2c6ce3d5397,依托考昔,Etoricoxib,依托考昔片,Etoricoxib Tablets,,片剂,口服 ,120mg,是,H20181029,2007-05-21,Merck Sharp & Dohme B.V.,Frosst Iberica SA,上市销售中,进口原研药品,M01AH05,,,https://www.cde.org.cn/hymlj/detailPage/a3da3aa715b1a5cde1bae2c6ce3d5397
cbec6369820dcdbcbf2c85e727a2ae82,依折麦布,ezetimibe,依折麦布片,Ezetimibe Tablets ,,片剂,口服,10mg,是,H20160181,2006-04-06,MSD Pharma (Singapore) Pte. Ltd.,MSD International GmbH (Singapore Branch),上市销售中,进口原研药品,C10AX09,,,https://www.cde.org.cn/hymlj/detailPage/cbec6369820dcdbcbf2c85e727a2ae82
a98f92333de3df372a06b81f01b95a09,异丙托溴铵,ipratropium bromide,异丙托溴铵吸入气雾剂,Ipratropium Bromide Inhalation Aerosol,,吸入气雾剂,吸入,每瓶200揿，每揿含21μg（以C20H30BrNO3·H2O计）或20μg（以C20H30BrNO3计）；14.6g：5.46mg（以C20H30BrNO3·H2O计）,是,H20130499;H20130498,1993-09-09,Boehringer Ingelheim Pharma GmbH & Co. KG,Boehringer Ingelheim Pharma GmbH & Co.KG,上市销售中,进口原研药品,R01AX03;R03BB01,,,https://www.cde.org.cn/hymlj/detailPage/a98f92333de3df372a06b81f01b95a09
dd234cc055245a7713797a4ed0b7d779,异氟烷,Isoflurane,异氟烷,Isoflurane,,溶液剂,吸入,100ml,是,H20160436,1999-02-13,Baxter Healthcare Corporation,Baxter Healthcare Corporation,上市销售中,进口原研药品,N01AB06,,,https://www.cde.org.cn/hymlj/detailPage/dd234cc055245a7713797a4ed0b7d779
d6ea57093f047f82a2d735c5349f9902,蔗糖铁,Iron Sucrose,蔗糖铁注射液,Iron Sucrose Injection,,注射剂,静脉注射,5ml:100mg铁和1.6g蔗糖,是,H20130636,2003-03-26,Vifor (International) Inc.,IDT Biologika GmbH,上市销售中,进口原研药品, ,,,https://www.cde.org.cn/hymlj/detailPage/d6ea57093f047f82a2d735c5349f9902
aee8c4c44d6e6d4768ac6eb8ea12ddf1,大豆油；17种氨基酸；钠；钾；钙；镁；磷；葡萄糖,Soybean oil;17 amino acids;sodium;potassium;calcium;magnesium;phosphate;glucose,脂肪乳氨基酸(17)葡萄糖(11%)注射液,Fat Emulsion， Amino Acids (17) and Glucose (11%) Injection,,注射剂,静脉注射,1440ml [脂肪乳注射液（20%）255ml；复方氨基酸注射液（17）300ml；葡萄糖注射液（11%）885ml],是,H20130922;H20130923,2004-01-08,Fresenius Kabi AB,Fresenius Kabi AB,上市销售中,进口原研药品,B05BA10,,,https://www.cde.org.cn/hymlj/detailPage/aee8c4c44d6e6d4768ac6eb8ea12ddf1
584cb4dfbc865207d2007d8913c00ab5,大豆油；17种氨基酸；钠；钾；钙；镁；磷；葡萄糖,Soybean oil;17 amino acids;sodium;potassium;calcium;magnesium;phosphate;glucose,脂肪乳氨基酸(17)葡萄糖(11%)注射液,Fat Emulsion， Amino Acids (17) and Glucose (11%) Injection,,注射剂,静脉注射,1920ml [脂肪乳注射液（20%）340ml；复方氨基酸注射液（17）400ml；葡萄糖注射液（11%）1180ml],是,H20130924;H20130925,2004-01-08,Fresenius Kabi AB,Fresenius Kabi AB,上市销售中,进口原研药品,B05BA10,,,https://www.cde.org.cn/hymlj/detailPage/584cb4dfbc865207d2007d8913c00ab5
4aa0c4d171fb9be7efd02a792ab2b9f6,艾司奥美拉唑钠,Esomeprazole Sodium ,注射用艾司奥美拉唑钠,Esomeprazole Sodium for Injection,,注射剂,静脉注射,40mg （按C17H19N3O3S计）,是,国药准字H20093314,2009-03-23, ,阿斯利康制药有限公司,上市销售中,其他药品,A02BC05,,,https://www.cde.org.cn/hymlj/detailPage/4aa0c4d171fb9be7efd02a792ab2b9f6
8f9ca886cc8fc48cceb9daf75c629c80,异亮氨酸；亮氨酸；醋酸赖氨酸；甲硫氨酸；苯丙氨酸；苏氨酸；色氨酸；缬氨酸；丙氨酸；精氨酸；门冬氨酸；谷氨酸；组氨酸；脯氨酸；丝氨酸；酪氨酸；甘氨酸 ,Isoleucine；Leucine；Lysine Acetate；Methionine；Phenylalanine；Threonine；Tryptophan；Valine ；Alanine；Arginine； Aspartic Acid；Glutamic Acid；Histidine； Proline；Serine；Tyrosine；Glycine ,复方氨基酸注射液（18AA-Ⅶ）,Compound Amino Acids Injection(18AA-Ⅶ),,注射剂,静脉注射,200ml:20.650g（总氨基酸）,是,国药准字H20020157,2002-05-08, ,广州绿十字制药有限公司,上市销售中,其他药品,B05BA01,,,https://www.cde.org.cn/hymlj/detailPage/8f9ca886cc8fc48cceb9daf75c629c80
705c2fc4a322b54e1aedffcb8f549708,盐酸坦索罗辛,Tamsulosin Hydrochloride,盐酸坦索罗辛口崩缓释片,Tamsulosin Hydrochloride Oral Dispersible Sustained Release Tablets,,片剂,口服,0.2mg,是,H20181114;H20181120,2008-11-26,Astellas Pharma Inc.,Astellas Pharma Tech Co.， Ltd. Yaizu Technology Center,上市销售中,进口原研药品,G04CA02,,,https://www.cde.org.cn/hymlj/detailPage/705c2fc4a322b54e1aedffcb8f549708
bd2f979df1c9f91becda1a05e891e5ba,艾塞那肽,Exenatide,注射用艾塞那肽微球,Exenatide Microspheres for injection,,注射剂,皮下注射,2mg,是,H20170389,2017-12-28,Astrazeneca AB,Amylin Ohio LLC,上市销售中,进口原研药品,A10BJ01,,,https://www.cde.org.cn/hymlj/detailPage/bd2f979df1c9f91becda1a05e891e5ba
94497b750757070d5247493bd8737eac,异环磷酰胺,Ifosfamide,注射用异环磷酰胺,Ifosfamide for Injection,,注射剂,静脉注射,1g,是,H20140099,1998-05-14,Baxter Oncology GmbH,Baxter Oncology GmbH,上市销售中,进口原研药品,L01AA06,,,https://www.cde.org.cn/hymlj/detailPage/94497b750757070d5247493bd8737eac
8e3736d776bb9227db03a675bd9ba501,帕利哌酮,Paliperidone,帕利哌酮缓释片,Paliperidone Extended-Release Tablets,,片剂,口服,3mg,是,H20160549,2008-09-28,Janssen-Cilag International NV,Janssen Cilag Manufacturing L.L.C.,上市销售中,进口原研药品,N05AX13,,,https://www.cde.org.cn/hymlj/detailPage/8e3736d776bb9227db03a675bd9ba501
3e56c93af42b85629cc82d37a5075f32,帕利哌酮,Paliperidone,帕利哌酮缓释片,Paliperidone Extended-Release Tablets,,片剂,口服,6mg,是,H20160550,2008-09-28,Janssen-Cilag International NV,Janssen Cilag Manufacturing L.L.C.,上市销售中,进口原研药品,N05AX13,,,https://www.cde.org.cn/hymlj/detailPage/3e56c93af42b85629cc82d37a5075f32
8294e7c7cfa82d74e490df55cdebe7ac,曲伏前列素,Travoprost,曲伏前列素滴眼液,Travoprost Eye Drops,,滴眼剂,眼用,2.5ml:0.1mg,是,H20181024,2004-12-07,Novartis Europharm Limited,Alcon Cusi S.A.,上市销售中,进口原研药品,S01EE04,,,https://www.cde.org.cn/hymlj/detailPage/8294e7c7cfa82d74e490df55cdebe7ac
45096bb21af8724b31e6890ddc1c07b8,去氧孕烯；炔雌醇,Desogestrel;Ethinylestradiol,去氧孕烯炔雌醇片,Desogestrel and Ethinylestradiol Tablets,,片剂,口服,每片含：去氧孕烯0.15mg与炔雌醇30μg,是,H20171176,1989-04-18, N.V.Organon,N.V.Organon,上市销售中,进口原研药品,G03AA09 ,,,https://www.cde.org.cn/hymlj/detailPage/45096bb21af8724b31e6890ddc1c07b8
5432ed51c90f7f08ecbb40d2bd905e6e,乳果糖,Lactulose,乳果糖口服溶液,Lactulose Oral Solution,,口服溶液剂,口服,667mg/ml ,是,H20171057,1996-06-25,Abbott Healthcare Products B.V.,Abbott Biologicals B.V.,上市销售中,进口原研药品,A06AD11,,,https://www.cde.org.cn/hymlj/detailPage/5432ed51c90f7f08ecbb40d2bd905e6e
cfe60ab174a23e4cc70fab63fd7ace3a,七氟烷,Sevoflurane,吸入用七氟烷,Sevoflurane for Inhalation,,液体,吸入,250ml/瓶,是,H20150020,1992-12-22,Maruishi Pharmaceutical Co.， Ltd.,Maruishi Pharmaceutical Co.， Ltd.Imazu Plant,上市销售中,进口原研药品,N01AB08,,,https://www.cde.org.cn/hymlj/detailPage/cfe60ab174a23e4cc70fab63fd7ace3a
89b05ed7b9f02f7648b19d3e04efa00c,舒更葡糖钠,Sugammadex Sodium ,舒更葡糖钠注射液,Sugammadex Sodium Injection,,注射剂,静脉注射,按舒更葡糖钠活性实体与单-羟基舒更葡糖钠活性实体的总量计算 2ml:200mg,是,H20181175,2017-04-24,Merck Sharp & Dohme Limited,Patheon Manufacturing Services LLC,上市销售中,进口原研药品,V03AB35,,,https://www.cde.org.cn/hymlj/detailPage/89b05ed7b9f02f7648b19d3e04efa00c
fc14cf4bcda5569fbeed0d3ab45ede66,他卡西醇,Tacalcitol,他卡西醇软膏,Tacalcitol Ointment,,软膏剂,外用,2μg/g,是,H20160628,1997-07-11,TEIJIN PHARMA LIMITED,TEIJIN PHARMA LIMITED IWAKUNI PHARMACEUTICAL FACTORY ,上市销售中,进口原研药品,D05AX04,,,https://www.cde.org.cn/hymlj/detailPage/fc14cf4bcda5569fbeed0d3ab45ede66
3457897f5c4a9ffa838e8f7fb657c274,碳酸镧,Lanthanum Carbonate ,碳酸镧咀嚼片,Lanthanum Carbonate Chewable Tablets,,片剂,口服,500mg,是,H20171351;H20171352,2012-02-10,Shire Pharmaceuticals Ireland Limited,Hamol Limited,上市销售中,进口原研药品,V03AE03,,,https://www.cde.org.cn/hymlj/detailPage/3457897f5c4a9ffa838e8f7fb657c274
76d94e9106433dbb28efd76a7bd62367,异丙托溴铵,Ipratropium Bromide,吸入用异丙托溴铵溶液,Ipratropium Bromide Solution for Inhalation,,吸入用溶液剂,吸入,2ml:0.25mg(按C20H30BrNO3计),是,H20150158,1998-07-21,Boehringer Ingelheim Pharma GmbH & Co. KG,Laboratoire Unither,上市销售中,进口原研药品,R03BB01,,,https://www.cde.org.cn/hymlj/detailPage/76d94e9106433dbb28efd76a7bd62367
a7ac40a6174181b2e9624899a767abc8,对乙酰氨基酚,Paracetamol ,对乙酰氨基酚片,Paracetamol Tablets,CYHB1950433,片剂,口服,0.5g,否,国药准字H22024615,2020-04-10,,长春迪瑞制药有限公司,上市销售中,通过质量和疗效一致性评价的药品,N02BE01 ,1ecfa27a5ee9edd5341bb10f521a016c,国药准字H22024615_对乙酰氨基酚片.pdf,https://www.cde.org.cn/hymlj/detailPage/a7ac40a6174181b2e9624899a767abc8
b361485bb38b256f895c13231e40a868,米格列醇,Miglitol,米格列醇片,Miglitol Tablets,CYHB1950247,片剂,口服,50mg,否,国药准字H20074195,2020-04-13,浙江医药股份有限公司,浙江医药股份有限公司新昌制药厂,上市销售中,通过质量和疗效一致性评价的药品,A10BF02 ,be55c125afd34b1cf02a09befd8ceb45,国药准字H20074195_米格列醇片.pdf,https://www.cde.org.cn/hymlj/detailPage/b361485bb38b256f895c13231e40a868
a07be9317d413bf97834c417030b58fe,维格列汀,Vildagliptin,维格列汀片,Vildagliptin Tablets,CYHS1700185,片剂,口服,50mg,否,国药准字H20203163,2020-04-14,北京泰德制药股份有限公司,北京泰德制药股份有限公司,新批准暂未销售,按化学药品新注册分类批准的仿制药,A10BH02 ,,,https://www.cde.org.cn/hymlj/detailPage/a07be9317d413bf97834c417030b58fe
88845c464515287b04fe0e30d3234648,盐酸西那卡塞,Cinacalcet Hydrochloride,盐酸西那卡塞片,Cinacalcet Hydrochloride Tablets,CYHS1700687,片剂,口服,25mg（以C22H22F3N计）,否,国药准字H20203165,2020-04-14,江苏嘉逸医药有限公司,江苏嘉逸医药有限公司,新批准暂未销售,按化学药品新注册分类批准的仿制药,H05BX01 ,,,https://www.cde.org.cn/hymlj/detailPage/88845c464515287b04fe0e30d3234648
232f19ef0e1dca22e39aaf7e2317a94f,氨氯地平,Amlodipine Besylate ,苯磺酸氨氯地平片,Amlodipine Besylate Tablets,CYHS1700571,片剂,口服,5mg（按C20H25ClN2O5计）,否,国药准字H20203159,2020-04-09,长春海悦药业股份有限公司,长春海悦药业股份有限公司 ,新批准暂未销售,按化学药品新注册分类批准的仿制药,C08CA01,,,https://www.cde.org.cn/hymlj/detailPage/232f19ef0e1dca22e39aaf7e2317a94f
dcdd173486a963b16821a9b662779417,醋酸阿比特龙,Abiraterone Acetate,醋酸阿比特龙片,Abiraterone Acetate Tablets,CYHS1800135,片剂,口服,250mg,否,国药准字H20203167,2020-04-14,齐鲁制药有限公司,齐鲁制药有限公司,新批准暂未销售,按化学药品新注册分类批准的仿制药,L02BX03,,,https://www.cde.org.cn/hymlj/detailPage/dcdd173486a963b16821a9b662779417
a5c39846c0bb51fdabac965600a14a24,他达拉非,Tadalafil ,他达拉非片,Tadalafil Tablets,CYHS1800070,片剂,口服,20mg,否,国药准字H20203166,2020-04-14,重庆华邦制药有限公司 ,重庆华邦制药有限公司 ,新批准暂未销售,按化学药品新注册分类批准的仿制药,G04BE08,,,https://www.cde.org.cn/hymlj/detailPage/a5c39846c0bb51fdabac965600a14a24
e9125ac5fc081de2fbdb2c5016bfd16b,盐酸达泊西汀,Dapoxetine Hydrochloride,盐酸达泊西汀片,Dapoxetine Hydrochloride Tablets,CYHS1700543,片剂,口服,30mg（按C21H23NO计）,否,国药准字H20203169,2020-04-14,山东华铂凯盛生物科技有限公司,烟台鲁银药业有限公司,新批准暂未销售,按化学药品新注册分类批准的仿制药,G04BX14,,,https://www.cde.org.cn/hymlj/detailPage/e9125ac5fc081de2fbdb2c5016bfd16b
807aaa628902e372dc4715185d7c31d7,玻璃酸钠,Sodium Hyaluronate,玻璃酸钠滴眼液,Sodium Hyaluronate Eye Drops,,滴眼剂,眼用,5ml:5mg,是,H20130583,1996-10-25,Santen Pharmaceutical Co.，Ltd.,Santen Pharmaceutical Co.，Ltd.Noto Plant,上市销售中,进口原研药品,,,,https://www.cde.org.cn/hymlj/detailPage/807aaa628902e372dc4715185d7c31d7
a0ae62bd746e06d8c299734c55556f20,玻璃酸钠,Sodium Hyaluronate,玻璃酸钠滴眼液,Sodium Hyaluronate Eye Drops,,滴眼剂,眼用,5ml:15mg（0.3%）,是,H20171192,2012-10-23,Santen Pharmaceutical Co.，Ltd.,Santen Pharmaceutical Co.，Ltd.Noto Plant,上市销售中,进口原研药品,,,,https://www.cde.org.cn/hymlj/detailPage/a0ae62bd746e06d8c299734c55556f20
e2181fe1eaaa48a1cd2fac0bca41e47d,玻璃酸钠,Sodium Hyaluronate,玻璃酸钠滴眼液,Sodium Hyaluronate Eye Drops,,滴眼剂,眼用,0.4ml:0.4mg,是,H20130585,2006-04-03,Santen Pharmaceutical Co.，Ltd.,Santen Pharmaceutical Co.，Ltd.Noto Plant,上市销售中,进口原研药品,,,,https://www.cde.org.cn/hymlj/detailPage/e2181fe1eaaa48a1cd2fac0bca41e47d
326fe75a3ccee6bb076611024e36b293,玻璃酸钠,Sodium Hyaluronate,玻璃酸钠滴眼液,Sodium Hyaluronate Eye Drops,,滴眼剂,眼用,0.4ml:1.2mg,是,H20130587,1996-10-25,Santen Pharmaceutical Co.，Ltd.,Santen Pharmaceutical Co.，Ltd.Noto Plant,上市销售中,进口原研药品,,,,https://www.cde.org.cn/hymlj/detailPage/326fe75a3ccee6bb076611024e36b293
aee40373e3833e2c7f4ced62443d6181,氟米龙,Fluorometholone,氟米龙滴眼液,Fluorometholone Eye Drops,,滴眼剂,眼用,0.1%(5ml:5mg),是,H20181090,1995-09-12,Santen Pharmaceutical Co.，Ltd.,Santen Pharmaceutical Co.，Ltd.Shiga Plant,上市销售中,进口原研药品,S01BA07,,,https://www.cde.org.cn/hymlj/detailPage/aee40373e3833e2c7f4ced62443d6181
87c4ef3f98aae0e8575765957c3691ec,氟米龙,Fluorometholone,氟米龙滴眼液,Fluorometholone Eye Drops,,滴眼剂,眼用,0.02%(5ml:1mg),是,H20181092,1995-09-13,Santen Pharmaceutical Co.，Ltd.,Santen Pharmaceutical Co.，Ltd.Shiga Plant,上市销售中,进口原研药品,S01BA07,,,https://www.cde.org.cn/hymlj/detailPage/87c4ef3f98aae0e8575765957c3691ec
fe76ff380c2ea574596f61516d43b46b,吡嘧司特钾,Pemirolast Potassium,吡嘧司特钾滴眼液,Pemirolast Potassium Eye Drops,,滴眼剂,眼用,5ml:5mg,是,H20181108,1996-05-29,Santen Pharmaceutical Co.，Ltd.,Santen Pharmaceutical Co.，Ltd.Noto Plant,上市销售中,进口原研药品,,,,https://www.cde.org.cn/hymlj/detailPage/fe76ff380c2ea574596f61516d43b46b
2cebe3e5bfe328f80237e974d16cf71d,托吡卡胺；盐酸去氧肾上腺素,Tropicamide;Phenylephrine Hydrochloride,复方托吡卡胺滴眼液,Tropicamide Phenylephrine Eye Drops,,滴眼剂,眼用,1ml:托吡卡胺5mg与盐酸去氧肾上腺素5mg,是,H20171350,1989-01-31,Santen Pharmaceutical Co.，Ltd.,Santen Pharmaceutical Co.，Ltd.Shiga Plant,上市销售中,进口原研药品,S01FA06;S01FA56;S01FB01,,,https://www.cde.org.cn/hymlj/detailPage/2cebe3e5bfe328f80237e974d16cf71d
76187048b1fb97275735be3dcb07b0ce,地夸磷索钠,Diquafosol Sodium,地夸磷索钠滴眼液,Diquafosol Sodium Eye Drops,,滴眼剂,眼用,3%（5ml:150mg）,是,H20181012,2017-10-20,Santen Pharmaceutical Co.，Ltd.,Santen Pharmaceutical Co.，Ltd.Noto Plant ,上市销售中,进口原研药品,,,,https://www.cde.org.cn/hymlj/detailPage/76187048b1fb97275735be3dcb07b0ce
de53b177280f850db81ec76f37df1c7a,氧氟沙星,Ofloxacin,氧氟沙星眼膏,Ofloxacin Eye Ointment,,眼膏剂,眼用,3.5g:10.5mg,是,H20160190,1991-07-05,Santen Pharmaceutical Co.，Ltd.,Santen Pharmaceutical Co.，Ltd.Shiga Plant ,上市销售中,进口原研药品,S01AE01,,,https://www.cde.org.cn/hymlj/detailPage/de53b177280f850db81ec76f37df1c7a
e3c9010a85b029ae35ae4019d23f0ecf,他氟前列素,Tafluprost,他氟前列素滴眼液,Tafluprost Eye Drops,,滴眼剂,眼用,0.0015%（2.5ml:37.5μg）,是,H20150423,2015-07-27,Santen Pharmaceutical Co.，Ltd.,Santen Pharmaceutical Co.，Ltd.Shiga Plant,上市销售中,进口原研药品,S01EE05,,,https://www.cde.org.cn/hymlj/detailPage/e3c9010a85b029ae35ae4019d23f0ecf
5233fbba08f2e26787bc24aa1a558d31,达肝素钠,Dalteparin  Sodium,达肝素钠注射液,Dalteparin Sodium Injection,,注射剂,皮下注射；静脉注射,0.2ml:5000IU,是,H20170040,1998-02-23,Pfizer S.A.,Vetter Pharma-Fertigung GmbH & Co. KG,上市销售中,进口原研药品,B01AB04,,,https://www.cde.org.cn/hymlj/detailPage/5233fbba08f2e26787bc24aa1a558d31
178ebf636b8c1482885d68a40f32f23f,非洛地平,Felodipine,非洛地平缓释片,Felodipine Sustained Release Tablets,,片剂,口服,10mg,是,国药准字H20030416,1995-09-25, ,阿斯利康制药有限公司,上市销售中,其他药品,C08CA02,,,https://www.cde.org.cn/hymlj/detailPage/178ebf636b8c1482885d68a40f32f23f
ae89e5046737c7bde465b3eafd0e9965,阿哌沙班,Apixaban,阿哌沙班片,Apixaban Tablets,CYHS1700119,片剂,口服,2.5mg,否,国药准字H20193301,2019-11-04,四川科伦药业股份有限公司,四川科伦药业股份有限公司,新批准暂未销售,按化学药品新注册分类批准的仿制药,B01AF02,,,https://www.cde.org.cn/hymlj/detailPage/ae89e5046737c7bde465b3eafd0e9965
9c9f32c5e2852293206542e538ab9d98,布洛芬,Ibuprofen ,布洛芬片,Ibuprofen Tablets,CYHB1950173,片剂,口服,0.1g,否,国药准字H13022761,2019-12-02,石药集团欧意药业有限公司,石药集团欧意药业有限公司,上市销售中,通过质量和疗效一致性评价的药品,M01AE01 ,41142fa99101b846e6b6476914bf2db5,国药准字H13022761_布洛芬片.pdf,https://www.cde.org.cn/hymlj/detailPage/9c9f32c5e2852293206542e538ab9d98
b33c2b4554addc5a72c79a166a22c2e8,头孢呋辛酯,Cefuroxime Axetil ,头孢呋辛酯片,Cefuroxime Axetil Tablets,CYHB1850193,片剂,口服,按C16H16N4O8S计0.125g,否,国药准字H20041879,2019-12-02,,华北制药河北华民药业有限责任公司,新批准暂未销售,通过质量和疗效一致性评价的药品,J01DC02 ,1ecbf16da13e5a84fd5953bd84f8c20d,国药准字H20041879_头孢呋辛酯片.pdf,https://www.cde.org.cn/hymlj/detailPage/b33c2b4554addc5a72c79a166a22c2e8
0c09dce7a000cf9702fe7e243ea2fe2d,阿莫西林,Amoxicillin,阿莫西林胶囊,Amoxicillin  Capsules,CYHB1850202,胶囊剂,口服,0.25g（按C16H19N3O5S计） ,否,国药准字H34023532,2019-11-11,,安徽安科恒益药业有限公司,上市销售中,通过质量和疗效一致性评价的药品,J01CA04 ,7a6bd7c7dea1bd59dc975f2b9ed43674,国药准字H34023532_阿莫西林胶囊.pdf,https://www.cde.org.cn/hymlj/detailPage/0c09dce7a000cf9702fe7e243ea2fe2d
41feceb0edd708b6563c6a69e969043d,塞来昔布,Celecoxib ,塞来昔布胶囊,Celecoxib Capsules,CYHS1700234,胶囊剂,口服,0.2g,否,国药准字H20193349,2019-11-28,江苏恒瑞医药股份有限公司,江苏恒瑞医药股份有限公司,新批准暂未销售,按化学药品新注册分类批准的仿制药,L01XX33 ,,,https://www.cde.org.cn/hymlj/detailPage/41feceb0edd708b6563c6a69e969043d
13325ab0435b13c503c8fe4704cac524,替格瑞洛,Ticagrelor,替格瑞洛片,Ticagrelor Tablets,CYHS1700624,片剂,口服,90mg,否,国药准字H20193371,2019-12-16,正大天晴药业集团股份有限公司,正大天晴药业集团股份有限公司,新批准暂未销售,按化学药品新注册分类批准的仿制药,B01AC24,,,https://www.cde.org.cn/hymlj/detailPage/13325ab0435b13c503c8fe4704cac524
f278d4e6cb1d490108f082f9ada58a4c,盐酸莫西沙星,Moxifloxacin Hydrochloride,盐酸莫西沙星片,Moxifloxacin Hydrochloride Tablets,CYHS1790003,片剂,口服,0.4g（按C21H24FN3O4计）,否,国药准字H20193387,2019-12-18,,南京优科制药有限公司,新批准暂未销售,按化学药品新注册分类批准的仿制药,J01MA14,,,https://www.cde.org.cn/hymlj/detailPage/f278d4e6cb1d490108f082f9ada58a4c
eae020fa47e91fe16e1d7454319ad7dc,盐酸莫西沙星,Moxifloxacin Hydrochloride ,盐酸莫西沙星片,Moxifloxacin Hydrochloride Tablets,CYHB1950225,片剂,口服,0.4g(按C21H24FN3O4计),否,国药准字H20183096,2019-12-17,北京福元医药股份有限公司,北京福元医药股份有限公司,上市销售中,通过质量和疗效一致性评价的药品,J01MA14,27d03ef814601eb81d803b4f0dd52f3f,国药准字H20183096_盐酸莫西沙星片.pdf,https://www.cde.org.cn/hymlj/detailPage/eae020fa47e91fe16e1d7454319ad7dc
00453f7f1a4cc8b1d0d435d536e55da0,盐酸二甲双胍,Metformin Hydrochloride,盐酸二甲双胍片,Metformin Hydrochloride Tablets,CYHB1850264,片剂,口服,0.25g,否,国药准字H50020322,2019-11-14,,重庆科瑞制药（集团）有限公司 ,上市销售中,通过质量和疗效一致性评价的药品,A10BA02,9c7dbacd3a77da45c93282110f04abea,国药准字H50020322_盐酸二甲双胍片.pdf,https://www.cde.org.cn/hymlj/detailPage/00453f7f1a4cc8b1d0d435d536e55da0
256efe401fc8c2c954c409d9ffbed6ea,对乙酰氨基酚,Paracetamol ,对乙酰氨基酚片,Paracetamol  Tablets,CYHB1850431,片剂,口服,0.5g,否,国药准字H51021207,2019-11-15,成都通德药业有限公司,成都通德药业有限公司,上市销售中,通过质量和疗效一致性评价的药品,N02BE01 ,5d69937f014e73394a7b29ee458ee259,国药准字H51021207_对乙酰氨基酚片.pdf,https://www.cde.org.cn/hymlj/detailPage/256efe401fc8c2c954c409d9ffbed6ea
783d66b2b821d672688085ac7d8ff661,盐酸二甲双胍,Metformin Hydrochloride ,盐酸二甲双胍片,Metformin Hydrochloride Tablets,CYHB1950187,片剂,口服,0.25g,否,国药准字H20174087,2019-11-15,,郑州泰丰制药有限公司,上市销售中,通过质量和疗效一致性评价的药品,A10BA02 ,e495f50c2c50cc71276c483074020da7,国药准字H20174087_盐酸二甲双胍片.pdf,https://www.cde.org.cn/hymlj/detailPage/783d66b2b821d672688085ac7d8ff661
31c79ce2bd24c665dc0810559909b16e,盐酸西替利嗪,Cetirizine Hydrochloride,盐酸西替利嗪片,Cetirizine Hydrochloride Tablets,CYHB1850383,片剂,口服,10mg,否,国药准字H19980014,2019-12-06,,苏州东瑞制药有限公司,上市销售中,通过质量和疗效一致性评价的药品,R06AE07 ,9c5d2a08a5261f9bca4d4f96d54f122d,国药准字H19980014_盐酸西替利嗪片.pdf,https://www.cde.org.cn/hymlj/detailPage/31c79ce2bd24c665dc0810559909b16e
43765d4251bb5f1c53ad45c4e02ae059,替格瑞洛,Ticagrelor,替格瑞洛片,Ticagrelor Tablets,CYHS1700665,片剂,口服,90mg,否,国药准字H20193366,2019-12-16,扬子江药业集团广州海瑞药业有限公司,扬子江药业集团广州海瑞药业有限公司,新批准暂未销售,按化学药品新注册分类批准的仿制药,B01AC24,,,https://www.cde.org.cn/hymlj/detailPage/43765d4251bb5f1c53ad45c4e02ae059
59a59f1ec6b75686029054d7d0acd515,盐酸溴己新,Bromhexine Hydrochloride,盐酸溴己新片,Bromhexine Hydrochloride Tablets,CYHB1950026,片剂,口服,8mg,否,国药准字H33021315,2019-12-16,万邦德制药集团股份有限公司,万邦德制药集团股份有限公司,上市销售中,通过质量和疗效一致性评价的药品,R05CB02 ,4d29f2055657a5afcb09d0427dbf7433,国药准字H33021315_盐酸溴己新片.pdf,https://www.cde.org.cn/hymlj/detailPage/59a59f1ec6b75686029054d7d0acd515
0b58b44635253c6a2483bef770ff0ac2,卡托普利,Captopril ,卡托普利片,Captopril  Tablets,CYHB1850427,片剂,口服,25mg,否,国药准字H41021750,2019-12-13,,郑州泰丰制药有限公司,上市销售中,通过质量和疗效一致性评价的药品,C09AA01 ,0429b3e333b4bd6c1d55c870bee97724,国药准字H41021750_卡托普利片.pdf,https://www.cde.org.cn/hymlj/detailPage/0b58b44635253c6a2483bef770ff0ac2
1c8224012643d94fdb80f8eeef206019,福多司坦,,福多司坦片,Fudosteine Tablets,CYHB1850213,片剂,口服,0.2g,否,国药准字H20130122,2019-10-31,,宜昌东阳光长江药业股份有限公司,上市销售中,通过质量和疗效一致性评价的药品,,8c9dfa5c4661f7828273b14560dad995,国药准字H20130122_福多司坦片.pdf,https://www.cde.org.cn/hymlj/detailPage/1c8224012643d94fdb80f8eeef206019
05e0c5c60d20042696113660baddac2b,头孢克洛,Cefaclor ,头孢克洛胶囊,Cefaclor Capsules,CYHB1850456,胶囊剂,口服,0.25g(按C15H14ClN3O4S计),否,国药准字H20034090,2019-12-16,,广州南新制药有限公司,上市销售中,通过质量和疗效一致性评价的药品,J01DC04,6e3b59e8eb5f3d7f6b560016bee13ce7,国药准字H20034090_头孢克洛胶囊.pdf,https://www.cde.org.cn/hymlj/detailPage/05e0c5c60d20042696113660baddac2b
318c47d84db520f37efdea27c220aaf0,盐酸西替利嗪,Cetirizine Hydrochloride,盐酸西替利嗪片,Cetirizine Hydrochloride Tablets,CYHB1850341,片剂,口服,10mg,否,国药准字H20000379,2019-12-06,鲁南贝特制药有限公司,鲁南贝特制药有限公司,上市销售中,通过质量和疗效一致性评价的药品,R06AE07 ,0a9a7e62e0830029409d4d5044660529,国药准字H20000379_盐酸西替利嗪片.pdf,https://www.cde.org.cn/hymlj/detailPage/318c47d84db520f37efdea27c220aaf0
9778b6fc3c23565407468a753351ac16,异烟肼,Isoniazid,异烟肼片,Isoniazid Tablets,CYHB1950012,片剂,口服,0.1g,否,国药准字H33021636,2019-12-17,杭州民生药业有限公司,杭州民生药业有限公司,新批准暂未销售,通过质量和疗效一致性评价的药品,J04AC01 ,984f1adcb28a97a1354f1d69e21cd9f3,国药准字H33021636_异烟肼片.pdf,https://www.cde.org.cn/hymlj/detailPage/9778b6fc3c23565407468a753351ac16
9c238883c5bbff6029d931365b0cd1f3,异烟肼,Isoniazid ,异烟肼片,Isoniazid Tablets,CYHB1950013,片剂,口服,0.3g,否,国药准字H33021637,2019-12-17,杭州民生药业有限公司,杭州民生药业有限公司,新批准暂未销售,通过质量和疗效一致性评价的药品,J04AC01 ,653dc01aad8750e81e26568352702b5e,国药准字H33021637_异烟肼片.pdf,https://www.cde.org.cn/hymlj/detailPage/9c238883c5bbff6029d931365b0cd1f3
dcec24e1ea5a7c34d04374251ba26d50,盐酸莫西沙星,Moxifloxacin Hydrochloride,盐酸莫西沙星片,Moxifloxacin Hydrochloride Tablets,CYHS1790032,片剂,口服,0.4g（按C21H24FN3O4计）,否,国药准字H20193406,2019-12-26,,重庆华邦制药有限公司,新批准暂未销售,按化学药品新注册分类批准的仿制药,J01MA14,,,https://www.cde.org.cn/hymlj/detailPage/dcec24e1ea5a7c34d04374251ba26d50
527c477ce1b09b90f8f27641dad858ca,异丙托溴铵,Ipratropium Bromide,吸入用异丙托溴铵溶液,Ipratropium Bromide Solution for Inhalation,,吸入用溶液剂,吸入,2ml:0.5mg(按C20H30BrNO3计),是,H20150159,1998-07-21,Boehringer Ingelheim Pharma GmbH & Co. KG,Laboratoire Unither,上市销售中,进口原研药品,R03BB01,,,https://www.cde.org.cn/hymlj/detailPage/527c477ce1b09b90f8f27641dad858ca
20e224d8536e195cc3372c1f6d818d7c,碘佛醇,Ioversol,碘佛醇注射液,Ioversol Injection,,注射剂,血管内注射,50mL:16g（I）,是,H20150567,1999-03-02,Liebel-Flarsheim Canada Inc.,Liebel-Flarsheim Canada Inc.,上市销售中,进口原研药品,V08AB07,,,https://www.cde.org.cn/hymlj/detailPage/20e224d8536e195cc3372c1f6d818d7c
b11bb741d8f78136cc535218c58dcba0,碘佛醇,Ioversol,碘佛醇注射液,Ioversol Injection,,注射剂,血管内注射,20mL:6.4g（I）,是,H20150566,1999-03-02,Liebel-Flarsheim Canada Inc.,Liebel-Flarsheim Canada Inc.,上市销售中,进口原研药品,V08AB07,,,https://www.cde.org.cn/hymlj/detailPage/b11bb741d8f78136cc535218c58dcba0
7b66a8a4399fff903efaa63956dcb4e2,碘佛醇,Ioversol,碘佛醇注射液,Ioversol Injection,,注射剂,血管内注射,100mL:35g（I）,是,H20150572;H20150574,1999-03-02,Liebel-Flarsheim Canada Inc.,Liebel-Flarsheim Canada Inc.,上市销售中,进口原研药品,V08AB07,,,https://www.cde.org.cn/hymlj/detailPage/7b66a8a4399fff903efaa63956dcb4e2
c89e2e96ff371df97cd5e11e571524e2,碘佛醇,Ioversol,碘佛醇注射液,Ioversol Injection,,注射剂,血管内注射,100mL:32g（I）,是,H20150568,1999-03-02,Liebel-Flarsheim Canada Inc.,Liebel-Flarsheim Canada Inc.,上市销售中,进口原研药品,V08AB07,,,https://www.cde.org.cn/hymlj/detailPage/c89e2e96ff371df97cd5e11e571524e2
17b278b33030a462dadc8b62fd281d49,碘海醇,Iohexol,碘海醇注射液,Iohexol Injection,,注射剂,静脉注射,10ml: 3g（I）,是,国药准字H20000591,2000-10-24,,通用电气药业（上海）有限公司,上市销售中,其他药品,V08AB02,,,https://www.cde.org.cn/hymlj/detailPage/17b278b33030a462dadc8b62fd281d49
53cf202005554c22d92709d668b7ea2b,碘海醇,Iohexol,碘海醇注射液,Iohexol Injection,,注射剂,静脉注射,20ml: 6g（I）,是,国药准字H20000592,2000-10-24,,通用电气药业（上海）有限公司,上市销售中,其他药品,V08AB02,,,https://www.cde.org.cn/hymlj/detailPage/53cf202005554c22d92709d668b7ea2b
ca4802776cd347aff66a0b6d83ac93e7,对乙酰氨基酚,Paracetamol ,对乙酰氨基酚片,Paracetamol Tablets,CYHB1950270,片剂,口服,0.5g,否,国药准字H20093782,2020-01-13,,安丘市鲁安药业有限责任公司,上市销售中,通过质量和疗效一致性评价的药品,N02BE01,a1e6947e00daf24a6a2f137784325586,国药准字H20093782_对乙酰氨基酚片.pdf,https://www.cde.org.cn/hymlj/detailPage/ca4802776cd347aff66a0b6d83ac93e7
5af9f1ee35d1efbbc2bda5e2744c5717,枸橼酸西地那非,Sildenafil Citrate,枸橼酸西地那非片,Sildenafil Citrate Tablets,CYHB1840082,片剂,口服,按C22H30N6O4S计0.1g ,否,国药准字H20173090,2020-01-13,,广州白云山医药集团股份有限公司白云山制药总厂,上市销售中,通过质量和疗效一致性评价的药品,G04BE03 ,334dd3ca612437aa7b3c6f7fad47870e,国药准字H20173090_枸橼酸西地那非片.pdf,https://www.cde.org.cn/hymlj/detailPage/5af9f1ee35d1efbbc2bda5e2744c5717
09040fbcf016eab97a49ca10c4fa6347,枸橼酸西地那非,Sildenafil Citrate,枸橼酸西地那非片,Sildenafil Citrate Tablets,CYHB1840080,片剂,口服,按C22H30N6O4S计 25mg ,否,国药准字H20173089,2020-01-13,广州白云山医药集团股份有限公司白云山制药总厂,广州白云山医药集团股份有限公司白云山制药总厂,上市销售中,通过质量和疗效一致性评价的药品,G04BE03 ,e88fe139e9eee18a32b03e2f41e64874,国药准字H20173089_枸橼酸西地那非片.pdf,https://www.cde.org.cn/hymlj/detailPage/09040fbcf016eab97a49ca10c4fa6347
66bd220f9537a8d7670816f6dd7af2af,枸橼酸西地那非,Sildenafil Citrate ,枸橼酸西地那非片,Sildenafil Citrate Tablets,CYHB1840081,片剂,口服,按C22H30N6O4S计50mg ,否,国药准字H20143255,2020-01-13,广州白云山医药集团股份有限公司白云山制药总厂,广州白云山医药集团股份有限公司白云山制药总厂,上市销售中,通过质量和疗效一致性评价的药品,G04BE03 ,79a7b81c46b0d2e122251519b1a1e972,国药准字H20143255_枸橼酸西地那非片.pdf,https://www.cde.org.cn/hymlj/detailPage/66bd220f9537a8d7670816f6dd7af2af
8ef8741a206620f690d870e519f5cfb0,盐酸舍曲林,Sertraline Hydrochloride,盐酸舍曲林片,Sertraline Hydrochloride Tablets,CYHB1950028,片剂,口服,50mg（按C17H17Cl2N计） ,否,国药准字H20080141,2020-01-15,浙江华海药业股份有限公司,浙江华海药业股份有限公司,新批准暂未销售,通过质量和疗效一致性评价的药品,N06AB06,5511ecff80e41f0b5c4069484f72498d,国药准字H20080141_盐酸舍曲林片.pdf,https://www.cde.org.cn/hymlj/detailPage/8ef8741a206620f690d870e519f5cfb0
3a5c326c49df12f30a5fd049200a2b86,拉米夫定,Lamivudine ,拉米夫定片,Lamivudine Tablets,CYHB1840142,片剂,口服,0.3g,否,国药准字H20103284,2020-01-15,,安徽贝克生物制药有限公司,新批准暂未销售,通过质量和疗效一致性评价的药品,J05AF05 ,af1e1ad5d226547cb8f756e05c19a27f,国药准字H20103284_拉米夫定片.pdf,https://www.cde.org.cn/hymlj/detailPage/3a5c326c49df12f30a5fd049200a2b86
2151f75f319d4244ab705db9ccfa066a,盐酸二甲双胍,Metformin Hydrochloride,盐酸二甲双胍片,Metformin Hydrochloride Tablets,CYHB1950189,片剂,口服,0.25g,否,国药准字H32021625,2020-01-15,,江苏苏中药业集团股份有限公司,上市销售中,通过质量和疗效一致性评价的药品,A10BA02 ,8be36b2cebc79666a29cad9bba1cf644,国药准字H32021625_盐酸二甲双胍片.pdf,https://www.cde.org.cn/hymlj/detailPage/2151f75f319d4244ab705db9ccfa066a
0d40d21e4d83951420af01b30aeaa828,卡培他滨,Capecitabine ,卡培他滨片,Capecitabine Tablets,CYHB1850421,片剂,口服,0.5g,否,国药准字H20133361,2020-01-20,,齐鲁制药有限公司,上市销售中,通过质量和疗效一致性评价的药品,L01BC06 ,6821ce9ec495e9c74d11ba7197286a8f,国药准字H20133361_卡培他滨片.pdf,https://www.cde.org.cn/hymlj/detailPage/0d40d21e4d83951420af01b30aeaa828
7a99cd698084c928858d813be0633217,卡培他滨,Capecitabine,卡培他滨片,Capecitabine Tablets,CYHB1950197,片剂,口服,0.15g,否,国药准字H20143365,2020-01-20,齐鲁制药有限公司,齐鲁制药有限公司,上市销售中,通过质量和疗效一致性评价的药品,L01BC06,c9ea2b4d4c6a286e00aae49f2b1ba7d9,国药准字H20143365_卡培他滨片.pdf,https://www.cde.org.cn/hymlj/detailPage/7a99cd698084c928858d813be0633217
a68e96b3abbdef23a9439759bb575f87,草酸艾司西酞普兰,Escitalopram  Oxalate,草酸艾司西酞普兰片,Escitalopram  Oxalate Tablets,CYHB1950181,片剂,口服,按C20H21FN2O计10mg,否,国药准字H20140109,2020-01-20,,吉林省西点药业科技发展股份有限公司,上市销售中,通过质量和疗效一致性评价的药品,N06AB10 ,e19b72027f87c7a7d3468f2cc0976542,国药准字H20140109_草酸艾司西酞普兰片.pdf,https://www.cde.org.cn/hymlj/detailPage/a68e96b3abbdef23a9439759bb575f87
053451134656ac8ea2e750339b224fca,苯磺酸氨氯地平,Amlodipine Besylate,苯磺酸氨氯地平片,Amlodipine Besylate Tablets,CYHB1850376,片剂,口服,5mg（按C20H25ClN2O5计） ,否,国药准字H20093727,2020-01-16,,  南京海辰药业股份有限公司  ,上市销售中,通过质量和疗效一致性评价的药品,C08CA01 ,efa2afc0c78143e260ea5f24cd2fe7b4,国药准字H20093727_苯磺酸氨氯地平片.pdf,https://www.cde.org.cn/hymlj/detailPage/053451134656ac8ea2e750339b224fca
4c8d6b7962ab63ad3afdde72314f8caa,他达拉非,Tadalafil,他达拉非片,Tadalafil Tablets,CYHS1700669,片剂,口服,20mg,否,国药准字H20193416,2019-12-26,江苏天士力帝益药业有限公司,江苏天士力帝益药业有限公司,新批准暂未销售,按化学药品新注册分类批准的仿制药,G04BE08,,,https://www.cde.org.cn/hymlj/detailPage/4c8d6b7962ab63ad3afdde72314f8caa
a4fd8a4ebee8915df3fd3e6f38e2b8bf,诺氟沙星,Norfloxacin ,诺氟沙星片,Norfloxacin Tablets,CYHB1850462,片剂,口服,0.1g,否,国药准字H33020253,2020-01-15,,浙江医药股份有限公司新昌制药厂,新批准暂未销售,通过质量和疗效一致性评价的药品,J01MA06 ,769cf0d1becafa042e30df567932b518,国药准字H33020253_诺氟沙星片.pdf,https://www.cde.org.cn/hymlj/detailPage/a4fd8a4ebee8915df3fd3e6f38e2b8bf
79776bbfb9b0a01959173aa79053b008,辛伐他汀,Simvastatin ,辛伐他汀片,Simvastatin Tablets,CYHB1850469,片剂,口服,20mg,否,国药准字H20065120,2020-01-15,,山东罗欣药业集团股份有限公司,上市销售中,通过质量和疗效一致性评价的药品,C10AA01 ,a655ce802a4bdc18952d1302d44571c3,国药准字H20065120_辛伐他汀片.pdf,https://www.cde.org.cn/hymlj/detailPage/79776bbfb9b0a01959173aa79053b008
c678116f59f7be08e16fbde7865bf18f,辛伐他汀,Simvastatin ,辛伐他汀片,Simvastatin Tablets,CYHB1850468,片剂,口服,10mg,否,国药准字H20065119,2020-01-15,,山东罗欣药业集团股份有限公司 ,上市销售中,通过质量和疗效一致性评价的药品,C10AA01 ,8cee51ec61c99b192cb7c58d6c48946f,国药准字H20065119_辛伐他汀片.pdf,https://www.cde.org.cn/hymlj/detailPage/c678116f59f7be08e16fbde7865bf18f
e0f4c850a315258d0455af52c0becea3,氯氮平,Clozapine ,氯氮平片,Clozapine Tablets,CYHB1950042,片剂,口服,25mg,否,国药准字H33021306,2020-01-15,,万邦德制药集团股份有限公司,上市销售中,通过质量和疗效一致性评价的药品,N05AH02 ,bfb9a01042e73c454fbd931e54a586ad,国药准字H33021306_氯氮平片.pdf,https://www.cde.org.cn/hymlj/detailPage/e0f4c850a315258d0455af52c0becea3
d8c80f8b1c04df67f3dfc44e781464b8,格列齐特,Gliclazide ,格列齐特缓释片,Gliclazide Sustained-release Tablets,CYHB1950068,片剂,口服,30mg,否,国药准字H20103045,2020-01-09,,宜昌人福药业有限责任公司,上市销售中,通过质量和疗效一致性评价的药品,A10BB09 ,,,https://www.cde.org.cn/hymlj/detailPage/d8c80f8b1c04df67f3dfc44e781464b8
523c979b395256332cb74cd37b6e0e45,吲达帕胺,Indapamide,吲达帕胺片,Indapamide Tablets,CYHB1850138,片剂,口服,2.5mg,否,国药准字H20058628,2019-11-11,,国药集团工业有限公司 ,上市销售中,通过质量和疗效一致性评价的药品,C03BA11 ,3b0078620acf7615979016b8fd759c9d,国药准字H20058628_吲达帕胺片.pdf,https://www.cde.org.cn/hymlj/detailPage/523c979b395256332cb74cd37b6e0e45
803109c7ca83cbe81c469c60233aa855,吲达帕胺,Indapamide,吲达帕胺片,Indapamide Tablets,CYHB1850300,片剂,口服,2.5mg,否,国药准字H41023075,2019-12-02,,濮阳市汇元药业有限公司 ,上市销售中,通过质量和疗效一致性评价的药品,C03BA11 ,ab39fe7ecb02e5827f251b61958beb34,国药准字H41023075_吲达帕胺片.pdf,https://www.cde.org.cn/hymlj/detailPage/803109c7ca83cbe81c469c60233aa855
242d62601da0a9c16c594cdf2eb84a7a,盐酸二甲双胍,Metformin Hydrochloride,盐酸二甲双胍片,Metformin Hydrochloride Tablets,CYHB1840144,片剂（薄膜衣）,口服,0.25g,否,国药准字H11020957,2019-12-10,,北京利龄恒泰药业有限公司 ,新批准暂未销售,通过质量和疗效一致性评价的药品,A10BA02 ,f2d601a5a4b53abe4a94e7aee411cc82,国药准字H11020957_盐酸二甲双胍片.pdf,https://www.cde.org.cn/hymlj/detailPage/242d62601da0a9c16c594cdf2eb84a7a
453a918a3c254c7ec880c99fe57e9a69,缬沙坦；苯磺酸氨氯地平,Valsartan and Amlodipine ,缬沙坦氨氯地平片(Ⅰ),Valsartan and Amlodipine Tablets（Ⅰ）,CYHS1800095,片剂,口服,每片含缬沙坦80mg，氨氯地平5mg,否,国药准字H20203022,2020-02-05,北京百奥药业有限责任公司,北京百奥药业有限责任公司,新批准暂未销售,按化学药品新注册分类批准的仿制药,C09DB01,,,https://www.cde.org.cn/hymlj/detailPage/453a918a3c254c7ec880c99fe57e9a69
8bdfef8e9d2e4370010cb1e4d1d60671,恩格列净,Empagliflozin,恩格列净片,Empagliflozin Tablets,,片剂,口服,10mg,是,H20170351,2017-09-20,Boehringer Ingelheim International GmbH,Boehringer Ingelheim Pharma GmbH & Co. KG,上市销售中,进口原研药品, ,,,https://www.cde.org.cn/hymlj/detailPage/8bdfef8e9d2e4370010cb1e4d1d60671
967ca843d9c682a8974a674cd8143b80,恩曲他滨；富马酸替诺福韦二吡呋酯,Emtricitabine;tenofovir disoproxil fumarate,恩曲他滨替诺福韦片,Emtricitabine and tenofovir disoproxil fumarate tablets,,片剂,口服,200mg的恩曲他滨，300mg的富马酸替诺福韦二吡呋酯,是,H20171147,2012-12-31,Gilead Sciences Inc.,Patheon Inc. ,上市销售中,进口原研药品,J05AR03 ,,,https://www.cde.org.cn/hymlj/detailPage/967ca843d9c682a8974a674cd8143b80
0e3cb8cea5d09c5235a69e34220f8928,盐酸二甲双胍；维格列汀,Metformin Hydrochloride; Vildagliptin,二甲双胍维格列汀片（II）,Metformin Hydrochloride and Validagliptin Tablets(II),,片剂 ,口服,每片含盐酸二甲双胍850mg和维格列汀50mg,是,H20171034,2014-12-09,Novartis Pharma Schweiz AG,Novartis Pharma Produktions GmbH ,上市销售中,进口原研药品,A10BD08,,,https://www.cde.org.cn/hymlj/detailPage/0e3cb8cea5d09c5235a69e34220f8928
47b5c3e4170fd36be8edc2e2775f0f92,氟康唑,Fluconazole,氟康唑氯化钠注射液,Fluconazole and Sodium Chloride Injection,,注射液,静脉注射,50ml:氟康唑0.1g与氯化钠0.45g,是,H20181195,1992-05-20,PFIZER HOLDING FRANCE,FAREVA AMBOISE,上市销售中 ,进口原研药品,J02AC01,,,https://www.cde.org.cn/hymlj/detailPage/47b5c3e4170fd36be8edc2e2775f0f92
17a865f36ba539b70d2e9cc96faa2276,氟康唑,Fluconazole,氟康唑氯化钠注射液,Fluconazole and Sodium Chloride Injection,,注射液,静脉注射,100ml:氟康唑0.2g与氯化钠0.9g,是,H20181194,1992-05-20,PFIZER HOLDING FRANCE,FAREVA AMBOISE,上市销售中 ,进口原研药品,J02AC01,,,https://www.cde.org.cn/hymlj/detailPage/17a865f36ba539b70d2e9cc96faa2276
ea49b51147b32a20239f380c1bc78a9f,氟维司群,Fulvestrant,氟维司群注射液,Fulvestrant Injection,,注射剂,肌肉注射,5ml:0.25g,是,H20171199,2010-06-04,AstraZeneca AB,Vetter Pharma-Fertigung GmbH & Co. KG,上市销售中 ,进口原研药品,L02BA03 ,,,https://www.cde.org.cn/hymlj/detailPage/ea49b51147b32a20239f380c1bc78a9f
49e204cc18b7261d066685823fed6bcc,甘氨酰酪氨酸；甘氨酰谷氨酰胺；色氨酸；门冬氨酸；苏氨酸；丝氨酸；谷氨酸；丙氨酸；缬氨酸；甲硫氨酸；异亮氨酸；亮氨酸；苯丙氨酸；组氨酸；醋酸赖氨酸；精氨酸；脯氨酸 ,Glycyl tyrosine; Glycyl Glutamine; Tryptophan; Aspartic Acid; Threonine; Serine; Glutamic Acid; Alanine; Valine ; Methionine; Isoleucine; Leucine; Phenylalanine; Histidine; Lysine Acetate ; Arginine; Proline ,复方氨基酸（15）双肽（2）注射液,Compound Amino Acids (15) and Dipeptides (2) Injection,,注射剂,静脉注射,500ml:67g（氨基酸/双肽）,是,H20181017;H20181018,1999-12-30,Fresenius Kabi Austria GmbH,Fresenius Kabi Austria GmbH,上市销售中 ,进口原研药品, ,,,https://www.cde.org.cn/hymlj/detailPage/49e204cc18b7261d066685823fed6bcc
63d892df340560b7c1a62253899d5c90,异亮氨酸；亮氨酸；醋酸赖氨酸；甲硫氨酸；苯丙氨酸；苏氨酸；色氨酸；缬氨酸；丙氨酸；精氨酸；门冬氨酸；组氨酸；脯氨酸；丝氨酸；酪氨酸；甘氨酸；    ,Isoleucine；Leucine； Lysine Acetate；Methionine；Phenylalanine；Threonine；Tryptophan；Valine；Alanine；Arginine；Aspartic Acid；Histidine；Proline；Serine；Tyrosine；Glycine ,复方氨基酸注射液（17AA-Ⅲ）,Compound Amino Acids Injection(17AA-Ⅲ),,注射剂,静脉注射,500ml:37.925g（总氨基酸）,是,国药准字H20041031                ,2004-07-23,,广州绿十字制药有限公司,上市销售中,其他药品,B05BA01,,,https://www.cde.org.cn/hymlj/detailPage/63d892df340560b7c1a62253899d5c90
71427c8c66544a8fbc72674e679bf418,异亮氨酸；亮氨酸；醋酸赖氨酸；甲硫氨酸；苯丙氨酸；苏氨酸；色氨酸；缬氨酸；丙氨酸；精氨酸；门冬氨酸；谷氨酸；组氨酸；脯氨酸；丝氨酸；酪氨酸；甘氨酸    ,Isoleucine；Leucine；Lysine Acetate；Methionine；Phenylalanine；Threonine；Tryptophan；Valine；Alanine；Arginine；Aspartic Acid；Glutamic Acid；Histidine；Proline；Serine；Tyrosine；Glycine ,复方氨基酸注射液（18AA-Ⅸ）,Compound Amino Acids Injection(18AA-Ⅸ)  ,,注射剂,静脉注射,200ml:12.250g（总氨基酸）,是,国药准字H20050224,2005-01-24,,广州绿十字制药有限公司,上市销售中,其他药品,B05BA01,,,https://www.cde.org.cn/hymlj/detailPage/71427c8c66544a8fbc72674e679bf418
f7048898354184eebbd3ef411f2049ee,钆塞酸二钠,Gadoxetic Acid Disodium ,钆塞酸二钠注射液,Gadoxetic Acid Disodium Injection,,注射剂,静脉注射,10ml预装玻璃注射器，每1ml中含钆塞酸二钠181.43mg,是,H20150175;H20150178,2010-09-25,Bayer Vital GmbH,Bayer AG,上市销售中,进口原研药品,V08CA10,,,https://www.cde.org.cn/hymlj/detailPage/f7048898354184eebbd3ef411f2049ee
5836e73d9a2be35bf0ea9b6191868106,钆特酸葡甲胺,Gadoteric Acid Meglumine Salt,钆特酸葡胺注射液,Gadoteric Acid Meglumine Salt Injection,,注射剂,静脉注射,377mg/ml,是,H20160128,1998-12-28,GUERBET,GUERBET,上市销售中,进口原研药品,V08CA02,,,https://www.cde.org.cn/hymlj/detailPage/5836e73d9a2be35bf0ea9b6191868106
2c992aa9a592ea69d58e487ed29e7457,磺达肝癸钠,Fondaparinux Sodium,磺达肝癸钠注射液,Fondaparinux Sodium Injection,,注射剂,皮下注射；静脉给药,0.5ml:2.5mg,是,H20181230,2008-03-24,Aspen Pharma Trading Limited,Aspen Notre Dame de Bondeville,上市销售中 ,进口原研药品,B01AX05,,,https://www.cde.org.cn/hymlj/detailPage/2c992aa9a592ea69d58e487ed29e7457
67e3b5a1b9d19caf8419bad53dd63551,甲苯磺酸索拉非尼,Sorafenib tosylate,甲苯磺酸索拉非尼片,Sorafenib tosylate tablets,,片剂,口服,0.2g,是,H20160201,2006-09-12,Bayer AG,Bayer AG,上市销售中,进口原研药品,L01XE05,,,https://www.cde.org.cn/hymlj/detailPage/67e3b5a1b9d19caf8419bad53dd63551
dee2e4404ab3ee1b6b2f4735f371db85,布洛芬,Ibuprofen,精氨酸布洛芬片,Ibuprofen Arginine Tablets,,片剂,口服,0.4g(以布洛芬计),是,国药准字H20110027,2011-04-02,,海南赞邦制药有限公司,上市销售中,其他药品,M01AE01,,,https://www.cde.org.cn/hymlj/detailPage/dee2e4404ab3ee1b6b2f4735f371db85
62be5bfa23cda96bace27f2b6b7e6cff,卡泊三醇,Calcipotriol,卡泊三醇软膏,Calcipotriol ointment,,软膏剂,外用,15g：0.75mg,是,H20160070,1995-06-16,LEO Pharma A/S,LEO laboratories Limited,上市销售中,进口原研药品,D05AX02,,,https://www.cde.org.cn/hymlj/detailPage/62be5bfa23cda96bace27f2b6b7e6cff
8f5b56f5690f91720302fd25425434b2,糠酸氟替卡松,Fluticasone Furoate ,糠酸氟替卡松鼻用喷雾剂,Fluticasone Furoate Nasal Spray ,,喷雾剂,鼻腔,每喷含糠酸氟替卡松27.5微克,是,H20170104;H20170105,2012-06-01,Glaxo Group Ltd,Glaxo Operations UK Ltd ,上市销售中,进口原研药品,R01AD12,,,https://www.cde.org.cn/hymlj/detailPage/8f5b56f5690f91720302fd25425434b2
8643f38c39bfa29ba73fdfe80518ee81,拉考沙胺,Lacosamide,拉考沙胺片,Lacosamide Tablets,,片剂,口服,50mg,是,H20180062;H20180069,2018-11-21,UCB Pharma SA,Aesica Pharmaceuticals GmbH,上市销售中,进口原研药品,,,,https://www.cde.org.cn/hymlj/detailPage/8643f38c39bfa29ba73fdfe80518ee81
737dab48bbf9cc6530f9fc2c2e96edbe,拉考沙胺,Lacosamide,拉考沙胺片,Lacosamide Tablets,,片剂,口服,100mg,是,H20180063;H20180070,2018-11-21,UCB Pharma SA,Aesica Pharmaceuticals GmbH,上市销售中,进口原研药品,,,,https://www.cde.org.cn/hymlj/detailPage/737dab48bbf9cc6530f9fc2c2e96edbe
b2157eddb1fa1e83509d4c95ee2186d9,利格列汀；二甲双胍,Linagliptin;Metformin Hydrochloride,利格列汀二甲双胍片(II),Linagliptin and Metformin Hydrochloride Tablets(II),,片剂,口服,每片含利格列汀2.5 mg与盐酸二甲双胍850 mg,是,H20170163;H20170164;H20170165,2017-03-22,Boehringer Ingelheim (Schweiz) GmbH,Boehringer Ingelheim Pharma GmbH & Co. KG,上市销售中,进口原研药品,A10BD11,,,https://www.cde.org.cn/hymlj/detailPage/b2157eddb1fa1e83509d4c95ee2186d9
9da7a8558bb4eda777dac3f1e8be6b61,碘海醇,Iohexol,碘海醇注射液,Iohexol Injection,,注射剂,静脉注射,50ml:15g（I）,是,国药准字H20000593,2000-10-24,,通用电气药业（上海）有限公司,上市销售中,其他药品,V08AB02,,,https://www.cde.org.cn/hymlj/detailPage/9da7a8558bb4eda777dac3f1e8be6b61
f33e9a9addb9bfd8283a78f34e1ce490,碘海醇,Iohexol,碘海醇注射液,Iohexol Injection,,注射剂,静脉注射,75ml:22.5g（I）,是,国药准字H20000594,2000-10-24,,通用电气药业（上海）有限公司,上市销售中,其他药品,V08AB02,,,https://www.cde.org.cn/hymlj/detailPage/f33e9a9addb9bfd8283a78f34e1ce490
360c372ae5cf4cf21caa1c8067aebfa2,碘海醇,Iohexol,碘海醇注射液,Iohexol Injection,,注射剂,静脉注射,100ml:30g（I）,是,国药准字H20000595,2000-10-24,,通用电气药业（上海）有限公司,上市销售中,其他药品,V08AB02,,,https://www.cde.org.cn/hymlj/detailPage/360c372ae5cf4cf21caa1c8067aebfa2
9829535eccce71f810b49a0c4763b493,碘海醇,Iohexol,碘海醇注射液,Iohexol Injection,,注射剂,静脉注射,20ml:7g（I）,是,国药准字H20000596,2000-10-24,,通用电气药业（上海）有限公司,上市销售中,其他药品,V08AB02,,,https://www.cde.org.cn/hymlj/detailPage/9829535eccce71f810b49a0c4763b493
67bf03372358d948e6eff7caf1289360,碘海醇,Iohexol,碘海醇注射液,Iohexol Injection,,注射剂,静脉注射,50ml: 17.5g（I）,是,国药准字H20000597,2000-10-24,,通用电气药业（上海）有限公司,上市销售中,其他药品,V08AB02,,,https://www.cde.org.cn/hymlj/detailPage/67bf03372358d948e6eff7caf1289360
a8a5c6337c9a08c936392d975c2257e7,精氨酸培哚普利；苯磺酸氨氯地平,Perindopril Arginine; Amlodipine Besylate ,培哚普利氨氯地平片（III）,Perindopril arginine and amlodipine besylate tablets(III),,片剂,口服,每片含精氨酸培哚普利10mg和苯磺酸氨氯地平（以氨氯地平计）5mg,是,H20180015,2018-04-28,LES LABORATOIRES SERVIER,Servier (Ireland) Industries Ltd.,上市销售中,进口原研药品,C09BB04 ,,,https://www.cde.org.cn/hymlj/detailPage/a8a5c6337c9a08c936392d975c2257e7
624ee79c139537df3341d45704d2db81,布地奈德,Budesonide,布地奈德鼻喷雾剂,Budesonide Nasal Spray,,鼻用制剂,鼻腔,每瓶120喷，每喷含布地奈德32μg，药液浓度为0.64mg/ml,是,H20171309;H20171310,2002-02-21,McNeil Sweden AB,AstraZeneca AB,上市销售中,进口原研药品,R01AD05,,,https://www.cde.org.cn/hymlj/detailPage/624ee79c139537df3341d45704d2db81
49279915be136b6ddb9b3b9635e6ee24,布地奈德,Budesonide,布地奈德鼻喷雾剂,Budesonide Nasal Spray,,鼻用制剂,鼻腔,每瓶120喷，每喷含布地奈德64μg，药液浓度为1.28mg/ml,是,H20171311;H20171312,2002-02-21,McNeil Sweden AB,AstraZeneca AB,上市销售中,进口原研药品,R01AD05,,,https://www.cde.org.cn/hymlj/detailPage/49279915be136b6ddb9b3b9635e6ee24
e022e298ecc02114c25ac77cff4a68a5,厄他培南钠,Ertapenem Sodium,注射用厄他培南,Ertapenem for Injection,,注射剂,静脉注射,1g（以厄他培南计）,是,H20150480;H20150481,2005-09-12,Merck Sharp & Dohme Limited,Laboratoires Merck Sharp & Dohme Chibret,上市销售中,进口原研药品,J01DH03,,,https://www.cde.org.cn/hymlj/detailPage/e022e298ecc02114c25ac77cff4a68a5
b9635b42ae92cf9c8437572ff090c8ba,盐酸地尔硫&#17644;,Diltiazem Hydrochloride,注射用盐酸地尔硫&#17644;,Diltiazem Hydrochloride for Injection,,注射剂,静脉注射,10mg,是,H20160286;H20160287,1991-03-28,Mitsubishi Tanabe Pharma Corporation, Takata Seiyaku Co.， Ltd. Kitasaitama Plant,上市销售中,进口原研药品,C08DB01,,,https://www.cde.org.cn/hymlj/detailPage/b9635b42ae92cf9c8437572ff090c8ba
8c6985f3bce5f2652409fc6267f0dc5e,丁丙诺啡,Buprenorphine,丁丙诺啡透皮贴剂,Buprenorphine Transdermal Patches,,贴剂,外用,5mg/贴,是,H20181111,2012-12-31,Mundipharma GmbH,LTS Lohmann Therapie-Systeme AG,上市销售中,进口原研药品,N02AE01,,,https://www.cde.org.cn/hymlj/detailPage/8c6985f3bce5f2652409fc6267f0dc5e
7763f06610638bcb230d28348f501cb9,格隆溴铵,Glycopyrronium Bromide ,格隆溴铵吸入粉雾剂用胶囊,Glycopyrronium Bromide Powder for Inhalation， Hard Capsules,,胶囊剂,吸入,50μg(以C19H28NO3计),是,H20180002;H20180003,2018-04-16, Novartis Pharma Schweiz AG, Novartis Pharma Stein AG,上市销售中,进口原研药品,R03BB06,,,https://www.cde.org.cn/hymlj/detailPage/7763f06610638bcb230d28348f501cb9
dcc4303137b364da844ecba4f334fbe4,地拉罗司,Deferasirox,地拉罗司分散片,Deferasirox Dispersible Tablets,,片剂,口服,125mg,是,H20150208,2010-06-12,Novartis Pharma Schweiz AG,Novartis Pharma Stein AG,上市销售中,进口原研药品,V03AC03 ,,,https://www.cde.org.cn/hymlj/detailPage/dcc4303137b364da844ecba4f334fbe4
290b25634bc28e4a8fb4abf28444bc83,恩他卡朋,Entacapone,恩他卡朋片, Entacapone Tablets,,片剂,口服,0.2g,是,H20160680,2004-05-08,Orion Corporation,Orion Corporation,上市销售中,进口原研药品,N04BX02,,,https://www.cde.org.cn/hymlj/detailPage/290b25634bc28e4a8fb4abf28444bc83
5d59071a1451b1ec58b78ea44fc7f7f6,阿奇霉素,Azithromycin,注射用阿奇霉素, Azithromycin for Injection,,注射剂,静脉注射,0.5g,是,H20130830;H20140685;H20130831,2004-10-09,Pfizer Inc.,Pharmacia & Upjohn Company LLC,上市销售中,进口原研药品,J01FA10,,,https://www.cde.org.cn/hymlj/detailPage/5d59071a1451b1ec58b78ea44fc7f7f6
d77d31271ff006080c7ba9808db456ac,头孢呋辛钠,Cefuroxime Sodium,注射用头孢呋辛钠,Cefuroxime Sodium for Injection,,注射剂,静脉注射；肌肉注射,0.75g,是,H20181034,1998-01-10,GLAXOSMITHKLINE S.p.A.,GLAXOSMITHKLINE MANUFACTURING S.p.A.,上市销售中,进口原研药品,J01DC02,,,https://www.cde.org.cn/hymlj/detailPage/d77d31271ff006080c7ba9808db456ac
ac0f05636448ebf151c43ba43ecd46a2,盐酸曲马多,Tramadol Hydrochloride,盐酸曲马多注射液,Tramadol Hydrochloride Injection,,注射剂,静脉注射；肌肉注射；皮下注射,2ml:100mg,是,H20140813,1990-12-15,Grunenthal GmbH,Grunenthal GmbH,上市销售中,进口原研药品,N02AX02,,,https://www.cde.org.cn/hymlj/detailPage/ac0f05636448ebf151c43ba43ecd46a2
7d8201458b95d0c9978e9c7583163cf3,盐酸帕洛诺司琼,Palonosetron Hydrochloride,盐酸帕洛诺司琼注射液,Palonosetron Hydrochloride Injection,,注射剂,静脉注射,5ml:0.25mg（以C19H24N2O计）,是,H20180061,2018-11-08, Helsinn Birex Pharmaceuticals Ltd.,Pierre Fabre Medicament Production， Aquitaine Pharm International,上市销售中,进口原研药品,A04AA05,,,https://www.cde.org.cn/hymlj/detailPage/7d8201458b95d0c9978e9c7583163cf3
c2f3bc987d0cd5f9d4aa5f4f2e2fc6c6,利匹韦林,Rilpivirine,利匹韦林片,Rilpivirine Tablets,,片剂,口服,25mg,是,H20171075,2012-12-31,Janssen-Cilag International N.V.,Janssen-Cilag SpA,上市销售中,进口原研药品,J05AG05,,,https://www.cde.org.cn/hymlj/detailPage/c2f3bc987d0cd5f9d4aa5f4f2e2fc6c6
49ef6f7a7d5df92b3b3bae2bdb4ae1c3,盐酸氮&#17644;斯汀,Azelastine Hydrochloride,盐酸氮&#17644;斯汀鼻喷雾剂,Azelastine Hydrochloride Nasal Spray,,鼻用喷雾剂,鼻腔,10ml:10mg，60喷，每喷0.14mg,是,H20150201,2001-02-05,MEDA Pharma GmbH & Co. KG,MEDA Manufacturing GmbH,上市销售中,进口原研药品,R01AC03,,,https://www.cde.org.cn/hymlj/detailPage/49ef6f7a7d5df92b3b3bae2bdb4ae1c3
88bfe99c0122b8494329defb0f919599,生长抑素,Somatostatin,注射用生长抑素, Somatostatin for Injection ,,注射剂,静脉注射,3mg,是,H20140873,1993-10-14, Merck (Schweiz) AG,Merck Serono SA Succursale d’Aubonne,上市销售中,进口原研药品,H01CB01,,,https://www.cde.org.cn/hymlj/detailPage/88bfe99c0122b8494329defb0f919599
159eda316e8429a791241d3b2538bf8a,罗库溴铵,Rocuronium Bromide ,罗库溴铵注射液, Rocuronium Bromide Injection,,注射剂,静脉注射,5ml:50mg,是,H20140847,1997-01-31,N.V. Organon,Hameln Pharmaceuticals GmbH,上市销售中,进口原研药品,M03AC09,,,https://www.cde.org.cn/hymlj/detailPage/159eda316e8429a791241d3b2538bf8a
20642ecc45390cbf71f23edaf6106325,醋酸奥曲肽,Octreotide Acetate,注射用醋酸奥曲肽微球,Octreotide Acetate Microspheres for Injection,,注射剂,肌肉注射,20mg,是,H20171261,2003-08-15,Novartis Pharma Schweiz AG,A（微球生产厂：Sandoz GmbH）；B（溶剂生产厂：Abbott Biologicals B.V.）,上市销售中,进口原研药品,H01CB02,,,https://www.cde.org.cn/hymlj/detailPage/20642ecc45390cbf71f23edaf6106325
0bb21eb7b13b960de46d505d1b2460f7,吉非替尼,Gefitinib,吉非替尼片,Gefitinib Tablets,CYHS1700284,片剂,口服,0.25g,否,国药准字H20193362,2019-12-06,,湖南科伦制药有限公司,新批准暂未销售,按化学药品新注册分类批准的仿制药,L01XE02,,,https://www.cde.org.cn/hymlj/detailPage/0bb21eb7b13b960de46d505d1b2460f7
4f02d9149d108b537f8d72f134b32a6c,舒尼替尼,Sunitinib Malate,苹果酸舒尼替尼胶囊,Sunitinib Malate Capsules,CYHS1700226,胶囊剂,口服,12.5mg (以舒尼替尼计),否,国药准字H20193407,2019-12-26,,石药集团欧意药业有限公司,新批准暂未销售,按化学药品新注册分类批准的仿制药,L01XE04 ,,,https://www.cde.org.cn/hymlj/detailPage/4f02d9149d108b537f8d72f134b32a6c
9c5fdf893c8f5790d5faceacc5da889c,盐酸昂丹司琼,Ondansetron Hydrochloride ,盐酸昂丹司琼片,Ondansetron Hydrochloride Tablets,CYHB1850155,片剂,口服,8mg（按C18H19N3O计）,否,国药准字H10970063,2019-01-16,齐鲁制药有限公司,齐鲁制药有限公司,新批准暂未销售,通过质量和疗效一致性评价的药品,A04AA01,a4f3ec54c5a2487a125cba6e85587542,国药准字H10970063_盐酸昂丹司琼片.pdf,https://www.cde.org.cn/hymlj/detailPage/9c5fdf893c8f5790d5faceacc5da889c
ca5e7e288d21921828d25ccefe80abda,富马酸替诺福韦二吡呋酯,Tenofovir Disoproxil Fumarate,富马酸替诺福韦二吡呋酯片,Tenofovir Disoproxil Fumarate Tablets,CYHS1700216,片剂,口服,300mg,否,国药准字H20193020,2019-01-15,,安徽安科恒益药业有限公司,新批准暂未销售,按化学药品新注册分类批准的仿制药,J05AF07 ,,,https://www.cde.org.cn/hymlj/detailPage/ca5e7e288d21921828d25ccefe80abda
befd47d687b8a817d3a81022c959e9e6,利培酮,Risperidone ,利培酮片,Risperidone Tablets,CYHB1850180,片剂,口服,3mg,否,国药准字H20050042,2019-01-30,齐鲁制药有限公司,齐鲁制药有限公司,上市销售中,通过质量和疗效一致性评价的药品,N05AX08,9b368c91b8c1eac96a2498733667c599,国药准字H20050042_利培酮片.pdf,https://www.cde.org.cn/hymlj/detailPage/befd47d687b8a817d3a81022c959e9e6
172f7cb9af9f58e26eb0324c63df9ed6,瑞舒伐他汀钙,Rosuvastatin Calcium,瑞舒伐他汀钙片,Rosuvastatin Calcium Tablets,CYHB1850132,片剂,口服,10mg(按C22H28FN3O6S计) ,否,国药准字H20080241,2019-02-02,鲁南贝特制药有限公司,鲁南贝特制药有限公司,上市销售中,通过质量和疗效一致性评价的药品,C10AA07 ,6c32d0cf51beaf57006654881b8b3f73,国药准字H20080241_瑞舒伐他汀钙片.pdf,https://www.cde.org.cn/hymlj/detailPage/172f7cb9af9f58e26eb0324c63df9ed6
4616b4015bed94fe51853769d84b89ed,瑞舒伐他汀钙,Rosuvastatin Calcium,瑞舒伐他汀钙片,Rosuvastatin Calcium Tablets,CYHB1850131,片剂,口服,5mg (按C22H28FN3O6S计) ,否,国药准字H20080240,2019-02-02,鲁南贝特制药有限公司,鲁南贝特制药有限公司,上市销售中,通过质量和疗效一致性评价的药品,C10AA07 ,bb161bd5149cca73cdf42b365db96558,国药准字H20080240_瑞舒伐他汀钙片.pdf,https://www.cde.org.cn/hymlj/detailPage/4616b4015bed94fe51853769d84b89ed
5b12f6a7b1d11a0f5bb3991fb23fdc4c,盐酸二甲双胍,Metformin Hydrochloride ,盐酸二甲双胍片,Metformin Hydrochloride Tablets,CYHB1850032,片剂,口服,0.25g,否,国药准字H52020469,2019-02-02,,贵州天安药业股份有限公司,上市销售中,通过质量和疗效一致性评价的药品,A10BA02,4f5bb7d107490d52b9ad1a44cf70c128,国药准字H52020469_盐酸二甲双胍片.pdf,https://www.cde.org.cn/hymlj/detailPage/5b12f6a7b1d11a0f5bb3991fb23fdc4c
f437e04d8bae7f63b42d2ecacc4e6a27,盐酸米诺环素,Minocycline Hydrochloride,盐酸米诺环素胶囊,Minocycline Hydrochloride Capsules,,胶囊剂,口服,50mg(按C23H27N3O7计),是,国药准字H20174080,1994-12-02,,瀚晖制药有限公司,上市销售中,其他药品,J01AA08,,,https://www.cde.org.cn/hymlj/detailPage/f437e04d8bae7f63b42d2ecacc4e6a27
f41b73ba1163a0966c41398b428bdf33,盐酸米诺环素,Minocycline Hydrochloride,盐酸米诺环素胶囊,Minocycline Hydrochloride Capsules,,胶囊剂,口服,100mg(按C23H27N3O7计),是,国药准字H20174081,1994-12-02,,瀚晖制药有限公司,上市销售中,其他药品,J01AA08,,,https://www.cde.org.cn/hymlj/detailPage/f41b73ba1163a0966c41398b428bdf33
b5cb37ed72071bcc7e8f6ec4be440198,硫酸氨基葡萄糖,Glucosamine Sulfate,硫酸氨基葡萄糖胶囊,Glucosamine Sulfate Capsules,CYHB1840051,胶囊剂,口服,0.25g（以硫酸氨基葡萄糖计）或0.314g（以氯化钠硫酸氨基葡萄糖计）,否,国药准字H20041316,2019-03-21,,浙江海正药业股份有限公司,上市销售中,通过质量和疗效一致性评价的药品,M01AX05,a47e8bc225207265224cf494e0d98aa5,国药准字H20041316_硫酸氨基葡萄糖胶囊.pdf,https://www.cde.org.cn/hymlj/detailPage/b5cb37ed72071bcc7e8f6ec4be440198
5900ec5101e9d1653de7dff87bb8d529,盐酸贝那普利,Benazepril Hydrochloride,盐酸贝那普利片,Benazepril Hydrochloride Tablets,CYHB1850128,片剂,口服,10mg,否,国药准字H20043648,2019-04-15,  深圳信立泰药业股份有限公司  ,  深圳信立泰药业股份有限公司  ,上市销售中,通过质量和疗效一致性评价的药品,C09AA07,0864534abe10f977be1bd2c5089742e2,国药准字H20043648_盐酸贝那普利片.pdf,https://www.cde.org.cn/hymlj/detailPage/5900ec5101e9d1653de7dff87bb8d529
d6b7624b7679eac68572318eea177ab4,盐酸贝那普利,Benazepril Hydrochloride,盐酸贝那普利片,Benazepril Hydrochloride Tablets,CYHB1850127,片剂,口服,5mg,否,国药准字H20054771,2019-04-15,  深圳信立泰药业股份有限公司  ,  深圳信立泰药业股份有限公司  ,上市销售中,通过质量和疗效一致性评价的药品,C09AA07,d32bee08626249ebb10e4b163313e5de,国药准字H20054771_盐酸贝那普利片.pdf,https://www.cde.org.cn/hymlj/detailPage/d6b7624b7679eac68572318eea177ab4
5e0c7b1bcf0960fe7b9e436c304193ec,瑞舒伐他汀钙,Rosuvastatin Calcium ,瑞舒伐他汀钙片,Rosuvastatin Calcium Tablets,JYHB1840001,片剂,口服,5mg(以瑞舒伐他汀计）,否,H20180007,2019-04-03,Lek Pharmaceuticals d.d.,Lek Pharmaceuticals d.d.  ,上市销售中,通过质量和疗效一致性评价的药品,C10AA07,510c3f308e0adccbb733ba133265c0bc,H20180007_瑞舒伐他汀钙片.pdf,https://www.cde.org.cn/hymlj/detailPage/5e0c7b1bcf0960fe7b9e436c304193ec
2f331c8b5929596647777b61a63ce790,瑞舒伐他汀钙,Rosuvastatin Calcium,瑞舒伐他汀钙片,Rosuvastatin Calcium Tablets,JYHB1840002,片剂,口服,10mg(以瑞舒伐他汀计）,否,H20180008,2019-04-03,Lek Pharmaceuticals d.d., Lek Pharmaceuticals d.d.  ,上市销售中,通过质量和疗效一致性评价的药品,C10AA07,e5084f3dded0e0fe769645df389d830a,H20180008_瑞舒伐他汀钙片.pdf,https://www.cde.org.cn/hymlj/detailPage/2f331c8b5929596647777b61a63ce790
ca07c9df0b581e32464273a8016eb816,阿德福韦酯,Adefovir Dipivoxil,阿德福韦酯片,Adefovir Dipivoxil Tablets,CYHB1850017,片剂,口服,10mg,否,国药准字H20080032,2019-04-15,齐鲁制药有限公司,齐鲁制药有限公司,上市销售中,通过质量和疗效一致性评价的药品,J05AF08,467fde1e1bbe5fc41d3f2d7534091300,国药准字H20080032_阿德福韦酯片.pdf,https://www.cde.org.cn/hymlj/detailPage/ca07c9df0b581e32464273a8016eb816
0d418220b0bfaf6df326db4a536f936f,盐酸二甲双胍,Metformin Hydrochloride,盐酸二甲双胍缓释片,Metformin Hydrochloride Sustained-release Tablets,CYHB1840050,片剂,口服,0.5g,否,国药准字H20041986,2019-04-15,,北京万辉双鹤药业有限责任公司,上市销售中,通过质量和疗效一致性评价的药品,A10BA02,69ffe909adb53d12d6ee0ef85612d741,国药准字H20041986_盐酸二甲双胍缓释片.pdf,https://www.cde.org.cn/hymlj/detailPage/0d418220b0bfaf6df326db4a536f936f
7ab504f7ffac4558dbf76fe6b274bf74,盐酸曲美他嗪,Trimetazidine  Hydrochloride ,盐酸曲美他嗪片,Trimetazidine  Hydrochloride  Tablets,CYHB1850142,片剂,口服,20mg,否,国药准字H20073709,2019-04-15,,江苏吴中医药集团有限公司苏州制药厂,上市销售中,通过质量和疗效一致性评价的药品,C01EB15,d16f8bd3c2b7c33d38f92b6ce4c9dc4d,国药准字H20073709_盐酸曲美他嗪片.pdf,https://www.cde.org.cn/hymlj/detailPage/7ab504f7ffac4558dbf76fe6b274bf74
515a253f78b02c49823b83bb149b2a23,坎地沙坦酯,Candesartan Cilexetil ,坎地沙坦酯片,Candesartan Cilexetil Tablets,CYHB1850105,片剂,口服,8mg,否,国药准字H20050323,2019-04-19,,浙江永宁药业股份有限公司,上市销售中,通过质量和疗效一致性评价的药品,C09CA06,b6ade8dd048cdb9df90ebc32bfaeddec,国药准字H20050323_坎地沙坦酯片.pdf,https://www.cde.org.cn/hymlj/detailPage/515a253f78b02c49823b83bb149b2a23
833993dff64934911d9c2ab3a5b8044d,阿德福韦酯,Adefovir Dipivoxil,阿德福韦酯片,Adefovir Dipivoxil Tablets,CYHB1850163,片剂,口服,10mg,否,国药准字H20070198,2019-04-22,,福建广生堂药业股份有限公司,上市销售中,通过质量和疗效一致性评价的药品,J05AF08,37a7143f412e36a172040355d455f85f,国药准字H20070198_阿德福韦酯片.pdf,https://www.cde.org.cn/hymlj/detailPage/833993dff64934911d9c2ab3a5b8044d
1af5f25cc5e6e96b9900836142d0204b,来那度胺,lenalidomide,来那度胺胶囊,Lenalidomide Capsules,CYHS1700368,胶囊剂,口服,25mg,否,国药准字H20193115,2019-04-25,齐鲁制药有限公司,齐鲁制药有限公司,新批准暂未销售,按化学药品新注册分类批准的仿制药,L04AX04,,,https://www.cde.org.cn/hymlj/detailPage/1af5f25cc5e6e96b9900836142d0204b
039809a7c8f53da21e635cfcf2fc8050,格列美脲,Glimepiride,格列美脲片,Glimepiride Tablets,CYHB1850172,片剂,口服,2mg,否,国药准字H20061256,2019-04-28,山东新华制药股份有限公司,山东新华制药股份有限公司,上市销售中,通过质量和疗效一致性评价的药品,A10BB12,1e536fdf856ae1e1be8006b50e9e3ee3,国药准字H20061256_格列美脲片.pdf,https://www.cde.org.cn/hymlj/detailPage/039809a7c8f53da21e635cfcf2fc8050
25beac30c77c0dbb2fd3e462d907a563,格列美脲,Glimepiride ,格列美脲片,Glimepiride Tablets,CYHB1850185,片剂,口服,1mg,否,国药准字H20010543,2019-04-28,,重庆康刻尔制药有限公司,上市销售中,通过质量和疗效一致性评价的药品,A10BB12,02dd5ffec1d1b028681a2351de5a98ab,国药准字H20010543_格列美脲片.pdf,https://www.cde.org.cn/hymlj/detailPage/25beac30c77c0dbb2fd3e462d907a563
c62d284b85fd0d2e56dd48e505d1e0a0,盐酸二甲双胍,Metformin Hydrochloride,盐酸二甲双胍片,Metformin Hydrochloride Tables,CYHB1850050,片剂,口服,0.25g,否,国药准字H11021518,2019-04-15,,北京京丰制药集团有限公司,上市销售中,通过质量和疗效一致性评价的药品,A10BA02,e18ffdbad3bc73381c359eb454790568,国药准字H11021518_盐酸二甲双胍片.pdf,https://www.cde.org.cn/hymlj/detailPage/c62d284b85fd0d2e56dd48e505d1e0a0
274cb934ef3d044cbfaa6b5b7c59794b,氟康唑,Fluconazole ,氟康唑片,Fluconazole Tablets,CYHB1850251,片剂,口服,50mg,否,国药准字H10970299,2019-04-28,石家庄四药有限公司,石家庄四药有限公司,上市销售中,通过质量和疗效一致性评价的药品,J02AC01,a4e73b24476c5c8dfa512e1445d0511a,国药准字H10970299_氟康唑片.pdf,https://www.cde.org.cn/hymlj/detailPage/274cb934ef3d044cbfaa6b5b7c59794b
7c1d2f9a854ce45e6574bdf289225328,氟康唑,Fluconazole ,氟康唑片,Fluconazole Tablets,CYHB1840098,片剂,口服,150mg,否,国药准字H10970298,2019-04-28,石家庄四药有限公司,石家庄四药有限公司,上市销售中,通过质量和疗效一致性评价的药品,J02AC01,9265f8c15eac156dfb3dbeb59b0cc6c8,国药准字H10970298_氟康唑片.pdf,https://www.cde.org.cn/hymlj/detailPage/7c1d2f9a854ce45e6574bdf289225328
2d96d705829234e34fcc188f9fb0f144,异烟肼,Isoniazid,异烟肼片,Isoniazid Tablets,CYHB1840065,片剂,口服,100mg,否,国药准字H42022005,2019-05-06,,宜昌人福药业有限责任公司,上市销售中,通过质量和疗效一致性评价的药品,J04AC01,b6e4e5a2092c9423a7a2a88bfa73977e,国药准字H42022005_异烟肼片.pdf,https://www.cde.org.cn/hymlj/detailPage/2d96d705829234e34fcc188f9fb0f144
fbd1a820b16b658cbf428bcd48b5ddc5,头孢地尼,Cefdinir,头孢地尼胶囊,Cefdinir Capsules,CYHB1850076,胶囊剂,口服,0.1g,否,国药准字H20080107,2019-05-17,江苏豪森药业集团有限公司,江苏豪森药业集团有限公司,上市销售中,通过质量和疗效一致性评价的药品,J01DD15 ,572b6f87afd1cdaa0a04fe89249cf82d,国药准字H20080107_头孢地尼胶囊.pdf,https://www.cde.org.cn/hymlj/detailPage/fbd1a820b16b658cbf428bcd48b5ddc5
a941d23017df025ec84043d9784e9baf,草酸艾司西酞普兰,Escitalopram Oxalate ,草酸艾司西酞普兰片,Escitalopram Oxalate Tablets,,片剂,口服,20mg,是,H20140121,2009-04-16,H. Lundbeck A/S,H.Lundbeck A/S,上市销售中,进口原研药品,N06AB10,,,https://www.cde.org.cn/hymlj/detailPage/a941d23017df025ec84043d9784e9baf
f3b161115a75290e492e0a347b02e28c,替勃龙,Tibolone ,替勃龙片,Tibolone Tablets,,片剂,口服,2.5mg,是,H20160575,1990-11-26,N.V.Organon,N.V.Organon,上市销售中,进口原研药品,G03CX01,,,https://www.cde.org.cn/hymlj/detailPage/f3b161115a75290e492e0a347b02e28c
8e9471dc62ccc98db209ece7a5ceb5ff,替加氟;吉美嘧啶;奥替拉西钾,Tegafur; Gimeracil; Oteracil Potassium ,替吉奥胶囊,Tegafur，Gimeracil and Oteracil Potassium Capsules,JXHS0700034,胶囊剂,口服,20mg,是,H20130811; H20130816,2009-01-09,Taiho Pharmaceutical Co.，Ltd.,Taiho Pharmaceutical Co.，Ltd.Tokushima Plant,上市销售中,进口原研药品,L01BC03,,,https://www.cde.org.cn/hymlj/detailPage/8e9471dc62ccc98db209ece7a5ceb5ff
654c441b5c44942fb56c22b12d261ac4,替加氟;吉美嘧啶;奥替拉西钾,Tegafur; Gimeracil; Oteracil Potassium ,替吉奥胶囊,Tegafur，Gimeracil and Oteracil Potassium Capsules,JXHS0700035,胶囊剂,口服,25mg,是,H20130812; H20130817,2009-01-09,Taiho Pharmaceutical Co.，Ltd.,Taiho Pharmaceutical Co.，Ltd.Tokushima Plant,上市销售中,进口原研药品,L01BC03,,,https://www.cde.org.cn/hymlj/detailPage/654c441b5c44942fb56c22b12d261ac4
3c4bdc727d848f74878e5ba4db6f29f0,替米沙坦,Telmisartan ,替米沙坦片,Telmisartan Tablets,,片剂,口服,40mg,是,H20150134; H20150135,2001-09-06,Boehringer Ingelheim International GmbH,Boehringer Ingelheim Pharma GmbH & Co.KG,暂停销售,进口原研药品,C09CA07,,,https://www.cde.org.cn/hymlj/detailPage/3c4bdc727d848f74878e5ba4db6f29f0
afc59174d5fb6853a134974750142bb1,替米沙坦,Telmisartan ,替米沙坦片,Telmisartan Tablets,,片剂,口服,80mg,是,H20150137; H20150138,2001-09-06,Boehringer Ingelheim International GmbH,Boehringer Ingelheim Pharma GmbH & Co.KG,上市销售中,进口原研药品,C09CA07,,,https://www.cde.org.cn/hymlj/detailPage/afc59174d5fb6853a134974750142bb1
7966307ee303bc479a1f8b553cf13b71,替莫唑胺,Temozolomide,替莫唑胺胶囊,Temozolomide Capsules,,胶囊剂,口服,20mg,是,H20130602,2007-07-23,Merck Sharp & Dohme Ltd,Orion Corporation,上市销售中,进口原研药品,L01AX03,,,https://www.cde.org.cn/hymlj/detailPage/7966307ee303bc479a1f8b553cf13b71
5e3a63e802db661ffbec47c38cc73499,替莫唑胺,Temozolomide,替莫唑胺胶囊,Temozolomide Capsules,,胶囊剂,口服,100mg,是,H20130603,2007-07-23,Merck Sharp & Dohme Ltd,Orion Corporation,上市销售中,进口原研药品,L01AX03,,,https://www.cde.org.cn/hymlj/detailPage/5e3a63e802db661ffbec47c38cc73499
666c196e46c401169fad716341696730,磷酸西格列汀; 盐酸二甲双胍,Sitagliptin Phosphate; Metformin Hydrochloride,西格列汀二甲双胍片（Ⅰ）,Sitagliptin Phosphate/metformin Hydrochloride Tablets,JXHS1100066,片剂,口服,磷酸西格列汀50mg（以游离碱计）和盐酸二甲双胍500mg,是,H20140774,2012-07-23,MSD Pharma (Singapore) Pte.Ltd,Patheon Puerto Rico， Inc. (Manati),上市销售中,进口原研药品,A10BD07,,,https://www.cde.org.cn/hymlj/detailPage/666c196e46c401169fad716341696730
20213889cc86895770803c024c93c19a,磷酸西格列汀; 盐酸二甲双胍,Sitagliptin Phosphate; Metformin Hydrochloride,西格列汀二甲双胍片（Ⅱ）,Sitagliptin Phosphate/metformin Hydrochloride Tablets,JXHS1100067,片剂,口服,磷酸西格列汀50mg（以游离碱计）和盐酸二甲双胍850mg,是,H20140775,2012-07-23,MSD Pharma (Singapore) Pte.Ltd,Patheon Puerto Rico， Inc. (Manati),上市销售中,进口原研药品,A10BD07,,,https://www.cde.org.cn/hymlj/detailPage/20213889cc86895770803c024c93c19a
552cbd36b32eea8e1af65dd455a55de5,西罗莫司,Sirolimus ,西罗莫司片,Sirolimus Tablets,JYHB1000475,片剂,口服,0.5mg,是,H20140706,2014-09-24,Wyeth Pharmaceuticals Inc.,Wyeth Pharmaceuticals Company,暂停销售,进口原研药品,L04AA10,,,https://www.cde.org.cn/hymlj/detailPage/552cbd36b32eea8e1af65dd455a55de5
bc9991fcf48fab2ec26f7fffccafb487,西罗莫司,Sirolimus ,西罗莫司片,Sirolimus Tablets,JXHS0600001,片剂,口服,1mg/片,是,H20130697; H20130698,2007-04-03,Pfizer Limited,Pfizer Ireland Pharmaceuticals,上市销售中,进口原研药品,L04AA10,,,https://www.cde.org.cn/hymlj/detailPage/bc9991fcf48fab2ec26f7fffccafb487
4e85bc04b59e75f89bd846904b133a24,硝苯地平,Nifedipine,硝苯地平控释片,Nifedipine Controlled-release Tablets,,片剂,口服,30mg,是,H20130332,1994-11-02,Bayer Pharma AG,Bayer Pharma AG,上市销售中,进口原研药品 ,C08CA05,,,https://www.cde.org.cn/hymlj/detailPage/4e85bc04b59e75f89bd846904b133a24
5b4e4875b688ff25014746e482affac2,硝苯地平,Nifedipine,硝苯地平控释片,Nifedipine Controlled-release Tablets,,片剂,口服,60mg,是,H20130334,1994-11-02,Bayer Pharma AG,Bayer Pharma AG,上市销售中,进口原研药品 ,C08CA05,,,https://www.cde.org.cn/hymlj/detailPage/5b4e4875b688ff25014746e482affac2
1c48e66fee42f0b0c14bf98948a0f381,硝酸甘油,Nitroglycerin,硝酸甘油舌下片,Nitroglycerin Sublingual Tablets,,片剂,口服,0.6mg,是,H20171217,1994-11-07,Pfizer Inc.,Pfizer Pharmaceuticals LLC,上市销售中,进口原研药品 ,无,,,https://www.cde.org.cn/hymlj/detailPage/1c48e66fee42f0b0c14bf98948a0f381
8e1e0c145a80fb55009bdf86ce93a508,缬沙坦; 氢氯噻嗪,Valsartan; Hydrochlorothiazide ,缬沙坦氢氯噻嗪片,Valsartan and Hydrochlorothiazide Tablets,,片剂,口服,每片含缬沙坦80mg与氢氯噻嗪12.5mg,是,H20150055,2004-10-21,Novartis Pharma Schweiz AG,Novartis Farma S.p.A.(I),上市销售中,进口原研药品,C09CA03 C03AA03,,,https://www.cde.org.cn/hymlj/detailPage/8e1e0c145a80fb55009bdf86ce93a508
8eab7a099135eb60cebb678adfec6587,辛伐他汀,Simvastatin ,辛伐他汀片,Simvastatin Tablets,,片剂 ,口服,20mg,是,H20130146,1992-08-31,Merck Sharp & Dohme B.V.,Merck Sharp & Dohme Limited,上市销售中,进口原研药品 ,C10AA01,,,https://www.cde.org.cn/hymlj/detailPage/8eab7a099135eb60cebb678adfec6587
e1992b2302e3c611c7de15926e0b0606,辛伐他汀,Simvastatin ,辛伐他汀片,Simvastatin Tablets,,片剂 ,口服,40mg,是,H20160429,2002-01-25,Merck Sharp & Dohme B.V.,Merck Sharp & Dohme Limited,上市销售中,进口原研药品 ,C10AA01,,,https://www.cde.org.cn/hymlj/detailPage/e1992b2302e3c611c7de15926e0b0606
ab8fec5f344df6553fd9f1c021c78b96,熊去氧胆酸,Ursodeoxycholic Acid,熊去氧胆酸胶囊,Ursodeoxycholic Acid Capsules,,胶囊剂,口服,250mg,是,H20150365,1994-04-17,Dr. Falk Pharma GmbH,Losan Pharma GmbH,上市销售中,进口原研药品,A05AA02,,,https://www.cde.org.cn/hymlj/detailPage/ab8fec5f344df6553fd9f1c021c78b96
6333f41150e5394e83ab6a34411d7891,盐酸氨溴索,Ambroxol Hydrochloride,盐酸氨溴索缓释胶囊,Ambroxol Hydrochloride SR Capsules,,胶囊剂,口服,75mg,是,H20150018; H20150019,2000-10-31,Boehringer Ingelheim Pharma GmbH & Co.KG,Boehringer Ingelheim Pharma GmbH & Co.KG,上市销售中,进口原研药品 ,R05CB06,,,https://www.cde.org.cn/hymlj/detailPage/6333f41150e5394e83ab6a34411d7891
8a3ca97907c5df93f15fb6910b5c01cd,盐酸氨溴索,Ambroxol Hydrochloride ,盐酸氨溴索片,Ambroxol Hydrochloride Tablets,,片剂 ,口服,30mg,是,H20150082,1991-10-07,Boehringer Ingelheim France,Delpharm Reims,暂停销售,进口原研药品 ,R05CB06,,,https://www.cde.org.cn/hymlj/detailPage/8a3ca97907c5df93f15fb6910b5c01cd
5d8489f9c80004fb4d13254f2772195a,盐酸吡格列酮,Pioglitazone Hydrochloride ,盐酸吡格列酮片,Pioglitazone Hydrochloride Tablets,,片剂,口服,15mg（按吡格列酮计）,是,H20140267,2004-02-13,Takeda Pharmaceutical Company Limited,Takeda Pharmaceutical Company Limited，Osaka Plant,上市销售中,进口原研药品,A10BG03,,,https://www.cde.org.cn/hymlj/detailPage/5d8489f9c80004fb4d13254f2772195a
5a4d762d72643cb695168a8c568aa7e3,盐酸吡格列酮,Pioglitazone Hydrochloride ,盐酸吡格列酮片,Pioglitazone Hydrochloride Tablets,,片剂,口服,30mg（按吡格列酮计）,是,H20140270,2004-02-13,Takeda Pharmaceutical Company Limited,Takeda Pharmaceutical Company Limited，Osaka Plant,暂停销售,进口原研药品,A10BG03,,,https://www.cde.org.cn/hymlj/detailPage/5a4d762d72643cb695168a8c568aa7e3
c80ad14e18a5ac0bc82809199c07f221,盐酸达泊西汀,Dapoxetine Hydrochloride ,盐酸达泊西汀片,Dapoxetine Hydrochloride Tablets,JXHL0900192,片剂,口服,30mg,是,H20150563,2010-12-10,Berlin-Chemie AG,Menarini - Von Heyden GmbH,上市销售中,进口原研药品,G04BX14,,,https://www.cde.org.cn/hymlj/detailPage/c80ad14e18a5ac0bc82809199c07f221
2a599b7b7bdf979d750d88a8e80088c3,盐酸达泊西汀,Dapoxetine Hydrochloride ,盐酸达泊西汀片,Dapoxetine Hydrochloride Tablets,JXHL0900193,片剂,口服,60mg,是,H20150564,2010-12-10,Berlin-Chemie AG,Menarini - Von Heyden GmbH,上市销售中,进口原研药品,G04BX14,,,https://www.cde.org.cn/hymlj/detailPage/2a599b7b7bdf979d750d88a8e80088c3
22e052605811627d2e10ce033594952f,富马酸替诺福韦二吡呋酯,Tenofovir Disoproxil Fumarate,富马酸替诺福韦二吡呋酯片,Tenofovir Disoproxil Fumarate Tablets,,片剂,口服,300mg,是,国药准字H20153090,2008-06-18,,葛兰素史克（天津）有限公司,上市销售中,其他药品,J05AF07,,,https://www.cde.org.cn/hymlj/detailPage/22e052605811627d2e10ce033594952f
794737210d0e1654817f6dc67a67a2e2,利伐沙班,Rivaroxaban,利伐沙班片,Rivaroxaban Tablets,,片剂,口服,10mg,是,H20140132;H20140133,2009-03-31,Bayer AG,Bayer AG,上市销售中,进口原研药品,B01AF01,,,https://www.cde.org.cn/hymlj/detailPage/794737210d0e1654817f6dc67a67a2e2
2e8e787965b2b884ba77bddacd9c5f45,利伐沙班,Rivaroxaban,利伐沙班片,Rivaroxaban Tablets,,片剂,口服,15mg,是,H20150213;H20150215,2015-04-29,Bayer AG,Bayer AG,上市销售中,进口原研药品,B01AF01,,,https://www.cde.org.cn/hymlj/detailPage/2e8e787965b2b884ba77bddacd9c5f45
a67637ea40ee9fb2d68acb3c09a27885,利伐沙班,Rivaroxaban,利伐沙班片,Rivaroxaban Tablets,,片剂,口服,20mg,是,H20150214;H20150216,2015-04-29,Bayer AG,Bayer AG,上市销售中,进口原研药品,B01AF01,,,https://www.cde.org.cn/hymlj/detailPage/a67637ea40ee9fb2d68acb3c09a27885
836cb4dbe6962972b14a7030b6aae972,尼莫地平,Nimodipine,尼莫地平片,Nimodipine Tablets,,片剂,口服,30mg,是,国药准字H20003010,2000-11-02,,拜耳医药保健有限公司,上市销售中,其他药品,C08CA06,,,https://www.cde.org.cn/hymlj/detailPage/836cb4dbe6962972b14a7030b6aae972
f89d1faf99d4e88ec8b250f003ad855d,盐酸莫西沙星,Moxifloxacin Hydrochloride,盐酸莫西沙星片,Moxifloxacin Hydrochloride Tablets,,片剂,口服,0.4g,是,H20140721;H20140722;H20140723,2002-08-30,Bayer Vital GmbH,Bayer Pharma AG,上市销售中,进口原研药品,J01MA14,,,https://www.cde.org.cn/hymlj/detailPage/f89d1faf99d4e88ec8b250f003ad855d
e20e9bd309366a800d3b0cda9f2d9359,戊酸雌二醇,Estradiol Valerate ,戊酸雌二醇片,Estradiol Valerate Tablets,,片剂,口服,1mg,是,H20160679;H20160678,1997-01-29,Jenapharm GmbH & Co. KG,DELPHARM Lille S.A.S.,上市销售中,进口原研药品,G03CA03,,,https://www.cde.org.cn/hymlj/detailPage/e20e9bd309366a800d3b0cda9f2d9359
fbc01fac96fd70010b5d5002f544cc01,阿卡波糖,Acarbose,阿卡波糖片,Acarbose Tablets,,片剂,口服,50mg,是,国药准字H19990205,1999-09-03,,拜耳医药保健有限公司,上市销售中,其他药品,A10BF01,,,https://www.cde.org.cn/hymlj/detailPage/fbc01fac96fd70010b5d5002f544cc01
e8f550569c35f8dde63c8987a04b755a,阿卡波糖,Acarbose,阿卡波糖片,Acarbose Tablets,,片剂,口服,0.1g,是,国药准字H20010716,2001-11-05,,拜耳医药保健有限公司,上市销售中,其他药品,A10BF01,,,https://www.cde.org.cn/hymlj/detailPage/e8f550569c35f8dde63c8987a04b755a
4f4910cb91b57dfd2f89d52d7db0b0ed,头孢克洛,Cefaclor,头孢克洛干混悬剂,Cefaclor for Suspension,,口服混悬剂,口服,0.125g,是,国药准字H10983028,1998-07-06,,礼来苏州制药有限公司,上市销售中,其他药品,J01DC04,,,https://www.cde.org.cn/hymlj/detailPage/4f4910cb91b57dfd2f89d52d7db0b0ed
8ccaa89fa18ad332b5d7dbb09c75d5de,头孢克洛,Cefaclor,头孢克洛胶囊,Cefaclor Capsules,,胶囊剂,口服,0.25g,是,国药准字H10983030,1998-07-06,,礼来苏州制药有限公司,上市销售中,其他药品,J01DC04,,,https://www.cde.org.cn/hymlj/detailPage/8ccaa89fa18ad332b5d7dbb09c75d5de
2d75e34d9f40411975135b0749b29bed,盐酸度洛西汀,Duloxetine Hydrochloride,盐酸度洛西汀肠溶胶囊,Duloxetine Hydrochloride Enteric Capsules,,胶囊剂,口服,30mg,是,H20150284;H20150285,2006-07-28,Eli Lilly and Company,LILLY DEL CARIBE， INC.,上市销售中,进口原研药品,N06AX21,,,https://www.cde.org.cn/hymlj/detailPage/2d75e34d9f40411975135b0749b29bed
09b574f3bc1fdcaaf1b75fd699cbf864,盐酸度洛西汀,Duloxetine Hydrochloride,盐酸度洛西汀肠溶胶囊,Duloxetine Hydrochloride Enteric Capsules,,胶囊剂,口服,60mg,是,H20150286;H20150287,2006-07-28,Eli Lilly and Company,LILLY DEL CARIBE， INC.,上市销售中,进口原研药品,N06AX21,,,https://www.cde.org.cn/hymlj/detailPage/09b574f3bc1fdcaaf1b75fd699cbf864
a588bcb14452e6241c3dda117c6b0099,阿托伐他汀钙,Atorvastatin Calcium ,阿托伐他汀钙片,Atorvastatin Calcium Tablets,CYHS1700640,片剂,口服,按C33H35FN2O5计 20mg,否,国药准字H20193332,2019-11-18,,湖南迪诺制药股份有限公司,新批准暂未销售,按化学药品新注册分类批准的仿制药,C10AA05,,,https://www.cde.org.cn/hymlj/detailPage/a588bcb14452e6241c3dda117c6b0099
5234e8155c918a1e1914c22a76c5f20c,阿托伐他汀钙,Atorvastatin Calcium,阿托伐他汀钙片,Atorvastatin Calcium Tablets,CYHS1700639,片剂,口服,按C33H35FN2O5计 10mg,否,国药准字H20193331,2019-11-18,,湖南迪诺制药股份有限公司 ,新批准暂未销售,按化学药品新注册分类批准的仿制药,C10AA05,,,https://www.cde.org.cn/hymlj/detailPage/5234e8155c918a1e1914c22a76c5f20c
ba78743b7579b60e6816473e7bf3a920,苯磺贝他斯汀,Bepotastine Besilate ,苯磺贝他斯汀片,Bepotastine Besilate Tablets,CYHS1700626,片剂,口服,10mg,否,国药准字H20193370,2019-12-16,,重庆华邦制药有限公司,新批准暂未销售,按化学药品新注册分类批准的仿制药,无,,,https://www.cde.org.cn/hymlj/detailPage/ba78743b7579b60e6816473e7bf3a920
f8da9f73c7dd240ab2d8f8a735dec618,安立生坦,Ambrisentan,安立生坦片,Ambrisentan Tablets,CYHS1700560,片剂,口服,5mg,否,国药准字H20193415,2019-12-26,浙江华海药业股份有限公司,浙江华海药业股份有限公司,新批准暂未销售,按化学药品新注册分类批准的仿制药,C02KX02,,,https://www.cde.org.cn/hymlj/detailPage/f8da9f73c7dd240ab2d8f8a735dec618
ef72a419508028c5685cdbcea096798c,头孢拉定,Cefradine ,头孢拉定胶囊,Cefradine Capsules,CYHB1950073,胶囊剂,口服,0.25g,否,国药准字H20003027,2019-12-18,山东鲁抗医药股份有限公司,山东鲁抗医药股份有限公司,上市销售中,通过质量和疗效一致性评价的药品,J01DB09 ,916b44ce8064ba403e86aace8a34ddee,国药准字H20003027_头孢拉定胶囊.pdf,https://www.cde.org.cn/hymlj/detailPage/ef72a419508028c5685cdbcea096798c
ce4dc6b5c91f5ba1234e2d141b86f55c,厄贝沙坦,Irbesartan,厄贝沙坦片,Irbesartan Tablets,CYHB1850064,片剂,口服,0.075g,否,国药准字H20100164,2019-12-17,扬子江药业集团北京海燕药业有限公司,扬子江药业集团江苏紫龙药业有限公司,上市销售中,通过质量和疗效一致性评价的药品,C09CA04,0c0b453c749df9a0b1dd49deeb5eef14,国药准字H20100164_厄贝沙坦片.pdf,https://www.cde.org.cn/hymlj/detailPage/ce4dc6b5c91f5ba1234e2d141b86f55c
07ae94f14da9d75cdaffda55ed890747,氢溴酸右美沙芬,Dextromethorphan Hydrobromide ,氢溴酸右美沙芬片,Dextromethorphan Hydrobromide Tablets,CYHB1850424,片剂,口服,15mg,否,国药准字H44025297,2019-12-27,广东华南药业集团有限公司,广东华南药业集团有限公司,上市销售中,通过质量和疗效一致性评价的药品,R05DA09 ,76bf87018d435e031e86c84d10aa800d,国药准字H44025297_氢溴酸右美沙芬片.pdf,https://www.cde.org.cn/hymlj/detailPage/07ae94f14da9d75cdaffda55ed890747
89e99664674a07c8e57bb27f887e6c45,盐酸普拉克索,Pramipexole Dihydrochloride,盐酸普拉克索片,Pramipexole Dihydrochloride Tablets,CYHS1700224,片剂,口服,0.25mg,否,国药准字H20193412,2019-12-26,,石药集团欧意药业有限公司,新批准暂未销售,按化学药品新注册分类批准的仿制药,N04BC05,,,https://www.cde.org.cn/hymlj/detailPage/89e99664674a07c8e57bb27f887e6c45
28ae629a2f32853d4d04687412e1fe22,盐酸普拉克索,Pramipexole Dihydrochloride,盐酸普拉克索片,Pramipexole Dihydrochloride Tablets,CYHS1700225,片剂,口服,1.0mg,否,国药准字H20193413,2019-12-26,,石药集团欧意药业有限公司 ,新批准暂未销售,按化学药品新注册分类批准的仿制药,N04BC05,,,https://www.cde.org.cn/hymlj/detailPage/28ae629a2f32853d4d04687412e1fe22
589f23cd80b1b78034a393589340be35,盐酸二甲双胍,Metformin Hydrochloride ,盐酸二甲双胍片,Metformin Hydrochloride Tablets,CYHB1850455,片剂,口服,0.25g,否,国药准字H22023147,2019-12-26,,吉林金恒制药股份有限公司,新批准暂未销售,通过质量和疗效一致性评价的药品,A10BA02 ,70e5b5badaa932d3b0da58f118953120,国药准字H22023147_盐酸二甲双胍片.pdf,https://www.cde.org.cn/hymlj/detailPage/589f23cd80b1b78034a393589340be35
8640bfb83dc681bbc6c34fb1c506349a,苯磺酸氨氯地平,Amlodipine Besylate,苯磺酸氨氯地平片,Amlodipine Besylate Tablets,CYHB1850425,片剂,口服,5mg（按C20H25CIN2O5计）,否,国药准字H20083949,2020-01-02,,江西制药有限责任公司 ,新批准暂未销售,通过质量和疗效一致性评价的药品,C08CA01 ,3a94c7fd3c49daa494cf19ad9bb2fc15,国药准字H20083949_苯磺酸氨氯地平片.pdf,https://www.cde.org.cn/hymlj/detailPage/8640bfb83dc681bbc6c34fb1c506349a
00d52a40504bb68208b623b217264747,诺氟沙星,Norfloxacin ,诺氟沙星胶囊,Norfloxacin Capsules,CYHB1850394,胶囊剂,口服,0.1g,否,国药准字H20153262,2019-12-27,烟台万润药业有限公司,烟台万润药业有限公司,新批准暂未销售,通过质量和疗效一致性评价的药品,J01MA06 ,3792607e5936f212b97d5c909ece48ab,国药准字H20153262_诺氟沙星胶囊.pdf,https://www.cde.org.cn/hymlj/detailPage/00d52a40504bb68208b623b217264747
7d57de542e83028ea8a2f925972e5da4,蒙脱石,Montmorillonite,蒙脱石散,Montmorillonite Powder,CYHB1850324,散剂,口服,每袋含蒙脱石3g ,否,国药准字H20093355,2019-12-13,,北京金城泰尔制药有限公司,新批准暂未销售,通过质量和疗效一致性评价的药品,A07BC05 ,786fd25e0b01ab5f0249ecabb84f4892,国药准字H20093355_蒙脱石散.pdf,https://www.cde.org.cn/hymlj/detailPage/7d57de542e83028ea8a2f925972e5da4
b525d8cfb78c0e49ded97af0308a8915,奥美拉唑钠,Omeprazole Sodium ,注射用奥美拉唑钠,Omeprazole Sodium for Injection,,注射剂,静脉注射,40mg（以奥美拉唑计）按C17H19N3O3S计，40mg,是,国药准字H20030945,2003-09-18, ,阿斯利康制药有限公司,上市销售中,其他药品,A02BC05,,,https://www.cde.org.cn/hymlj/detailPage/b525d8cfb78c0e49ded97af0308a8915
08f6a544cc434ee070178c4c97cedc05,奥美拉唑钠,Omeprazole Sodium ,注射用奥美拉唑钠（静脉滴注）,Omeprazole Sodium for Injection (Intravenous Infusion),,注射剂,静脉注射,40mg（以奥美拉唑计）按C17H19N3O3S计，40mg,是,国药准字H20033394,2003-04-23, ,阿斯利康制药有限公司,上市销售中,其他药品,A02BC05,,,https://www.cde.org.cn/hymlj/detailPage/08f6a544cc434ee070178c4c97cedc05
43f024edc065b9269be1d4f42294d963,地加瑞克,Degarelix,注射用醋酸地加瑞克,Degarelix Acetate for Injection,,注射剂,皮下注射,80mg（按地加瑞克（C82H103N18O16Cl）计算）,是,H20180054,2018-09-11,Ferring Pharmaceuticals A/S,Ferring GmbH,上市销售中,进口原研药品,L02BX02,,,https://www.cde.org.cn/hymlj/detailPage/43f024edc065b9269be1d4f42294d963
00fabb2e64ae1beae56c5fb1708addcb,地加瑞克,Degarelix,注射用醋酸地加瑞克,Degarelix Acetate for Injection,,注射剂,皮下注射,120mg （按地加瑞克（C82H103N18O16Cl）计算）,是,H20180053,2018-09-11,Ferring Pharmaceuticals A/S,Ferring GmbH,上市销售中,进口原研药品,L02BX02,,,https://www.cde.org.cn/hymlj/detailPage/00fabb2e64ae1beae56c5fb1708addcb
7c448956ee132c49061cdd40fe9dd3a9,醋酸亮丙瑞林,Leuprorelin Acetate,注射用醋酸亮丙瑞林微球, Leuprorelin Acetate Microspheres for Injection,,注射剂,皮下注射,1.88mg,是,H20150326;H20150328;H20130658;H20130659,2000-04-26,Takeda Pharmaceutical Company Limited,Takeda Pharmaceutical Company Limited， Osaka Plant;Takeda Pharmaceutical Company Limited， Hikari Plant,上市销售中,进口原研药品,L02AE02,,,https://www.cde.org.cn/hymlj/detailPage/7c448956ee132c49061cdd40fe9dd3a9
bd20353d68779d429831718756870606,醋酸亮丙瑞林,Leuprorelin Acetate,注射用醋酸亮丙瑞林微球, Leuprorelin Acetate Microspheres for Injection,,注射剂,皮下注射,3.75mg,是,H20150327;H20150329;H20130660;H20130661,1992-10-21, Takeda Pharmaceutical Company Limited,Takeda Pharmaceutical Company Limited， Osaka Plant;Takeda Pharmaceutical Company Limited， Hikari Plant,上市销售中,进口原研药品,L02AE02,,,https://www.cde.org.cn/hymlj/detailPage/bd20353d68779d429831718756870606
0f3ef23a5343c39fe77574ef1d3b4a00,醋酸亮丙瑞林,Leuprorelin Acetate,注射用醋酸亮丙瑞林微球, Leuprorelin Acetate Microspheres for Injection,,注射剂,皮下注射,11.25mg,是,H20150229;H20150230,2009-09-02,Takeda Pharmaceutical Company Limited,Takeda Pharmaceutical Company Limited， Hikari Plant,上市销售中,进口原研药品,L02AE02,,,https://www.cde.org.cn/hymlj/detailPage/0f3ef23a5343c39fe77574ef1d3b4a00
24f963d531284445b86a1a41ab83663f,达托霉素,daptomycin,注射用达托霉素,Daptomycin for Injection,,注射剂,静脉注射,0.5g,是,H20181068,2009-09-02, Cubist Pharmaceuticals， LLC.,OSO Biopharmaceuticals Manufacturing， LLC.,上市销售中,进口原研药品,J01XX09,,,https://www.cde.org.cn/hymlj/detailPage/24f963d531284445b86a1a41ab83663f
565545e619faa281155f6ebae534d7d1,视黄醇棕榈酸酯（维生素A）；胆骨化醇（维生素D3 ）；消旋α-生育酚(维生素E)；抗坏血酸（维生素C）；四水脱羧辅酶；二水 合核黄素磷酸钠（维生素B2）；盐酸吡哆醇（维生素B6）；氰钴胺素（维生素B12）；叶 酸；右旋泛醇；D-生物素（维生素H）；尼克酰胺,Retinol Palmitate;Cholecalciferol;All-rac-alpha-tocopherol;Ascorbic Acid;Cocarboxylase tetrahydrate;Riboflavin Sodium Phosphate;Pyridoxine HCl;Cyanocobalamin;Folic Acid;Dexpanthenol;Biotin;Nicotinamide,注射用多种维生素(12),Multivitamin for Injection,,注射剂,静脉注射；肌肉注射,5ml/支,是,H20181203,1999-10-29,Baxter S.A.,Pierre Fabre Médicament Production,上市销售中,进口原研药品, ,,,https://www.cde.org.cn/hymlj/detailPage/565545e619faa281155f6ebae534d7d1
0b9ef23b76f973f5daa08c4dd712ea89,更昔洛韦,Ganciclovir ,注射用更昔洛韦,Ganciclovir for Injection,,注射剂,静脉注射,0.5克,是,H20130374,1996-09-11,CHEPLAPHARM Arzneimittel GmbH,BSP Pharmaceuticals S.p.A.,上市销售中,进口原研药品,J05AB06,,,https://www.cde.org.cn/hymlj/detailPage/0b9ef23b76f973f5daa08c4dd712ea89
deaee9169809d8bd4dbf798dd90a57b8,甲泼尼龙琥珀酸钠,Methylprednisolone Sodium Succinate,注射用甲泼尼龙琥珀酸钠,Methylprednisolone Sodium Succinate for Injection,,注射剂,静脉注射；肌内注射,40mg,是,H20170197,1988-09-01,PFIZER SA,Pfizer Manufacturing Belgium NV,上市销售中,进口原研药品,H02AB04,,,https://www.cde.org.cn/hymlj/detailPage/deaee9169809d8bd4dbf798dd90a57b8
95b04d4d602b6ea77e37500faa600391,甲泼尼龙琥珀酸钠,Methylprednisolone Sodium Succinate,注射用甲泼尼龙琥珀酸钠,Methylprednisolone Sodium Succinate for Injection,,注射剂,静脉注射；肌内注射,500mg,是,H20170199,1988-09-01,PFIZER SA,Pfizer Manufacturing Belgium NV,上市销售中,进口原研药品,H02AB04,,,https://www.cde.org.cn/hymlj/detailPage/95b04d4d602b6ea77e37500faa600391
ce927a76d7bf90292a35647343a8067f,米卡芬净钠,Micafungin Sodium,注射用米卡芬净钠,Micafungin Sodium for Injection,,注射剂,静脉注射,50mg,是,H20160524,2006-05-12,Astellas Pharma Europe B.V.,Astellas Pharma Tech Co.， Ltd. Takaoka Plant,上市销售中,进口原研药品,J02AX05,,,https://www.cde.org.cn/hymlj/detailPage/ce927a76d7bf90292a35647343a8067f
a6b1061d00ab161a3001320217acb0ea,替考拉宁,Teicoplanin,注射用替考拉宁,Teicoplanin for Injection,,注射剂,静脉注射；肌肉注射,200mg,是 ,H20160587;H20160586,2000-12-15,Sanofi S.p.A,Sanofi S.p.A,上市销售中,进口原研药品,J01XA02,,,https://www.cde.org.cn/hymlj/detailPage/a6b1061d00ab161a3001320217acb0ea
3c33e041f2bd46e16217e02b149f1e11,盐酸美法仑,Melphalan HCl,注射用盐酸美法仑,Melphalan Hydrochloride for Injection,,注射剂,静脉注射,50mg（以C13H18Cl2N2O2计）,是,H20180073,2018-11-30,Spectrum Pharmaceuticals，Inc.,PATHEON MANUFACTURING SERVICES，LLC,上市销售中,进口原研药品,L01AA03,,,https://www.cde.org.cn/hymlj/detailPage/3c33e041f2bd46e16217e02b149f1e11
7d232c7dd78461d181518ffbd5e53e82,左氧氟沙星,Levofloxacin,左氧氟沙星滴眼液,Levofloxacin Eye Drops,,滴眼剂,眼用,5ml:24.4mg,是,H20150278,2004-11-15,Santen Pharmaceutical Co.，Ltd.,Santen Pharmaceutical Co.， Ltd. 应该为Santen Pharmaceutical Co.， Ltd.Noto Plant,上市销售中,进口原研药品,S01AE05,,,https://www.cde.org.cn/hymlj/detailPage/7d232c7dd78461d181518ffbd5e53e82
abfe40561273e5fe4aa06d417753fba8,阿奇霉素,Azithromycin,阿奇霉素片,Azithromycin Tablets,,片剂,口服,0.25g（25万单位）,是,国药准字H10960167,1996-07-04,,辉瑞制药有限公司,上市销售中,其他药品,J01FA10,,,https://www.cde.org.cn/hymlj/detailPage/abfe40561273e5fe4aa06d417753fba8
edc48631af6bfec9d1be7c034d606a16,艾塞那肽,Exenatide,艾塞那肽注射液,Exenatide Injection,,注射剂,皮下注射,10μg（0.25mg/ml，2.4ml/支）,是,H20140822,2009-05-08,AstraZeneca AB,Baxter Pharmaceutical Solutions LLC ,上市销售中,进口原研药品,A10BJ01,,,https://www.cde.org.cn/hymlj/detailPage/edc48631af6bfec9d1be7c034d606a16
5c74ecb853a03553d0e9f0822b248e77,艾塞那肽,Exenatide,艾塞那肽注射液,Exenatide Injection,,注射剂,皮下注射,5μg（0.25mg/ml，1.2ml/支）,是,H20140821,2009-05-08,AstraZeneca AB,Baxter Pharmaceutical Solutions LLC ,上市销售中,进口原研药品,A10BJ01,,,https://www.cde.org.cn/hymlj/detailPage/5c74ecb853a03553d0e9f0822b248e77
ebe5fca9ed15a7cb60eda365bc7f9300,白消安,Busulfan,白消安注射液,Busulfan Injection,,注射剂,静脉注射,10ml:60mg,是,H20170308,2003-12-12,Otsuka Pharmaceutical Co.，Ltd.,Baxter Oncology GmbH,上市销售中,进口原研药品,L01AB01,,,https://www.cde.org.cn/hymlj/detailPage/ebe5fca9ed15a7cb60eda365bc7f9300
7f3c4d011db71c092b4ef6230304fd4b,苯丁酸氮芥,Chlorambucil,苯丁酸氮芥片,Chlorambucil Tablets,,片剂,口服,2mg,是 ,H20170291,1999-12-30,Aspen Pharmacare Australia Pty Ltd,Excella GmbH & Co.KG,上市销售中 ,进口原研药品,L01AA02,,,https://www.cde.org.cn/hymlj/detailPage/7f3c4d011db71c092b4ef6230304fd4b
ad2cc051dbaba670f0edcfd41d2dde8a,苯甲酸阿格列汀,Alogliptin Benzoate,苯甲酸阿格列汀片,Alogliptin Benzoate Tablets,,片剂,口服,按C18H21N5O2计，25mg,是,H20130548,2013-07-16,Takeda Pharmaceutical Company Limited,Takeda Ireland Limited,上市销售中,进口原研药品,,,,https://www.cde.org.cn/hymlj/detailPage/ad2cc051dbaba670f0edcfd41d2dde8a
9f9c74c73e0f8f56a8bfbc646055026d,阿卡波糖,Acarbose ,阿卡波糖片,Acarbose Tablets,,片剂 ,口服,50mg,是,H20130906,1994-12-09,Bayer Vital GmbH,Bayer Pharma AG,暂停销售,进口原研药品 ,A10BF01,,,https://www.cde.org.cn/hymlj/detailPage/9f9c74c73e0f8f56a8bfbc646055026d
369ac7cfeb67c6000c33f85e6f374044,阿卡波糖,Acarbose ,阿卡波糖片,Acarbose Tablets,,片剂 ,口服,100mg,是,H20130907,1994-12-09,Bayer Vital GmbH,Bayer Pharma AG,暂停销售,进口原研药品 ,A10BF01,,,https://www.cde.org.cn/hymlj/detailPage/369ac7cfeb67c6000c33f85e6f374044
fc528384dbd9f6691ff56f7e1167b4ad,阿莫西林; 克拉维酸钾,Amoxicillin; Clavulanate Potassium,阿莫西林克拉维酸钾干混悬剂,Amoxicillin and Clavulanate Potassium for Suspension,,口服混悬剂,口服,0.2285g（C16H19N3O5S 0.2g与C8H9NO5 0.0285g）,是,H20160011,2004-08-25,SmithKline Beecham Limited,SmithKline Beecham Limited,暂停销售,进口原研药品 ,J01CA04,,,https://www.cde.org.cn/hymlj/detailPage/fc528384dbd9f6691ff56f7e1167b4ad
f1b85f03689d513e5cce1c6a3185af25,阿莫西林; 克拉维酸钾,Amoxicillin; Clavulanate Potassium ,阿莫西林克拉维酸钾片,Amoxicillin and Clavulanate Potassium Tablets,,片剂,口服,0.625g,是,H20160646,1999-03-12,Beecham Group Plc,SmithKline Beecham Limited,上市销售中,进口原研药品 ,J01CA04,,,https://www.cde.org.cn/hymlj/detailPage/f1b85f03689d513e5cce1c6a3185af25
2f78f372d351c6851af7431c7710a731,阿莫西林; 克拉维酸钾,Amoxicillin; Clavulanate Potassium ,阿莫西林克拉维酸钾片,Amoxicillin and Clavulanate Potassium Tablets,,片剂,口服,1g(7:1),是,H20160067; H20160068,2000-10-12,Beecham Group Plc,SmithKline Beecham Limited,上市销售中,进口原研药品 ,J01CA04,,,https://www.cde.org.cn/hymlj/detailPage/2f78f372d351c6851af7431c7710a731
da6efd086c099b7fc949121166f0130c,阿那曲唑,Anastrozole ,阿那曲唑片,Anastrozole Tablets,,片剂,口服,1mg,是,H20140691,1998-10-29,AstraZeneca UK Limited,AstraZeneca Pharmaceuticals LP,上市销售中,进口原研药品 ,L02BG03,,,https://www.cde.org.cn/hymlj/detailPage/da6efd086c099b7fc949121166f0130c
686e3f1c9b668b36f3a41bf56102e92b,阿司匹林,Aspirin,阿司匹林肠溶片,Aspirin Enteric-Coated Tablets,,片剂,口服,100mg,是,H20160684,2008-05-13,Bayer S.p.A ,Bayer HealthCare Manufacturing S.r.l.,上市销售中,进口原研药品 ,无,,,https://www.cde.org.cn/hymlj/detailPage/686e3f1c9b668b36f3a41bf56102e92b
07edef25f1e7354bfd8490baa0ce056b,阿托伐他汀钙,Atorvastatin Calcium ,阿托伐他汀钙片,Atorvastatin Calcium Tablets,,片剂,口服,20mg,是,H20170216,2000-05-16,Pfizer Inc.,Pfizer Pharmaceuticals LLC,上市销售中,进口原研药品,C10AA05,,,https://www.cde.org.cn/hymlj/detailPage/07edef25f1e7354bfd8490baa0ce056b
4b5255eb0a84820cef4ca3e8b6bbe20c,阿托伐他汀钙,Atorvastatin Calcium ,阿托伐他汀钙片,Atorvastatin Calcium Tablets,,片剂,口服,40mg,是,H20170217,2000-05-16,Pfizer Inc.,Pfizer Pharmaceuticals LLC,暂停销售,进口原研药品,C10AA05,,,https://www.cde.org.cn/hymlj/detailPage/4b5255eb0a84820cef4ca3e8b6bbe20c
b40868b5e21c038a6aa8b4319d21b07d,阿昔莫司,Acipimox,阿昔莫司胶囊,Acipimox Capsules,,胶囊剂,口服,0.25g,是,H20130931,1994-06-03,Pfizer Italia s.r.l,Pfizer Italia s.r.l,上市销售中,进口原研药品 ,C10AD06,,,https://www.cde.org.cn/hymlj/detailPage/b40868b5e21c038a6aa8b4319d21b07d
ba7aed094c29ae31467c0a35463a716e,阿昔替尼,Axitinib,阿昔替尼片,Axitinib Tablets,JXHS1400080,片剂,口服,1mg,是,H20150219; H20150220,2015-04-29,Pfizer Limited,Pfizer Manufacturing Deutschland GmbH， Betriebsstatte Freiburg,上市销售中,进口原研药品,L01XE17,,,https://www.cde.org.cn/hymlj/detailPage/ba7aed094c29ae31467c0a35463a716e
3d1afd0f24c91f6f76c2ae086d480947,阿昔替尼,Axitinib,阿昔替尼片,Axitinib Tablets,JXHS1400081,片剂,口服,5mg,是,H20150221; H20150222,2015-04-29,Pfizer Limited,Pfizer Manufacturing Deutschland GmbH， Betriebsstatte Freiburg,上市销售中,进口原研药品,L01XE17,,,https://www.cde.org.cn/hymlj/detailPage/3d1afd0f24c91f6f76c2ae086d480947
0406ac150906843c7fa86a1fedf4ee62,奥氮平,Olanzapine,奥氮平口崩片,Olanzapine Orally Disintegrating Tablets,JXHS0800016,片剂,口服,5mg,是,H20160529; H20160530,2009-09-29,Eli Lilly Nederland B.V.,Catalent UK Swindon Zydis Ltd.,上市销售中,进口原研药品 ,N05AH03,,,https://www.cde.org.cn/hymlj/detailPage/0406ac150906843c7fa86a1fedf4ee62
6aa4f5f783c7c11b48851d2eecbfe7f1,奥氮平,Olanzapine,奥氮平口崩片,Olanzapine Orally Disintegrating Tablets,JXHS0800017,片剂,口服,10mg,是,H20160531; H20160532,2009-09-29,Eli Lilly Nederland B.V.,Catalent UK Swindon Zydis Ltd.,上市销售中,进口原研药品 ,N05AH03,,,https://www.cde.org.cn/hymlj/detailPage/6aa4f5f783c7c11b48851d2eecbfe7f1
c8d79e513a6df98adf05893281ace198,奥氮平,Olanzapine,奥氮平口崩片,Olanzapine Orally Disintegrating Tablets,JXHS0800018,片剂,口服,15mg,是,H20160533; H20160534,2009-09-29,Eli Lilly Nederland B.V.,Catalent UK Swindon Zydis Ltd.,暂停销售,进口原研药品 ,N05AH03,,,https://www.cde.org.cn/hymlj/detailPage/c8d79e513a6df98adf05893281ace198
0d287a1b944928aeacbb900cb6f6397b,奥氮平,Olanzapine,奥氮平口崩片,Olanzapine Orally Disintegrating Tablets,JXHS0800019,片剂,口服,20mg,是,H20160535; H20160536,2009-09-29,Eli Lilly Nederland B.V.,Catalent UK Swindon Zydis Ltd.,暂停销售,进口原研药品 ,N05AH03,,,https://www.cde.org.cn/hymlj/detailPage/0d287a1b944928aeacbb900cb6f6397b
58de668b34f53e8c2526c8dfab699dbf,奥氮平,Olanzapine ,奥氮平片,Olanzapine Tablets,,片剂,口服,2.5mg,是,H20160498; H20160499,2000-07-24,Eli Lilly Nederland B.V.,Lilly，S.A.,暂停销售,进口原研药品 ,N05AH03,,,https://www.cde.org.cn/hymlj/detailPage/58de668b34f53e8c2526c8dfab699dbf
28a50ba4229862e29ebdf9765b5412ad,奥氮平,Olanzapine ,奥氮平片,Olanzapine Tablets,,片剂,口服,5mg,是,H20160496; H20160497,1998-10-29,Eli Lilly Nederland B.V.,Lilly，S.A.,上市销售中,进口原研药品 ,N05AH03,,,https://www.cde.org.cn/hymlj/detailPage/28a50ba4229862e29ebdf9765b5412ad
940f6cce8604a8bb54b2ed4a24929c50,奥氮平,Olanzapine ,奥氮平片,Olanzapine Tablets,,片剂,口服,10mg,是,H20160494; H20160495,1998-10-29,Eli Lilly Nederland B.V.,Lilly，S.A.,上市销售中,进口原研药品 ,N05AH03,,,https://www.cde.org.cn/hymlj/detailPage/940f6cce8604a8bb54b2ed4a24929c50
98c86fd000f4db7659f50a23efb2a133,奥利司他,Orlistat,奥利司他胶囊,Orlistat Capsules,,胶囊剂,口服,0.12g,是,H20171188,2000-10-31,Roche Pharma (Schweiz) Ltd.,Roche SpA,上市销售中,进口原研药品,A08AB01,,,https://www.cde.org.cn/hymlj/detailPage/98c86fd000f4db7659f50a23efb2a133
2d48c7c9395563e30bec7165371e858b,盐酸多奈哌齐,Donepezil Hydrochloride,盐酸多奈哌齐片,Donepezil Hydrochloride Tablets,,片剂,口服,5mg,是,国药准字H20050978,2005-05-27,,卫材（中国）药业有限公司,上市销售中,其他药品,N06DA02,,,https://www.cde.org.cn/hymlj/detailPage/2d48c7c9395563e30bec7165371e858b
1845d660d24974219b14f9ae7093bd0c,盐酸多奈哌齐,Donepezil Hydrochloride,盐酸多奈哌齐片,Donepezil Hydrochloride Tablets,,片剂,口服,10mg,是,国药准字H20070181,2007-08-14,,卫材（中国）药业有限公司,上市销售中,其他药品,N06DA02,,,https://www.cde.org.cn/hymlj/detailPage/1845d660d24974219b14f9ae7093bd0c
b49bb8b910a8b6293cc8289d4349db31,氨氯地平；阿托伐他汀钙,Amlodipine Besylate and Atorvastatin Calcium,氨氯地平阿托伐他汀钙片,Amlodipine Besylate and Atorvastatin Calcium Tablets,,片剂,口服,5mg/10mg(以氨氯地平/阿托伐他汀计),是,H20170229;H20170244;H20170232,2008-04-03,PF Prism CV,Pfizer Manufacturing Deutschland GmbH (Betriebsstatte Freiburg),上市销售中,进口原研药品,C10BX03 ,,,https://www.cde.org.cn/hymlj/detailPage/b49bb8b910a8b6293cc8289d4349db31
a4d4a92b7fc84a1396e38ed14475d3f0,氨氯地平；阿托伐他汀钙,Amlodipine Besylate and Atorvastatin Calcium,氨氯地平阿托伐他汀钙片,Amlodipine Besylate and Atorvastatin Calcium Tablets,,片剂,口服,5mg/20mg(以氨氯地平/阿托伐他汀计),是,H20170230;H20170245;H20170233,2008-04-03, PF Prism CV,Pfizer Manufacturing Deutschland GmbH (Betriebsstatte Freiburg),上市销售中,进口原研药品,C10BX03 ,,,https://www.cde.org.cn/hymlj/detailPage/a4d4a92b7fc84a1396e38ed14475d3f0
690601527d1cce2931beddf942eced00,氨氯地平；阿托伐他汀钙,Amlodipine Besylate and Atorvastatin Calcium,氨氯地平阿托伐他汀钙片,Amlodipine Besylate and Atorvastatin Calcium Tablets,,片剂,口服, 5mg/40mg(以氨氯地平/阿托伐他汀计),是,H20170231;H20170246;H20170234,2008-04-03, PF Prism CV,Pfizer Manufacturing Deutschland GmbH (Betriebsstatte Freiburg),上市销售中,进口原研药品,C10BX03 ,,,https://www.cde.org.cn/hymlj/detailPage/690601527d1cce2931beddf942eced00
f0dbe45e242e85f294f1170128e99176,苯磺酸氨氯地平,Amlodipine Besilate,苯磺酸氨氯地平片,Amlodipine Besilate Tablets,,片剂,口服,5mg,是,国药准字H10950224,1994-04-07,,辉瑞制药有限公司,上市销售中,其他药品,,,,https://www.cde.org.cn/hymlj/detailPage/f0dbe45e242e85f294f1170128e99176
835586b5294fb5812cb9361dbd6e5443,苯磺酸氨氯地平,Amlodipine Besilate,苯磺酸氨氯地平片,Amlodipine Besilate Tablets,,片剂,口服,10mg,是,国药准字H20093660,2009-05-31,,辉瑞制药有限公司,上市销售中,其他药品,,,,https://www.cde.org.cn/hymlj/detailPage/835586b5294fb5812cb9361dbd6e5443
920d3c20fa7438a8d6cf2131d5fd2697,伏立康唑,Voriconazole ,伏立康唑干混悬剂,Voriconazolefor Oral Suspension,,口服混悬剂,口服,45g：3g,是,H20150129,2006-07-25,Pfizer Limited,Fareva Amboise,上市销售中,进口原研药品,J02AC03,,,https://www.cde.org.cn/hymlj/detailPage/920d3c20fa7438a8d6cf2131d5fd2697
67604e6172cee6c39f82bb3fcb549265,枸橼酸西地那非,Sildenafil Citrate,枸橼酸西地那非片,Sildenafil Citrate Tablets,,片剂,口服,25mg,是,国药准字H20020526,2000-02-19,,辉瑞制药有限公司,上市销售中,其他药品,G04BE03 ,,,https://www.cde.org.cn/hymlj/detailPage/67604e6172cee6c39f82bb3fcb549265
741d8ec19a795e4656f768d43f097454,枸橼酸西地那非,Sildenafil Citrate,枸橼酸西地那非片,Sildenafil Citrate Tablets,,片剂,口服,50mg,是,国药准字H20020527,2000-02-19,,辉瑞制药有限公司,上市销售中,其他药品,G04BE03 ,,,https://www.cde.org.cn/hymlj/detailPage/741d8ec19a795e4656f768d43f097454
79ce1dda3770a5799ffa1765fc9aa5da,枸橼酸西地那非,Sildenafil Citrate,枸橼酸西地那非片,Sildenafil Citrate Tablets,,片剂,口服,100mg,是,国药准字H20020528,2000-02-19,,辉瑞制药有限公司,上市销售中,其他药品,G04BE03 ,,,https://www.cde.org.cn/hymlj/detailPage/79ce1dda3770a5799ffa1765fc9aa5da
fc722ef8de5da81e6fcee89ca34bacc9,多沙唑嗪,Doxazosin,甲磺酸多沙唑嗪缓释片,Doxazosin Mesylate Extended Release Tablets,,片剂,口服,4mg,是,H20170174;H20170175,2001-06-29,Pfizer Pharma PFE GmbH,Pfizer Pharmaceuticals LLC,上市销售中,进口原研药品,C02CA04,,,https://www.cde.org.cn/hymlj/detailPage/fc722ef8de5da81e6fcee89ca34bacc9
911bae49dc536eb9a80f3b22d2fa4c91,酒石酸托特罗定,Tolterodine L-Tartrate,酒石酸托特罗定缓释胶囊,Tolterodine L-Tartrate Sustained Release Capsules,,胶囊剂,口服,2mg,是,H20181074,2008-06-16 ,Pfizer Italia s.r.l,Catalent Pharma Solutions， LLC.,上市销售中,进口原研药品,G04BD07,,,https://www.cde.org.cn/hymlj/detailPage/911bae49dc536eb9a80f3b22d2fa4c91
c42efa48251df03cb0a9beb779e146ab,酒石酸托特罗定,Tolterodine L-Tartrate,酒石酸托特罗定缓释胶囊,Tolterodine L-Tartrate Sustained Release Capsules,,胶囊剂,口服,4mg,是,H20181075,2008-06-16 ,Pfizer Italia s.r.l,Catalent Pharma Solutions， LLC.,上市销售中,进口原研药品,G04BD07,,,https://www.cde.org.cn/hymlj/detailPage/c42efa48251df03cb0a9beb779e146ab
dfaa02d6d11b2323bd731d8e95e6377a,克唑替尼,Crizotinib,克唑替尼胶囊,Crizotinib Capsules,,胶囊剂,口服,250mg,是,H20171009;H20171013;H20171014,2013-01-22,Pfizer Ltd.,Pfizer Manufacturing Deutschland GmbH， Betriebsstatte Freiburg,上市销售中,进口原研药品,L01XE16,,,https://www.cde.org.cn/hymlj/detailPage/dfaa02d6d11b2323bd731d8e95e6377a
06264b2836d41581ef0e27becdca772e,克唑替尼,Crizotinib,克唑替尼胶囊,Crizotinib Capsules,,胶囊剂,口服,200mg,是,H20171008;H20171011;H20171012,2013-01-22,Pfizer Ltd.,Pfizer Manufacturing Deutschland GmbH， Betriebsstatte Freiburg,上市销售中,进口原研药品,L01XE16,,,https://www.cde.org.cn/hymlj/detailPage/06264b2836d41581ef0e27becdca772e
aa0c049c067a740142af73ec0b856ee0,奥卡西平,Oxcarbazepine ,奥卡西平片,Oxcarbazepine  Tablets,,片剂,口服,0.3g,是,H20171032;H20171033,1997-12-05,Novartis Pharma Schweiz AG,Novartis Farma S.p.A. ,上市销售中,进口原研药品,N03AF02,,,https://www.cde.org.cn/hymlj/detailPage/aa0c049c067a740142af73ec0b856ee0
17eb87d9d8309a05bce09dfd44ac2066,奥卡西平,Oxcarbazepine ,奥卡西平片,Oxcarbazepine  Tablets,,片剂,口服,0.15g,是,H20171030;H20171031,2003-06-20,Novartis Pharma Schweiz AG,Novartis Farma S.p.A. ,上市销售中,进口原研药品,N03AF02,,,https://www.cde.org.cn/hymlj/detailPage/17eb87d9d8309a05bce09dfd44ac2066
be0cbfc01328a6ce252fea3e91affe1e,氟伐他汀钠,Fluvastatin  Sodium,氟伐他汀钠缓释片,Fluvastatin  Sodium extended release tablets,,片剂,口服,80mg,是,国药准字H20090179,2009-04-09,,北京诺华制药有限公司,上市销售中,其他药品,C10AA04,,,https://www.cde.org.cn/hymlj/detailPage/be0cbfc01328a6ce252fea3e91affe1e
a38135dfe72524a15d357e060f2b82d4,替比夫定,Telbivudine,替比夫定片,Telbivudine  Tablets,,片剂,口服,600mg,是,国药准字H20070028,2007-02-14,,北京诺华制药有限公司,上市销售中,其他药品,J05AF11,,,https://www.cde.org.cn/hymlj/detailPage/a38135dfe72524a15d357e060f2b82d4
8976c9728a72c91f4bb8cd58df0c0b6d,维格列汀,Vildagliptin,维格列汀片,Vildagliptin Tablets,,片剂,口服,50mg,是, H20170023;H20170028;H20181103 ,2011-08-15,Novartis Europharm Ltd.,Novartis Farmaceutica S.A. ,上市销售中,进口原研药品,A10BH02,,,https://www.cde.org.cn/hymlj/detailPage/8976c9728a72c91f4bb8cd58df0c0b6d
9bb784f8684f531723ee0a3abb95280e,盐酸贝那普利,Benazepril Hydrochloride,盐酸贝那普利片,Benazepril Hydrochloride Tablets,,片剂,口服,5mg,是,国药准字H20000292,2000-04-20,,北京诺华制药有限公司,上市销售中,其他药品,C09AA07,,,https://www.cde.org.cn/hymlj/detailPage/9bb784f8684f531723ee0a3abb95280e
44d35f27b5843eb236343e6d2073867c,盐酸贝那普利,Benazepril Hydrochloride,盐酸贝那普利片,Benazepril Hydrochloride Tablets,,片剂,口服,10mg,是,国药准字H20030514,1999-04-21,,北京诺华制药有限公司,上市销售中,其他药品,C09AA07,,,https://www.cde.org.cn/hymlj/detailPage/44d35f27b5843eb236343e6d2073867c
fd093b6ea252c55ff5cc7da15071f0b6,伏格列波糖,Voglibose,伏格列波糖片,Voglibose Tablets,,片剂,口服,0.2mg,是,国药准字H20010308,2001-04-10,,天津武田药品有限公司,上市销售中,其他药品,A10BF03,,,https://www.cde.org.cn/hymlj/detailPage/fd093b6ea252c55ff5cc7da15071f0b6
5051d98353330d467e4d5681a1d0903b,伏格列波糖,Voglibose,伏格列波糖片,Voglibose Tablets,,片剂,口服,0.3mg,是,国药准字H20163151,2016-05-05,,天津武田药品有限公司,上市销售中,其他药品,A10BF03,,,https://www.cde.org.cn/hymlj/detailPage/5051d98353330d467e4d5681a1d0903b
6a4f124c09eea8f66d3eaf642896955f,兰索拉唑,Lansoprazole,兰索拉唑肠溶胶囊,Lansoprazole Enteric-coated Capsules,,胶囊剂,口服,30mg,是,国药准字H10980035,1996-12-06,,天津武田药品有限公司,上市销售中,其他药品,A02BC03,,,https://www.cde.org.cn/hymlj/detailPage/6a4f124c09eea8f66d3eaf642896955f
4480e351afa8065f194a4985c0103c1c,甘草酸苷、DL-蛋氨酸、甘氨酸,Glycyrrhizin ;Glycine ;DL-Methionine,复方甘草酸苷片,Compound Glycyrrhizin Tablets ,,片剂,口服,,是,H20171325;H20171326,1996-11-02,Minophagen Pharmaceutical Co.， Ltd.,Akiyama Jozai Co.， Ltd,上市销售中,进口原研药品,,,,https://www.cde.org.cn/hymlj/detailPage/4480e351afa8065f194a4985c0103c1c
cd1a8c8a775fd105595cc9d8e9a32414,头孢托仑,Cefditoren,头孢托仑匹酯颗粒,Cefditoren Pivoxil Granules,,颗粒剂,口服,30mg(效价）/0.3g/袋,是,H20150212,2015-04-29,Meiji Seika Pharma Co.， Ltd.,Meiji Seika Pharma Co.， Ltd. Odawara Plant,上市销售中,进口原研药品,J01DD16,,,https://www.cde.org.cn/hymlj/detailPage/cd1a8c8a775fd105595cc9d8e9a32414
c6022a143446d9aa1f4bfe00953fc6e5,头孢托仑,Cefditoren,头孢托仑匹酯颗粒,Cefditoren Pivoxil Granules,,颗粒剂,口服,50mg(效价）/0.5g/袋,是,H20150211,2015-04-29,Meiji Seika Pharma Co.， Ltd.,Meiji Seika Pharma Co.， Ltd. Odawara Plant,上市销售中,进口原研药品,J01DD16,,,https://www.cde.org.cn/hymlj/detailPage/c6022a143446d9aa1f4bfe00953fc6e5
183d41dd6274e3b2c398b60043013965,头孢妥仑,Cefditoren,头孢妥仑匹酯片,Cefditoren Pivoxil Tablets,,片剂,口服,100mg,是,H20150234,2000-08-26, Meiji Seika Pharma Co.， Ltd., Meiji Seika Pharma Co.， Ltd. Odawara Plant,上市销售中,进口原研药品,J01DD16,,,https://www.cde.org.cn/hymlj/detailPage/183d41dd6274e3b2c398b60043013965
c556732ad3111f0b5e671c60638dc245,马来酸伊索拉定,Irsogladine Maleate,马来酸伊索拉定片,Irsogladine Maleate Tablets,,片剂,口服,2mg,是,H20150259;H20150260,1997-01-31,Nippon Shinyaku Co.，Ltd.,Odawar Factory of Nippon Shinyaku Co.，Ltd.,上市销售中,进口原研药品,,,,https://www.cde.org.cn/hymlj/detailPage/c556732ad3111f0b5e671c60638dc245
f0911fe727641b088eb7bbabc0901877,羟苯磺酸钙,Calcium Dobesilate,羟苯磺酸钙胶囊,Calcium Dobesilate Capsules,,胶囊剂,口服,0.5g,是,H20140641,1992-07-04,Ebewe Pharma Ges.m.b.H.Nfg.KG,Klocke Pharma Service,上市销售中,进口原研药品,C05BX01,,,https://www.cde.org.cn/hymlj/detailPage/f0911fe727641b088eb7bbabc0901877
20f9a2a264ea511916dce2c6538b97ce,每片含尼古丁树脂酸盐10.0毫克，相当于尼古丁2.0毫克,Nicotine resinate,尼古丁咀嚼胶,Nicotine Chewing Gum,,咀嚼胶,口腔,2mg,是,H20160588;H20160632;H20160589,1999-03-11,McNeil Sweden AB,McNeil AB,上市销售中,进口原研药品,N07BA01,,,https://www.cde.org.cn/hymlj/detailPage/20f9a2a264ea511916dce2c6538b97ce
3c0877f9e047f78e7ffdbe8d00854ba2,每片含尼古丁树脂酸盐20.0毫克，相当于尼古丁4.0毫克,Nicotine resinate,尼古丁咀嚼胶,Nicotine Chewing Gum,,咀嚼胶,口腔,4mg,是,H20160590;H20160633;H20160591,1999-03-11,McNeil Sweden AB,McNeil AB,上市销售中,进口原研药品,N07BA01,,,https://www.cde.org.cn/hymlj/detailPage/3c0877f9e047f78e7ffdbe8d00854ba2
e0d4b82e3d3dd7953a2f38326a6d74b6,盐酸沙格雷酯,Sarpogrelate Hydrochloride,盐酸沙格雷酯片,Sarpogrelate Hydrochloride Tablets,,片剂,口服,100mg/片,是,H20160599;H20160618;H20160600,1998-01-27,Mitsubishi Tanabe Pharma Corporation,Mitsubishi Tanabe Pharma Factory Ltd.， Yoshitomi Plant,上市销售中,进口原研药品,,,,https://www.cde.org.cn/hymlj/detailPage/e0d4b82e3d3dd7953a2f38326a6d74b6
19aad566c10b15f1f22fe34cb00ea3c0,苯磺贝他斯汀,Bepotastine Besilate,苯磺贝他斯汀片,Bepotastine Besilate Tablets,,片剂,口服,10mg,是,H20150605;H20150606,2010-05-07,Mitsubishi Tanabe Pharma Corporation,Mitsubishi Tanabe Pharma Factory Ltd.， Onoda Plant,上市销售中,进口原研药品,,,,https://www.cde.org.cn/hymlj/detailPage/19aad566c10b15f1f22fe34cb00ea3c0
1f341697957b97d0fb49f5a861900b3d,依巴斯汀,Ebastine,依巴斯汀片,Ebastine Tablets,,片剂,口服,10mg,是,H20140855;H20140856,2000-05-16,ALMIRALL， S.A.,INDUSTRIAS FARMACEUTICAS ALMIRALL， S.A.,上市销售中,进口原研药品,R06AX22,,,https://www.cde.org.cn/hymlj/detailPage/1f341697957b97d0fb49f5a861900b3d
169978af656985edca0c2550db918154,米氮平,Mirtazapine,米氮平片,Mirtazapine Tablets ,CYHB1850010,片剂,口服,15mg,,国药准字H20060702 ,2018-08-22,,哈尔滨三联药业股份有限公司,上市销售中,通过质量和疗效一致性评价的药品 ,N06AX11,14b0f5a5fd5964a1e7017c96eb5986ed,国药准字H20060702 _米氮平片.pdf,https://www.cde.org.cn/hymlj/detailPage/169978af656985edca0c2550db918154
f409b5dfe0103f5e711538f6e8b52232,头孢呋辛酯,Cefuroxime Axetil,头孢呋辛酯片,Cefuroxime Axetil Tablets ,CYHB1850016,片剂 ,口服 ,按C16H16N4O8S计0.25g,,国药准字H20010096 ,2018-08-06,珠海联邦制药股份有限公司中山分公司,珠海联邦制药股份有限公司中山分公司,上市销售中,通过质量和疗效一致性评价的药品 ,J01DC02,8d3b0e0bb6dc6b0dcdb56e6db1b066d2,国药准字H20010096 _头孢呋辛酯片.pdf,https://www.cde.org.cn/hymlj/detailPage/f409b5dfe0103f5e711538f6e8b52232
01c796df52cdd8c4a425a84f291ea873,琥珀酸索利那新,Solifenacin Succinate,琥珀酸索利那新片 ,Solifenacin Succinate Tablets ,CYHS1700007,片剂 ,口服,5mg ,,国药准字H20183365,2018-08-12,四川国为制药有限公司,四川国为制药有限公司  ,,按化学药品新注册分类批准的仿制药,G04BD08,,,https://www.cde.org.cn/hymlj/detailPage/01c796df52cdd8c4a425a84f291ea873
916b54d824e7172635bf81e069817f5e,紫杉醇,Paclitaxel,注射用紫杉醇（白蛋白结合型）,Paclitaxel for Injection (Albumin Bound),CYHS1790004,注射剂,静脉注射,100mg,,国药准字H20183378,2018-08-27,,江苏恒瑞医药股份有限公司,,按化学药品新注册分类批准的仿制药,L01CD01,,,https://www.cde.org.cn/hymlj/detailPage/916b54d824e7172635bf81e069817f5e
a935bd97a5dc6e2aaa9651b709743c10,奥美沙坦酯；氢氯噻嗪,Olmesartan Medoxomil;Hydrochlorothiazide,奥美沙坦酯氢氯噻嗪片,Olmesartan Medoxomil and Hydrochlorothiazide Tablets,,片剂,口服 ,每片含奥美沙坦酯20mg与氢氯噻嗪12.5mg,是,国药准字H20100035,2010-03-15,,第一三共制药（上海）有限公司,上市销售中 ,其他药品,C09DA08,,,https://www.cde.org.cn/hymlj/detailPage/a935bd97a5dc6e2aaa9651b709743c10
7b230b8a2b8dc3797df483a3c25bfa78,盐酸氟西汀,Fluoxetine Hydrochloride ,盐酸氟西汀胶囊, Fluoxetine Hydrochloride Capsules,CYHB1850001,胶囊剂,口服,20mg,,国药准字H19980114,2018-07-27, ,上海上药中西制药有限公司,上市销售中,通过质量和疗效一致性评价的药品 ,N06AB03,beb5c6e8d689ac493f07fb14eaddb996,国药准字H19980114_盐酸氟西汀胶囊.pdf,https://www.cde.org.cn/hymlj/detailPage/7b230b8a2b8dc3797df483a3c25bfa78
22f801f4ccb9b2245fb54a31e41ed1ce,蒙脱石,Montmorillonite,蒙脱石散,Montmorillonite Powder ,CYHB1740010,散剂 ,口服 ,每袋含蒙脱石3g,,国药准字H20053263,2018-07-27,,扬子江药业集团有限公司,上市销售中,通过质量和疗效一致性评价的药品 ,A07BC05,9ccfe6191affbe83e5bb069cdf94c7cd,国药准字H20053263_蒙脱石散.pdf,https://www.cde.org.cn/hymlj/detailPage/22f801f4ccb9b2245fb54a31e41ed1ce
3a7738953776ac4260bf1f771934a53e,阿奇霉素,Azithromycin,阿奇霉素胶囊,Azithromycin Capsules,CYHB1850002,胶囊剂,口服,0.25g,否,国药准字H20083315,2018-09-10,,苏州二叶制药有限公司 ,上市销售中,通过质量和疗效一致性评价的药品,J01FA10,8780d5c41996e5f6fbfb0325bb3bee38,国药准字H20083315_阿奇霉素胶囊.pdf,https://www.cde.org.cn/hymlj/detailPage/3a7738953776ac4260bf1f771934a53e
5ce14f602e3971d67ce09da293f123b2,厄贝沙坦,Irbesartan,厄贝沙坦片,Irbesartan Tablets,CYHB1850012,片剂,口服,0.15g,否,国药准字H20000513,2018-09-14,,江苏恒瑞医药股份有限公司 ,上市销售中,通过质量和疗效一致性评价的药品,C09CA04,c8eab10ea55fe01defaf030945f52d77,国药准字H20000513_厄贝沙坦片.pdf,https://www.cde.org.cn/hymlj/detailPage/5ce14f602e3971d67ce09da293f123b2
a54c630542816e069edc5e0a936f803e,甲磺酸仑伐替尼,Lenvatinib Mesilate,甲磺酸仑伐替尼胶囊,Lenvatinib Mesilate Capsules,JXHS1700042,胶囊剂,口服,4mg,是,H20180052 ,2018-09-04,Eisai Europe Ltd. ,Patheon Inc.,新批准暂未销售,进口原研药品,L01XE29 ,,,https://www.cde.org.cn/hymlj/detailPage/a54c630542816e069edc5e0a936f803e
3cbece4599c0bf77084f59ff7e0a6ce6,盐酸托莫西汀,Atomoxetine Hydrochloride,盐酸托莫西汀口服溶液,Atomoxetine Hydrochloride Oral Solution,JXHS1800004,口服溶液剂,口服,100ml：400mg，4 mg/mL（按C17H21NO计）,是,H20180057,2018-09-11,Eli Lilly & Company Limited,Patheon France S.A.S.,上市销售中,进口原研药品,N06BA09,,,https://www.cde.org.cn/hymlj/detailPage/3cbece4599c0bf77084f59ff7e0a6ce6
2e536f839d720fb53fcd6e8ada8089ea,盐酸二甲双胍,Metformin  Hydrochloride,盐酸二甲双胍片,Metformin  Hydrochloride Tablets,CYHB1850020,片剂,口服,0.25g,否,国药准字H11020127,2018-09-26,北京四环制药有限公司,北京四环制药有限公司,上市销售中,通过质量和疗效一致性评价的药品,A10BA02,ffb89ecb8324520ae991349e4ae11586,国药准字H11020127_盐酸二甲双胍片.pdf,https://www.cde.org.cn/hymlj/detailPage/2e536f839d720fb53fcd6e8ada8089ea
cdbb86395292115dbcc9ac9c2e9a74f2,安立生坦,Ambrisentan,安立生坦片,Ambrisentan Tablets,CYHS1700138,片剂,口服,5mg,否,国药准字H20193116,2019-05-05,,正大天晴药业集团股份有限公司  ,新批准暂未销售,按化学药品新注册分类批准的仿制药,C02KX02,,,https://www.cde.org.cn/hymlj/detailPage/cdbb86395292115dbcc9ac9c2e9a74f2
ac2f0973df1c909cbb32872ee31f3933,阿哌沙班,Apixaban,阿哌沙班片,Apixaban Tablets,CYHS1700131,片剂,口服,2.5mg,否,国药准字H20193134,2019-05-15,,正大天晴药业集团股份有限公司 ,新批准暂未销售,按化学药品新注册分类批准的仿制药,B01AF02,,,https://www.cde.org.cn/hymlj/detailPage/ac2f0973df1c909cbb32872ee31f3933
0fb6145151c5f08fe7f15ed205b38243,盐酸奥洛他定,Olopatadine Hydrochloride,盐酸奥洛他定片,Olopatadine Hydrochloride Tablets,CYHS1700662,片剂,口服,5mg,否,国药准字H20193146,2019-05-21,北京爱力佳医药科技有限公司,江苏万高药业股份有限公司,新批准暂未销售,按化学药品新注册分类批准的仿制药,R01AC08,,,https://www.cde.org.cn/hymlj/detailPage/0fb6145151c5f08fe7f15ed205b38243
