2025-08-31 12:19:03 [scrapy.middleware] INFO: Enabled downloader middlewares:
['scrapy.downloadermiddlewares.offsite.OffsiteMiddleware',
 'scrapy.downloadermiddlewares.httpauth.HttpAuthMiddleware',
 'scrapy.downloadermiddlewares.downloadtimeout.DownloadTimeoutMiddleware',
 'scrapy.downloadermiddlewares.defaultheaders.DefaultHeadersMiddleware',
 'scrapy.downloadermiddlewares.useragent.UserAgentMiddleware',
 'scrapy.downloadermiddlewares.retry.RetryMiddleware',
 'scrapy.downloadermiddlewares.redirect.MetaRefreshMiddleware',
 'scrapy.downloadermiddlewares.httpcompression.HttpCompressionMiddleware',
 'scrapy.downloadermiddlewares.redirect.RedirectMiddleware',
 'scrapy.downloadermiddlewares.cookies.CookiesMiddleware',
 'scrapy.downloadermiddlewares.httpproxy.HttpProxyMiddleware',
 'scrapy.downloadermiddlewares.stats.DownloaderStats']
2025-08-31 12:19:03 [scrapy.middleware] INFO: Enabled spider middlewares:
['scrapy.spidermiddlewares.start.StartSpiderMiddleware',
 'scrapy.spidermiddlewares.httperror.HttpErrorMiddleware',
 'scrapy.spidermiddlewares.referer.RefererMiddleware',
 'scrapy.spidermiddlewares.urllength.UrlLengthMiddleware',
 'scrapy.spidermiddlewares.depth.DepthMiddleware']
2025-08-31 12:19:03 [scrapy.middleware] INFO: Enabled item pipelines:
[]
2025-08-31 12:19:03 [scrapy.core.engine] INFO: Spider opened
2025-08-31 12:19:03 [py.warnings] WARNING: D:\ANACONDA\envs\goodenv\lib\site-packages\scrapy\core\spidermw.py:433: ScrapyDeprecationWarning: pubchem_scrapy.spiders.spider.PubchemSpider defines the deprecated start_requests() method. start_requests() has been deprecated in favor of a new method, start(), to support asynchronous code execution. start_requests() will stop being called in a future version of Scrapy. If you use Scrapy 2.13 or higher only, replace start_requests() with start(); note that start() is a coroutine (async def). If you need to maintain compatibility with lower Scrapy versions, when overriding start_requests() in a spider class, override start() as well; you can use super() to reuse the inherited start() implementation without copy-pasting. See the release notes of Scrapy 2.13 for details: https://docs.scrapy.org/en/2.13/news.html
  warn(

2025-08-31 12:19:03 [scrapy.extensions.logstats] INFO: Crawled 0 pages (at 0 pages/min), scraped 0 items (at 0 items/min)
2025-08-31 12:19:03 [scrapy.extensions.telnet] INFO: Telnet console listening on 127.0.0.1:6023
2025-08-31 12:19:03 [pubchem] INFO: 正在处理 CID: 9681
2025-08-31 12:19:03 [pubchem] INFO: 正在处理 CID: 5281073
2025-08-31 12:19:03 [pubchem] INFO: 正在处理 CID: 5358
2025-08-31 12:19:03 [pubchem] INFO: 正在处理 CID: 59772
2025-08-31 12:19:03 [pubchem] INFO: 正在处理 CID: 4440
2025-08-31 12:19:03 [pubchem] INFO: 正在处理 CID: 60875
2025-08-31 12:19:03 [pubchem] INFO: 正在处理 CID: 5078
2025-08-31 12:19:03 [pubchem] INFO: 正在处理 CID: 77997
2025-08-31 12:19:03 [pubchem] INFO: 正在处理 CID: 123606
2025-08-31 12:19:03 [pubchem] INFO: 正在处理 CID: 123607
2025-08-31 12:19:03 [pubchem] INFO: 正在处理 CID: 77993
2025-08-31 12:19:03 [pubchem] INFO: 正在处理 CID: 656631
2025-08-31 12:19:03 [pubchem] INFO: 正在处理 CID: 9891365
2025-08-31 12:19:03 [pubchem] INFO: 正在处理 CID: 77992
2025-08-31 12:19:03 [pubchem] INFO: 正在处理 CID: 152944
2025-08-31 12:19:03 [pubchem] INFO: 正在处理 CID: 68867
2025-08-31 12:19:03 [pubchem] INFO: 正在处理 CID: 6917844
2025-08-31 12:19:03 [pubchem] INFO: 正在处理 CID: 9907628
2025-08-31 12:19:03 [pubchem] INFO: 正在处理 CID: 6439509
2025-08-31 12:19:03 [pubchem] INFO: 正在处理 CID: 71986
2025-08-31 12:19:03 [pubchem] INFO: 正在处理 CID: 60857
2025-08-31 12:19:03 [pubchem] INFO: 正在处理 CID: 9681
2025-08-31 12:19:03 [pubchem] INFO: 正在处理 CID: 5281073
2025-08-31 12:19:03 [pubchem] INFO: 正在处理 CID: 5358
2025-08-31 12:19:03 [pubchem] INFO: 正在处理 CID: 59772
2025-08-31 12:19:03 [pubchem] INFO: 正在处理 CID: 4440
2025-08-31 12:19:03 [pubchem] INFO: 正在处理 CID: 60875
2025-08-31 12:19:03 [pubchem] INFO: 正在处理 CID: 5078
2025-08-31 12:19:03 [pubchem] INFO: 正在处理 CID: 77997
2025-08-31 12:19:03 [pubchem] INFO: 正在处理 CID: 123606
2025-08-31 12:19:03 [pubchem] INFO: 正在处理 CID: 123607
2025-08-31 12:19:03 [pubchem] INFO: 正在处理 CID: 77993
2025-08-31 12:19:03 [pubchem] INFO: 正在处理 CID: 656631
2025-08-31 12:19:03 [pubchem] INFO: 正在处理 CID: 9891365
2025-08-31 12:19:03 [pubchem] INFO: 正在处理 CID: 77992
2025-08-31 12:19:03 [pubchem] INFO: 正在处理 CID: 152944
2025-08-31 12:19:03 [pubchem] INFO: 正在处理 CID: 68867
2025-08-31 12:19:03 [pubchem] INFO: 正在处理 CID: 6917844
2025-08-31 12:19:03 [pubchem] INFO: 正在处理 CID: 6439509
2025-08-31 12:19:03 [pubchem] INFO: 正在处理 CID: 71986
2025-08-31 12:19:03 [pubchem] INFO: 正在处理 CID: 60857
2025-08-31 12:19:03 [pubchem] INFO: 正在处理 CID: 10531
2025-08-31 12:19:03 [pubchem] INFO: 正在处理 CID: 71171
2025-08-31 12:19:03 [pubchem] INFO: 正在处理 CID: 3037136
2025-08-31 12:19:03 [pubchem] INFO: 正在处理 CID: 8223
2025-08-31 12:19:03 [pubchem] INFO: 正在处理 CID: 9787
2025-08-31 12:19:03 [pubchem] INFO: 正在处理 CID: 9681
2025-08-31 12:19:03 [pubchem] INFO: 正在处理 CID: 5281073
2025-08-31 12:19:03 [pubchem] INFO: 正在处理 CID: 5358
2025-08-31 12:19:03 [pubchem] INFO: 正在处理 CID: 59772
2025-08-31 12:19:03 [pubchem] INFO: 正在处理 CID: 4440
2025-08-31 12:19:03 [pubchem] INFO: 正在处理 CID: 60875
2025-08-31 12:19:03 [pubchem] INFO: 正在处理 CID: 5078
2025-08-31 12:19:03 [pubchem] INFO: 正在处理 CID: 77997
2025-08-31 12:19:03 [pubchem] INFO: 正在处理 CID: 123606
2025-08-31 12:19:03 [pubchem] INFO: 正在处理 CID: 123607
2025-08-31 12:19:03 [pubchem] INFO: 正在处理 CID: 77993
2025-08-31 12:19:03 [pubchem] INFO: 正在处理 CID: 656631
2025-08-31 12:19:03 [pubchem] INFO: 正在处理 CID: 9891365
2025-08-31 12:19:03 [pubchem] INFO: 正在处理 CID: 77992
2025-08-31 12:19:03 [pubchem] INFO: 正在处理 CID: 152944
2025-08-31 12:19:03 [pubchem] INFO: 正在处理 CID: 6506050
2025-08-31 12:19:03 [pubchem] INFO: 正在处理 CID: 6506051
2025-08-31 12:19:03 [pubchem] INFO: 正在处理 CID: 68867
2025-08-31 12:19:03 [pubchem] INFO: 正在处理 CID: 6917844
2025-08-31 12:19:03 [pubchem] INFO: 正在处理 CID: 9907628
2025-08-31 12:19:03 [pubchem] INFO: 正在处理 CID: 6439509
2025-08-31 12:19:03 [pubchem] INFO: 正在处理 CID: 71986
2025-08-31 12:19:03 [pubchem] INFO: 正在处理 CID: 60857
2025-08-31 12:19:03 [pubchem] INFO: 正在处理 CID: 56959087
2025-08-31 12:19:03 [pubchem] INFO: 正在处理 CID: 56959086
2025-08-31 12:19:03 [pubchem] INFO: 正在处理 CID: 644073
2025-08-31 12:19:03 [pubchem] INFO: 正在处理 CID: 3033050
2025-08-31 12:19:03 [pubchem] INFO: 正在处理 CID: 5360515
2025-08-31 12:19:03 [pubchem] INFO: 正在处理 CID: 5485201
2025-08-31 12:19:03 [pubchem] INFO: 正在处理 CID: 5284594
2025-08-31 12:19:03 [pubchem] INFO: 正在处理 CID: 5388881
2025-08-31 12:19:03 [pubchem] INFO: 正在处理 CID: 46209574
2025-08-31 12:19:03 [pubchem] INFO: 正在处理 CID: 5284595
2025-08-31 12:19:03 [pubchem] INFO: 正在处理 CID: 5484366
2025-08-31 12:19:03 [pubchem] INFO: 正在处理 CID: 5284596
2025-08-31 12:19:03 [pubchem] INFO: 正在处理 CID: 5464092
2025-08-31 12:19:03 [pubchem] INFO: 正在处理 CID: 20112022
2025-08-31 12:19:03 [pubchem] INFO: 正在处理 CID: 3042090
2025-08-31 12:19:03 [pubchem] INFO: 正在处理 CID: 11630995
2025-08-31 12:19:03 [pubchem] INFO: 正在处理 CID: 54732242
2025-08-31 12:19:03 [pubchem] INFO: 正在处理 CID: 56837137
2025-08-31 12:19:03 [pubchem] INFO: 正在处理 CID: 11667832
2025-08-31 12:19:03 [pubchem] INFO: 正在处理 CID: 53362094
2025-08-31 12:19:03 [pubchem] INFO: 正在处理 CID: 71484494
2025-08-31 12:19:03 [pubchem] INFO: 正在处理 CID: 71511836
2025-08-31 12:19:03 [pubchem] INFO: 正在处理 CID: 137434175
2025-08-31 12:19:03 [pubchem] INFO: 正在处理 CID: 171389988
2025-08-31 12:19:03 [pubchem] INFO: 正在处理 CID: 5488548
2025-08-31 12:19:03 [pubchem] INFO: 正在处理 CID: 44129648
2025-08-31 12:19:03 [pubchem] INFO: 正在处理 CID: 10452732
2025-08-31 12:19:03 [pubchem] INFO: 正在处理 CID: 19143
2025-08-31 12:19:03 [pubchem] INFO: 正在处理 CID: 11250029
2025-08-31 12:19:03 [pubchem] INFO: 正在处理 CID: 134540598
2025-08-31 12:19:03 [pubchem] INFO: 正在处理 CID: 5361917
2025-08-31 12:19:03 [pubchem] INFO: 正在处理 CID: 24847759
2025-08-31 12:19:03 [pubchem] INFO: 正在处理 CID: 5573
2025-08-31 12:19:03 [pubchem] INFO: 正在处理 CID: 5388977
2025-08-31 12:19:03 [pubchem] INFO: 正在处理 CID: 41049
2025-08-31 12:19:03 [pubchem] INFO: 正在处理 CID: 65483
2025-08-31 12:19:03 [pubchem] INFO: 正在处理 CID: 5284594
2025-08-31 12:19:03 [pubchem] INFO: 正在处理 CID: 5388881
2025-08-31 12:19:03 [pubchem] INFO: 正在处理 CID: 46209574
2025-08-31 12:19:03 [pubchem] INFO: 正在处理 CID: 443408
2025-08-31 12:19:03 [pubchem] INFO: 正在处理 CID: 21126664
2025-08-31 12:19:03 [pubchem] INFO: 正在处理 CID: 3033053
2025-08-31 12:19:03 [pubchem] INFO: 正在处理 CID: 5358
2025-08-31 12:19:03 [pubchem] INFO: 正在处理 CID: 59772
2025-08-31 12:19:03 [pubchem] INFO: 正在处理 CID: 4440
2025-08-31 12:19:03 [pubchem] INFO: 正在处理 CID: 60875
2025-08-31 12:19:03 [pubchem] INFO: 正在处理 CID: 5078
2025-08-31 12:19:03 [pubchem] INFO: 正在处理 CID: 77997
2025-08-31 12:19:03 [pubchem] INFO: 正在处理 CID: 123606
2025-08-31 12:19:03 [pubchem] INFO: 正在处理 CID: 123607
2025-08-31 12:19:03 [pubchem] INFO: 正在处理 CID: 77993
2025-08-31 12:19:03 [pubchem] INFO: 正在处理 CID: 656631
2025-08-31 12:19:03 [pubchem] INFO: 正在处理 CID: 9891365
2025-08-31 12:19:03 [pubchem] INFO: 正在处理 CID: 77992
2025-08-31 12:19:03 [pubchem] INFO: 正在处理 CID: 152944
2025-08-31 12:19:03 [pubchem] INFO: 正在处理 CID: 6439509
2025-08-31 12:19:03 [pubchem] INFO: 正在处理 CID: 60857
2025-08-31 12:19:03 [pubchem] INFO: 正在处理 CID: 3345
2025-08-31 12:19:03 [pubchem] INFO: 正在处理 CID: 13810
2025-08-31 12:19:03 [pubchem] INFO: 正在处理 CID: 83932
2025-08-31 12:19:03 [pubchem] INFO: 正在处理 CID: 51263
2025-08-31 12:19:03 [pubchem] INFO: 正在处理 CID: 64761
2025-08-31 12:19:03 [pubchem] INFO: 正在处理 CID: 41693
2025-08-31 12:19:03 [pubchem] INFO: 正在处理 CID: 65494
2025-08-31 12:19:03 [pubchem] INFO: 正在处理 CID: 8944
2025-08-31 12:19:03 [pubchem] INFO: 正在处理 CID: 31338
2025-08-31 12:19:03 [pubchem] INFO: 正在处理 CID: 60815
2025-08-31 12:19:03 [pubchem] INFO: 正在处理 CID: 60814
2025-08-31 12:19:03 [pubchem] INFO: 正在处理 CID: 5288826
2025-08-31 12:19:03 [pubchem] INFO: 正在处理 CID: 5492889
2025-08-31 12:19:03 [pubchem] INFO: 正在处理 CID: 16051935
2025-08-31 12:19:03 [pubchem] INFO: 正在处理 CID: 5359380
2025-08-31 12:19:03 [pubchem] INFO: 正在处理 CID: 5284570
2025-08-31 12:19:03 [pubchem] INFO: 正在处理 CID: 5462347
2025-08-31 12:19:03 [pubchem] INFO: 正在处理 CID: 5362460
2025-08-31 12:19:03 [pubchem] INFO: 正在处理 CID: 5491665
2025-08-31 12:19:03 [pubchem] INFO: 正在处理 CID: 5284603
2025-08-31 12:19:03 [pubchem] INFO: 正在处理 CID: 5462350
2025-08-31 12:19:03 [pubchem] INFO: 正在处理 CID: 23724988
2025-08-31 12:19:03 [pubchem] INFO: 正在处理 CID: 23724882
2025-08-31 12:19:03 [pubchem] INFO: 正在处理 CID: 5284543
2025-08-31 12:19:03 [pubchem] INFO: 正在处理 CID: 5492624
2025-08-31 12:19:03 [pubchem] INFO: 正在处理 CID: 5493302
2025-08-31 12:19:03 [pubchem] INFO: 正在处理 CID: 46174078
2025-08-31 12:19:03 [pubchem] INFO: 正在处理 CID: 10101
2025-08-31 12:19:03 [pubchem] INFO: 正在处理 CID: 80069
2025-08-31 12:19:03 [pubchem] INFO: 正在处理 CID: 5750
2025-08-31 12:19:03 [pubchem] INFO: 正在处理 CID: 4058
2025-08-31 12:19:03 [pubchem] INFO: 正在处理 CID: 92943
2025-08-31 12:19:03 [pubchem] INFO: 正在处理 CID: 92942
2025-08-31 12:19:03 [pubchem] INFO: 正在处理 CID: 10100
2025-08-31 12:19:03 [pubchem] INFO: 正在处理 CID: 15424
2025-08-31 12:19:03 [pubchem] INFO: 正在处理 CID: 28332
2025-08-31 12:19:03 [pubchem] INFO: 正在处理 CID: 441278
2025-08-31 12:19:03 [pubchem] INFO: 正在处理 CID: 441277
2025-08-31 12:19:03 [pubchem] INFO: 正在处理 CID: 656697
2025-08-31 12:19:03 [pubchem] INFO: 正在处理 CID: 644073
2025-08-31 12:19:03 [pubchem] INFO: 正在处理 CID: 3033050
2025-08-31 12:19:03 [pubchem] INFO: 正在处理 CID: 5361092
2025-08-31 12:19:03 [pubchem] INFO: 正在处理 CID: 5464090
2025-08-31 12:19:03 [pubchem] INFO: 正在处理 CID: 5311304
2025-08-31 12:19:03 [pubchem] INFO: 正在处理 CID: 5360733
2025-08-31 12:19:03 [pubchem] INFO: 正在处理 CID: 30131
2025-08-31 12:19:03 [pubchem] INFO: 正在处理 CID: 71393
2025-08-31 12:19:03 [pubchem] INFO: 正在处理 CID: 33741
2025-08-31 12:19:03 [pubchem] INFO: 正在处理 CID: 63013
2025-08-31 12:19:03 [pubchem] INFO: 正在处理 CID: 41049
2025-08-31 12:19:03 [pubchem] INFO: 正在处理 CID: 65483
2025-08-31 12:19:03 [pubchem] INFO: 正在处理 CID: 9838022
2025-08-31 12:19:03 [pubchem] INFO: 正在处理 CID: 9838021
2025-08-31 12:19:03 [pubchem] INFO: 正在处理 CID: 4095
2025-08-31 12:19:03 [pubchem] INFO: 正在处理 CID: 14184
2025-08-31 12:19:03 [pubchem] INFO: 正在处理 CID: 15130
2025-08-31 12:19:03 [pubchem] INFO: 正在处理 CID: 39371
2025-08-31 12:19:03 [pubchem] INFO: 正在处理 CID: 22267
2025-08-31 12:19:03 [pubchem] INFO: 正在处理 CID: 22266
2025-08-31 12:19:03 [pubchem] INFO: 正在处理 CID: 9844225
2025-08-31 12:19:03 [pubchem] INFO: 正在处理 CID: 5462328
2025-08-31 12:19:03 [pubchem] INFO: 正在处理 CID: 5284371
2025-08-31 12:19:03 [pubchem] INFO: 正在处理 CID: 5284371
2025-08-31 12:19:03 [pubchem] INFO: 正在处理 CID: 15984075
2025-08-31 12:19:03 [pubchem] INFO: 正在处理 CID: 5359227
2025-08-31 12:19:03 [pubchem] INFO: 正在处理 CID: 5284371
2025-08-31 12:19:03 [pubchem] INFO: 正在处理 CID: 21155870
2025-08-31 12:19:03 [pubchem] INFO: 正在处理 CID: 62156
2025-08-31 12:19:03 [pubchem] INFO: 正在处理 CID: 9851365
2025-08-31 12:19:03 [pubchem] INFO: 正在处理 CID: 3042090
2025-08-31 12:19:03 [pubchem] INFO: 正在处理 CID: 11630995
2025-08-31 12:19:03 [pubchem] INFO: 正在处理 CID: 5359272
2025-08-31 12:19:03 [pubchem] INFO: 正在处理 CID: 5464027
2025-08-31 12:19:03 [pubchem] INFO: 正在处理 CID: 5284604
2025-08-31 12:19:03 [pubchem] INFO: 正在处理 CID: 5359390
2025-08-31 12:19:03 [pubchem] INFO: 正在处理 CID: 20055090
2025-08-31 12:19:03 [pubchem] INFO: 正在处理 CID: 32938
2025-08-31 12:19:03 [pubchem] INFO: 正在处理 CID: 22308
2025-08-31 12:19:03 [pubchem] INFO: 正在处理 CID: 61119
2025-08-31 12:19:03 [pubchem] INFO: 正在处理 CID: 62709
2025-08-31 12:19:03 [pubchem] INFO: 正在处理 CID: 120738
2025-08-31 12:19:03 [pubchem] INFO: 正在处理 CID: 62516
2025-08-31 12:19:03 [pubchem] INFO: 正在处理 CID: 62710
2025-08-31 12:19:03 [pubchem] INFO: 正在处理 CID: 12218309
2025-08-31 12:19:03 [pubchem] INFO: 正在处理 CID: 10064061
2025-08-31 12:19:03 [pubchem] INFO: 正在处理 CID: 5284516
2025-08-31 12:19:03 [pubchem] INFO: 正在处理 CID: 61791
2025-08-31 12:19:03 [pubchem] INFO: 正在处理 CID: 46174071
2025-08-31 12:19:03 [pubchem] INFO: 正在处理 CID: 62528
2025-08-31 12:19:03 [pubchem] INFO: 正在处理 CID: 19143
2025-08-31 12:19:03 [pubchem] INFO: 正在处理 CID: 5362456
2025-08-31 12:19:03 [pubchem] INFO: 正在处理 CID: 3033053
2025-08-31 12:19:03 [pubchem] INFO: 正在处理 CID: 62370
2025-08-31 12:19:03 [pubchem] INFO: 正在处理 CID: 6833
2025-08-31 12:19:03 [pubchem] INFO: 正在处理 CID: 17036
2025-08-31 12:19:03 [pubchem] INFO: 正在处理 CID: 28397
2025-08-31 12:19:03 [pubchem] INFO: 正在处理 CID: 48194
2025-08-31 12:19:03 [pubchem] INFO: 正在处理 CID: 13331
2025-08-31 12:19:03 [pubchem] INFO: 正在处理 CID: 46424
2025-08-31 12:19:03 [pubchem] INFO: 正在处理 CID: 13493
2025-08-31 12:19:03 [pubchem] INFO: 正在处理 CID: 644209
2025-08-31 12:19:03 [pubchem] INFO: 正在处理 CID: 61122
2025-08-31 12:19:03 [pubchem] INFO: 正在处理 CID: 61306
2025-08-31 12:19:03 [pubchem] INFO: 正在处理 CID: 5463858
2025-08-31 12:19:03 [pubchem] INFO: 正在处理 CID: 61120
2025-08-31 12:19:03 [pubchem] INFO: 正在处理 CID: 10072
2025-08-31 12:19:03 [pubchem] INFO: 正在处理 CID: 3054741
2025-08-31 12:19:03 [pubchem] INFO: 正在处理 CID: 5362449
2025-08-31 12:19:03 [pubchem] INFO: 正在处理 CID: 10453145
2025-08-31 12:19:03 [pubchem] INFO: 正在处理 CID: 5362482
2025-08-31 12:19:03 [pubchem] INFO: 正在处理 CID: 65498
2025-08-31 12:19:03 [pubchem] INFO: 正在处理 CID: 10517
2025-08-31 12:19:03 [pubchem] INFO: 正在处理 CID: 5362518
2025-08-31 12:19:03 [pubchem] INFO: 正在处理 CID: 5464303
2025-08-31 12:19:03 [pubchem] INFO: 正在处理 CID: 5359353
2025-08-31 12:19:03 [pubchem] INFO: 正在处理 CID: 60697
2025-08-31 12:19:03 [pubchem] INFO: 正在处理 CID: 61121
2025-08-31 12:19:03 [pubchem] INFO: 正在处理 CID: 11674512
2025-08-31 12:19:03 [pubchem] INFO: 正在处理 CID: 5463854
2025-08-31 12:19:03 [pubchem] INFO: 正在处理 CID: 22391
2025-08-31 12:19:03 [pubchem] INFO: 正在处理 CID: 9931207
2025-08-31 12:19:03 [pubchem] INFO: 正在处理 CID: 66553195
2025-08-31 12:19:03 [pubchem] INFO: 正在处理 CID: 56841906
2025-08-31 12:19:03 [pubchem] INFO: 正在处理 CID: 10089
2025-08-31 12:19:03 [pubchem] INFO: 正在处理 CID: 8523
2025-08-31 12:19:03 [pubchem] INFO: 正在处理 CID: 5362458
2025-08-31 12:19:03 [pubchem] INFO: 正在处理 CID: 11226
2025-08-31 12:19:03 [pubchem] INFO: 正在处理 CID: 21950
2025-08-31 12:19:03 [pubchem] INFO: 正在处理 CID: 9331
2025-08-31 12:19:03 [pubchem] INFO: 正在处理 CID: 60969
2025-08-31 12:19:03 [pubchem] INFO: 正在处理 CID: 62373
2025-08-31 12:19:03 [pubchem] INFO: 正在处理 CID: 24847942
2025-08-31 12:19:03 [pubchem] INFO: 正在处理 CID: 60727
2025-08-31 12:19:03 [pubchem] INFO: 正在处理 CID: 6148
2025-08-31 12:19:03 [pubchem] INFO: 正在处理 CID: 20056969
2025-08-31 12:19:03 [pubchem] INFO: 正在处理 CID: 3037233
2025-08-31 12:19:03 [pubchem] INFO: 正在处理 CID: 23663994
2025-08-31 12:19:03 [pubchem] INFO: 正在处理 CID: 54343
2025-08-31 12:19:03 [pubchem] INFO: 正在处理 CID: 23663981
2025-08-31 12:19:03 [pubchem] INFO: 正在处理 CID: 4814
2025-08-31 12:19:03 [pubchem] INFO: 正在处理 CID: 123879
2025-08-31 12:19:03 [pubchem] INFO: 正在处理 CID: 5362391
2025-08-31 12:19:03 [pubchem] INFO: 正在处理 CID: 2449
2025-08-31 12:19:03 [pubchem] INFO: 正在处理 CID: 51550
2025-08-31 12:19:03 [pubchem] INFO: 正在处理 CID: 6918029
2025-08-31 12:19:03 [pubchem] INFO: 正在处理 CID: 4887
2025-08-31 12:19:03 [pubchem] INFO: 正在处理 CID: 11979774
2025-08-31 12:19:03 [pubchem] INFO: 正在处理 CID: 5281040
2025-08-31 12:19:03 [pubchem] INFO: 正在处理 CID: 23663996
2025-08-31 12:19:03 [pubchem] INFO: 正在处理 CID: 57109
2025-08-31 12:19:03 [pubchem] INFO: 正在处理 CID: 23694472
2025-08-31 12:19:03 [pubchem] INFO: 正在处理 CID: 6436135
2025-08-31 12:19:03 [pubchem] INFO: 正在处理 CID: 177941
2025-08-31 12:19:03 [pubchem] INFO: 正在处理 CID: 3671
2025-08-31 12:19:03 [pubchem] INFO: 正在处理 CID: 9959759
2025-08-31 12:19:03 [pubchem] INFO: 正在处理 CID: 11954279
2025-08-31 12:19:03 [pubchem] INFO: 正在处理 CID: 60539
2025-08-31 12:19:03 [pubchem] INFO: 正在处理 CID: 6436123
2025-08-31 12:19:03 [pubchem] INFO: 正在处理 CID: 6441619
2025-08-31 12:19:03 [pubchem] INFO: 正在处理 CID: 9893228
2025-08-31 12:19:03 [pubchem] INFO: 正在处理 CID: 3969
2025-08-31 12:19:03 [pubchem] INFO: 正在处理 CID: 6509849
2025-08-31 12:19:03 [pubchem] INFO: 正在处理 CID: 5717
2025-08-31 12:19:03 [pubchem] INFO: 正在处理 CID: 3822
2025-08-31 12:19:03 [pubchem] INFO: 正在处理 CID: 16219944
2025-08-31 12:19:03 [pubchem] INFO: 正在处理 CID: 5457
2025-08-31 12:19:03 [pubchem] INFO: 正在处理 CID: 6136
2025-08-31 12:19:03 [pubchem] INFO: 正在处理 CID: 4992
2025-08-31 12:19:03 [pubchem] INFO: 正在处理 CID: 162821
2025-08-31 12:19:03 [pubchem] INFO: 正在处理 CID: 5284451
2025-08-31 12:19:03 [pubchem] INFO: 正在处理 CID: 5587
2025-08-31 12:19:03 [pubchem] INFO: 正在处理 CID: 197066
2025-08-31 12:19:03 [pubchem] INFO: 正在处理 CID: 9066
2025-08-31 12:19:03 [pubchem] INFO: 正在处理 CID: 25295
2025-08-31 12:19:03 [pubchem] INFO: 正在处理 CID: 80311
2025-08-31 12:19:03 [pubchem] INFO: 正在处理 CID: 4927
2025-08-31 12:19:03 [pubchem] INFO: 正在处理 CID: 71449006
2025-08-31 12:19:03 [pubchem] INFO: 正在处理 CID: 6014
2025-08-31 12:19:03 [pubchem] INFO: 正在处理 CID: 6441486
2025-08-31 12:19:03 [pubchem] INFO: 正在处理 CID: 23724861
2025-08-31 12:19:03 [pubchem] INFO: 正在处理 CID: 63030
2025-08-31 12:19:03 [pubchem] INFO: 正在处理 CID: 5282414
2025-08-31 12:19:03 [pubchem] INFO: 正在处理 CID: 21855
2025-08-31 12:19:03 [pubchem] INFO: 正在处理 CID: 26987
2025-08-31 12:19:03 [pubchem] INFO: 正在处理 CID: 5281069
2025-08-31 12:19:03 [pubchem] INFO: 正在处理 CID: 72075
2025-08-31 12:19:03 [pubchem] INFO: 正在处理 CID: 109130
2025-08-31 12:19:03 [pubchem] INFO: 正在处理 CID: 11462853
2025-08-31 12:19:03 [pubchem] INFO: 正在处理 CID: 3781
2025-08-31 12:19:03 [pubchem] INFO: 正在处理 CID: 14668
2025-08-31 12:19:03 [pubchem] INFO: 正在处理 CID: 10660
2025-08-31 12:19:03 [pubchem] INFO: 正在处理 CID: 3100
2025-08-31 12:19:03 [pubchem] INFO: 正在处理 CID: 174697
2025-08-31 12:19:03 [pubchem] INFO: 正在处理 CID: 8980
2025-08-31 12:19:03 [pubchem] INFO: 正在处理 CID: 9892949
2025-08-31 12:19:03 [pubchem] INFO: 正在处理 CID: 24098
2025-08-31 12:19:03 [pubchem] INFO: 正在处理 CID: 165411844
2025-08-31 12:19:03 [pubchem] INFO: 正在处理 CID: 6475
2025-08-31 12:19:03 [pubchem] INFO: 正在处理 CID: 11223
2025-08-31 12:19:03 [pubchem] INFO: 正在处理 CID: 3089
2025-08-31 12:19:03 [pubchem] INFO: 正在处理 CID: 25715
2025-08-31 12:19:03 [pubchem] INFO: 正在处理 CID: 2726
2025-08-31 12:19:03 [pubchem] INFO: 正在处理 CID: 6431825
2025-08-31 12:19:03 [pubchem] INFO: 正在处理 CID: 6240
2025-08-31 12:19:03 [pubchem] INFO: 正在处理 CID: 23724898
2025-08-31 12:19:03 [pubchem] INFO: 正在处理 CID: 165411865
2025-08-31 12:19:03 [pubchem] INFO: 正在处理 CID: 135398745
2025-08-31 12:19:03 [pubchem] INFO: 正在处理 CID: 135566032
2025-08-31 12:19:03 [pubchem] INFO: 正在处理 CID: 5281025
2025-08-31 12:19:03 [pubchem] INFO: 正在处理 CID: 3658
2025-08-31 12:19:03 [pubchem] INFO: 正在处理 CID: 91513
2025-08-31 12:19:03 [pubchem] INFO: 正在处理 CID: 25096
2025-08-31 12:19:03 [pubchem] INFO: 正在处理 CID: 9417
2025-08-31 12:19:03 [pubchem] INFO: 正在处理 CID: 71587
2025-08-31 12:19:03 [pubchem] INFO: 正在处理 CID: 1547484
2025-08-31 12:19:03 [pubchem] INFO: 正在处理 CID: 6444556
2025-08-31 12:19:03 [pubchem] INFO: 正在处理 CID: 54385
2025-08-31 12:19:03 [pubchem] INFO: 正在处理 CID: 54384
2025-08-31 12:19:03 [pubchem] INFO: 正在处理 CID: 2267
2025-08-31 12:19:03 [pubchem] INFO: 正在处理 CID: 54360
2025-08-31 12:19:03 [pubchem] INFO: 正在处理 CID: 2200
2025-08-31 12:19:03 [pubchem] INFO: 正在处理 CID: 17275
2025-08-31 12:19:03 [pubchem] INFO: 正在处理 CID: 158798
2025-08-31 12:19:03 [pubchem] INFO: 正在处理 CID: 5281071
2025-08-31 12:19:03 [pubchem] INFO: 正在处理 CID: 5282402
2025-08-31 12:19:03 [pubchem] INFO: 正在处理 CID: 3103
2025-08-31 12:19:03 [pubchem] INFO: 正在处理 CID: 66063
2025-08-31 12:19:03 [pubchem] INFO: 正在处理 CID: 71640
2025-08-31 12:19:03 [pubchem] INFO: 正在处理 CID: 2564
2025-08-31 12:19:03 [pubchem] INFO: 正在处理 CID: 139033134
2025-08-31 12:19:03 [pubchem] INFO: 正在处理 CID: 5282409
2025-08-31 12:19:03 [pubchem] INFO: 正在处理 CID: 3162
2025-08-31 12:19:03 [pubchem] INFO: 正在处理 CID: 11224
2025-08-31 12:19:03 [pubchem] INFO: 正在处理 CID: 6834
2025-08-31 12:19:03 [pubchem] INFO: 正在处理 CID: 5281067
2025-08-31 12:19:03 [pubchem] INFO: 正在处理 CID: 33036
2025-08-31 12:19:03 [pubchem] INFO: 正在处理 CID: 5281070
2025-08-31 12:19:03 [pubchem] INFO: 正在处理 CID: 2725
2025-08-31 12:19:03 [pubchem] INFO: 正在处理 CID: 5281068
2025-08-31 12:19:03 [pubchem] INFO: 正在处理 CID: 2725
2025-08-31 12:19:03 [pubchem] INFO: 正在处理 CID: 4761
2025-08-31 12:19:03 [pubchem] INFO: 正在处理 CID: 5282139
2025-08-31 12:19:03 [pubchem] INFO: 正在处理 CID: 5574
2025-08-31 12:19:03 [pubchem] INFO: 正在处理 CID: 441236
2025-08-31 12:19:03 [pubchem] INFO: 正在处理 CID: 6729
2025-08-31 12:19:03 [pubchem] INFO: 正在处理 CID: 65463
2025-08-31 12:19:03 [pubchem] INFO: 正在处理 CID: 6726
2025-08-31 12:19:03 [pubchem] INFO: 正在处理 CID: 6420019
2025-08-31 12:19:03 [pubchem] INFO: 正在处理 CID: 71473
2025-08-31 12:19:03 [pubchem] INFO: 正在处理 CID: 173612
2025-08-31 12:19:03 [pubchem] INFO: 正在处理 CID: 4034
2025-08-31 12:19:03 [pubchem] INFO: 正在处理 CID: 2678
2025-08-31 12:19:03 [pubchem] INFO: 正在处理 CID: 55182
2025-08-31 12:19:03 [pubchem] INFO: 正在处理 CID: 1549000
2025-08-31 12:19:03 [pubchem] INFO: 正在处理 CID: 9955977
2025-08-31 12:19:03 [pubchem] INFO: 正在处理 CID: 2913
2025-08-31 12:19:03 [pubchem] INFO: 正在处理 CID: 13770
2025-08-31 12:19:03 [pubchem] INFO: 正在处理 CID: 11291
2025-08-31 12:19:03 [pubchem] INFO: 正在处理 CID: 11290
2025-08-31 12:19:03 [pubchem] INFO: 正在处理 CID: 5282443
2025-08-31 12:19:03 [pubchem] INFO: 正在处理 CID: 5702129
2025-08-31 12:19:03 [pubchem] INFO: 正在处理 CID: 19861
2025-08-31 12:19:03 [pubchem] INFO: 正在处理 CID: 5281066
2025-08-31 12:19:03 [pubchem] INFO: 正在处理 CID: 22530
2025-08-31 12:19:03 [pubchem] INFO: 正在处理 CID: 22529
2025-08-31 12:19:03 [pubchem] INFO: 正在处理 CID: 203911
2025-08-31 12:19:03 [pubchem] INFO: 正在处理 CID: 6604492
2025-08-31 12:19:03 [pubchem] INFO: 正在处理 CID: 3827
2025-08-31 12:19:03 [pubchem] INFO: 正在处理 CID: 5282408
2025-08-31 12:19:03 [pubchem] INFO: 正在处理 CID: 3241
2025-08-31 12:19:03 [pubchem] INFO: 正在处理 CID: 157313
2025-08-31 12:19:03 [pubchem] INFO: 正在处理 CID: 3348
2025-08-31 12:19:03 [pubchem] INFO: 正在处理 CID: 63002
2025-08-31 12:19:03 [pubchem] INFO: 正在处理 CID: 133017
2025-08-31 12:19:03 [pubchem] INFO: 正在处理 CID: 6449107
2025-08-31 12:19:03 [pubchem] INFO: 正在处理 CID: 3219
2025-08-31 12:19:03 [pubchem] INFO: 正在处理 CID: 5282485
2025-08-31 12:19:03 [pubchem] INFO: 正在处理 CID: 164522
2025-08-31 12:19:03 [pubchem] INFO: 正在处理 CID: 164521
2025-08-31 12:19:03 [pubchem] INFO: 正在处理 CID: 3627
2025-08-31 12:19:03 [pubchem] INFO: 正在处理 CID: 32313
2025-08-31 12:19:03 [pubchem] INFO: 正在处理 CID: 5284514
2025-08-31 12:19:03 [pubchem] INFO: 正在处理 CID: 19371515
2025-08-31 12:19:03 [pubchem] INFO: 正在处理 CID: 2247
2025-08-31 12:19:03 [pubchem] INFO: 正在处理 CID: 185460
2025-08-31 12:19:03 [pubchem] INFO: 正在处理 CID: 519514
2025-08-31 12:19:03 [pubchem] INFO: 正在处理 CID: 124087
2025-08-31 12:19:03 [pubchem] INFO: 正在处理 CID: 6433334
2025-08-31 12:19:03 [pubchem] INFO: 正在处理 CID: 11416891
2025-08-31 12:19:03 [pubchem] INFO: 正在处理 CID: 3191
2025-08-31 12:19:03 [pubchem] INFO: 正在处理 CID: 72108
2025-08-31 12:19:03 [pubchem] INFO: 正在处理 CID: 3957
2025-08-31 12:19:03 [pubchem] INFO: 正在处理 CID: 4066
2025-08-31 12:19:03 [pubchem] INFO: 正在处理 CID: 65906
2025-08-31 12:19:03 [pubchem] INFO: 正在处理 CID: 60531
2025-08-31 12:19:03 [pubchem] INFO: 正在处理 CID: 4615
2025-08-31 12:19:03 [pubchem] INFO: 正在处理 CID: 4822
2025-08-31 12:19:03 [pubchem] INFO: 正在处理 CID: 23725004
2025-08-31 12:19:03 [pubchem] INFO: 正在处理 CID: 123618
2025-08-31 12:19:03 [pubchem] INFO: 正在处理 CID: 55482
2025-08-31 12:19:03 [pubchem] INFO: 正在处理 CID: 5405
2025-08-31 12:19:03 [pubchem] INFO: 正在处理 CID: 2366
2025-08-31 12:19:03 [pubchem] INFO: 正在处理 CID: 68643
2025-08-31 12:19:03 [pubchem] INFO: 正在处理 CID: 198334
2025-08-31 12:19:03 [pubchem] INFO: 正在处理 CID: 6450822
2025-08-31 12:19:03 [pubchem] INFO: 正在处理 CID: 196639
2025-08-31 12:19:03 [pubchem] INFO: 正在处理 CID: 196638
2025-08-31 12:19:03 [pubchem] INFO: 正在处理 CID: 2882
2025-08-31 12:19:03 [pubchem] INFO: 正在处理 CID: 27503
2025-08-31 12:19:03 [pubchem] INFO: 正在处理 CID: 50294
2025-08-31 12:19:03 [pubchem] INFO: 正在处理 CID: 68731
2025-08-31 12:19:03 [pubchem] INFO: 正在处理 CID: 50295
2025-08-31 12:19:03 [pubchem] INFO: 正在处理 CID: 57697
2025-08-31 12:19:03 [pubchem] INFO: 正在处理 CID: 443866
2025-08-31 12:19:03 [pubchem] INFO: 正在处理 CID: 11954321
2025-08-31 12:19:03 [pubchem] INFO: 正在处理 CID: 2161
2025-08-31 12:19:03 [pubchem] INFO: 正在处理 CID: 5050
2025-08-31 12:19:03 [pubchem] INFO: 正在处理 CID: 5380
2025-08-31 12:19:03 [pubchem] INFO: 正在处理 CID: 5282230
2025-08-31 12:19:03 [pubchem] INFO: 正在处理 CID: 12555
2025-08-31 12:19:03 [pubchem] INFO: 正在处理 CID: 65464
2025-08-31 12:19:03 [pubchem] INFO: 正在处理 CID: 173701
2025-08-31 12:19:03 [pubchem] INFO: 正在处理 CID: 3515
2025-08-31 12:19:03 [pubchem] INFO: 正在处理 CID: 23669592
2025-08-31 12:19:03 [pubchem] INFO: 正在处理 CID: 23665552
2025-08-31 12:19:03 [pubchem] INFO: 正在处理 CID: 5469
2025-08-31 12:19:03 [pubchem] INFO: 正在处理 CID: 443949
2025-08-31 12:19:03 [pubchem] INFO: 正在处理 CID: 5509
2025-08-31 12:19:03 [pubchem] INFO: 正在处理 CID: 23665411
2025-08-31 12:19:03 [pubchem] INFO: 正在处理 CID: 19161
2025-08-31 12:19:03 [pubchem] INFO: 正在处理 CID: 24892856
2025-08-31 12:19:03 [pubchem] INFO: 正在处理 CID: 68706
2025-08-31 12:19:03 [pubchem] INFO: 正在处理 CID: 6917852
2025-08-31 12:19:03 [pubchem] INFO: 正在处理 CID: 3826
2025-08-31 12:19:03 [pubchem] INFO: 正在处理 CID: 84003
2025-08-31 12:19:03 [pubchem] INFO: 正在处理 CID: 2313
2025-08-31 12:19:03 [pubchem] INFO: 正在处理 CID: 13041095
2025-08-31 12:19:03 [pubchem] INFO: 正在处理 CID: 3033
2025-08-31 12:19:03 [pubchem] INFO: 正在处理 CID: 13239661
2025-08-31 12:19:03 [pubchem] INFO: 正在处理 CID: 115087
2025-08-31 12:19:03 [pubchem] INFO: 正在处理 CID: 114753
2025-08-31 12:19:03 [pubchem] INFO: 正在处理 CID: 23667642
2025-08-31 12:19:03 [pubchem] INFO: 正在处理 CID: 5018304
2025-08-31 12:19:03 [pubchem] INFO: 正在处理 CID: 3332
2025-08-31 12:19:03 [pubchem] INFO: 正在处理 CID: 26436
2025-08-31 12:19:03 [pubchem] INFO: 正在处理 CID: 60726
2025-08-31 12:19:03 [pubchem] INFO: 正在处理 CID: 23693301
2025-08-31 12:19:03 [pubchem] INFO: 正在处理 CID: 2136
2025-08-31 12:19:03 [pubchem] INFO: 正在处理 CID: 23663941
2025-08-31 12:19:03 [pubchem] INFO: 正在处理 CID: 71771
2025-08-31 12:19:03 [pubchem] INFO: 正在处理 CID: 30951
2025-08-31 12:19:03 [pubchem] INFO: 正在处理 CID: 3335
2025-08-31 12:19:03 [pubchem] INFO: 正在处理 CID: 65394
2025-08-31 12:19:03 [pubchem] INFO: 正在处理 CID: 15250
2025-08-31 12:19:03 [pubchem] INFO: 正在处理 CID: 4164
2025-08-31 12:19:03 [pubchem] INFO: 正在处理 CID: 23663411
2025-08-31 12:19:03 [pubchem] INFO: 正在处理 CID: 5282183
2025-08-31 12:19:03 [pubchem] INFO: 正在处理 CID: 3715
2025-08-31 12:19:03 [pubchem] INFO: 正在处理 CID: 23675763
2025-08-31 12:19:03 [pubchem] INFO: 正在处理 CID: 4921
2025-08-31 12:19:03 [pubchem] INFO: 正在处理 CID: 5282193
2025-08-31 12:19:03 [pubchem] INFO: 正在处理 CID: 1981
2025-08-31 12:19:03 [pubchem] INFO: 正在处理 CID: 33675
2025-08-31 12:19:03 [pubchem] INFO: 正在处理 CID: 68564
2025-08-31 12:19:03 [pubchem] INFO: 正在处理 CID: 44179
2025-08-31 12:19:03 [pubchem] INFO: 正在处理 CID: 65655
2025-08-31 12:19:03 [pubchem] INFO: 正在处理 CID: 47975
2025-08-31 12:19:03 [pubchem] INFO: 正在处理 CID: 2466
2025-08-31 12:19:03 [pubchem] INFO: 正在处理 CID: 120108
2025-08-31 12:19:03 [pubchem] INFO: 正在处理 CID: 39299
2025-08-31 12:19:03 [pubchem] INFO: 正在处理 CID: 6918042
2025-08-31 12:19:03 [pubchem] INFO: 正在处理 CID: 51717
2025-08-31 12:19:03 [pubchem] INFO: 正在处理 CID: 3308
2025-08-31 12:19:03 [pubchem] INFO: 正在处理 CID: 37494
2025-08-31 12:19:03 [pubchem] INFO: 正在处理 CID: 28871
2025-08-31 12:19:03 [pubchem] INFO: 正在处理 CID: 3033980
2025-08-31 12:19:03 [pubchem] INFO: 正在处理 CID: 41448
2025-08-31 12:19:03 [pubchem] INFO: 正在处理 CID: 4237
2025-08-31 12:19:03 [pubchem] INFO: 正在处理 CID: 151075
2025-08-31 12:19:03 [pubchem] INFO: 正在处理 CID: 6918042
2025-08-31 12:19:03 [pubchem] INFO: 正在处理 CID: 37462
2025-08-31 12:19:03 [pubchem] INFO: 正在处理 CID: 65469
2025-08-31 12:19:03 [pubchem] INFO: 正在处理 CID: 1548887
2025-08-31 12:19:03 [pubchem] INFO: 正在处理 CID: 43585
2025-08-31 12:19:03 [pubchem] INFO: 正在处理 CID: 16220118
2025-08-31 12:19:03 [pubchem] INFO: 正在处理 CID: 3672
2025-08-31 12:19:03 [pubchem] INFO: 正在处理 CID: 9890190
2025-08-31 12:19:03 [pubchem] INFO: 正在处理 CID: 9864669
2025-08-31 12:19:03 [pubchem] INFO: 正在处理 CID: 9841440
2025-08-31 12:19:03 [pubchem] INFO: 正在处理 CID: 3673
2025-08-31 12:19:03 [pubchem] INFO: 正在处理 CID: 5338317
2025-08-31 12:19:03 [pubchem] INFO: 正在处理 CID: 5338317
2025-08-31 12:19:03 [pubchem] INFO: 正在处理 CID: 127633
2025-08-31 12:19:03 [pubchem] INFO: 正在处理 CID: 23726891
2025-08-31 12:19:03 [pubchem] INFO: 正在处理 CID: 156391
2025-08-31 12:19:03 [pubchem] INFO: 正在处理 CID: 25170420
2025-08-31 12:19:03 [pubchem] INFO: 正在处理 CID: 23681059
2025-08-31 12:19:03 [pubchem] INFO: 正在处理 CID: 3825
2025-08-31 12:19:03 [pubchem] INFO: 正在处理 CID: 9843941
2025-08-31 12:19:03 [pubchem] INFO: 正在处理 CID: 23684815
2025-08-31 12:19:03 [pubchem] INFO: 正在处理 CID: 3342
2025-08-31 12:19:03 [pubchem] INFO: 正在处理 CID: 64746
2025-08-31 12:19:03 [pubchem] INFO: 正在处理 CID: 72099
2025-08-31 12:19:03 [pubchem] INFO: 正在处理 CID: 3394
2025-08-31 12:19:03 [pubchem] INFO: 正在处理 CID: 3395
2025-08-31 12:19:03 [pubchem] INFO: 正在处理 CID: 23684814
2025-08-31 12:19:03 [pubchem] INFO: 正在处理 CID: 39912
2025-08-31 12:19:03 [pubchem] INFO: 正在处理 CID: 11954362
2025-08-31 12:19:03 [pubchem] INFO: 正在处理 CID: 68801
2025-08-31 12:19:03 [pubchem] INFO: 正在处理 CID: 46174105
2025-08-31 12:19:03 [pubchem] INFO: 正在处理 CID: 3965
2025-08-31 12:19:03 [pubchem] INFO: 正在处理 CID: 23674745
2025-08-31 12:19:03 [pubchem] INFO: 正在处理 CID: 2097
2025-08-31 12:19:03 [pubchem] INFO: 正在处理 CID: 39941
2025-08-31 12:19:03 [pubchem] INFO: 正在处理 CID: 2581
2025-08-31 12:19:03 [pubchem] INFO: 正在处理 CID: 37589
2025-08-31 12:19:03 [pubchem] INFO: 正在处理 CID: 167449
2025-08-31 12:19:03 [pubchem] INFO: 正在处理 CID: 667550
2025-08-31 12:19:03 [pubchem] INFO: 正在处理 CID: 3335
2025-08-31 12:19:03 [pubchem] INFO: 正在处理 CID: 68869
2025-08-31 12:19:03 [pubchem] INFO: 正在处理 CID: 37801
2025-08-31 12:19:03 [pubchem] INFO: 正在处理 CID: 38117
2025-08-31 12:19:03 [pubchem] INFO: 正在处理 CID: 68704
2025-08-31 12:19:03 [pubchem] INFO: 正在处理 CID: 107641
2025-08-31 12:19:03 [pubchem] INFO: 正在处理 CID: 3718
2025-08-31 12:19:03 [pubchem] INFO: 正在处理 CID: 71261
2025-08-31 12:19:03 [pubchem] INFO: 正在处理 CID: 164072
2025-08-31 12:19:03 [pubchem] INFO: 正在处理 CID: 9884642
2025-08-31 12:19:03 [pubchem] INFO: 正在处理 CID: 3032818
2025-08-31 12:19:03 [pubchem] INFO: 正在处理 CID: 4614
2025-08-31 12:19:03 [pubchem] INFO: 正在处理 CID: 5282203
2025-08-31 12:19:03 [pubchem] INFO: 正在处理 CID: 35935
2025-08-31 12:19:03 [pubchem] INFO: 正在处理 CID: 4888
2025-08-31 12:19:03 [pubchem] INFO: 正在处理 CID: 71862
2025-08-31 12:19:03 [pubchem] INFO: 正在处理 CID: 5359
2025-08-31 12:19:03 [pubchem] INFO: 正在处理 CID: 5468
2025-08-31 12:19:03 [pubchem] INFO: 正在处理 CID: 72158
2025-08-31 12:19:03 [pubchem] INFO: 正在处理 CID: 5720
2025-08-31 12:19:03 [pubchem] INFO: 正在处理 CID: 2244
2025-08-31 12:19:03 [pubchem] INFO: 正在处理 CID: 3032790
2025-08-31 12:19:03 [pubchem] INFO: 正在处理 CID: 6247
2025-08-31 12:19:04 [pubchem] INFO: 正在处理 CID: 9905405
2025-08-31 12:19:04 [pubchem] INFO: 正在处理 CID: 8591
2025-08-31 12:19:04 [pubchem] INFO: 正在处理 CID: 23666729
2025-08-31 12:19:04 [pubchem] INFO: 正在处理 CID: 10245201
2025-08-31 12:19:04 [pubchem] INFO: 正在处理 CID: 10245200
2025-08-31 12:19:04 [pubchem] INFO: 正在处理 CID: 22419
2025-08-31 12:19:04 [pubchem] INFO: 正在处理 CID: 135413505
2025-08-31 12:19:04 [pubchem] INFO: 正在处理 CID: 54585
2025-08-31 12:19:04 [pubchem] INFO: 正在处理 CID: 135413496
2025-08-31 12:19:04 [pubchem] INFO: 正在处理 CID: 23690429
2025-08-31 12:19:04 [pubchem] INFO: 正在处理 CID: 5443
2025-08-31 12:19:04 [pubchem] INFO: 正在处理 CID: 71586929
2025-08-31 12:19:04 [pubchem] INFO: 正在处理 CID: 21102
2025-08-31 12:19:04 [pubchem] INFO: 正在处理 CID: 21975
2025-08-31 12:19:04 [pubchem] INFO: 正在处理 CID: 54686350
2025-08-31 12:19:04 [pubchem] INFO: 正在处理 CID: 9837223
2025-08-31 12:19:04 [pubchem] INFO: 正在处理 CID: 3059
2025-08-31 12:19:04 [pubchem] INFO: 正在处理 CID: 68093
2025-08-31 12:19:04 [pubchem] INFO: 正在处理 CID: 3282
2025-08-31 12:19:04 [pubchem] INFO: 正在处理 CID: 40821
2025-08-31 12:19:04 [pubchem] INFO: 正在处理 CID: 31185
2025-08-31 12:19:04 [pubchem] INFO: 正在处理 CID: 3418
2025-08-31 12:19:04 [pubchem] INFO: 正在处理 CID: 6880
2025-08-31 12:19:04 [pubchem] INFO: 正在处理 CID: 68749
2025-08-31 12:19:04 [pubchem] INFO: 正在处理 CID: 37425
2025-08-31 12:19:04 [pubchem] INFO: 正在处理 CID: 54684589
2025-08-31 12:19:04 [pubchem] INFO: 正在处理 CID: 4075
2025-08-31 12:19:04 [pubchem] INFO: 正在处理 CID: 4133
2025-08-31 12:19:04 [pubchem] INFO: 正在处理 CID: 54688696
2025-08-31 12:19:04 [pubchem] INFO: 正在处理 CID: 23725014
2025-08-31 12:19:04 [pubchem] INFO: 正在处理 CID: 5147
2025-08-31 12:19:04 [pubchem] INFO: 正在处理 CID: 20055507
2025-08-31 12:19:04 [pubchem] INFO: 正在处理 CID: 3058743
2025-08-31 12:19:04 [pubchem] INFO: 正在处理 CID: 5161
2025-08-31 12:19:04 [pubchem] INFO: 正在处理 CID: 23682527
2025-08-31 12:19:04 [pubchem] INFO: 正在处理 CID: 16760658
2025-08-31 12:19:04 [pubchem] INFO: 正在处理 CID: 5339
2025-08-31 12:19:04 [pubchem] INFO: 正在处理 CID: 68558
2025-08-31 12:19:04 [pubchem] INFO: 正在处理 CID: 25213
2025-08-31 12:19:04 [pubchem] INFO: 正在处理 CID: 54676228
2025-08-31 12:19:04 [pubchem] INFO: 正在处理 CID: 54725726
2025-08-31 12:19:04 [pubchem] INFO: 正在处理 CID: 6436090
2025-08-31 12:19:04 [pubchem] INFO: 正在处理 CID: 54687412
2025-08-31 12:19:04 [pubchem] INFO: 正在处理 CID: 2176
2025-08-31 12:19:04 [pubchem] INFO: 正在处理 CID: 65679
2025-08-31 12:19:04 [pubchem] INFO: 正在处理 CID: 23663945
2025-08-31 12:19:04 [pubchem] INFO: 正在处理 CID: 54677972
2025-08-31 12:19:04 [pubchem] INFO: 正在处理 CID: 54690031
2025-08-31 12:19:04 [pubchem] INFO: 正在处理 CID: 54677470
2025-08-31 12:19:04 [pubchem] INFO: 正在处理 CID: 54682951
2025-08-31 12:19:04 [pubchem] INFO: 正在处理 CID: 54677971
2025-08-31 12:19:04 [pubchem] INFO: 正在处理 CID: 30860
2025-08-31 12:19:04 [pubchem] INFO: 正在处理 CID: 3371
2025-08-31 12:19:04 [pubchem] INFO: 正在处理 CID: 5632
2025-08-31 12:19:04 [pubchem] INFO: 正在处理 CID: 4038
2025-08-31 12:19:04 [pubchem] INFO: 正在处理 CID: 4038
2025-08-31 12:19:04 [pubchem] INFO: 正在处理 CID: 4037
2025-08-31 12:19:04 [pubchem] INFO: 正在处理 CID: 35375
2025-08-31 12:19:04 [pubchem] INFO: 正在处理 CID: 3360
2025-08-31 12:19:04 [pubchem] INFO: 正在处理 CID: 4044
2025-08-31 12:19:04 [pubchem] INFO: 正在处理 CID: 610479
2025-08-31 12:19:04 [pubchem] INFO: 正在处理 CID: 119828
2025-08-31 12:19:04 [pubchem] INFO: 正在处理 CID: 15895902
2025-08-31 12:19:04 [pubchem] INFO: 正在处理 CID: 9820073
2025-08-31 12:19:04 [pubchem] INFO: 正在处理 CID: 2662
2025-08-31 12:19:04 [pubchem] INFO: 正在处理 CID: 3058754
2025-08-31 12:19:04 [pubchem] INFO: 正在处理 CID: 123619
2025-08-31 12:19:04 [pubchem] INFO: 正在处理 CID: 208910
2025-08-31 12:19:04 [pubchem] INFO: 正在处理 CID: 151166
2025-08-31 12:19:04 [pubchem] INFO: 正在处理 CID: 9843089
2025-08-31 12:19:04 [pubchem] INFO: 正在处理 CID: 9841854
2025-08-31 12:19:04 [pubchem] INFO: 正在处理 CID: 5090
2025-08-31 12:19:04 [pubchem] INFO: 正在处理 CID: 159271
2025-08-31 12:19:04 [pubchem] INFO: 正在处理 CID: 119607
2025-08-31 12:19:04 [pubchem] INFO: 正在处理 CID: 3308
2025-08-31 12:19:04 [pubchem] INFO: 正在处理 CID: 54690031
2025-08-31 12:19:04 [pubchem] INFO: 正在处理 CID: 54677470
2025-08-31 12:19:04 [pubchem] INFO: 正在处理 CID: 4409
2025-08-31 12:19:04 [pubchem] INFO: 正在处理 CID: 5720
2025-08-31 12:19:04 [pubchem] INFO: 正在处理 CID: 522325
2025-08-31 12:19:04 [pubchem] INFO: 正在处理 CID: 522325
2025-08-31 12:19:04 [pubchem] INFO: 正在处理 CID: 4781
2025-08-31 12:19:04 [pubchem] INFO: 正在处理 CID: 112362
2025-08-31 12:19:04 [pubchem] INFO: 正在处理 CID: 46174103
2025-08-31 12:19:04 [pubchem] INFO: 正在处理 CID: 4641
2025-08-31 12:19:04 [pubchem] INFO: 正在处理 CID: 104811
2025-08-31 12:19:04 [pubchem] INFO: 正在处理 CID: 6433695
2025-08-31 12:19:04 [pubchem] INFO: 正在处理 CID: 35455
2025-08-31 12:19:04 [pubchem] INFO: 正在处理 CID: 3824
2025-08-31 12:19:04 [pubchem] INFO: 正在处理 CID: 16639
2025-08-31 12:19:04 [pubchem] INFO: 正在处理 CID: 23702390
2025-08-31 12:19:04 [pubchem] INFO: 正在处理 CID: 5362
2025-08-31 12:19:04 [pubchem] INFO: 正在处理 CID: 65605
2025-08-31 12:19:04 [pubchem] INFO: 正在处理 CID: 6009
2025-08-31 12:19:04 [pubchem] INFO: 正在处理 CID: 2206
2025-08-31 12:19:04 [pubchem] INFO: 正在处理 CID: 3778
2025-08-31 12:19:04 [pubchem] INFO: 正在处理 CID: 444035
2025-08-31 12:19:04 [pubchem] INFO: 正在处理 CID: 4487
2025-08-31 12:19:04 [pubchem] INFO: 正在处理 CID: 2461
2025-08-31 12:19:04 [pubchem] INFO: 正在处理 CID: 6439420
2025-08-31 12:19:04 [pubchem] INFO: 正在处理 CID: 656852
2025-08-31 12:19:04 [pubchem] INFO: 正在处理 CID: 3221
2025-08-31 12:19:04 [pubchem] INFO: 正在处理 CID: 3242
2025-08-31 12:19:04 [pubchem] INFO: 正在处理 CID: 4488
2025-08-31 12:19:04 [pubchem] INFO: 正在处理 CID: 4495
2025-08-31 12:19:04 [pubchem] INFO: 正在处理 CID: 9957393
2025-08-31 12:19:04 [pubchem] INFO: 正在处理 CID: 31378
2025-08-31 12:19:04 [pubchem] INFO: 正在处理 CID: 225609
2025-08-31 12:19:04 [pubchem] INFO: 正在处理 CID: 31307
2025-08-31 12:19:04 [pubchem] INFO: 正在处理 CID: 6436
2025-08-31 12:19:04 [pubchem] INFO: 正在处理 CID: 16147
2025-08-31 12:19:04 [pubchem] INFO: 正在处理 CID: 6216
2025-08-31 12:19:04 [pubchem] INFO: 正在处理 CID: 21826
2025-08-31 12:19:04 [pubchem] INFO: 正在处理 CID: 5743
2025-08-31 12:19:04 [pubchem] INFO: 正在处理 CID: 236702
2025-08-31 12:19:04 [pubchem] INFO: 正在处理 CID: 20055086
2025-08-31 12:19:04 [pubchem] INFO: 正在处理 CID: 5284540
2025-08-31 12:19:04 [pubchem] INFO: 正在处理 CID: 656777
2025-08-31 12:19:04 [pubchem] INFO: 正在处理 CID: 236702
2025-08-31 12:19:04 [pubchem] INFO: 正在处理 CID: 656778
2025-08-31 12:19:04 [pubchem] INFO: 正在处理 CID: 15159004
2025-08-31 12:19:04 [pubchem] INFO: 正在处理 CID: 63049
2025-08-31 12:19:04 [pubchem] INFO: 正在处理 CID: 16752
2025-08-31 12:19:04 [pubchem] INFO: 正在处理 CID: 23672582
2025-08-31 12:19:04 [pubchem] INFO: 正在处理 CID: 63044
2025-08-31 12:19:04 [pubchem] INFO: 正在处理 CID: 63038
2025-08-31 12:19:04 [pubchem] INFO: 正在处理 CID: 9400
2025-08-31 12:19:04 [pubchem] INFO: 正在处理 CID: 23667620
2025-08-31 12:19:04 [pubchem] INFO: 正在处理 CID: 16961
2025-08-31 12:19:04 [pubchem] INFO: 正在处理 CID: 63047
2025-08-31 12:19:04 [pubchem] INFO: 正在处理 CID: 5754
2025-08-31 12:19:04 [pubchem] INFO: 正在处理 CID: 68921
2025-08-31 12:19:04 [pubchem] INFO: 正在处理 CID: 5744
2025-08-31 12:19:04 [pubchem] INFO: 正在处理 CID: 26133
2025-08-31 12:19:04 [pubchem] INFO: 正在处理 CID: 107423
2025-08-31 12:19:04 [pubchem] INFO: 正在处理 CID: 223253
2025-08-31 12:19:04 [pubchem] INFO: 正在处理 CID: 16623
2025-08-31 12:19:04 [pubchem] INFO: 正在处理 CID: 636398
2025-08-31 12:19:04 [pubchem] INFO: 正在处理 CID: 441406
2025-08-31 12:19:04 [pubchem] INFO: 正在处理 CID: 23694214
2025-08-31 12:19:04 [pubchem] INFO: 正在处理 CID: 16623
2025-08-31 12:19:04 [pubchem] INFO: 正在处理 CID: 5282494
2025-08-31 12:19:04 [pubchem] INFO: 正在处理 CID: 5755
2025-08-31 12:19:04 [pubchem] INFO: 正在处理 CID: 23671896
2025-08-31 12:19:04 [pubchem] INFO: 正在处理 CID: 5834
2025-08-31 12:19:04 [pubchem] INFO: 正在处理 CID: 5282229
2025-08-31 12:19:04 [pubchem] INFO: 正在处理 CID: 656804
2025-08-31 12:19:04 [pubchem] INFO: 正在处理 CID: 10095005
2025-08-31 12:19:04 [pubchem] INFO: 正在处理 CID: 23675004
2025-08-31 12:19:04 [pubchem] INFO: 正在处理 CID: 441409
2025-08-31 12:19:04 [pubchem] INFO: 正在处理 CID: 23680518
2025-08-31 12:19:04 [pubchem] INFO: 正在处理 CID: 71206
2025-08-31 12:19:04 [pubchem] INFO: 正在处理 CID: 93055
2025-08-31 12:19:04 [pubchem] INFO: 正在处理 CID: 5284612
2025-08-31 12:19:04 [pubchem] INFO: 正在处理 CID: 5865
2025-08-31 12:19:04 [pubchem] INFO: 正在处理 CID: 5865
2025-08-31 12:19:04 [pubchem] INFO: 正在处理 CID: 91438
2025-08-31 12:19:04 [pubchem] INFO: 正在处理 CID: 9782
2025-08-31 12:19:04 [pubchem] INFO: 正在处理 CID: 443967
2025-08-31 12:19:04 [pubchem] INFO: 正在处理 CID: 5282492
2025-08-31 12:19:04 [pubchem] INFO: 正在处理 CID: 71470
2025-08-31 12:19:04 [pubchem] INFO: 正在处理 CID: 21800
2025-08-31 12:19:04 [pubchem] INFO: 正在处理 CID: 65478
2025-08-31 12:19:04 [pubchem] INFO: 正在处理 CID: 16533
2025-08-31 12:19:04 [pubchem] INFO: 正在处理 CID: 162955
2025-08-31 12:19:04 [pubchem] INFO: 正在处理 CID: 15052414
2025-08-31 12:19:04 [pubchem] INFO: 正在处理 CID: 20469
2025-08-31 12:19:04 [pubchem] INFO: 正在处理 CID: 21700
2025-08-31 12:19:04 [pubchem] INFO: 正在处理 CID: 16052009
2025-08-31 12:19:04 [pubchem] INFO: 正在处理 CID: 9878
2025-08-31 12:19:04 [pubchem] INFO: 正在处理 CID: 240767
2025-08-31 12:19:04 [pubchem] INFO: 正在处理 CID: 9053
2025-08-31 12:19:04 [pubchem] INFO: 正在处理 CID: 119871
2025-08-31 12:19:04 [pubchem] INFO: 正在处理 CID: 20054915
2025-08-31 12:19:04 [pubchem] INFO: 正在处理 CID: 6741
2025-08-31 12:19:04 [pubchem] INFO: 正在处理 CID: 63019
2025-08-31 12:19:04 [pubchem] INFO: 正在处理 CID: 5877
2025-08-31 12:19:04 [pubchem] INFO: 正在处理 CID: 16923
2025-08-31 12:19:04 [pubchem] INFO: 正在处理 CID: 21115
2025-08-31 12:19:04 [pubchem] INFO: 正在处理 CID: 23680530
2025-08-31 12:19:04 [pubchem] INFO: 正在处理 CID: 23663977
2025-08-31 12:19:04 [pubchem] INFO: 正在处理 CID: 71387
2025-08-31 12:19:04 [pubchem] INFO: 正在处理 CID: 71386
2025-08-31 12:19:04 [pubchem] INFO: 正在处理 CID: 16490
2025-08-31 12:19:04 [pubchem] INFO: 正在处理 CID: 443980
2025-08-31 12:19:04 [pubchem] INFO: 正在处理 CID: 22875828
2025-08-31 12:19:04 [pubchem] INFO: 正在处理 CID: 15942715
2025-08-31 12:19:04 [pubchem] INFO: 正在处理 CID: 11794741
2025-08-31 12:19:04 [pubchem] INFO: 正在处理 CID: 9980241
2025-08-31 12:19:04 [pubchem] INFO: 正在处理 CID: 5311000
2025-08-31 12:19:04 [pubchem] INFO: 正在处理 CID: 636374
2025-08-31 12:19:04 [pubchem] INFO: 正在处理 CID: 5311052
2025-08-31 12:19:04 [pubchem] INFO: 正在处理 CID: 5282493
2025-08-31 12:19:04 [pubchem] INFO: 正在处理 CID: 11954369
2025-08-31 12:19:04 [pubchem] INFO: 正在处理 CID: 66381
2025-08-31 12:19:04 [pubchem] INFO: 正在处理 CID: 91670
2025-08-31 12:19:04 [pubchem] INFO: 正在处理 CID: 71415
2025-08-31 12:19:04 [pubchem] INFO: 正在处理 CID: 71414
2025-08-31 12:19:04 [pubchem] INFO: 正在处理 CID: 441335
2025-08-31 12:19:04 [pubchem] INFO: 正在处理 CID: 441336
2025-08-31 12:19:04 [pubchem] INFO: 正在处理 CID: 9893453
2025-08-31 12:19:04 [pubchem] INFO: 正在处理 CID: 5311101
2025-08-31 12:19:04 [pubchem] INFO: 正在处理 CID: 9854489
2025-08-31 12:19:04 [pubchem] INFO: 正在处理 CID: 444036
2025-08-31 12:19:04 [pubchem] INFO: 正在处理 CID: 6918178
2025-08-31 12:19:04 [pubchem] INFO: 正在处理 CID: 5311167
2025-08-31 12:19:04 [pubchem] INFO: 正在处理 CID: 5311051
2025-08-31 12:19:04 [pubchem] INFO: 正在处理 CID: 32798
2025-08-31 12:19:04 [pubchem] INFO: 正在处理 CID: 5875
2025-08-31 12:19:04 [pubchem] INFO: 正在处理 CID: 443928
2025-08-31 12:19:04 [pubchem] INFO: 正在处理 CID: 222786
2025-08-31 12:19:04 [pubchem] INFO: 正在处理 CID: 5745
2025-08-31 12:19:04 [pubchem] INFO: 正在处理 CID: 82153
2025-08-31 12:19:04 [pubchem] INFO: 正在处理 CID: 82153
2025-08-31 12:19:04 [pubchem] INFO: 正在处理 CID: 23724908
2025-08-31 12:19:04 [pubchem] INFO: 正在处理 CID: 9865442
2025-08-31 12:19:04 [pubchem] INFO: 正在处理 CID: 444025
2025-08-31 12:19:04 [pubchem] INFO: 正在处理 CID: 20055396
2025-08-31 12:19:04 [pubchem] INFO: 正在处理 CID: 20055397
2025-08-31 12:19:04 [pubchem] INFO: 正在处理 CID: 443958
2025-08-31 12:19:04 [pubchem] INFO: 正在处理 CID: 5281004
2025-08-31 12:19:04 [pubchem] INFO: 正在处理 CID: 6918155
2025-08-31 12:19:04 [pubchem] INFO: 正在处理 CID: 5284535
2025-08-31 12:19:04 [pubchem] INFO: 正在处理 CID: 66249
2025-08-31 12:19:04 [pubchem] INFO: 正在处理 CID: 189821
2025-08-31 12:19:04 [pubchem] INFO: 正在处理 CID: 443972
2025-08-31 12:19:04 [pubchem] INFO: 正在处理 CID: 5311066
2025-08-31 12:19:04 [pubchem] INFO: 正在处理 CID: 5311067
2025-08-31 12:19:04 [pubchem] INFO: 正在处理 CID: 443936
2025-08-31 12:19:04 [pubchem] INFO: 正在处理 CID: 20054914
2025-08-31 12:19:04 [pubchem] INFO: 正在处理 CID: 6215
2025-08-31 12:19:04 [pubchem] INFO: 正在处理 CID: 9642
2025-08-31 12:19:04 [pubchem] INFO: 正在处理 CID: 66257
2025-08-31 12:19:04 [pubchem] INFO: 正在处理 CID: 15209
2025-08-31 12:19:04 [pubchem] INFO: 正在处理 CID: 289085
2025-08-31 12:19:04 [pubchem] INFO: 正在处理 CID: 443943
2025-08-31 12:19:04 [pubchem] INFO: 正在处理 CID: 9846332
2025-08-31 12:19:04 [pubchem] INFO: 正在处理 CID: 247839
2025-08-31 12:19:04 [pubchem] INFO: 正在处理 CID: 5284587
2025-08-31 12:19:04 [pubchem] INFO: 正在处理 CID: 6714002
2025-08-31 12:19:04 [pubchem] INFO: 正在处理 CID: 20055008
2025-08-31 12:19:04 [pubchem] INFO: 正在处理 CID: 5311412
2025-08-31 12:19:04 [pubchem] INFO: 正在处理 CID: 3035000
2025-08-31 12:19:04 [pubchem] INFO: 正在处理 CID: 68865
2025-08-31 12:19:04 [pubchem] INFO: 正在处理 CID: 108082
2025-08-31 12:19:04 [pubchem] INFO: 正在处理 CID: 1983
2025-08-31 12:19:04 [pubchem] INFO: 正在处理 CID: 14130
2025-08-31 12:19:04 [pubchem] INFO: 正在处理 CID: 16426
2025-08-31 12:19:04 [pubchem] INFO: 正在处理 CID: 4754
2025-08-31 12:19:04 [pubchem] INFO: 正在处理 CID: 445643
2025-08-31 12:19:04 [pubchem] INFO: 正在处理 CID: 445643
2025-08-31 12:19:04 [pubchem] INFO: 正在处理 CID: 126941
2025-08-31 12:19:04 [pubchem] INFO: 正在处理 CID: 11329481
2025-08-31 12:19:04 [pubchem] INFO: 正在处理 CID: 2265
2025-08-31 12:19:04 [pubchem] INFO: 正在处理 CID: 11529527
2025-08-31 12:19:04 [pubchem] INFO: 正在处理 CID: 5852
2025-08-31 12:19:04 [pubchem] INFO: 正在处理 CID: 92173
2025-08-31 12:19:04 [pubchem] INFO: 正在处理 CID: 16667669
2025-08-31 12:19:04 [pubchem] INFO: 正在处理 CID: 6104
2025-08-31 12:19:04 [pubchem] INFO: 正在处理 CID: 10452965
2025-08-31 12:19:04 [pubchem] INFO: 正在处理 CID: 22318
2025-08-31 12:19:04 [pubchem] INFO: 正在处理 CID: 46174112
2025-08-31 12:19:04 [pubchem] INFO: 正在处理 CID: 216326
2025-08-31 12:19:04 [pubchem] INFO: 正在处理 CID: 46220375
2025-08-31 12:19:04 [pubchem] INFO: 正在处理 CID: 25126798
2025-08-31 12:19:04 [pubchem] INFO: 正在处理 CID: 25127112
2025-08-31 12:19:04 [pubchem] INFO: 正在处理 CID: 9926791
2025-08-31 12:19:04 [pubchem] INFO: 正在处理 CID: 10174505
2025-08-31 12:19:04 [pubchem] INFO: 正在处理 CID: 25062766
2025-08-31 12:19:04 [pubchem] INFO: 正在处理 CID: 57345482
2025-08-31 12:19:04 [pubchem] INFO: 正在处理 CID: 102514733
2025-08-31 12:19:04 [pubchem] INFO: 正在处理 CID: 57928403
2025-08-31 12:19:04 [pubchem] INFO: 正在处理 CID: 67998300
2025-08-31 12:19:04 [pubchem] INFO: 正在处理 CID: 49831257
2025-08-31 12:19:04 [pubchem] INFO: 正在处理 CID: 76963285
2025-08-31 12:19:04 [pubchem] INFO: 正在处理 CID: 131801100
2025-08-31 12:19:04 [pubchem] INFO: 正在处理 CID: 44631938
2025-08-31 12:19:04 [pubchem] INFO: 正在处理 CID: 44631937
2025-08-31 12:19:04 [pubchem] INFO: 正在处理 CID: 58557659
2025-08-31 12:19:04 [pubchem] INFO: 正在处理 CID: 133053456
2025-08-31 12:19:04 [pubchem] INFO: 正在处理 CID: 127263217
2025-08-31 12:19:04 [pubchem] INFO: 正在处理 CID: 53380437
2025-08-31 12:19:04 [pubchem] INFO: 正在处理 CID: 67390313
2025-08-31 12:19:04 [pubchem] INFO: 正在处理 CID: 16722836
2025-08-31 12:19:04 [pubchem] INFO: 正在处理 CID: 67517580
2025-08-31 12:19:04 [pubchem] INFO: 正在处理 CID: 118878093
2025-08-31 12:19:04 [pubchem] INFO: 正在处理 CID: 124203834
2025-08-31 12:19:04 [pubchem] INFO: 正在处理 CID: 16739650
2025-08-31 12:19:04 [pubchem] INFO: 正在处理 CID: 87368269
2025-08-31 12:19:04 [pubchem] INFO: 正在处理 CID: 71269142
2025-08-31 12:19:04 [pubchem] INFO: 正在处理 CID: 139593390
2025-08-31 12:19:04 [pubchem] INFO: 正在处理 CID: 72704611
2025-08-31 12:19:04 [pubchem] INFO: 正在处理 CID: 154572727
2025-08-31 12:19:04 [pubchem] INFO: 正在处理 CID: 71622431
2025-08-31 12:19:04 [pubchem] INFO: 正在处理 CID: 86294743
2025-08-31 12:19:04 [pubchem] INFO: 正在处理 CID: 86280672
2025-08-31 12:19:04 [pubchem] INFO: 正在处理 CID: 86280671
2025-08-31 12:19:04 [pubchem] INFO: 正在处理 CID: 135240395
2025-08-31 12:19:04 [pubchem] INFO: 正在处理 CID: 172654580
2025-08-31 12:19:04 [pubchem] INFO: 正在处理 CID: 78323835
2025-08-31 12:19:04 [pubchem] INFO: 正在处理 CID: 44205240
2025-08-31 12:19:04 [pubchem] INFO: 正在处理 CID: 59422203
2025-08-31 12:19:04 [pubchem] INFO: 正在处理 CID: 50914062
2025-08-31 12:19:04 [pubchem] INFO: 正在处理 CID: 67123870
2025-08-31 12:19:04 [pubchem] INFO: 正在处理 CID: 46213929
2025-08-31 12:19:04 [pubchem] INFO: 正在处理 CID: 126715380
2025-08-31 12:19:04 [pubchem] INFO: 正在处理 CID: 138624627
2025-08-31 12:19:04 [pubchem] INFO: 正在处理 CID: 146421275
2025-08-31 12:19:04 [pubchem] INFO: 正在处理 CID: 46216796
2025-08-31 12:19:04 [pubchem] INFO: 正在处理 CID: 145722621
2025-08-31 12:19:04 [pubchem] INFO: 正在处理 CID: 44603362
2025-08-31 12:19:04 [pubchem] INFO: 正在处理 CID: 2018
2025-08-31 12:19:04 [pubchem] INFO: 正在处理 CID: 656604
2025-08-31 12:19:04 [pubchem] INFO: 正在处理 CID: 124246
2025-08-31 12:19:04 [pubchem] INFO: 正在处理 CID: 3899
2025-08-31 12:19:04 [pubchem] INFO: 正在处理 CID: 104762
2025-08-31 12:19:04 [pubchem] INFO: 正在处理 CID: 5339
2025-08-31 12:19:04 [pubchem] INFO: 正在处理 CID: 54675776
2025-08-31 12:19:04 [pubchem] INFO: 正在处理 CID: 54704426
2025-08-31 12:19:04 [pubchem] INFO: 正在处理 CID: 135565949
2025-08-31 12:19:04 [pubchem] INFO: 正在处理 CID: 54675777
2025-08-31 12:19:04 [pubchem] INFO: 正在处理 CID: 54715349
2025-08-31 12:19:04 [pubchem] INFO: 正在处理 CID: 54682468
2025-08-31 12:19:04 [pubchem] INFO: 正在处理 CID: 54671203
2025-08-31 12:19:04 [pubchem] INFO: 正在处理 CID: 54671203
2025-08-31 12:19:04 [pubchem] INFO: 正在处理 CID: 73415789
2025-08-31 12:19:04 [pubchem] INFO: 正在处理 CID: 135564901
2025-08-31 12:19:04 [pubchem] INFO: 正在处理 CID: 54686183
2025-08-31 12:19:04 [pubchem] INFO: 正在处理 CID: 54685920
2025-08-31 12:19:04 [pubchem] INFO: 正在处理 CID: 54675783
2025-08-31 12:19:04 [pubchem] INFO: 正在处理 CID: 54685925
2025-08-31 12:19:04 [pubchem] INFO: 正在处理 CID: 54680690
2025-08-31 12:19:04 [pubchem] INFO: 正在处理 CID: 54686764
2025-08-31 12:19:04 [pubchem] INFO: 正在处理 CID: 54675779
2025-08-31 12:19:04 [pubchem] INFO: 正在处理 CID: 54675779
2025-08-31 12:19:04 [pubchem] INFO: 正在处理 CID: 54714250
2025-08-31 12:19:04 [pubchem] INFO: 正在处理 CID: 54680782
2025-08-31 12:19:04 [pubchem] INFO: 正在处理 CID: 54676539
2025-08-31 12:19:04 [pubchem] INFO: 正在处理 CID: 54676538
2025-08-31 12:19:04 [pubchem] INFO: 正在处理 CID: 54675785
2025-08-31 12:19:04 [pubchem] INFO: 正在处理 CID: 54685047
2025-08-31 12:19:04 [pubchem] INFO: 正在处理 CID: 54682938
2025-08-31 12:19:04 [pubchem] INFO: 正在处理 CID: 54698169
2025-08-31 12:19:04 [pubchem] INFO: 正在处理 CID: 54697325
2025-08-31 12:19:04 [pubchem] INFO: 正在处理 CID: 54746485
2025-08-31 12:19:04 [pubchem] INFO: 正在处理 CID: 54726192
2025-08-31 12:19:04 [pubchem] INFO: 正在处理 CID: 56951485
2025-08-31 12:19:04 [pubchem] INFO: 正在处理 CID: 54681908
2025-08-31 12:19:04 [pubchem] INFO: 正在处理 CID: 71296095
2025-08-31 12:19:04 [pubchem] INFO: 正在处理 CID: 54688693
2025-08-31 12:19:04 [pubchem] INFO: 正在处理 CID: 167442
2025-08-31 12:19:04 [pubchem] INFO: 正在处理 CID: 54680675
2025-08-31 12:19:04 [pubchem] INFO: 正在处理 CID: 54682469
2025-08-31 12:19:04 [pubchem] INFO: 正在处理 CID: 54686189
2025-08-31 12:19:04 [pubchem] INFO: 正在处理 CID: 54707177
2025-08-31 12:19:04 [pubchem] INFO: 正在处理 CID: 54688694
2025-08-31 12:19:04 [pubchem] INFO: 正在处理 CID: 54688686
2025-08-31 12:19:04 [pubchem] INFO: 正在处理 CID: 54686904
2025-08-31 12:19:04 [pubchem] INFO: 正在处理 CID: 8378
2025-08-31 12:19:04 [pubchem] INFO: 正在处理 CID: 65344
2025-08-31 12:19:04 [pubchem] INFO: 正在处理 CID: 197162
2025-08-31 12:19:04 [pubchem] INFO: 正在处理 CID: 3083713
2025-08-31 12:19:04 [pubchem] INFO: 正在处理 CID: 19649
2025-08-31 12:19:04 [pubchem] INFO: 正在处理 CID: 19648
2025-08-31 12:19:04 [pubchem] INFO: 正在处理 CID: 165580
2025-08-31 12:19:04 [pubchem] INFO: 正在处理 CID: 441375
2025-08-31 12:19:04 [pubchem] INFO: 正在处理 CID: 6032
2025-08-31 12:19:04 [pubchem] INFO: 正在处理 CID: 441374
2025-08-31 12:19:04 [pubchem] INFO: 正在处理 CID: 441374
2025-08-31 12:19:04 [pubchem] INFO: 正在处理 CID: 37768
2025-08-31 12:19:04 [pubchem] INFO: 正在处理 CID: 38351
2025-08-31 12:19:04 [pubchem] INFO: 正在处理 CID: 36294
2025-08-31 12:19:04 [pubchem] INFO: 正在处理 CID: 11954252
2025-08-31 12:19:04 [pubchem] INFO: 正在处理 CID: 441306
2025-08-31 12:19:04 [pubchem] INFO: 正在处理 CID: 62115
2025-08-31 12:19:04 [pubchem] INFO: 正在处理 CID: 36119
2025-08-31 12:19:04 [pubchem] INFO: 正在处理 CID: 439243
2025-08-31 12:19:04 [pubchem] INFO: 正在处理 CID: 470999
2025-08-31 12:19:04 [pubchem] INFO: 正在处理 CID: 636364
2025-08-31 12:19:04 [pubchem] INFO: 正在处理 CID: 33042
2025-08-31 12:19:04 [pubchem] INFO: 正在处理 CID: 656837
2025-08-31 12:19:04 [pubchem] INFO: 正在处理 CID: 3037209
2025-08-31 12:19:04 [pubchem] INFO: 正在处理 CID: 636375
2025-08-31 12:19:04 [pubchem] INFO: 正在处理 CID: 68682
2025-08-31 12:19:04 [pubchem] INFO: 正在处理 CID: 175989
2025-08-31 12:19:04 [pubchem] INFO: 正在处理 CID: 439318
2025-08-31 12:19:04 [pubchem] INFO: 正在处理 CID: 636396
2025-08-31 12:19:04 [pubchem] INFO: 正在处理 CID: 15541
2025-08-31 12:19:04 [pubchem] INFO: 正在处理 CID: 30971
2025-08-31 12:19:04 [pubchem] INFO: 正在处理 CID: 439369
2025-08-31 12:19:04 [pubchem] INFO: 正在处理 CID: 21653
2025-08-31 12:19:04 [pubchem] INFO: 正在处理 CID: 3037206
2025-08-31 12:19:04 [pubchem] INFO: 正在处理 CID: 171808
2025-08-31 12:19:04 [pubchem] INFO: 正在处理 CID: 5284517
2025-08-31 12:19:04 [pubchem] INFO: 正在处理 CID: 72734319
2025-08-31 12:19:04 [pubchem] INFO: 正在处理 CID: 8378
2025-08-31 12:19:04 [pubchem] INFO: 正在处理 CID: 197162
2025-08-31 12:19:04 [pubchem] INFO: 正在处理 CID: 42613186
2025-08-31 12:19:04 [pubchem] INFO: 正在处理 CID: 71515458
2025-08-31 12:19:04 [pubchem] INFO: 正在处理 CID: 3081545
2025-08-31 12:19:04 [pubchem] INFO: 正在处理 CID: 11954304
2025-08-31 12:19:04 [pubchem] INFO: 正在处理 CID: 11954318
2025-08-31 12:19:04 [pubchem] INFO: 正在处理 CID: 36294
2025-08-31 12:19:04 [pubchem] INFO: 正在处理 CID: 65453
2025-08-31 12:19:04 [pubchem] INFO: 正在处理 CID: 9872451
2025-08-31 12:19:04 [pubchem] INFO: 正在处理 CID: 202223
2025-08-31 12:19:04 [pubchem] INFO: 正在处理 CID: 6917880
2025-08-31 12:19:04 [pubchem] INFO: 正在处理 CID: 130313
2025-08-31 12:19:04 [pubchem] INFO: 正在处理 CID: 11954361
2025-08-31 12:19:04 [pubchem] INFO: 正在处理 CID: 9997821
2025-08-31 12:19:04 [pubchem] INFO: 正在处理 CID: 23663973
2025-08-31 12:19:04 [pubchem] INFO: 正在处理 CID: 123630
2025-08-31 12:19:04 [pubchem] INFO: 正在处理 CID: 23663400
2025-08-31 12:19:04 [pubchem] INFO: 正在处理 CID: 444022
2025-08-31 12:19:04 [pubchem] INFO: 正在处理 CID: 5282436
2025-08-31 12:19:04 [pubchem] INFO: 正在处理 CID: 23665591
2025-08-31 12:19:04 [pubchem] INFO: 正在处理 CID: 5280980
2025-08-31 12:19:04 [pubchem] INFO: 正在处理 CID: 89851852
2025-08-31 12:19:04 [pubchem] INFO: 正在处理 CID: 89851851
2025-08-31 12:19:04 [pubchem] INFO: 正在处理 CID: 76902493
2025-08-31 12:19:04 [pubchem] INFO: 正在处理 CID: 137331954
2025-08-31 12:19:04 [pubchem] INFO: 正在处理 CID: 24944097
2025-08-31 12:19:04 [pubchem] INFO: 正在处理 CID: 135339165
2025-08-31 12:19:04 [pubchem] INFO: 正在处理 CID: 138455079
2025-08-31 12:19:04 [pubchem] INFO: 正在处理 CID: 138455030
2025-08-31 12:19:04 [pubchem] INFO: 正在处理 CID: 140830474
2025-08-31 12:19:04 [pubchem] INFO: 正在处理 CID: 163342449
2025-08-31 12:19:04 [pubchem] INFO: 正在处理 CID: 23653540
2025-08-31 12:19:04 [pubchem] INFO: 正在处理 CID: 73386748
2025-08-31 12:19:04 [pubchem] INFO: 正在处理 CID: 44129647
2025-08-31 12:19:04 [pubchem] INFO: 正在处理 CID: 56649692
2025-08-31 12:19:04 [pubchem] INFO: 正在处理 CID: 3864541
2025-08-31 12:19:04 [pubchem] INFO: 正在处理 CID: 4421
2025-08-31 12:19:04 [pubchem] INFO: 正在处理 CID: 4831
2025-08-31 12:19:04 [pubchem] INFO: 正在处理 CID: 153398
2025-08-31 12:19:04 [pubchem] INFO: 正在处理 CID: 4583
2025-08-31 12:19:04 [pubchem] INFO: 正在处理 CID: 189546
2025-08-31 12:19:04 [pubchem] INFO: 正在处理 CID: 2764
2025-08-31 12:19:04 [pubchem] INFO: 正在处理 CID: 9841277
2025-08-31 12:19:04 [pubchem] INFO: 正在处理 CID: 62999
2025-08-31 12:19:04 [pubchem] INFO: 正在处理 CID: 149514
2025-08-31 12:19:04 [pubchem] INFO: 正在处理 CID: 51081
2025-08-31 12:19:04 [pubchem] INFO: 正在处理 CID: 119525
2025-08-31 12:19:04 [pubchem] INFO: 正在处理 CID: 3229
2025-08-31 12:19:04 [pubchem] INFO: 正在处理 CID: 24840537
2025-08-31 12:19:04 [pubchem] INFO: 正在处理 CID: 4539
2025-08-31 12:19:04 [pubchem] INFO: 正在处理 CID: 83908
2025-08-31 12:19:04 [pubchem] INFO: 正在处理 CID: 3948
2025-08-31 12:19:04 [pubchem] INFO: 正在处理 CID: 68624
2025-08-31 12:19:04 [pubchem] INFO: 正在处理 CID: 60622
2025-08-31 12:19:04 [pubchem] INFO: 正在处理 CID: 58258
2025-08-31 12:19:04 [pubchem] INFO: 正在处理 CID: 176015
2025-08-31 12:19:04 [pubchem] INFO: 正在处理 CID: 72474
2025-08-31 12:19:04 [pubchem] INFO: 正在处理 CID: 656829
2025-08-31 12:19:04 [pubchem] INFO: 正在处理 CID: 149096
2025-08-31 12:19:04 [pubchem] INFO: 正在处理 CID: 149096
2025-08-31 12:19:04 [pubchem] INFO: 正在处理 CID: 62959
2025-08-31 12:19:04 [pubchem] INFO: 正在处理 CID: 62960
2025-08-31 12:19:04 [pubchem] INFO: 正在处理 CID: 152946
2025-08-31 12:19:04 [pubchem] INFO: 正在处理 CID: 101526
2025-08-31 12:19:04 [pubchem] INFO: 正在处理 CID: 9890250
2025-08-31 12:19:04 [pubchem] INFO: 正在处理 CID: 9571107
2025-08-31 12:19:04 [pubchem] INFO: 正在处理 CID: 9588170
2025-08-31 12:19:04 [pubchem] INFO: 正在处理 CID: 5379
2025-08-31 12:19:04 [pubchem] INFO: 正在处理 CID: 5379
2025-08-31 12:19:04 [pubchem] INFO: 正在处理 CID: 65957
2025-08-31 12:19:04 [pubchem] INFO: 正在处理 CID: 6918232
2025-08-31 12:19:04 [pubchem] INFO: 正在处理 CID: 3086677
2025-08-31 12:19:04 [pubchem] INFO: 正在处理 CID: 5282517
2025-08-31 12:19:04 [pubchem] INFO: 正在处理 CID: 487101
2025-08-31 12:19:04 [pubchem] INFO: 正在处理 CID: 11578213
2025-08-31 12:19:04 [pubchem] INFO: 正在处理 CID: 56208
2025-08-31 12:19:04 [pubchem] INFO: 正在处理 CID: 56207
2025-08-31 12:19:04 [pubchem] INFO: 正在处理 CID: 5517
2025-08-31 12:19:04 [pubchem] INFO: 正在处理 CID: 5282468
2025-08-31 12:19:04 [pubchem] INFO: 正在处理 CID: 55492
2025-08-31 12:19:04 [pubchem] INFO: 正在处理 CID: 163301
2025-08-31 12:19:04 [pubchem] INFO: 正在处理 CID: 71335
2025-08-31 12:19:04 [pubchem] INFO: 正在处理 CID: 71334
2025-08-31 12:19:04 [pubchem] INFO: 正在处理 CID: 71334
2025-08-31 12:19:04 [pubchem] INFO: 正在处理 CID: 56206
2025-08-31 12:19:04 [pubchem] INFO: 正在处理 CID: 56205
2025-08-31 12:19:04 [pubchem] INFO: 正在处理 CID: 11546234
2025-08-31 12:19:04 [pubchem] INFO: 正在处理 CID: 67311433
2025-08-31 12:19:04 [pubchem] INFO: 正在处理 CID: 6918202
2025-08-31 12:19:04 [pubchem] INFO: 正在处理 CID: 10224595
2025-08-31 12:19:04 [pubchem] INFO: 正在处理 CID: 166565
2025-08-31 12:19:04 [pubchem] INFO: 正在处理 CID: 9889840
2025-08-31 12:19:04 [pubchem] INFO: 正在处理 CID: 60062
2025-08-31 12:19:04 [pubchem] INFO: 正在处理 CID: 71188
2025-08-31 12:19:04 [pubchem] INFO: 正在处理 CID: 11567473
2025-08-31 12:19:04 [pubchem] INFO: 正在处理 CID: 3357
2025-08-31 12:19:04 [pubchem] INFO: 正在处理 CID: 157690
2025-08-31 12:19:04 [pubchem] INFO: 正在处理 CID: 71186
2025-08-31 12:19:04 [pubchem] INFO: 正在处理 CID: 71528767
2025-08-31 12:19:04 [pubchem] INFO: 正在处理 CID: 9850038
2025-08-31 12:19:04 [pubchem] INFO: 正在处理 CID: 60651
2025-08-31 12:19:04 [pubchem] INFO: 正在处理 CID: 4410
2025-08-31 12:19:04 [pubchem] INFO: 正在处理 CID: 9826542
2025-08-31 12:19:04 [pubchem] INFO: 正在处理 CID: 60605
2025-08-31 12:19:04 [pubchem] INFO: 正在处理 CID: 71455
2025-08-31 12:19:04 [pubchem] INFO: 正在处理 CID: 65947
2025-08-31 12:19:04 [pubchem] INFO: 正在处理 CID: 461399
2025-08-31 12:19:04 [pubchem] INFO: 正在处理 CID: 60464
2025-08-31 12:19:04 [pubchem] INFO: 正在处理 CID: 60020
2025-08-31 12:19:04 [pubchem] INFO: 正在处理 CID: 2762
2025-08-31 12:19:04 [pubchem] INFO: 正在处理 CID: 170313
2025-08-31 12:19:04 [pubchem] INFO: 正在处理 CID: 3374
2025-08-31 12:19:04 [pubchem] INFO: 正在处理 CID: 37614
2025-08-31 12:19:04 [pubchem] INFO: 正在处理 CID: 4628
2025-08-31 12:19:04 [pubchem] INFO: 正在处理 CID: 9863827
2025-08-31 12:19:04 [pubchem] INFO: 正在处理 CID: 4855
2025-08-31 12:19:04 [pubchem] INFO: 正在处理 CID: 65788
2025-08-31 12:19:04 [pubchem] INFO: 正在处理 CID: 9918244
2025-08-31 12:19:04 [pubchem] INFO: 正在处理 CID: 12560
2025-08-31 12:19:04 [pubchem] INFO: 正在处理 CID: 5284554
2025-08-31 12:19:04 [pubchem] INFO: 正在处理 CID: 441371
2025-08-31 12:19:04 [pubchem] INFO: 正在处理 CID: 443953
2025-08-31 12:19:04 [pubchem] INFO: 正在处理 CID: 16051953
2025-08-31 12:19:04 [pubchem] INFO: 正在处理 CID: 71469
2025-08-31 12:19:04 [pubchem] INFO: 正在处理 CID: 71277
2025-08-31 12:19:04 [pubchem] INFO: 正在处理 CID: 20055320
2025-08-31 12:19:04 [pubchem] INFO: 正在处理 CID: 12559
2025-08-31 12:19:04 [pubchem] INFO: 正在处理 CID: 71276
2025-08-31 12:19:04 [pubchem] INFO: 正在处理 CID: 83938
2025-08-31 12:19:04 [pubchem] INFO: 正在处理 CID: 72493
2025-08-31 12:19:04 [pubchem] INFO: 正在处理 CID: 72492
2025-08-31 12:19:04 [pubchem] INFO: 正在处理 CID: 84029
2025-08-31 12:19:04 [pubchem] INFO: 正在处理 CID: 178265
2025-08-31 12:19:04 [pubchem] INFO: 正在处理 CID: 6473883
2025-08-31 12:19:04 [pubchem] INFO: 正在处理 CID: 71260
2025-08-31 12:19:04 [pubchem] INFO: 正在处理 CID: 6532846
2025-08-31 12:19:04 [pubchem] INFO: 正在处理 CID: 31863
2025-08-31 12:19:04 [pubchem] INFO: 正在处理 CID: 6915744
2025-08-31 12:19:04 [pubchem] INFO: 正在处理 CID: 202225
2025-08-31 12:19:04 [pubchem] INFO: 正在处理 CID: 447043
2025-08-31 12:19:04 [pubchem] INFO: 正在处理 CID: 447043
2025-08-31 12:19:04 [pubchem] INFO: 正在处理 CID: 441190
2025-08-31 12:19:04 [pubchem] INFO: 正在处理 CID: 59364992
2025-08-31 12:19:04 [pubchem] INFO: 正在处理 CID: 9832301
2025-08-31 12:19:04 [pubchem] INFO: 正在处理 CID: 49787020
2025-08-31 12:19:04 [pubchem] INFO: 正在处理 CID: 5289394
2025-08-31 12:19:04 [pubchem] INFO: 正在处理 CID: 6450354
2025-08-31 12:19:04 [pubchem] INFO: 正在处理 CID: 6450350
2025-08-31 12:19:04 [pubchem] INFO: 正在处理 CID: 5282165
2025-08-31 12:19:04 [pubchem] INFO: 正在处理 CID: 10395904
2025-08-31 12:19:04 [pubchem] INFO: 正在处理 CID: 5282322
2025-08-31 12:19:04 [pubchem] INFO: 正在处理 CID: 5282189
2025-08-31 12:19:04 [pubchem] INFO: 正在处理 CID: 6450271
2025-08-31 12:19:04 [pubchem] INFO: 正在处理 CID: 5282521
2025-08-31 12:19:04 [pubchem] INFO: 正在处理 CID: 5282522
2025-08-31 12:19:04 [pubchem] INFO: 正在处理 CID: 5280440
2025-08-31 12:19:04 [pubchem] INFO: 正在处理 CID: 6441094
2025-08-31 12:19:04 [pubchem] INFO: 正在处理 CID: 60196281
2025-08-31 12:19:04 [pubchem] INFO: 正在处理 CID: 6537204
2025-08-31 12:19:04 [pubchem] INFO: 正在处理 CID: 75124280
2025-08-31 12:19:04 [pubchem] INFO: 正在处理 CID: 75124279
2025-08-31 12:19:04 [pubchem] INFO: 正在处理 CID: 70693525
2025-08-31 12:19:04 [pubchem] INFO: 正在处理 CID: 70687265
2025-08-31 12:19:04 [pubchem] INFO: 正在处理 CID: 5282169
2025-08-31 12:19:04 [pubchem] INFO: 正在处理 CID: 5282188
2025-08-31 12:19:04 [pubchem] INFO: 正在处理 CID: 6441094
2025-08-31 12:19:04 [pubchem] INFO: 正在处理 CID: 56840638
2025-08-31 12:19:04 [pubchem] INFO: 正在处理 CID: 6445534
2025-08-31 12:19:04 [pubchem] INFO: 正在处理 CID: 6436058
2025-08-31 12:19:04 [pubchem] INFO: 正在处理 CID: 9937853
2025-08-31 12:19:04 [pubchem] INFO: 正在处理 CID: 5282211
2025-08-31 12:19:04 [pubchem] INFO: 正在处理 CID: 24860548
2025-08-31 12:19:04 [pubchem] INFO: 正在处理 CID: 10034073
2025-08-31 12:19:04 [pubchem] INFO: 正在处理 CID: 9875927
2025-08-31 12:19:04 [pubchem] INFO: 正在处理 CID: 6917975
2025-08-31 12:19:04 [pubchem] INFO: 正在处理 CID: 3002190
2025-08-31 12:19:04 [pubchem] INFO: 正在处理 CID: 68630
2025-08-31 12:19:04 [pubchem] INFO: 正在处理 CID: 5360550
2025-08-31 12:19:04 [pubchem] INFO: 正在处理 CID: 6870646
2025-08-31 12:19:04 [pubchem] INFO: 正在处理 CID: 9571062
2025-08-31 12:19:04 [pubchem] INFO: 正在处理 CID: 6604200
2025-08-31 12:19:04 [pubchem] INFO: 正在处理 CID: 6436102
2025-08-31 12:19:04 [pubchem] INFO: 正在处理 CID: 9553856
2025-08-31 12:19:04 [pubchem] INFO: 正在处理 CID: 5323714
2025-08-31 12:19:04 [pubchem] INFO: 正在处理 CID: 9579050
2025-08-31 12:19:04 [pubchem] INFO: 正在处理 CID: 9568055
2025-08-31 12:19:04 [pubchem] INFO: 正在处理 CID: 18637
2025-08-31 12:19:04 [pubchem] INFO: 正在处理 CID: 6433427
2025-08-31 12:19:04 [pubchem] INFO: 正在处理 CID: 5910161
2025-08-31 12:19:04 [pubchem] INFO: 正在处理 CID: 6321387
2025-08-31 12:19:04 [pubchem] INFO: 正在处理 CID: 9570365
2025-08-31 12:19:04 [pubchem] INFO: 正在处理 CID: 5337997
2025-08-31 12:19:04 [pubchem] INFO: 正在处理 CID: 6436061
2025-08-31 12:19:04 [pubchem] INFO: 正在处理 CID: 21139
2025-08-31 12:19:04 [pubchem] INFO: 正在处理 CID: 3607071
2025-08-31 12:19:04 [pubchem] INFO: 正在处理 CID: 9571044
2025-08-31 12:19:04 [pubchem] INFO: 正在处理 CID: 5447130
2025-08-31 12:19:04 [pubchem] INFO: 正在处理 CID: 6441068
2025-08-31 12:19:04 [pubchem] INFO: 正在处理 CID: 5959
2025-08-31 12:19:04 [pubchem] INFO: 正在处理 CID: 443382
2025-08-31 12:19:04 [pubchem] INFO: 正在处理 CID: 656833
2025-08-31 12:19:04 [pubchem] INFO: 正在处理 CID: 83945
2025-08-31 12:19:04 [pubchem] INFO: 正在处理 CID: 656580
2025-08-31 12:19:04 [pubchem] INFO: 正在处理 CID: 27200
2025-08-31 12:19:04 [pubchem] INFO: 正在处理 CID: 197006
2025-08-31 12:19:04 [pubchem] INFO: 正在处理 CID: 3080935
2025-08-31 12:19:04 [pubchem] INFO: 正在处理 CID: 62858
2025-08-31 12:19:04 [pubchem] INFO: 正在处理 CID: 10358610
2025-08-31 12:19:04 [pubchem] INFO: 正在处理 CID: 114811
2025-08-31 12:19:04 [pubchem] INFO: 正在处理 CID: 5433
2025-08-31 12:19:04 [pubchem] INFO: 正在处理 CID: 446598
2025-08-31 12:19:04 [pubchem] INFO: 正在处理 CID: 16051951
2025-08-31 12:19:04 [pubchem] INFO: 正在处理 CID: 16052038
2025-08-31 12:19:04 [pubchem] INFO: 正在处理 CID: 443385
2025-08-31 12:19:04 [pubchem] INFO: 正在处理 CID: 443385
2025-08-31 12:19:04 [pubchem] INFO: 正在处理 CID: 3000540
2025-08-31 12:19:04 [pubchem] INFO: 正在处理 CID: 71476
2025-08-31 12:19:04 [pubchem] INFO: 正在处理 CID: 157385
2025-08-31 12:19:04 [pubchem] INFO: 正在处理 CID: 20055247
2025-08-31 12:19:04 [pubchem] INFO: 正在处理 CID: 23724964
2025-08-31 12:19:04 [pubchem] INFO: 正在处理 CID: 44144393
2025-08-31 12:19:04 [pubchem] INFO: 正在处理 CID: 11980094
2025-08-31 12:19:04 [pubchem] INFO: 正在处理 CID: 155903695
2025-08-31 12:19:04 [pubchem] INFO: 正在处理 CID: 91663250
2025-08-31 12:19:04 [pubchem] INFO: 正在处理 CID: 46700778
2025-08-31 12:19:04 [pubchem] INFO: 正在处理 CID: 14969
2025-08-31 12:19:04 [pubchem] INFO: 正在处理 CID: 6420023
2025-08-31 12:19:04 [pubchem] INFO: 正在处理 CID: 16136912
2025-08-31 12:19:04 [pubchem] INFO: 正在处理 CID: 53297457
2025-08-31 12:19:04 [pubchem] INFO: 正在处理 CID: 16132360
2025-08-31 12:19:04 [pubchem] INFO: 正在处理 CID: 16132294
2025-08-31 12:19:04 [pubchem] INFO: 正在处理 CID: 16134627
2025-08-31 12:19:04 [pubchem] INFO: 正在处理 CID: 16132338
2025-08-31 12:19:04 [pubchem] INFO: 正在处理 CID: 133065662
2025-08-31 12:19:04 [pubchem] INFO: 正在处理 CID: 9812715
2025-08-31 12:19:04 [pubchem] INFO: 正在处理 CID: 5578
2025-08-31 12:19:04 [pubchem] INFO: 正在处理 CID: 173769
2025-08-31 12:19:04 [pubchem] INFO: 正在处理 CID: 3084396
2025-08-31 12:19:04 [pubchem] INFO: 正在处理 CID: 64936
2025-08-31 12:19:04 [pubchem] INFO: 正在处理 CID: 213043
2025-08-31 12:19:04 [pubchem] INFO: 正在处理 CID: 24785689
2025-08-31 12:19:04 [pubchem] INFO: 正在处理 CID: 68760
2025-08-31 12:19:04 [pubchem] INFO: 正在处理 CID: 68590
2025-08-31 12:19:04 [pubchem] INFO: 正在处理 CID: 23418
2025-08-31 12:19:04 [pubchem] INFO: 正在处理 CID: 65450
2025-08-31 12:19:04 [pubchem] INFO: 正在处理 CID: 5742832
2025-08-31 12:19:04 [pubchem] INFO: 正在处理 CID: 11204019
2025-08-31 12:19:04 [pubchem] INFO: 正在处理 CID: 6540466
2025-08-31 12:19:04 [pubchem] INFO: 正在处理 CID: 9568618
2025-08-31 12:19:04 [pubchem] INFO: 正在处理 CID: 9690097
2025-08-31 12:19:04 [pubchem] INFO: 正在处理 CID: 23663948
2025-08-31 12:19:04 [pubchem] INFO: 正在处理 CID: 118379834
2025-08-31 12:19:04 [pubchem] INFO: 正在处理 CID: 5492073
2025-08-31 12:19:04 [pubchem] INFO: 正在处理 CID: 91668151
2025-08-31 12:19:04 [pubchem] INFO: 正在处理 CID: 14253084
2025-08-31 12:19:04 [pubchem] INFO: 正在处理 CID: 441130
2025-08-31 12:19:04 [pubchem] INFO: 正在处理 CID: 441130
2025-08-31 12:19:04 [pubchem] INFO: 正在处理 CID: 150610
2025-08-31 12:19:04 [pubchem] INFO: 正在处理 CID: 23674512
2025-08-31 12:19:04 [pubchem] INFO: 正在处理 CID: 73303
2025-08-31 12:19:04 [pubchem] INFO: 正在处理 CID: 636377
2025-08-31 12:19:04 [pubchem] INFO: 正在处理 CID: 104838
2025-08-31 12:19:04 [pubchem] INFO: 正在处理 CID: 104838
2025-08-31 12:19:04 [pubchem] INFO: 正在处理 CID: 9892071
2025-08-31 12:19:04 [pubchem] INFO: 正在处理 CID: 134823893
2025-08-31 12:19:04 [pubchem] INFO: 正在处理 CID: 71339
2025-08-31 12:19:04 [pubchem] INFO: 正在处理 CID: 443100
2025-08-31 12:19:04 [pubchem] INFO: 正在处理 CID: 72015
2025-08-31 12:19:04 [pubchem] INFO: 正在处理 CID: 10993211
2025-08-31 12:19:04 [pubchem] INFO: 正在处理 CID: 11954024
2025-08-31 12:19:04 [pubchem] INFO: 正在处理 CID: 9809656
2025-08-31 12:19:04 [pubchem] INFO: 正在处理 CID: 23674995
2025-08-31 12:19:04 [pubchem] INFO: 正在处理 CID: 33672
2025-08-31 12:19:04 [pubchem] INFO: 正在处理 CID: 6249
2025-08-31 12:19:04 [pubchem] INFO: 正在处理 CID: 94447
2025-08-31 12:19:04 [pubchem] INFO: 正在处理 CID: 23565
2025-08-31 12:19:04 [pubchem] INFO: 正在处理 CID: 23663979
2025-08-31 12:19:04 [pubchem] INFO: 正在处理 CID: 33478
2025-08-31 12:19:04 [pubchem] INFO: 正在处理 CID: 33477
2025-08-31 12:19:04 [pubchem] INFO: 正在处理 CID: 20055543
2025-08-31 12:19:04 [pubchem] INFO: 正在处理 CID: 65322
2025-08-31 12:19:04 [pubchem] INFO: 正在处理 CID: 20824
2025-08-31 12:19:04 [pubchem] INFO: 正在处理 CID: 20933
2025-08-31 12:19:04 [pubchem] INFO: 正在处理 CID: 23684326
2025-08-31 12:19:04 [pubchem] INFO: 正在处理 CID: 33613
2025-08-31 12:19:04 [pubchem] INFO: 正在处理 CID: 33613
2025-08-31 12:19:04 [pubchem] INFO: 正在处理 CID: 23663126
2025-08-31 12:19:04 [pubchem] INFO: 正在处理 CID: 23676503
2025-08-31 12:19:04 [pubchem] INFO: 正在处理 CID: 93184
2025-08-31 12:19:04 [pubchem] INFO: 正在处理 CID: 441397
2025-08-31 12:19:04 [pubchem] INFO: 正在处理 CID: 441398
2025-08-31 12:19:04 [pubchem] INFO: 正在处理 CID: 115163
2025-08-31 12:19:04 [pubchem] INFO: 正在处理 CID: 115162
2025-08-31 12:19:04 [pubchem] INFO: 正在处理 CID: 6479523
2025-08-31 12:19:04 [pubchem] INFO: 正在处理 CID: 23685176
2025-08-31 12:19:04 [pubchem] INFO: 正在处理 CID: 656511
2025-08-31 12:19:04 [pubchem] INFO: 正在处理 CID: 23685177
2025-08-31 12:19:04 [pubchem] INFO: 正在处理 CID: 23685177
2025-08-31 12:19:04 [pubchem] INFO: 正在处理 CID: 43672
2025-08-31 12:19:04 [pubchem] INFO: 正在处理 CID: 43672
2025-08-31 12:19:04 [pubchem] INFO: 正在处理 CID: 23666879
2025-08-31 12:19:04 [pubchem] INFO: 正在处理 CID: 36921
2025-08-31 12:19:04 [pubchem] INFO: 正在处理 CID: 23671017
2025-08-31 12:19:04 [pubchem] INFO: 正在处理 CID: 470375
2025-08-31 12:19:04 [pubchem] INFO: 正在处理 CID: 71587274
2025-08-31 12:19:04 [pubchem] INFO: 正在处理 CID: 6713928
2025-08-31 12:19:04 [pubchem] INFO: 正在处理 CID: 25195407
2025-08-31 12:19:04 [pubchem] INFO: 正在处理 CID: 71447
2025-08-31 12:19:04 [pubchem] INFO: 正在处理 CID: 71446
2025-08-31 12:19:04 [pubchem] INFO: 正在处理 CID: 20055036
2025-08-31 12:19:04 [pubchem] INFO: 正在处理 CID: 443984
2025-08-31 12:19:04 [pubchem] INFO: 正在处理 CID: 171758
2025-08-31 12:19:04 [pubchem] INFO: 正在处理 CID: 11583399
2025-08-31 12:19:04 [pubchem] INFO: 正在处理 CID: 443387
2025-08-31 12:19:04 [pubchem] INFO: 正在处理 CID: 23678597
2025-08-31 12:19:04 [pubchem] INFO: 正在处理 CID: 71961
2025-08-31 12:19:04 [pubchem] INFO: 正在处理 CID: 12905357
2025-08-31 12:19:04 [pubchem] INFO: 正在处理 CID: 5904
2025-08-31 12:19:04 [pubchem] INFO: 正在处理 CID: 94316
2025-08-31 12:19:04 [pubchem] INFO: 正在处理 CID: 656811
2025-08-31 12:19:04 [pubchem] INFO: 正在处理 CID: 23664709
2025-08-31 12:19:04 [pubchem] INFO: 正在处理 CID: 22502
2025-08-31 12:19:04 [pubchem] INFO: 正在处理 CID: 23668834
2025-08-31 12:19:04 [pubchem] INFO: 正在处理 CID: 6869
2025-08-31 12:19:04 [pubchem] INFO: 正在处理 CID: 64725
2025-08-31 12:19:04 [pubchem] INFO: 正在处理 CID: 23724984
2025-08-31 12:19:04 [pubchem] INFO: 正在处理 CID: 23676814
2025-08-31 12:19:04 [pubchem] INFO: 正在处理 CID: 11954248
2025-08-31 12:19:04 [pubchem] INFO: 正在处理 CID: 164549
2025-08-31 12:19:04 [pubchem] INFO: 正在处理 CID: 92879
2025-08-31 12:19:04 [pubchem] INFO: 正在处理 CID: 23682190
2025-08-31 12:19:04 [pubchem] INFO: 正在处理 CID: 15574941
2025-08-31 12:19:04 [pubchem] INFO: 正在处理 CID: 25164102
2025-08-31 12:19:04 [pubchem] INFO: 正在处理 CID: 23675317
2025-08-31 12:19:04 [pubchem] INFO: 正在处理 CID: 272833
2025-08-31 12:19:04 [pubchem] INFO: 正在处理 CID: 71807
2025-08-31 12:19:04 [pubchem] INFO: 正在处理 CID: 71586988
2025-08-31 12:19:04 [pubchem] INFO: 正在处理 CID: 18381
2025-08-31 12:19:04 [pubchem] INFO: 正在处理 CID: 23667628
2025-08-31 12:19:04 [pubchem] INFO: 正在处理 CID: 6098
2025-08-31 12:19:04 [pubchem] INFO: 正在处理 CID: 64706
2025-08-31 12:19:04 [pubchem] INFO: 正在处理 CID: 23675320
2025-08-31 12:19:04 [pubchem] INFO: 正在处理 CID: 6196
2025-08-31 12:19:04 [pubchem] INFO: 正在处理 CID: 23667631
2025-08-31 12:19:04 [pubchem] INFO: 正在处理 CID: 21319
2025-08-31 12:19:04 [pubchem] INFO: 正在处理 CID: 44250927
2025-08-31 12:19:04 [pubchem] INFO: 正在处理 CID: 23667629
2025-08-31 12:19:04 [pubchem] INFO: 正在处理 CID: 23667629
2025-08-31 12:19:04 [pubchem] INFO: 正在处理 CID: 8982
2025-08-31 12:19:04 [pubchem] INFO: 正在处理 CID: 23667630
2025-08-31 12:19:04 [pubchem] INFO: 正在处理 CID: 130313
2025-08-31 12:19:04 [pubchem] INFO: 正在处理 CID: 11954361
2025-08-31 12:19:04 [pubchem] INFO: 正在处理 CID: 9997821
2025-08-31 12:19:04 [pubchem] INFO: 正在处理 CID: 23663973
2025-08-31 12:19:04 [pubchem] INFO: 正在处理 CID: 123630
2025-08-31 12:19:04 [pubchem] INFO: 正在处理 CID: 23663400
2025-08-31 12:19:04 [pubchem] INFO: 正在处理 CID: 444022
2025-08-31 12:19:04 [pubchem] INFO: 正在处理 CID: 5282436
2025-08-31 12:19:04 [pubchem] INFO: 正在处理 CID: 65646
2025-08-31 12:19:04 [pubchem] INFO: 正在处理 CID: 6917773
2025-08-31 12:19:04 [pubchem] INFO: 正在处理 CID: 36273
2025-08-31 12:19:04 [pubchem] INFO: 正在处理 CID: 23663957
2025-08-31 12:19:04 [pubchem] INFO: 正在处理 CID: 19003
2025-08-31 12:19:04 [pubchem] INFO: 正在处理 CID: 71392
2025-08-31 12:19:04 [pubchem] INFO: 正在处理 CID: 20055356
2025-08-31 12:19:04 [pubchem] INFO: 正在处理 CID: 23674237
2025-08-31 12:19:04 [pubchem] INFO: 正在处理 CID: 23667627
2025-08-31 12:19:04 [pubchem] INFO: 正在处理 CID: 10250769
2025-08-31 12:19:04 [pubchem] INFO: 正在处理 CID: 71796
2025-08-31 12:19:04 [pubchem] INFO: 正在处理 CID: 23684409
2025-08-31 12:19:04 [pubchem] INFO: 正在处理 CID: 23677989
2025-08-31 12:19:04 [pubchem] INFO: 正在处理 CID: 9933415
2025-08-31 12:19:04 [pubchem] INFO: 正在处理 CID: 65429
2025-08-31 12:19:04 [pubchem] INFO: 正在处理 CID: 71377
2025-08-31 12:19:04 [pubchem] INFO: 正在处理 CID: 23725047
2025-08-31 12:19:04 [pubchem] INFO: 正在处理 CID: 216265
2025-08-31 12:19:04 [pubchem] INFO: 正在处理 CID: 6918218
2025-08-31 12:19:04 [pubchem] INFO: 正在处理 CID: 16114200
2025-08-31 12:19:04 [pubchem] INFO: 正在处理 CID: 9950244
2025-08-31 12:19:04 [pubchem] INFO: 正在处理 CID: 23642298
2025-08-31 12:19:04 [pubchem] INFO: 正在处理 CID: 23665591
2025-08-31 12:19:04 [pubchem] INFO: 正在处理 CID: 5280980
2025-08-31 12:19:04 [pubchem] INFO: 正在处理 CID: 65864
2025-08-31 12:19:04 [pubchem] INFO: 正在处理 CID: 23679966
2025-08-31 12:19:04 [pubchem] INFO: 正在处理 CID: 47499
2025-08-31 12:19:04 [pubchem] INFO: 正在处理 CID: 441242
2025-08-31 12:19:04 [pubchem] INFO: 正在处理 CID: 27447
2025-08-31 12:19:04 [pubchem] INFO: 正在处理 CID: 27447
2025-08-31 12:19:04 [pubchem] INFO: 正在处理 CID: 62979
2025-08-31 12:19:04 [pubchem] INFO: 正在处理 CID: 6024
2025-08-31 12:19:04 [pubchem] INFO: 正在处理 CID: 23675321
2025-08-31 12:19:04 [pubchem] INFO: 正在处理 CID: 33255
2025-08-31 12:19:04 [pubchem] INFO: 正在处理 CID: 23675322
2025-08-31 12:19:04 [pubchem] INFO: 正在处理 CID: 23678598
2025-08-31 12:19:04 [pubchem] INFO: 正在处理 CID: 47965
2025-08-31 12:19:04 [pubchem] INFO: 正在处理 CID: 47965
2025-08-31 12:19:04 [pubchem] INFO: 正在处理 CID: 6410758
2025-08-31 12:19:04 [pubchem] INFO: 正在处理 CID: 30699
2025-08-31 12:19:04 [pubchem] INFO: 正在处理 CID: 167441
2025-08-31 12:19:04 [pubchem] INFO: 正在处理 CID: 23675312
2025-08-31 12:19:04 [pubchem] INFO: 正在处理 CID: 91562
2025-08-31 12:19:04 [pubchem] INFO: 正在处理 CID: 23668837
2025-08-31 12:19:04 [pubchem] INFO: 正在处理 CID: 5284529
2025-08-31 12:19:04 [pubchem] INFO: 正在处理 CID: 23724961
2025-08-31 12:19:04 [pubchem] INFO: 正在处理 CID: 65755
2025-08-31 12:19:04 [pubchem] INFO: 正在处理 CID: 23688977
2025-08-31 12:19:04 [pubchem] INFO: 正在处理 CID: 441199
2025-08-31 12:19:04 [pubchem] INFO: 正在处理 CID: 23667300
2025-08-31 12:19:04 [pubchem] INFO: 正在处理 CID: 5479529
2025-08-31 12:19:04 [pubchem] INFO: 正在处理 CID: 6321416
2025-08-31 12:19:04 [pubchem] INFO: 正在处理 CID: 6321417
2025-08-31 12:19:04 [pubchem] INFO: 正在处理 CID: 23670318
2025-08-31 12:19:04 [pubchem] INFO: 正在处理 CID: 456255
2025-08-31 12:19:04 [pubchem] INFO: 正在处理 CID: 23665731
2025-08-31 12:19:04 [pubchem] INFO: 正在处理 CID: 23672568
2025-08-31 12:19:04 [pubchem] INFO: 正在处理 CID: 51039
2025-08-31 12:19:04 [pubchem] INFO: 正在处理 CID: 51039
2025-08-31 12:19:04 [pubchem] INFO: 正在处理 CID: 53025
2025-08-31 12:19:04 [pubchem] INFO: 正在处理 CID: 53024
2025-08-31 12:19:04 [pubchem] INFO: 正在处理 CID: 43594
2025-08-31 12:19:04 [pubchem] INFO: 正在处理 CID: 23664040
2025-08-31 12:19:04 [pubchem] INFO: 正在处理 CID: 43593
2025-08-31 12:19:04 [pubchem] INFO: 正在处理 CID: 43708
2025-08-31 12:19:04 [pubchem] INFO: 正在处理 CID: 175647
2025-08-31 12:19:04 [pubchem] INFO: 正在处理 CID: 47896
2025-08-31 12:19:04 [pubchem] INFO: 正在处理 CID: 42008
2025-08-31 12:19:04 [pubchem] INFO: 正在处理 CID: 23666711
2025-08-31 12:19:04 [pubchem] INFO: 正在处理 CID: 5281006
2025-08-31 12:19:04 [pubchem] INFO: 正在处理 CID: 5281006
2025-08-31 12:19:04 [pubchem] INFO: 正在处理 CID: 71141
2025-08-31 12:19:04 [pubchem] INFO: 正在处理 CID: 24892837
2025-08-31 12:19:04 [pubchem] INFO: 正在处理 CID: 127527
2025-08-31 12:19:04 [pubchem] INFO: 正在处理 CID: 23663968
2025-08-31 12:19:04 [pubchem] INFO: 正在处理 CID: 5742673
2025-08-31 12:19:04 [pubchem] INFO: 正在处理 CID: 10695961
2025-08-31 12:19:04 [pubchem] INFO: 正在处理 CID: 5481173
2025-08-31 12:19:04 [pubchem] INFO: 正在处理 CID: 5481173
2025-08-31 12:19:04 [pubchem] INFO: 正在处理 CID: 656575
2025-08-31 12:19:04 [pubchem] INFO: 正在处理 CID: 656644
2025-08-31 12:19:04 [pubchem] INFO: 正在处理 CID: 5479530
2025-08-31 12:19:04 [pubchem] INFO: 正在处理 CID: 71307090
2025-08-31 12:19:04 [pubchem] INFO: 正在处理 CID: 9570757
2025-08-31 12:19:04 [pubchem] INFO: 正在处理 CID: 11954009
2025-08-31 12:19:04 [pubchem] INFO: 正在处理 CID: 6533629
2025-08-31 12:19:04 [pubchem] INFO: 正在处理 CID: 9851758
2025-08-31 12:19:04 [pubchem] INFO: 正在处理 CID: 23663938
2025-08-31 12:19:04 [pubchem] INFO: 正在处理 CID: 5362065
2025-08-31 12:19:04 [pubchem] INFO: 正在处理 CID: 5362065
2025-08-31 12:19:04 [pubchem] INFO: 正在处理 CID: 5361871
2025-08-31 12:19:04 [pubchem] INFO: 正在处理 CID: 9852176
2025-08-31 12:19:04 [pubchem] INFO: 正在处理 CID: 5487888
2025-08-31 12:19:04 [pubchem] INFO: 正在处理 CID: 5489410
2025-08-31 12:19:04 [pubchem] INFO: 正在处理 CID: 636405
2025-08-31 12:19:04 [pubchem] INFO: 正在处理 CID: 23663969
2025-08-31 12:19:04 [pubchem] INFO: 正在处理 CID: 44187
2025-08-31 12:19:04 [pubchem] INFO: 正在处理 CID: 23663974
2025-08-31 12:19:04 [pubchem] INFO: 正在处理 CID: 6335986
2025-08-31 12:19:04 [pubchem] INFO: 正在处理 CID: 6526396
2025-08-31 12:19:04 [pubchem] INFO: 正在处理 CID: 5282242
2025-08-31 12:19:04 [pubchem] INFO: 正在处理 CID: 5282241
2025-08-31 12:19:04 [pubchem] INFO: 正在处理 CID: 9870843
2025-08-31 12:19:04 [pubchem] INFO: 正在处理 CID: 6437877
2025-08-31 12:19:04 [pubchem] INFO: 正在处理 CID: 6436055
2025-08-31 12:19:04 [pubchem] INFO: 正在处理 CID: 5282437
2025-08-31 12:19:04 [pubchem] INFO: 正在处理 CID: 5479537
2025-08-31 12:19:04 [pubchem] INFO: 正在处理 CID: 9571075
2025-08-31 12:19:04 [pubchem] INFO: 正在处理 CID: 5479539
2025-08-31 12:19:04 [pubchem] INFO: 正在处理 CID: 11954008
2025-08-31 12:19:04 [pubchem] INFO: 正在处理 CID: 9571080
2025-08-31 12:19:04 [pubchem] INFO: 正在处理 CID: 9690120
2025-08-31 12:19:04 [pubchem] INFO: 正在处理 CID: 19150
2025-08-31 12:19:04 [pubchem] INFO: 正在处理 CID: 19150
2025-08-31 12:19:04 [pubchem] INFO: 正在处理 CID: 5748845
2025-08-31 12:19:04 [pubchem] INFO: 正在处理 CID: 9830519
2025-08-31 12:19:04 [pubchem] INFO: 正在处理 CID: 68597
2025-08-31 12:19:04 [pubchem] INFO: 正在处理 CID: 55324
2025-08-31 12:19:04 [pubchem] INFO: 正在处理 CID: 6537431
2025-08-31 12:19:04 [pubchem] INFO: 正在处理 CID: 5362114
2025-08-31 12:19:04 [pubchem] INFO: 正在处理 CID: 135413542
2025-08-31 12:19:04 [pubchem] INFO: 正在处理 CID: 135413543
2025-08-31 12:19:04 [pubchem] INFO: 正在处理 CID: 53234134
2025-08-31 12:19:04 [pubchem] INFO: 正在处理 CID: 52918380
2025-08-31 12:19:04 [pubchem] INFO: 正在处理 CID: 6336505
2025-08-31 12:19:04 [pubchem] INFO: 正在处理 CID: 23663965
2025-08-31 12:19:04 [pubchem] INFO: 正在处理 CID: 5464355
2025-08-31 12:19:04 [pubchem] INFO: 正在处理 CID: 9577261
2025-08-31 12:19:04 [pubchem] INFO: 正在处理 CID: 6328657
2025-08-31 12:19:04 [pubchem] INFO: 正在处理 CID: 9937686
2025-08-31 12:19:04 [pubchem] INFO: 正在处理 CID: 23671563
2025-08-31 12:19:04 [pubchem] INFO: 正在处理 CID: 77843966
2025-08-31 12:19:04 [pubchem] INFO: 正在处理 CID: 131801106
2025-08-31 12:19:04 [pubchem] INFO: 正在处理 CID: 6915944
2025-08-31 12:19:04 [pubchem] INFO: 正在处理 CID: 11993766
2025-08-31 12:19:04 [pubchem] INFO: 正在处理 CID: 21743
2025-08-31 12:19:04 [pubchem] INFO: 正在处理 CID: 10413379
2025-08-31 12:19:04 [pubchem] INFO: 正在处理 CID: 23702658
2025-08-31 12:19:04 [pubchem] INFO: 正在处理 CID: 71736
2025-08-31 12:19:04 [pubchem] INFO: 正在处理 CID: 9807169
2025-08-31 12:19:04 [pubchem] INFO: 正在处理 CID: 6536774
2025-08-31 12:19:04 [pubchem] INFO: 正在处理 CID: 9690121
2025-08-31 12:19:04 [pubchem] INFO: 正在处理 CID: 43507
2025-08-31 12:19:04 [pubchem] INFO: 正在处理 CID: 23690298
2025-08-31 12:19:04 [pubchem] INFO: 正在处理 CID: 9852981
2025-08-31 12:19:04 [pubchem] INFO: 正在处理 CID: 5773
2025-08-31 12:19:04 [pubchem] INFO: 正在处理 CID: 38103
2025-08-31 12:19:04 [pubchem] INFO: 正在处理 CID: 5284585
2025-08-31 12:19:04 [pubchem] INFO: 正在处理 CID: 5284585
2025-08-31 12:19:04 [pubchem] INFO: 正在处理 CID: 6918217
2025-08-31 12:19:04 [pubchem] INFO: 正在处理 CID: 23669766
2025-08-31 12:19:04 [pubchem] INFO: 正在处理 CID: 27447
2025-08-31 12:19:04 [pubchem] INFO: 正在处理 CID: 27447
2025-08-31 12:19:04 [pubchem] INFO: 正在处理 CID: 62979
2025-08-31 12:19:04 [pubchem] INFO: 正在处理 CID: 6024
2025-08-31 12:19:04 [pubchem] INFO: 正在处理 CID: 23675321
2025-08-31 12:19:04 [pubchem] INFO: 正在处理 CID: 33255
2025-08-31 12:19:04 [pubchem] INFO: 正在处理 CID: 23675322
2025-08-31 12:19:04 [pubchem] INFO: 正在处理 CID: 23678598
2025-08-31 12:19:04 [pubchem] INFO: 正在处理 CID: 47965
2025-08-31 12:19:04 [pubchem] INFO: 正在处理 CID: 47965
2025-08-31 12:19:04 [pubchem] INFO: 正在处理 CID: 6410758
2025-08-31 12:19:04 [pubchem] INFO: 正在处理 CID: 30699
2025-08-31 12:19:04 [pubchem] INFO: 正在处理 CID: 167441
2025-08-31 12:19:04 [pubchem] INFO: 正在处理 CID: 23675312
2025-08-31 12:19:04 [pubchem] INFO: 正在处理 CID: 91562
2025-08-31 12:19:04 [pubchem] INFO: 正在处理 CID: 23668837
2025-08-31 12:19:04 [pubchem] INFO: 正在处理 CID: 5284529
2025-08-31 12:19:04 [pubchem] INFO: 正在处理 CID: 23724961
2025-08-31 12:19:04 [pubchem] INFO: 正在处理 CID: 65755
2025-08-31 12:19:04 [pubchem] INFO: 正在处理 CID: 23688977
2025-08-31 12:19:04 [pubchem] INFO: 正在处理 CID: 71736
2025-08-31 12:19:04 [pubchem] INFO: 正在处理 CID: 5773
2025-08-31 12:19:04 [pubchem] INFO: 正在处理 CID: 38103
2025-08-31 12:19:04 [pubchem] INFO: 正在处理 CID: 441199
2025-08-31 12:19:04 [pubchem] INFO: 正在处理 CID: 23667300
2025-08-31 12:19:04 [pubchem] INFO: 正在处理 CID: 5479529
2025-08-31 12:19:04 [pubchem] INFO: 正在处理 CID: 6321416
2025-08-31 12:19:04 [pubchem] INFO: 正在处理 CID: 6321417
2025-08-31 12:19:04 [pubchem] INFO: 正在处理 CID: 23670318
2025-08-31 12:19:04 [pubchem] INFO: 正在处理 CID: 456255
2025-08-31 12:19:04 [pubchem] INFO: 正在处理 CID: 23665731
2025-08-31 12:19:04 [pubchem] INFO: 正在处理 CID: 23672568
2025-08-31 12:19:04 [pubchem] INFO: 正在处理 CID: 51039
2025-08-31 12:19:04 [pubchem] INFO: 正在处理 CID: 51039
2025-08-31 12:19:04 [pubchem] INFO: 正在处理 CID: 53025
2025-08-31 12:19:04 [pubchem] INFO: 正在处理 CID: 53024
2025-08-31 12:19:04 [pubchem] INFO: 正在处理 CID: 43594
2025-08-31 12:19:04 [pubchem] INFO: 正在处理 CID: 23664040
2025-08-31 12:19:04 [pubchem] INFO: 正在处理 CID: 43593
2025-08-31 12:19:04 [pubchem] INFO: 正在处理 CID: 43708
2025-08-31 12:19:04 [pubchem] INFO: 正在处理 CID: 175647
2025-08-31 12:19:04 [pubchem] INFO: 正在处理 CID: 47896
2025-08-31 12:19:04 [pubchem] INFO: 正在处理 CID: 5284585
2025-08-31 12:19:04 [pubchem] INFO: 正在处理 CID: 5284585
2025-08-31 12:19:04 [pubchem] INFO: 正在处理 CID: 42008
2025-08-31 12:19:04 [pubchem] INFO: 正在处理 CID: 23666711
2025-08-31 12:19:04 [pubchem] INFO: 正在处理 CID: 5281006
2025-08-31 12:19:04 [pubchem] INFO: 正在处理 CID: 5281006
2025-08-31 12:19:04 [pubchem] INFO: 正在处理 CID: 71141
2025-08-31 12:19:04 [pubchem] INFO: 正在处理 CID: 24892837
2025-08-31 12:19:04 [pubchem] INFO: 正在处理 CID: 127527
2025-08-31 12:19:04 [pubchem] INFO: 正在处理 CID: 23663968
2025-08-31 12:19:04 [pubchem] INFO: 正在处理 CID: 65864
2025-08-31 12:19:04 [pubchem] INFO: 正在处理 CID: 23679966
2025-08-31 12:19:04 [pubchem] INFO: 正在处理 CID: 43507
2025-08-31 12:19:04 [pubchem] INFO: 正在处理 CID: 5742673
2025-08-31 12:19:04 [pubchem] INFO: 正在处理 CID: 10695961
2025-08-31 12:19:04 [pubchem] INFO: 正在处理 CID: 5481173
2025-08-31 12:19:04 [pubchem] INFO: 正在处理 CID: 5481173
2025-08-31 12:19:04 [pubchem] INFO: 正在处理 CID: 656575
2025-08-31 12:19:04 [pubchem] INFO: 正在处理 CID: 656644
2025-08-31 12:19:04 [pubchem] INFO: 正在处理 CID: 71307090
2025-08-31 12:19:04 [pubchem] INFO: 正在处理 CID: 9570757
2025-08-31 12:19:04 [pubchem] INFO: 正在处理 CID: 11954009
2025-08-31 12:19:04 [pubchem] INFO: 正在处理 CID: 47499
2025-08-31 12:19:04 [pubchem] INFO: 正在处理 CID: 441242
2025-08-31 12:19:04 [pubchem] INFO: 正在处理 CID: 6533629
2025-08-31 12:19:04 [pubchem] INFO: 正在处理 CID: 9851758
2025-08-31 12:19:04 [pubchem] INFO: 正在处理 CID: 23663938
2025-08-31 12:19:04 [pubchem] INFO: 正在处理 CID: 5362065
2025-08-31 12:19:04 [pubchem] INFO: 正在处理 CID: 5362065
2025-08-31 12:19:04 [pubchem] INFO: 正在处理 CID: 5361871
2025-08-31 12:19:04 [pubchem] INFO: 正在处理 CID: 9852176
2025-08-31 12:19:04 [pubchem] INFO: 正在处理 CID: 5487888
2025-08-31 12:19:04 [pubchem] INFO: 正在处理 CID: 5489410
2025-08-31 12:19:04 [pubchem] INFO: 正在处理 CID: 636405
2025-08-31 12:19:04 [pubchem] INFO: 正在处理 CID: 23663969
2025-08-31 12:19:04 [pubchem] INFO: 正在处理 CID: 44187
2025-08-31 12:19:04 [pubchem] INFO: 正在处理 CID: 23663974
2025-08-31 12:19:04 [pubchem] INFO: 正在处理 CID: 6335986
2025-08-31 12:19:04 [pubchem] INFO: 正在处理 CID: 6526396
2025-08-31 12:19:04 [pubchem] INFO: 正在处理 CID: 5282242
2025-08-31 12:19:04 [pubchem] INFO: 正在处理 CID: 5282241
2025-08-31 12:19:04 [pubchem] INFO: 正在处理 CID: 9870843
2025-08-31 12:19:04 [pubchem] INFO: 正在处理 CID: 6437877
2025-08-31 12:19:04 [pubchem] INFO: 正在处理 CID: 6436055
2025-08-31 12:19:04 [pubchem] INFO: 正在处理 CID: 5282437
2025-08-31 12:19:04 [pubchem] INFO: 正在处理 CID: 6915944
2025-08-31 12:19:04 [pubchem] INFO: 正在处理 CID: 11993766
2025-08-31 12:19:04 [pubchem] INFO: 正在处理 CID: 5479537
2025-08-31 12:19:04 [pubchem] INFO: 正在处理 CID: 9571075
2025-08-31 12:19:04 [pubchem] INFO: 正在处理 CID: 5479539
2025-08-31 12:19:04 [pubchem] INFO: 正在处理 CID: 11954008
2025-08-31 12:19:04 [pubchem] INFO: 正在处理 CID: 9571080
2025-08-31 12:19:04 [pubchem] INFO: 正在处理 CID: 9690120
2025-08-31 12:19:04 [pubchem] INFO: 正在处理 CID: 5904
2025-08-31 12:19:04 [pubchem] INFO: 正在处理 CID: 94316
2025-08-31 12:19:04 [pubchem] INFO: 正在处理 CID: 656811
2025-08-31 12:19:04 [pubchem] INFO: 正在处理 CID: 23664709
2025-08-31 12:19:04 [pubchem] INFO: 正在处理 CID: 22502
2025-08-31 12:19:04 [pubchem] INFO: 正在处理 CID: 23668834
2025-08-31 12:19:04 [pubchem] INFO: 正在处理 CID: 6869
2025-08-31 12:19:04 [pubchem] INFO: 正在处理 CID: 64725
2025-08-31 12:19:04 [pubchem] INFO: 正在处理 CID: 23724984
2025-08-31 12:19:04 [pubchem] INFO: 正在处理 CID: 23676814
2025-08-31 12:19:04 [pubchem] INFO: 正在处理 CID: 11954248
2025-08-31 12:19:04 [pubchem] INFO: 正在处理 CID: 164549
2025-08-31 12:19:04 [pubchem] INFO: 正在处理 CID: 92879
2025-08-31 12:19:04 [pubchem] INFO: 正在处理 CID: 23682190
2025-08-31 12:19:04 [pubchem] INFO: 正在处理 CID: 15574941
2025-08-31 12:19:04 [pubchem] INFO: 正在处理 CID: 25164102
2025-08-31 12:19:04 [pubchem] INFO: 正在处理 CID: 23675317
2025-08-31 12:19:04 [pubchem] INFO: 正在处理 CID: 272833
2025-08-31 12:19:04 [pubchem] INFO: 正在处理 CID: 71807
2025-08-31 12:19:04 [pubchem] INFO: 正在处理 CID: 71586988
2025-08-31 12:19:04 [pubchem] INFO: 正在处理 CID: 10250769
2025-08-31 12:19:04 [pubchem] INFO: 正在处理 CID: 71796
2025-08-31 12:19:04 [pubchem] INFO: 正在处理 CID: 18381
2025-08-31 12:19:04 [pubchem] INFO: 正在处理 CID: 23667628
2025-08-31 12:19:04 [pubchem] INFO: 正在处理 CID: 6098
2025-08-31 12:19:04 [pubchem] INFO: 正在处理 CID: 64706
2025-08-31 12:19:04 [pubchem] INFO: 正在处理 CID: 23675320
2025-08-31 12:19:04 [pubchem] INFO: 正在处理 CID: 6196
2025-08-31 12:19:04 [pubchem] INFO: 正在处理 CID: 23667631
2025-08-31 12:19:04 [pubchem] INFO: 正在处理 CID: 21319
2025-08-31 12:19:04 [pubchem] INFO: 正在处理 CID: 44250927
2025-08-31 12:19:04 [pubchem] INFO: 正在处理 CID: 23667629
2025-08-31 12:19:04 [pubchem] INFO: 正在处理 CID: 23667629
2025-08-31 12:19:04 [pubchem] INFO: 正在处理 CID: 8982
2025-08-31 12:19:04 [pubchem] INFO: 正在处理 CID: 23667630
2025-08-31 12:19:04 [pubchem] INFO: 正在处理 CID: 6087
2025-08-31 12:19:04 [pubchem] INFO: 正在处理 CID: 23667627
2025-08-31 12:19:04 [pubchem] INFO: 正在处理 CID: 6249
2025-08-31 12:19:04 [pubchem] INFO: 正在处理 CID: 94447
2025-08-31 12:19:04 [pubchem] INFO: 正在处理 CID: 23565
2025-08-31 12:19:04 [pubchem] INFO: 正在处理 CID: 23663979
2025-08-31 12:19:04 [pubchem] INFO: 正在处理 CID: 33478
2025-08-31 12:19:04 [pubchem] INFO: 正在处理 CID: 33477
2025-08-31 12:19:04 [pubchem] INFO: 正在处理 CID: 20055543
2025-08-31 12:19:04 [pubchem] INFO: 正在处理 CID: 65322
2025-08-31 12:19:04 [pubchem] INFO: 正在处理 CID: 20824
2025-08-31 12:19:04 [pubchem] INFO: 正在处理 CID: 20933
2025-08-31 12:19:04 [pubchem] INFO: 正在处理 CID: 23684326
2025-08-31 12:19:04 [pubchem] INFO: 正在处理 CID: 33613
2025-08-31 12:19:04 [pubchem] INFO: 正在处理 CID: 33613
2025-08-31 12:19:04 [pubchem] INFO: 正在处理 CID: 23663126
2025-08-31 12:19:04 [pubchem] INFO: 正在处理 CID: 23676503
2025-08-31 12:19:04 [pubchem] INFO: 正在处理 CID: 93184
2025-08-31 12:19:04 [pubchem] INFO: 正在处理 CID: 441397
2025-08-31 12:19:04 [pubchem] INFO: 正在处理 CID: 441398
2025-08-31 12:19:04 [pubchem] INFO: 正在处理 CID: 115163
2025-08-31 12:19:04 [pubchem] INFO: 正在处理 CID: 115162
2025-08-31 12:19:04 [pubchem] INFO: 正在处理 CID: 6479523
2025-08-31 12:19:04 [pubchem] INFO: 正在处理 CID: 23685176
2025-08-31 12:19:04 [pubchem] INFO: 正在处理 CID: 656511
2025-08-31 12:19:04 [pubchem] INFO: 正在处理 CID: 23685177
2025-08-31 12:19:04 [pubchem] INFO: 正在处理 CID: 23685177
2025-08-31 12:19:04 [pubchem] INFO: 正在处理 CID: 43672
2025-08-31 12:19:04 [pubchem] INFO: 正在处理 CID: 43672
2025-08-31 12:19:04 [pubchem] INFO: 正在处理 CID: 23666879
2025-08-31 12:19:04 [pubchem] INFO: 正在处理 CID: 36921
2025-08-31 12:19:04 [pubchem] INFO: 正在处理 CID: 23671017
2025-08-31 12:19:04 [pubchem] INFO: 正在处理 CID: 470375
2025-08-31 12:19:04 [pubchem] INFO: 正在处理 CID: 71587274
2025-08-31 12:19:04 [pubchem] INFO: 正在处理 CID: 6713928
2025-08-31 12:19:04 [pubchem] INFO: 正在处理 CID: 25195407
2025-08-31 12:19:04 [pubchem] INFO: 正在处理 CID: 71447
2025-08-31 12:19:04 [pubchem] INFO: 正在处理 CID: 71446
2025-08-31 12:19:04 [pubchem] INFO: 正在处理 CID: 20055036
2025-08-31 12:19:04 [pubchem] INFO: 正在处理 CID: 443984
2025-08-31 12:19:04 [pubchem] INFO: 正在处理 CID: 171758
2025-08-31 12:19:04 [pubchem] INFO: 正在处理 CID: 11583399
2025-08-31 12:19:04 [pubchem] INFO: 正在处理 CID: 443387
2025-08-31 12:19:04 [pubchem] INFO: 正在处理 CID: 23678597
2025-08-31 12:19:04 [pubchem] INFO: 正在处理 CID: 71961
2025-08-31 12:19:04 [pubchem] INFO: 正在处理 CID: 12905357
2025-08-31 12:19:04 [pubchem] INFO: 正在处理 CID: 36273
2025-08-31 12:19:04 [pubchem] INFO: 正在处理 CID: 71392
2025-08-31 12:19:04 [pubchem] INFO: 正在处理 CID: 67313
2025-08-31 12:19:04 [pubchem] INFO: 正在处理 CID: 25590
2025-08-31 12:19:04 [pubchem] INFO: 正在处理 CID: 5315
2025-08-31 12:19:04 [pubchem] INFO: 正在处理 CID: 5315
2025-08-31 12:19:04 [pubchem] INFO: 正在处理 CID: 13456556
2025-08-31 12:19:04 [pubchem] INFO: 正在处理 CID: 5327
2025-08-31 12:19:04 [pubchem] INFO: 正在处理 CID: 5344
2025-08-31 12:19:04 [pubchem] INFO: 正在处理 CID: 6662
2025-08-31 12:19:04 [pubchem] INFO: 正在处理 CID: 20287
2025-08-31 12:19:04 [pubchem] INFO: 正在处理 CID: 5320
2025-08-31 12:19:04 [pubchem] INFO: 正在处理 CID: 4022878
2025-08-31 12:19:04 [pubchem] INFO: 正在处理 CID: 4806
2025-08-31 12:19:04 [pubchem] INFO: 正在处理 CID: 5324
2025-08-31 12:19:04 [pubchem] INFO: 正在处理 CID: 5328
2025-08-31 12:19:04 [pubchem] INFO: 正在处理 CID: 5333
2025-08-31 12:19:04 [pubchem] INFO: 正在处理 CID: 5336
2025-08-31 12:19:04 [pubchem] INFO: 正在处理 CID: 5340
2025-08-31 12:19:04 [pubchem] INFO: 正在处理 CID: 3000579
2025-08-31 12:19:04 [pubchem] INFO: 正在处理 CID: 5343
2025-08-31 12:19:04 [pubchem] INFO: 正在处理 CID: 5215
2025-08-31 12:19:04 [pubchem] INFO: 正在处理 CID: 15899898
2025-08-31 12:19:04 [pubchem] INFO: 正在处理 CID: 441244
2025-08-31 12:19:04 [pubchem] INFO: 正在处理 CID: 65280
2025-08-31 12:19:04 [pubchem] INFO: 正在处理 CID: 5329
2025-08-31 12:19:04 [pubchem] INFO: 正在处理 CID: 12894
2025-08-31 12:19:04 [pubchem] INFO: 正在处理 CID: 5323
2025-08-31 12:19:04 [pubchem] INFO: 正在处理 CID: 13384041
2025-08-31 12:19:04 [pubchem] INFO: 正在处理 CID: 5330
2025-08-31 12:19:04 [pubchem] INFO: 正在处理 CID: 12790147
2025-08-31 12:19:04 [pubchem] INFO: 正在处理 CID: 5332
2025-08-31 12:19:04 [pubchem] INFO: 正在处理 CID: 23724960
2025-08-31 12:19:04 [pubchem] INFO: 正在处理 CID: 656643
2025-08-31 12:19:04 [pubchem] INFO: 正在处理 CID: 9047
2025-08-31 12:19:04 [pubchem] INFO: 正在处理 CID: 187764
2025-08-31 12:19:04 [pubchem] INFO: 正在处理 CID: 5325
2025-08-31 12:19:04 [pubchem] INFO: 正在处理 CID: 5326
2025-08-31 12:19:04 [pubchem] INFO: 正在处理 CID: 19596
2025-08-31 12:19:04 [pubchem] INFO: 正在处理 CID: 68933
2025-08-31 12:19:04 [pubchem] INFO: 正在处理 CID: 5335
2025-08-31 12:19:04 [pubchem] INFO: 正在处理 CID: 8281
2025-08-31 12:19:04 [pubchem] INFO: 正在处理 CID: 66895
2025-08-31 12:19:04 [pubchem] INFO: 正在处理 CID: 3034019
2025-08-31 12:19:04 [pubchem] INFO: 正在处理 CID: 67118
2025-08-31 12:19:04 [pubchem] INFO: 正在处理 CID: 11224409
2025-08-31 12:19:04 [pubchem] INFO: 正在处理 CID: 44148951
2025-08-31 12:19:04 [pubchem] INFO: 正在处理 CID: 11234049
2025-08-31 12:19:04 [pubchem] INFO: 正在处理 CID: 11476460
2025-08-31 12:19:04 [pubchem] INFO: 正在处理 CID: 25184541
2025-08-31 12:19:04 [pubchem] INFO: 正在处理 CID: 131750213
2025-08-31 12:19:04 [pubchem] INFO: 正在处理 CID: 44242317
2025-08-31 12:19:04 [pubchem] INFO: 正在处理 CID: 73214
2025-08-31 12:19:04 [pubchem] INFO: 正在处理 CID: 441401
2025-08-31 12:19:04 [pubchem] INFO: 正在处理 CID: 465951
2025-08-31 12:19:04 [pubchem] INFO: 正在处理 CID: 5479529
2025-08-31 12:19:04 [pubchem] INFO: 正在处理 CID: 6321416
2025-08-31 12:19:04 [pubchem] INFO: 正在处理 CID: 6321417
2025-08-31 12:19:04 [pubchem] INFO: 正在处理 CID: 23670318
2025-08-31 12:19:04 [pubchem] INFO: 正在处理 CID: 5742673
2025-08-31 12:19:04 [pubchem] INFO: 正在处理 CID: 10695961
2025-08-31 12:19:04 [pubchem] INFO: 正在处理 CID: 5481173
2025-08-31 12:19:04 [pubchem] INFO: 正在处理 CID: 5481173
2025-08-31 12:19:04 [pubchem] INFO: 正在处理 CID: 5479530
2025-08-31 12:19:04 [pubchem] INFO: 正在处理 CID: 71307090
2025-08-31 12:19:04 [pubchem] INFO: 正在处理 CID: 9570757
2025-08-31 12:19:04 [pubchem] INFO: 正在处理 CID: 11954009
2025-08-31 12:19:04 [pubchem] INFO: 正在处理 CID: 6533629
2025-08-31 12:19:04 [pubchem] INFO: 正在处理 CID: 9851758
2025-08-31 12:19:04 [pubchem] INFO: 正在处理 CID: 23663938
2025-08-31 12:19:04 [pubchem] INFO: 正在处理 CID: 5362065
2025-08-31 12:19:04 [pubchem] INFO: 正在处理 CID: 5362065
2025-08-31 12:19:04 [pubchem] INFO: 正在处理 CID: 5361871
2025-08-31 12:19:04 [pubchem] INFO: 正在处理 CID: 9852176
2025-08-31 12:19:04 [pubchem] INFO: 正在处理 CID: 5487888
2025-08-31 12:19:04 [pubchem] INFO: 正在处理 CID: 5489410
2025-08-31 12:19:04 [pubchem] INFO: 正在处理 CID: 6335986
2025-08-31 12:19:04 [pubchem] INFO: 正在处理 CID: 6526396
2025-08-31 12:19:04 [pubchem] INFO: 正在处理 CID: 9870843
2025-08-31 12:19:04 [pubchem] INFO: 正在处理 CID: 6437877
2025-08-31 12:19:04 [pubchem] INFO: 正在处理 CID: 5479537
2025-08-31 12:19:04 [pubchem] INFO: 正在处理 CID: 9571075
2025-08-31 12:19:04 [pubchem] INFO: 正在处理 CID: 5479539
2025-08-31 12:19:04 [pubchem] INFO: 正在处理 CID: 11954008
2025-08-31 12:19:04 [pubchem] INFO: 正在处理 CID: 9571080
2025-08-31 12:19:04 [pubchem] INFO: 正在处理 CID: 9690120
2025-08-31 12:19:04 [pubchem] INFO: 正在处理 CID: 5742832
2025-08-31 12:19:04 [pubchem] INFO: 正在处理 CID: 11204019
2025-08-31 12:19:04 [pubchem] INFO: 正在处理 CID: 6540466
2025-08-31 12:19:04 [pubchem] INFO: 正在处理 CID: 9568618
2025-08-31 12:19:04 [pubchem] INFO: 正在处理 CID: 5748845
2025-08-31 12:19:04 [pubchem] INFO: 正在处理 CID: 9830519
2025-08-31 12:19:04 [pubchem] INFO: 正在处理 CID: 6537431
2025-08-31 12:19:04 [pubchem] INFO: 正在处理 CID: 5362114
2025-08-31 12:19:04 [pubchem] INFO: 正在处理 CID: 135413542
2025-08-31 12:19:04 [pubchem] INFO: 正在处理 CID: 135413543
2025-08-31 12:19:04 [pubchem] INFO: 正在处理 CID: 53234134
2025-08-31 12:19:04 [pubchem] INFO: 正在处理 CID: 52918380
2025-08-31 12:19:04 [pubchem] INFO: 正在处理 CID: 6336505
2025-08-31 12:19:04 [pubchem] INFO: 正在处理 CID: 23663965
2025-08-31 12:19:04 [pubchem] INFO: 正在处理 CID: 9690097
2025-08-31 12:19:04 [pubchem] INFO: 正在处理 CID: 5464355
2025-08-31 12:19:04 [pubchem] INFO: 正在处理 CID: 9577261
2025-08-31 12:19:04 [pubchem] INFO: 正在处理 CID: 6328657
2025-08-31 12:19:04 [pubchem] INFO: 正在处理 CID: 9937686
2025-08-31 12:19:04 [pubchem] INFO: 正在处理 CID: 23671563
2025-08-31 12:19:04 [pubchem] INFO: 正在处理 CID: 6915944
2025-08-31 12:19:04 [pubchem] INFO: 正在处理 CID: 11993766
2025-08-31 12:19:04 [pubchem] INFO: 正在处理 CID: 9807169
2025-08-31 12:19:04 [pubchem] INFO: 正在处理 CID: 6536774
2025-08-31 12:19:04 [pubchem] INFO: 正在处理 CID: 9690121
2025-08-31 12:19:04 [pubchem] INFO: 正在处理 CID: 23690298
2025-08-31 12:19:04 [pubchem] INFO: 正在处理 CID: 9852981
2025-08-31 12:19:04 [pubchem] INFO: 正在处理 CID: 5492073
2025-08-31 12:19:04 [pubchem] INFO: 正在处理 CID: 91668151
2025-08-31 12:19:04 [pubchem] INFO: 正在处理 CID: 14253084
2025-08-31 12:19:04 [pubchem] INFO: 正在处理 CID: 656958
2025-08-31 12:19:04 [pubchem] INFO: 正在处理 CID: 23725049
2025-08-31 12:19:04 [pubchem] INFO: 正在处理 CID: 9850878
2025-08-31 12:19:04 [pubchem] INFO: 正在处理 CID: 60195218
2025-08-31 12:19:04 [pubchem] INFO: 正在处理 CID: 25185057
2025-08-31 12:19:04 [pubchem] INFO: 正在处理 CID: 86346053
2025-08-31 12:19:04 [pubchem] INFO: 正在处理 CID: 6918462
2025-08-31 12:19:04 [pubchem] INFO: 正在处理 CID: 19649
2025-08-31 12:19:04 [pubchem] INFO: 正在处理 CID: 19648
2025-08-31 12:19:04 [pubchem] INFO: 正在处理 CID: 6032
2025-08-31 12:19:04 [pubchem] INFO: 正在处理 CID: 441374
2025-08-31 12:19:04 [pubchem] INFO: 正在处理 CID: 441374
2025-08-31 12:19:04 [pubchem] INFO: 正在处理 CID: 149096
2025-08-31 12:19:04 [pubchem] INFO: 正在处理 CID: 149096
2025-08-31 12:19:04 [pubchem] INFO: 正在处理 CID: 16211148
2025-08-31 12:19:04 [pubchem] INFO: 正在处理 CID: 4649
2025-08-31 12:19:04 [pubchem] INFO: 正在处理 CID: 8609
2025-08-31 12:19:04 [pubchem] INFO: 正在处理 CID: 3000502
2025-08-31 12:19:04 [pubchem] INFO: 正在处理 CID: 3767
2025-08-31 12:19:04 [pubchem] INFO: 正在处理 CID: 71468
2025-08-31 12:19:04 [pubchem] INFO: 正在处理 CID: 53297476
2025-08-31 12:19:04 [pubchem] INFO: 正在处理 CID: 23724827
2025-08-31 12:19:04 [pubchem] INFO: 正在处理 CID: 14052
2025-08-31 12:19:04 [pubchem] INFO: 正在处理 CID: 14051
2025-08-31 12:19:04 [pubchem] INFO: 正在处理 CID: 5388906
2025-08-31 12:19:04 [pubchem] INFO: 正在处理 CID: 24812732
2025-08-31 12:19:04 [pubchem] INFO: 正在处理 CID: 135565326
2025-08-31 12:19:04 [pubchem] INFO: 正在处理 CID: 135565753
2025-08-31 12:19:04 [pubchem] INFO: 正在处理 CID: 76962804
2025-08-31 12:19:04 [pubchem] INFO: 正在处理 CID: 135398735
2025-08-31 12:19:04 [pubchem] INFO: 正在处理 CID: 6324616
2025-08-31 12:19:04 [pubchem] INFO: 正在处理 CID: 23702994
2025-08-31 12:19:05 [pubchem] INFO: 正在处理 CID: 135415564
2025-08-31 12:19:05 [pubchem] INFO: 正在处理 CID: 135431094
2025-08-31 12:19:05 [pubchem] INFO: 正在处理 CID: 135475446
2025-08-31 12:19:05 [pubchem] INFO: 正在处理 CID: 6473882
2025-08-31 12:19:05 [pubchem] INFO: 正在处理 CID: 6433345
2025-08-31 12:19:05 [pubchem] INFO: 正在处理 CID: 135403821
2025-08-31 12:19:05 [pubchem] INFO: 正在处理 CID: 6436173
2025-08-31 12:19:05 [pubchem] INFO: 正在处理 CID: 2761171
2025-08-31 12:19:05 [pubchem] INFO: 正在处理 CID: 666418
2025-08-31 12:19:05 [pubchem] INFO: 正在处理 CID: 9568512
2025-08-31 12:19:05 [pubchem] INFO: 正在处理 CID: 3001386
2025-08-31 12:19:05 [pubchem] INFO: 正在处理 CID: 23724809
2025-08-31 12:19:05 [pubchem] INFO: 正在处理 CID: 71586857
2025-08-31 12:19:05 [pubchem] INFO: 正在处理 CID: 70374
2025-08-31 12:19:05 [pubchem] INFO: 正在处理 CID: 1046
2025-08-31 12:19:05 [pubchem] INFO: 正在处理 CID: 6234
2025-08-31 12:19:05 [pubchem] INFO: 正在处理 CID: 6480466
2025-08-31 12:19:05 [pubchem] INFO: 正在处理 CID: 456199
2025-08-31 12:19:05 [pubchem] INFO: 正在处理 CID: 65720
2025-08-31 12:19:05 [pubchem] INFO: 正在处理 CID: 5505
2025-08-31 12:19:05 [pubchem] INFO: 正在处理 CID: 23690448
2025-08-31 12:19:05 [pubchem] INFO: 正在处理 CID: 1989
2025-08-31 12:19:05 [pubchem] INFO: 正在处理 CID: 9564
2025-08-31 12:19:05 [pubchem] INFO: 正在处理 CID: 2727
2025-08-31 12:19:05 [pubchem] INFO: 正在处理 CID: 3037231
2025-08-31 12:19:05 [pubchem] INFO: 正在处理 CID: 12818200
2025-08-31 12:19:05 [pubchem] INFO: 正在处理 CID: 3475
2025-08-31 12:19:05 [pubchem] INFO: 正在处理 CID: 3476
2025-08-31 12:19:05 [pubchem] INFO: 正在处理 CID: 3478
2025-08-31 12:19:05 [pubchem] INFO: 正在处理 CID: 91610
2025-08-31 12:19:05 [pubchem] INFO: 正在处理 CID: 65779
2025-08-31 12:19:05 [pubchem] INFO: 正在处理 CID: 65713
2025-08-31 12:19:05 [pubchem] INFO: 正在处理 CID: 32778
2025-08-31 12:19:05 [pubchem] INFO: 正在处理 CID: 3488
2025-08-31 12:19:05 [pubchem] INFO: 正在处理 CID: 71793
2025-08-31 12:19:05 [pubchem] INFO: 正在处理 CID: 12628
2025-08-31 12:19:05 [pubchem] INFO: 正在处理 CID: 9953
2025-08-31 12:19:05 [pubchem] INFO: 正在处理 CID: 13953
2025-08-31 12:19:05 [pubchem] INFO: 正在处理 CID: 246940
2025-08-31 12:19:05 [pubchem] INFO: 正在处理 CID: 11259
2025-08-31 12:19:05 [pubchem] INFO: 正在处理 CID: 5503
2025-08-31 12:19:05 [pubchem] INFO: 正在处理 CID: 267368
2025-08-31 12:19:05 [pubchem] INFO: 正在处理 CID: 6918235
2025-08-31 12:19:05 [pubchem] INFO: 正在处理 CID: 5311309
2025-08-31 12:19:05 [pubchem] INFO: 正在处理 CID: 65981
2025-08-31 12:19:05 [pubchem] INFO: 正在处理 CID: 23672378
2025-08-31 12:19:05 [pubchem] INFO: 正在处理 CID: 16136701
2025-08-31 12:19:05 [pubchem] INFO: 正在处理 CID: 16132438
2025-08-31 12:19:05 [pubchem] INFO: 正在处理 CID: 118984462
2025-08-31 12:19:05 [pubchem] INFO: 正在处理 CID: 16137271
2025-08-31 12:19:05 [pubchem] INFO: 正在处理 CID: 118984454
2025-08-31 12:19:05 [pubchem] INFO: 正在处理 CID: 118984375
2025-08-31 12:19:05 [pubchem] INFO: 正在处理 CID: 24839622
2025-08-31 12:19:05 [pubchem] INFO: 正在处理 CID: 24839622
2025-08-31 12:19:05 [pubchem] INFO: 正在处理 CID: 24839622
2025-08-31 12:19:05 [pubchem] INFO: 正在处理 CID: 70678557
2025-08-31 12:19:05 [pubchem] INFO: 正在处理 CID: 8249
2025-08-31 12:19:05 [pubchem] INFO: 正在处理 CID: 13266
2025-08-31 12:19:05 [pubchem] INFO: 正在处理 CID: 4091
2025-08-31 12:19:05 [pubchem] INFO: 正在处理 CID: 14219
2025-08-31 12:19:05 [pubchem] INFO: 正在处理 CID: 2468
2025-08-31 12:19:05 [pubchem] INFO: 正在处理 CID: 84976
2025-08-31 12:19:05 [pubchem] INFO: 正在处理 CID: 170346
2025-08-31 12:19:05 [pubchem] INFO: 正在处理 CID: 77999
2025-08-31 12:19:05 [pubchem] INFO: 正在处理 CID: 5281055
2025-08-31 12:19:05 [pubchem] INFO: 正在处理 CID: 4829
2025-08-31 12:19:05 [pubchem] INFO: 正在处理 CID: 60560
2025-08-31 12:19:05 [pubchem] INFO: 正在处理 CID: 4147757
2025-08-31 12:19:05 [pubchem] INFO: 正在处理 CID: 86748889
2025-08-31 12:19:05 [pubchem] INFO: 正在处理 CID: 2750
2025-08-31 12:19:05 [pubchem] INFO: 正在处理 CID: 23707497
2025-08-31 12:19:05 [pubchem] INFO: 正在处理 CID: 23714556
2025-08-31 12:19:05 [pubchem] INFO: 正在处理 CID: 13728795
2025-08-31 12:19:05 [pubchem] INFO: 正在处理 CID: 9826451
2025-08-31 12:19:05 [pubchem] INFO: 正在处理 CID: 204109
2025-08-31 12:19:05 [pubchem] INFO: 正在处理 CID: 3055168
2025-08-31 12:19:05 [pubchem] INFO: 正在处理 CID: 5591
2025-08-31 12:19:05 [pubchem] INFO: 正在处理 CID: 10274777
2025-08-31 12:19:05 [pubchem] INFO: 正在处理 CID: 9938010
2025-08-31 12:19:05 [pubchem] INFO: 正在处理 CID: 170364
2025-08-31 12:19:05 [pubchem] INFO: 正在处理 CID: 11395145
2025-08-31 12:19:05 [pubchem] INFO: 正在处理 CID: 206044
2025-08-31 12:19:05 [pubchem] INFO: 正在处理 CID: 9888484
2025-08-31 12:19:05 [pubchem] INFO: 正在处理 CID: 6451147
2025-08-31 12:19:05 [pubchem] INFO: 正在处理 CID: 154000
2025-08-31 12:19:05 [pubchem] INFO: 正在处理 CID: 9805950
2025-08-31 12:19:05 [pubchem] INFO: 正在处理 CID: 208901
2025-08-31 12:19:05 [pubchem] INFO: 正在处理 CID: 12082259
2025-08-31 12:19:05 [pubchem] INFO: 正在处理 CID: 23683779
2025-08-31 12:19:05 [pubchem] INFO: 正在处理 CID: 56639723
2025-08-31 12:19:05 [pubchem] INFO: 正在处理 CID: 1549120
2025-08-31 12:19:05 [pubchem] INFO: 正在处理 CID: 160024
2025-08-31 12:19:05 [pubchem] INFO: 正在处理 CID: 132260161
2025-08-31 12:19:05 [pubchem] INFO: 正在处理 CID: 157839
2025-08-31 12:19:05 [pubchem] INFO: 正在处理 CID: 190816
2025-08-31 12:19:05 [pubchem] INFO: 正在处理 CID: 5278
2025-08-31 12:19:05 [pubchem] INFO: 正在处理 CID: 153948
2025-08-31 12:19:05 [pubchem] INFO: 正在处理 CID: 133264
2025-08-31 12:19:05 [pubchem] INFO: 正在处理 CID: 337359
2025-08-31 12:19:05 [pubchem] INFO: 正在处理 CID: 53359
2025-08-31 12:19:05 [pubchem] INFO: 正在处理 CID: 5724
2025-08-31 12:19:05 [pubchem] INFO: 正在处理 CID: 1613
2025-08-31 12:19:05 [pubchem] INFO: 正在处理 CID: 70691388
2025-08-31 12:19:05 [pubchem] INFO: 正在处理 CID: 2318
2025-08-31 12:19:05 [pubchem] INFO: 正在处理 CID: 198015
2025-08-31 12:19:05 [pubchem] INFO: 正在处理 CID: 134611040
2025-08-31 12:19:05 [pubchem] INFO: 正在处理 CID: 154702463
2025-08-31 12:19:05 [pubchem] INFO: 正在处理 CID: 137319706
2025-08-31 12:19:05 [pubchem] INFO: 正在处理 CID: 167713250
2025-08-31 12:19:05 [pubchem] INFO: 正在处理 CID: 146609022
2025-08-31 12:19:05 [pubchem] INFO: 正在处理 CID: 169490730
2025-08-31 12:19:05 [pubchem] INFO: 正在处理 CID: 145994868
2025-08-31 12:19:05 [pubchem] INFO: 正在处理 CID: 131801470
2025-08-31 12:19:05 [pubchem] INFO: 正在处理 CID: 45588096
2025-08-31 12:19:05 [pubchem] INFO: 正在处理 CID: 16134956
2025-08-31 12:19:05 [pubchem] INFO: 正在处理 CID: 167312357
2025-08-31 12:19:05 [pubchem] INFO: 正在处理 CID: 121494121
2025-08-31 12:19:05 [pubchem] INFO: 正在处理 CID: 56843331
2025-08-31 12:19:05 [pubchem] INFO: 正在处理 CID: 168429725
2025-08-31 12:19:05 [pubchem] INFO: 正在处理 CID: 56842233
2025-08-31 12:19:05 [pubchem] INFO: 正在处理 CID: 4369359
2025-08-31 12:19:05 [pubchem] INFO: 正在处理 CID: 11476287
2025-08-31 12:19:05 [pubchem] INFO: 正在处理 CID: 6451150
2025-08-31 12:19:05 [pubchem] INFO: 正在处理 CID: 6451150
2025-08-31 12:19:05 [pubchem] INFO: 正在处理 CID: 11243969
2025-08-31 12:19:05 [pubchem] INFO: 正在处理 CID: 53297473
2025-08-31 12:19:05 [pubchem] INFO: 正在处理 CID: 49800073
2025-08-31 12:19:05 [pubchem] INFO: 正在处理 CID: 11417567
2025-08-31 12:19:05 [pubchem] INFO: 正在处理 CID: 25094880
2025-08-31 12:19:05 [pubchem] INFO: 正在处理 CID: 11253490
2025-08-31 12:19:05 [pubchem] INFO: 正在处理 CID: 15949100
2025-08-31 12:19:05 [pubchem] INFO: 正在处理 CID: 11949652
2025-08-31 12:19:05 [pubchem] INFO: 正在处理 CID: 11996485
2025-08-31 12:19:05 [pubchem] INFO: 正在处理 CID: 53297474
2025-08-31 12:19:05 [pubchem] INFO: 正在处理 CID: 15983988
2025-08-31 12:19:05 [pubchem] INFO: 正在处理 CID: 44183569
2025-08-31 12:19:05 [pubchem] INFO: 正在处理 CID: 10096344
2025-08-31 12:19:05 [pubchem] INFO: 正在处理 CID: 16088021
2025-08-31 12:19:05 [pubchem] INFO: 正在处理 CID: 44513473
2025-08-31 12:19:05 [pubchem] INFO: 正在处理 CID: 11466916
2025-08-31 12:19:05 [pubchem] INFO: 正在处理 CID: 25022354
2025-08-31 12:19:05 [pubchem] INFO: 正在处理 CID: 11953153
2025-08-31 12:19:05 [pubchem] INFO: 正在处理 CID: 11516136
2025-08-31 12:19:05 [pubchem] INFO: 正在处理 CID: 46209133
2025-08-31 12:19:05 [pubchem] INFO: 正在处理 CID: 6918537
2025-08-31 12:19:05 [pubchem] INFO: 正在处理 CID: 29435
2025-08-31 12:19:05 [pubchem] INFO: 正在处理 CID: 41774
2025-08-31 12:19:05 [pubchem] INFO: 正在处理 CID: 9905901
2025-08-31 12:19:05 [pubchem] INFO: 正在处理 CID: 72004
2025-08-31 12:19:05 [pubchem] INFO: 正在处理 CID: 441314
2025-08-31 12:19:05 [pubchem] INFO: 正在处理 CID: 444020
2025-08-31 12:19:05 [pubchem] INFO: 正在处理 CID: 77999
2025-08-31 12:19:05 [pubchem] INFO: 正在处理 CID: 5281055
2025-08-31 12:19:05 [pubchem] INFO: 正在处理 CID: 4829
2025-08-31 12:19:05 [pubchem] INFO: 正在处理 CID: 60560
2025-08-31 12:19:05 [pubchem] INFO: 正在处理 CID: 4147757
2025-08-31 12:19:05 [pubchem] INFO: 正在处理 CID: 86748889
2025-08-31 12:19:05 [pubchem] INFO: 正在处理 CID: 2750
2025-08-31 12:19:05 [pubchem] INFO: 正在处理 CID: 23707497
2025-08-31 12:19:05 [pubchem] INFO: 正在处理 CID: 23714556
2025-08-31 12:19:05 [pubchem] INFO: 正在处理 CID: 13728795
2025-08-31 12:19:05 [pubchem] INFO: 正在处理 CID: 9826451
2025-08-31 12:19:05 [pubchem] INFO: 正在处理 CID: 204109
2025-08-31 12:19:05 [pubchem] INFO: 正在处理 CID: 3055168
2025-08-31 12:19:05 [pubchem] INFO: 正在处理 CID: 5591
2025-08-31 12:19:05 [pubchem] INFO: 正在处理 CID: 8249
2025-08-31 12:19:05 [pubchem] INFO: 正在处理 CID: 13266
2025-08-31 12:19:05 [pubchem] INFO: 正在处理 CID: 4091
2025-08-31 12:19:05 [pubchem] INFO: 正在处理 CID: 14219
2025-08-31 12:19:05 [pubchem] INFO: 正在处理 CID: 2468
2025-08-31 12:19:05 [pubchem] INFO: 正在处理 CID: 84976
2025-08-31 12:19:05 [pubchem] INFO: 正在处理 CID: 170346
2025-08-31 12:19:05 [pubchem] INFO: 正在处理 CID: 5505
2025-08-31 12:19:05 [pubchem] INFO: 正在处理 CID: 23690448
2025-08-31 12:19:05 [pubchem] INFO: 正在处理 CID: 1989
2025-08-31 12:19:05 [pubchem] INFO: 正在处理 CID: 9564
2025-08-31 12:19:05 [pubchem] INFO: 正在处理 CID: 2727
2025-08-31 12:19:05 [pubchem] INFO: 正在处理 CID: 3037231
2025-08-31 12:19:05 [pubchem] INFO: 正在处理 CID: 12818200
2025-08-31 12:19:05 [pubchem] INFO: 正在处理 CID: 3475
2025-08-31 12:19:05 [pubchem] INFO: 正在处理 CID: 3476
2025-08-31 12:19:05 [pubchem] INFO: 正在处理 CID: 3478
2025-08-31 12:19:05 [pubchem] INFO: 正在处理 CID: 91610
2025-08-31 12:19:05 [pubchem] INFO: 正在处理 CID: 65779
2025-08-31 12:19:05 [pubchem] INFO: 正在处理 CID: 65713
2025-08-31 12:19:05 [pubchem] INFO: 正在处理 CID: 32778
2025-08-31 12:19:05 [pubchem] INFO: 正在处理 CID: 3488
2025-08-31 12:19:05 [pubchem] INFO: 正在处理 CID: 71793
2025-08-31 12:19:05 [pubchem] INFO: 正在处理 CID: 12628
2025-08-31 12:19:05 [pubchem] INFO: 正在处理 CID: 9953
2025-08-31 12:19:05 [pubchem] INFO: 正在处理 CID: 13953
2025-08-31 12:19:05 [pubchem] INFO: 正在处理 CID: 246940
2025-08-31 12:19:05 [pubchem] INFO: 正在处理 CID: 11259
2025-08-31 12:19:05 [pubchem] INFO: 正在处理 CID: 5503
2025-08-31 12:19:05 [pubchem] INFO: 正在处理 CID: 267368
2025-08-31 12:19:05 [pubchem] INFO: 正在处理 CID: 6918235
2025-08-31 12:19:05 [pubchem] INFO: 正在处理 CID: 5311309
2025-08-31 12:19:05 [pubchem] INFO: 正在处理 CID: 65981
2025-08-31 12:19:05 [pubchem] INFO: 正在处理 CID: 9887712
2025-08-31 12:19:05 [pubchem] INFO: 正在处理 CID: 24906252
2025-08-31 12:19:05 [pubchem] INFO: 正在处理 CID: 10453870
2025-08-31 12:19:05 [pubchem] INFO: 正在处理 CID: 57339444
2025-08-31 12:19:05 [pubchem] INFO: 正在处理 CID: 44814423
2025-08-31 12:19:05 [pubchem] INFO: 正在处理 CID: 57339449
2025-08-31 12:19:05 [pubchem] INFO: 正在处理 CID: 25195624
2025-08-31 12:19:05 [pubchem] INFO: 正在处理 CID: 24812758
2025-08-31 12:19:05 [pubchem] INFO: 正在处理 CID: 11949646
2025-08-31 12:19:05 [pubchem] INFO: 正在处理 CID: 71076840
2025-08-31 12:19:05 [pubchem] INFO: 正在处理 CID: 56928196
2025-08-31 12:19:05 [pubchem] INFO: 正在处理 CID: 9871420
2025-08-31 12:19:05 [pubchem] INFO: 正在处理 CID: 9824918
2025-08-31 12:19:05 [pubchem] INFO: 正在处理 CID: 24831714
2025-08-31 12:19:05 [pubchem] INFO: 正在处理 CID: 46908929
2025-08-31 12:19:05 [pubchem] INFO: 正在处理 CID: 24848074
2025-08-31 12:19:05 [pubchem] INFO: 正在处理 CID: 200105
2025-08-31 12:19:05 [pubchem] INFO: 正在处理 CID: 53386314
2025-08-31 12:19:05 [pubchem] INFO: 正在处理 CID: 85364159
2025-08-31 12:19:05 [pubchem] INFO: 正在处理 CID: 54763513
2025-08-31 12:19:05 [pubchem] INFO: 正在处理 CID: 9850722
2025-08-31 12:19:05 [pubchem] INFO: 正在处理 CID: 3365
2025-08-31 12:19:05 [pubchem] INFO: 正在处理 CID: 214356
2025-08-31 12:19:05 [pubchem] INFO: 正在处理 CID: 112499965
2025-08-31 12:19:05 [pubchem] INFO: 正在处理 CID: 467825
2025-08-31 12:19:05 [pubchem] INFO: 正在处理 CID: 208952
2025-08-31 12:19:05 [pubchem] INFO: 正在处理 CID: 172289
2025-08-31 12:19:05 [pubchem] INFO: 正在处理 CID: 43233
2025-08-31 12:19:05 [pubchem] INFO: 正在处理 CID: 489181
2025-08-31 12:19:05 [pubchem] INFO: 正在处理 CID: 6918485
2025-08-31 12:19:05 [pubchem] INFO: 正在处理 CID: 55283
2025-08-31 12:19:05 [pubchem] INFO: 正在处理 CID: 121383526
2025-08-31 12:19:05 [pubchem] INFO: 正在处理 CID: 77050711
2025-08-31 12:19:05 [pubchem] INFO: 正在处理 CID: 468595
2025-08-31 12:19:05 [pubchem] INFO: 正在处理 CID: 3013050
2025-08-31 12:19:05 [pubchem] INFO: 正在处理 CID: 60456
2025-08-31 12:19:05 [pubchem] INFO: 正在处理 CID: 441383
2025-08-31 12:19:05 [pubchem] INFO: 正在处理 CID: 123676
2025-08-31 12:19:05 [pubchem] INFO: 正在处理 CID: 71616
2025-08-31 12:19:05 [pubchem] INFO: 正在处理 CID: 6433427
2025-08-31 12:19:05 [pubchem] INFO: 正在处理 CID: 21753
2025-08-31 12:19:05 [pubchem] INFO: 正在处理 CID: 4189
2025-08-31 12:19:05 [pubchem] INFO: 正在处理 CID: 68553
2025-08-31 12:19:05 [pubchem] INFO: 正在处理 CID: 3198
2025-08-31 12:19:05 [pubchem] INFO: 正在处理 CID: 68589
2025-08-31 12:19:05 [pubchem] INFO: 正在处理 CID: 71821
2025-08-31 12:19:05 [pubchem] INFO: 正在处理 CID: 11346885
2025-08-31 12:19:05 [pubchem] INFO: 正在处理 CID: 3760
2025-08-31 12:19:05 [pubchem] INFO: 正在处理 CID: 159968
2025-08-31 12:19:05 [pubchem] INFO: 正在处理 CID: 5318
2025-08-31 12:19:05 [pubchem] INFO: 正在处理 CID: 65495
2025-08-31 12:19:05 [pubchem] INFO: 正在处理 CID: 5353853
2025-08-31 12:19:05 [pubchem] INFO: 正在处理 CID: 9556529
2025-08-31 12:19:05 [pubchem] INFO: 正在处理 CID: 51755
2025-08-31 12:19:05 [pubchem] INFO: 正在处理 CID: 51754
2025-08-31 12:19:05 [pubchem] INFO: 正在处理 CID: 3033988
2025-08-31 12:19:05 [pubchem] INFO: 正在处理 CID: 3036590
2025-08-31 12:19:05 [pubchem] INFO: 正在处理 CID: 65863
2025-08-31 12:19:05 [pubchem] INFO: 正在处理 CID: 200103
2025-08-31 12:19:05 [pubchem] INFO: 正在处理 CID: 72051
2025-08-31 12:19:05 [pubchem] INFO: 正在处理 CID: 179851
2025-08-31 12:19:05 [pubchem] INFO: 正在处理 CID: 47472
2025-08-31 12:19:05 [pubchem] INFO: 正在处理 CID: 47471
2025-08-31 12:19:05 [pubchem] INFO: 正在处理 CID: 2880
2025-08-31 12:19:05 [pubchem] INFO: 正在处理 CID: 147519
2025-08-31 12:19:05 [pubchem] INFO: 正在处理 CID: 6436097
2025-08-31 12:19:05 [pubchem] INFO: 正在处理 CID: 2378
2025-08-31 12:19:05 [pubchem] INFO: 正在处理 CID: 59856
2025-08-31 12:19:05 [pubchem] INFO: 正在处理 CID: 2812
2025-08-31 12:19:05 [pubchem] INFO: 正在处理 CID: 15942727
2025-08-31 12:19:05 [pubchem] INFO: 正在处理 CID: 37175
2025-08-31 12:19:05 [pubchem] INFO: 正在处理 CID: 3401
2025-08-31 12:19:05 [pubchem] INFO: 正在处理 CID: 47576
2025-08-31 12:19:05 [pubchem] INFO: 正在处理 CID: 3002820
2025-08-31 12:19:05 [pubchem] INFO: 正在处理 CID: 3003141
2025-08-31 12:19:05 [pubchem] INFO: 正在处理 CID: 5282432
2025-08-31 12:19:05 [pubchem] INFO: 正在处理 CID: 167460
2025-08-31 12:19:05 [pubchem] INFO: 正在处理 CID: 3047813
2025-08-31 12:19:05 [pubchem] INFO: 正在处理 CID: 5430
2025-08-31 12:19:05 [pubchem] INFO: 正在处理 CID: 5482
2025-08-31 12:19:05 [pubchem] INFO: 正在处理 CID: 6917829
2025-08-31 12:19:05 [pubchem] INFO: 正在处理 CID: 439693
2025-08-31 12:19:05 [pubchem] INFO: 正在处理 CID: 2187
2025-08-31 12:19:05 [pubchem] INFO: 正在处理 CID: 3902
2025-08-31 12:19:05 [pubchem] INFO: 正在处理 CID: 6918191
2025-08-31 12:19:05 [pubchem] INFO: 正在处理 CID: 451415
2025-08-31 12:19:05 [pubchem] INFO: 正在处理 CID: 153751
2025-08-31 12:19:05 [pubchem] INFO: 正在处理 CID: 60700
2025-08-31 12:19:05 [pubchem] INFO: 正在处理 CID: 60699
2025-08-31 12:19:05 [pubchem] INFO: 正在处理 CID: 60838
2025-08-31 12:19:05 [pubchem] INFO: 正在处理 CID: 74990
2025-08-31 12:19:05 [pubchem] INFO: 正在处理 CID: 76964235
2025-08-31 12:19:05 [pubchem] INFO: 正在处理 CID: 56935717
2025-08-31 12:19:05 [pubchem] INFO: 正在处理 CID: 6918340
2025-08-31 12:19:05 [pubchem] INFO: 正在处理 CID: 170214758
2025-08-31 12:19:05 [pubchem] INFO: 正在处理 CID: 148202
2025-08-31 12:19:05 [pubchem] INFO: 正在处理 CID: 9808998
2025-08-31 12:19:05 [pubchem] INFO: 正在处理 CID: 6918249
2025-08-31 12:19:05 [pubchem] INFO: 正在处理 CID: 60955
2025-08-31 12:19:05 [pubchem] INFO: 正在处理 CID: 168818512
2025-08-31 12:19:05 [pubchem] INFO: 正在处理 CID: 11297617
2025-08-31 12:19:05 [pubchem] INFO: 正在处理 CID: 472335
2025-08-31 12:19:05 [pubchem] INFO: 正在处理 CID: 155142254
2025-08-31 12:19:05 [pubchem] INFO: 正在处理 CID: 11251571
2025-08-31 12:19:05 [pubchem] INFO: 正在处理 CID: 36462
2025-08-31 12:19:05 [pubchem] INFO: 正在处理 CID: 6918092
2025-08-31 12:19:05 [pubchem] INFO: 正在处理 CID: 31703
2025-08-31 12:19:05 [pubchem] INFO: 正在处理 CID: 443939
2025-08-31 12:19:05 [pubchem] INFO: 正在处理 CID: 30323
2025-08-31 12:19:05 [pubchem] INFO: 正在处理 CID: 9961878
2025-08-31 12:19:05 [pubchem] INFO: 正在处理 CID: 62770
2025-08-31 12:19:05 [pubchem] INFO: 正在处理 CID: 41867
2025-08-31 12:19:05 [pubchem] INFO: 正在处理 CID: 65348
2025-08-31 12:19:05 [pubchem] INFO: 正在处理 CID: 42890
2025-08-31 12:19:05 [pubchem] INFO: 正在处理 CID: 636362
2025-08-31 12:19:05 [pubchem] INFO: 正在处理 CID: 4212
2025-08-31 12:19:05 [pubchem] INFO: 正在处理 CID: 51082
2025-08-31 12:19:05 [pubchem] INFO: 正在处理 CID: 11296583
2025-08-31 12:19:05 [pubchem] INFO: 正在处理 CID: 20846247
2025-08-31 12:19:05 [pubchem] INFO: 正在处理 CID: 3035016
2025-08-31 12:19:05 [pubchem] INFO: 正在处理 CID: 114897
2025-08-31 12:19:05 [pubchem] INFO: 正在处理 CID: 134019
2025-08-31 12:19:05 [pubchem] INFO: 正在处理 CID: 9937618
2025-08-31 12:19:05 [pubchem] INFO: 正在处理 CID: 50515
2025-08-31 12:19:05 [pubchem] INFO: 正在处理 CID: 10216431
2025-08-31 12:19:05 [pubchem] INFO: 正在处理 CID: 2179
2025-08-31 12:19:05 [pubchem] INFO: 正在处理 CID: 9874591
2025-08-31 12:19:05 [pubchem] INFO: 正在处理 CID: 57061
2025-08-31 12:19:05 [pubchem] INFO: 正在处理 CID: 219100
2025-08-31 12:19:05 [pubchem] INFO: 正在处理 CID: 9936010
2025-08-31 12:19:05 [pubchem] INFO: 正在处理 CID: 115212
2025-08-31 12:19:05 [pubchem] INFO: 正在处理 CID: 11635763
2025-08-31 12:19:05 [pubchem] INFO: 正在处理 CID: 5233
2025-08-31 12:19:05 [pubchem] INFO: 正在处理 CID: 452548
2025-08-31 12:19:05 [pubchem] INFO: 正在处理 CID: 9952884
2025-08-31 12:19:05 [pubchem] INFO: 正在处理 CID: 5362259
2025-08-31 12:19:05 [pubchem] INFO: 正在处理 CID: 25027363
2025-08-31 12:19:05 [pubchem] INFO: 正在处理 CID: 42642200
2025-08-31 12:19:05 [pubchem] INFO: 正在处理 CID: 24775005
2025-08-31 12:19:05 [pubchem] INFO: 正在处理 CID: 45138699
2025-08-31 12:19:05 [pubchem] INFO: 正在处理 CID: 25166913
2025-08-31 12:19:05 [pubchem] INFO: 正在处理 CID: 122640033
2025-08-31 12:19:05 [pubchem] INFO: 正在处理 CID: 49848070
2025-08-31 12:19:05 [pubchem] INFO: 正在处理 CID: 24776445
2025-08-31 12:19:05 [pubchem] INFO: 正在处理 CID: 2733526
2025-08-31 12:19:05 [pubchem] INFO: 正在处理 CID: 2733525
2025-08-31 12:19:05 [pubchem] INFO: 正在处理 CID: 3005573
2025-08-31 12:19:05 [pubchem] INFO: 正在处理 CID: 3005572
2025-08-31 12:19:05 [pubchem] INFO: 正在处理 CID: 3033767
2025-08-31 12:19:05 [pubchem] INFO: 正在处理 CID: 3033766
2025-08-31 12:19:05 [pubchem] INFO: 正在处理 CID: 155436
2025-08-31 12:19:05 [pubchem] INFO: 正在处理 CID: 449459
2025-08-31 12:19:05 [pubchem] INFO: 正在处理 CID: 179338
2025-08-31 12:19:05 [pubchem] INFO: 正在处理 CID: 3034011
2025-08-31 12:19:05 [pubchem] INFO: 正在处理 CID: 3034829
2025-08-31 12:19:05 [pubchem] INFO: 正在处理 CID: 15805
2025-08-31 12:19:05 [pubchem] INFO: 正在处理 CID: 3032492
2025-08-31 12:19:05 [pubchem] INFO: 正在处理 CID: 3089902
2025-08-31 12:19:05 [pubchem] INFO: 正在处理 CID: 175534
2025-08-31 12:19:05 [pubchem] INFO: 正在处理 CID: 50138
2025-08-31 12:19:05 [pubchem] INFO: 正在处理 CID: 1548953
2025-08-31 12:19:05 [pubchem] INFO: 正在处理 CID: 6420009
2025-08-31 12:19:05 [pubchem] INFO: 正在处理 CID: 23642301
2025-08-31 12:19:05 [pubchem] INFO: 正在处理 CID: 67479909
2025-08-31 12:19:05 [pubchem] INFO: 正在处理 CID: 443935
2025-08-31 12:19:05 [pubchem] INFO: 正在处理 CID: 104741
2025-08-31 12:19:05 [pubchem] INFO: 正在处理 CID: 9909202
2025-08-31 12:19:05 [pubchem] INFO: 正在处理 CID: 135351887
2025-08-31 12:19:05 [pubchem] INFO: 正在处理 CID: 134562533
2025-08-31 12:19:05 [pubchem] INFO: 正在处理 CID: 5284533
2025-08-31 12:19:05 [pubchem] INFO: 正在处理 CID: 9324
2025-08-31 12:19:05 [pubchem] INFO: 正在处理 CID: 5284537
2025-08-31 12:19:05 [pubchem] INFO: 正在处理 CID: 9880
2025-08-31 12:19:05 [pubchem] INFO: 正在处理 CID: 9821849
2025-08-31 12:19:05 [pubchem] INFO: 正在处理 CID: 10039776
2025-08-31 12:19:05 [pubchem] INFO: 正在处理 CID: 11188409
2025-08-31 12:19:05 [pubchem] INFO: 正在处理 CID: 443947
2025-08-31 12:19:05 [pubchem] INFO: 正在处理 CID: 9797605
2025-08-31 12:19:05 [pubchem] INFO: 正在处理 CID: 9844827
2025-08-31 12:19:05 [pubchem] INFO: 正在处理 CID: 24872560
2025-08-31 12:19:05 [pubchem] INFO: 正在处理 CID: 2375
2025-08-31 12:19:05 [pubchem] INFO: 正在处理 CID: 67171867
2025-08-31 12:19:05 [pubchem] INFO: 正在处理 CID: 71580408
2025-08-31 12:19:05 [pubchem] INFO: 正在处理 CID: 15951529
2025-08-31 12:19:05 [pubchem] INFO: 正在处理 CID: 3397
2025-08-31 12:19:05 [pubchem] INFO: 正在处理 CID: 4493
2025-08-31 12:19:05 [pubchem] INFO: 正在处理 CID: 10428639
2025-08-31 12:19:05 [pubchem] INFO: 正在处理 CID: 10135765
2025-08-31 12:19:05 [pubchem] INFO: 正在处理 CID: 55994
2025-08-31 12:19:05 [pubchem] INFO: 正在处理 CID: 11750009
2025-08-31 12:19:05 [pubchem] INFO: 正在处理 CID: 14515731
2025-08-31 12:19:05 [pubchem] INFO: 正在处理 CID: 59693
2025-08-31 12:19:05 [pubchem] INFO: 正在处理 CID: 59694
2025-08-31 12:19:05 [pubchem] INFO: 正在处理 CID: 11954367
2025-08-31 12:19:05 [pubchem] INFO: 正在处理 CID: 11983193
2025-08-31 12:19:05 [pubchem] INFO: 正在处理 CID: 71454
2025-08-31 12:19:05 [pubchem] INFO: 正在处理 CID: 2145
2025-08-31 12:19:05 [pubchem] INFO: 正在处理 CID: 2187
2025-08-31 12:19:05 [pubchem] INFO: 正在处理 CID: 60198
2025-08-31 12:19:05 [pubchem] INFO: 正在处理 CID: 11273
2025-08-31 12:19:05 [pubchem] INFO: 正在处理 CID: 3902
2025-08-31 12:19:05 [pubchem] INFO: 正在处理 CID: 9904788
2025-08-31 12:19:05 [pubchem] INFO: 正在处理 CID: 13769
2025-08-31 12:19:05 [pubchem] INFO: 正在处理 CID: 6918191
2025-08-31 12:19:05 [pubchem] INFO: 正在处理 CID: 6442177
2025-08-31 12:19:05 [pubchem] INFO: 正在处理 CID: 16663243
2025-08-31 12:19:05 [pubchem] INFO: 正在处理 CID: 58298316
2025-08-31 12:19:05 [pubchem] INFO: 正在处理 CID: 11520894
2025-08-31 12:19:05 [pubchem] INFO: 正在处理 CID: 5284616
2025-08-31 12:19:05 [pubchem] INFO: 正在处理 CID: 6918289
2025-08-31 12:19:05 [pubchem] INFO: 正在处理 CID: 9876378
2025-08-31 12:19:05 [pubchem] INFO: 正在处理 CID: 135398738
2025-08-31 12:19:05 [pubchem] INFO: 正在处理 CID: 135565662
2025-08-31 12:19:05 [pubchem] INFO: 正在处理 CID: 460612
2025-08-31 12:19:05 [pubchem] INFO: 正在处理 CID: 9927978
2025-08-31 12:19:05 [pubchem] INFO: 正在处理 CID: 4033
2025-08-31 12:19:05 [pubchem] INFO: 正在处理 CID: 5935
2025-08-31 12:19:05 [pubchem] INFO: 正在处理 CID: 65628
2025-08-31 12:19:05 [pubchem] INFO: 正在处理 CID: 77082
2025-08-31 12:19:05 [pubchem] INFO: 正在处理 CID: 66600935
2025-08-31 12:19:05 [pubchem] INFO: 正在处理 CID: 259331
2025-08-31 12:19:05 [pubchem] INFO: 正在处理 CID: 444000
2025-08-31 12:19:05 [pubchem] INFO: 正在处理 CID: 23725080
2025-08-31 12:19:05 [pubchem] INFO: 正在处理 CID: 2907
2025-08-31 12:19:05 [pubchem] INFO: 正在处理 CID: 2907
2025-08-31 12:19:05 [pubchem] INFO: 正在处理 CID: 100427
2025-08-31 12:19:05 [pubchem] INFO: 正在处理 CID: 71301234
2025-08-31 12:19:05 [pubchem] INFO: 正在处理 CID: 5312108
2025-08-31 12:19:05 [pubchem] INFO: 正在处理 CID: 3690
2025-08-31 12:19:05 [pubchem] INFO: 正在处理 CID: 9554809
2025-08-31 12:19:05 [pubchem] INFO: 正在处理 CID: 65702
2025-08-31 12:19:05 [pubchem] INFO: 正在处理 CID: 2708
2025-08-31 12:19:05 [pubchem] INFO: 正在处理 CID: 9334
2025-08-31 12:19:05 [pubchem] INFO: 正在处理 CID: 34457
2025-08-31 12:19:05 [pubchem] INFO: 正在处理 CID: 41945
2025-08-31 12:19:05 [pubchem] INFO: 正在处理 CID: 6194
2025-08-31 12:19:05 [pubchem] INFO: 正在处理 CID: 2478
2025-08-31 12:19:05 [pubchem] INFO: 正在处理 CID: 284314
2025-08-31 12:19:05 [pubchem] INFO: 正在处理 CID: 20055482
2025-08-31 12:19:05 [pubchem] INFO: 正在处理 CID: 17458
2025-08-31 12:19:05 [pubchem] INFO: 正在处理 CID: 9882105
2025-08-31 12:19:05 [pubchem] INFO: 正在处理 CID: 31321
2025-08-31 12:19:05 [pubchem] INFO: 正在处理 CID: 16111
2025-08-31 12:19:05 [pubchem] INFO: 正在处理 CID: 15456
2025-08-31 12:19:05 [pubchem] INFO: 正在处理 CID: 5453
2025-08-31 12:19:05 [pubchem] INFO: 正在处理 CID: 9332
2025-08-31 12:19:05 [pubchem] INFO: 正在处理 CID: 5813717
2025-08-31 12:19:05 [pubchem] INFO: 正在处理 CID: 2569
2025-08-31 12:19:05 [pubchem] INFO: 正在处理 CID: 42616
2025-08-31 12:19:05 [pubchem] INFO: 正在处理 CID: 6235
2025-08-31 12:19:05 [pubchem] INFO: 正在处理 CID: 39214
2025-08-31 12:19:05 [pubchem] INFO: 正在处理 CID: 91657
2025-08-31 12:19:05 [pubchem] INFO: 正在处理 CID: 2578
2025-08-31 12:19:05 [pubchem] INFO: 正在处理 CID: 104799
2025-08-31 12:19:05 [pubchem] INFO: 正在处理 CID: 3950
2025-08-31 12:19:05 [pubchem] INFO: 正在处理 CID: 3037028
2025-08-31 12:19:05 [pubchem] INFO: 正在处理 CID: 71741
2025-08-31 12:19:05 [pubchem] INFO: 正在处理 CID: 5198
2025-08-31 12:19:05 [pubchem] INFO: 正在处理 CID: 29327
2025-08-31 12:19:05 [pubchem] INFO: 正在处理 CID: 35319
2025-08-31 12:19:05 [pubchem] INFO: 正在处理 CID: 15942827
2025-08-31 12:19:05 [pubchem] INFO: 正在处理 CID: 21910
2025-08-31 12:19:05 [pubchem] INFO: 正在处理 CID: 16058
2025-08-31 12:19:05 [pubchem] INFO: 正在处理 CID: 23663419
2025-08-31 12:19:05 [pubchem] INFO: 正在处理 CID: 6917771
2025-08-31 12:19:05 [pubchem] INFO: 正在处理 CID: 3081349
2025-08-31 12:19:05 [pubchem] INFO: 正在处理 CID: 656655
2025-08-31 12:19:05 [pubchem] INFO: 正在处理 CID: 4842
2025-08-31 12:19:05 [pubchem] INFO: 正在处理 CID: 5394
2025-08-31 12:19:05 [pubchem] INFO: 正在处理 CID: 426756
2025-08-31 12:19:05 [pubchem] INFO: 正在处理 CID: 5460033
2025-08-31 12:19:05 [pubchem] INFO: 正在处理 CID: 155491093
2025-08-31 12:19:05 [pubchem] INFO: 正在处理 CID: 56840924
2025-08-31 12:19:05 [pubchem] INFO: 正在处理 CID: 25241709
2025-08-31 12:19:05 [pubchem] INFO: 正在处理 CID: 155491322
2025-08-31 12:19:05 [pubchem] INFO: 正在处理 CID: 74109110
2025-08-31 12:19:05 [pubchem] INFO: 正在处理 CID: 72120
2025-08-31 12:19:05 [pubchem] INFO: 正在处理 CID: 6434704
2025-08-31 12:19:05 [pubchem] INFO: 正在处理 CID: 9887053
2025-08-31 12:19:05 [pubchem] INFO: 正在处理 CID: 177358
2025-08-31 12:19:05 [pubchem] INFO: 正在处理 CID: 155491097
2025-08-31 12:19:05 [pubchem] INFO: 正在处理 CID: 9889378
2025-08-31 12:19:05 [pubchem] INFO: 正在处理 CID: 71993
2025-08-31 12:19:05 [pubchem] INFO: 正在处理 CID: 56840898
2025-08-31 12:19:05 [pubchem] INFO: 正在处理 CID: 31703
2025-08-31 12:19:05 [pubchem] INFO: 正在处理 CID: 443939
2025-08-31 12:19:05 [pubchem] INFO: 正在处理 CID: 30323
2025-08-31 12:19:05 [pubchem] INFO: 正在处理 CID: 9961878
2025-08-31 12:19:05 [pubchem] INFO: 正在处理 CID: 62770
2025-08-31 12:19:05 [pubchem] INFO: 正在处理 CID: 41867
2025-08-31 12:19:05 [pubchem] INFO: 正在处理 CID: 65348
2025-08-31 12:19:05 [pubchem] INFO: 正在处理 CID: 451415
2025-08-31 12:19:05 [pubchem] INFO: 正在处理 CID: 153751
2025-08-31 12:19:05 [pubchem] INFO: 正在处理 CID: 42890
2025-08-31 12:19:05 [pubchem] INFO: 正在处理 CID: 636362
2025-08-31 12:19:05 [pubchem] INFO: 正在处理 CID: 11296583
2025-08-31 12:19:05 [pubchem] INFO: 正在处理 CID: 20846247
2025-08-31 12:19:05 [pubchem] INFO: 正在处理 CID: 3035016
2025-08-31 12:19:05 [pubchem] INFO: 正在处理 CID: 114897
2025-08-31 12:19:05 [pubchem] INFO: 正在处理 CID: 134019
2025-08-31 12:19:05 [pubchem] INFO: 正在处理 CID: 9937618
2025-08-31 12:19:05 [pubchem] INFO: 正在处理 CID: 9810709
2025-08-31 12:19:05 [pubchem] INFO: 正在处理 CID: 10056071
2025-08-31 12:19:05 [pubchem] INFO: 正在处理 CID: 9874591
2025-08-31 12:19:05 [pubchem] INFO: 正在处理 CID: 11570269
2025-08-31 12:19:05 [pubchem] INFO: 正在处理 CID: 152035
2025-08-31 12:19:05 [pubchem] INFO: 正在处理 CID: 454216
2025-08-31 12:19:05 [pubchem] INFO: 正在处理 CID: 76964555
2025-08-31 12:19:05 [pubchem] INFO: 正在处理 CID: 4212
2025-08-31 12:19:05 [pubchem] INFO: 正在处理 CID: 51082
2025-08-31 12:19:05 [pubchem] INFO: 正在处理 CID: 134019
2025-08-31 12:19:05 [pubchem] INFO: 正在处理 CID: 9937618
2025-08-31 12:19:05 [pubchem] INFO: 正在处理 CID: 11541062
2025-08-31 12:19:05 [pubchem] INFO: 正在处理 CID: 9936010
2025-08-31 12:19:05 [pubchem] INFO: 正在处理 CID: 73349
2025-08-31 12:19:05 [pubchem] INFO: 正在处理 CID: 135484032
2025-08-31 12:19:05 [pubchem] INFO: 正在处理 CID: 170374
2025-08-31 12:19:05 [pubchem] INFO: 正在处理 CID: 219022
2025-08-31 12:19:05 [pubchem] INFO: 正在处理 CID: 216239
2025-08-31 12:19:05 [pubchem] INFO: 正在处理 CID: 406563
2025-08-31 12:19:05 [pubchem] INFO: 正在处理 CID: 5494449
2025-08-31 12:19:05 [pubchem] INFO: 正在处理 CID: 44153236
2025-08-31 12:19:05 [pubchem] INFO: 正在处理 CID: 25066467
2025-08-31 12:19:05 [pubchem] INFO: 正在处理 CID: 57409360
2025-08-31 12:19:05 [pubchem] INFO: 正在处理 CID: 135423438
2025-08-31 12:19:05 [pubchem] INFO: 正在处理 CID: 135476717
2025-08-31 12:19:05 [pubchem] INFO: 正在处理 CID: 10302451
2025-08-31 12:19:05 [pubchem] INFO: 正在处理 CID: 44195703
2025-08-31 12:19:05 [pubchem] INFO: 正在处理 CID: 11671467
2025-08-31 12:19:05 [pubchem] INFO: 正在处理 CID: 25008120
2025-08-31 12:19:05 [pubchem] INFO: 正在处理 CID: 25117126
2025-08-31 12:19:05 [pubchem] INFO: 正在处理 CID: 25117347
2025-08-31 12:19:05 [pubchem] INFO: 正在处理 CID: 11282283
2025-08-31 12:19:05 [pubchem] INFO: 正在处理 CID: 16058702
2025-08-31 12:19:05 [pubchem] INFO: 正在处理 CID: 5329102
2025-08-31 12:19:05 [pubchem] INFO: 正在处理 CID: 6456015
2025-08-31 12:19:05 [pubchem] INFO: 正在处理 CID: 11167602
2025-08-31 12:19:05 [pubchem] INFO: 正在处理 CID: 24768591
2025-08-31 12:19:05 [pubchem] INFO: 正在处理 CID: 11667893
2025-08-31 12:19:05 [pubchem] INFO: 正在处理 CID: 16097729
2025-08-31 12:19:05 [pubchem] INFO: 正在处理 CID: 42642648
2025-08-31 12:19:05 [pubchem] INFO: 正在处理 CID: 44225877
2025-08-31 12:19:05 [pubchem] INFO: 正在处理 CID: 10366136
2025-08-31 12:19:05 [pubchem] INFO: 正在处理 CID: 18435899
2025-08-31 12:19:05 [pubchem] INFO: 正在处理 CID: 9823820
2025-08-31 12:19:05 [pubchem] INFO: 正在处理 CID: 11237762
2025-08-31 12:19:05 [pubchem] INFO: 正在处理 CID: 5329106
2025-08-31 12:19:05 [pubchem] INFO: 正在处理 CID: 16034840
2025-08-31 12:19:05 [pubchem] INFO: 正在处理 CID: 24889392
2025-08-31 12:19:05 [pubchem] INFO: 正在处理 CID: 25184035
2025-08-31 12:19:05 [pubchem] INFO: 正在处理 CID: 16118392
2025-08-31 12:19:05 [pubchem] INFO: 正在处理 CID: 24771321
2025-08-31 12:19:05 [pubchem] INFO: 正在处理 CID: 11234052
2025-08-31 12:19:05 [pubchem] INFO: 正在处理 CID: 11154925
2025-08-31 12:19:05 [pubchem] INFO: 正在处理 CID: 25102847
2025-08-31 12:19:05 [pubchem] INFO: 正在处理 CID: 25102846
2025-08-31 12:19:05 [pubchem] INFO: 正在处理 CID: 49803313
2025-08-31 12:19:05 [pubchem] INFO: 正在处理 CID: 76970819
2025-08-31 12:19:05 [pubchem] INFO: 正在处理 CID: 25145656
2025-08-31 12:19:05 [pubchem] INFO: 正在处理 CID: 122201352
2025-08-31 12:19:05 [pubchem] INFO: 正在处理 CID: 11315474
2025-08-31 12:19:05 [pubchem] INFO: 正在处理 CID: 45139106
2025-08-31 12:19:05 [pubchem] INFO: 正在处理 CID: 72703790
2025-08-31 12:19:05 [pubchem] INFO: 正在处理 CID: 131634510
2025-08-31 12:19:05 [pubchem] INFO: 正在处理 CID: 25212148
2025-08-31 12:19:05 [pubchem] INFO: 正在处理 CID: 137796909
2025-08-31 12:19:05 [pubchem] INFO: 正在处理 CID: 25171648
2025-08-31 12:19:05 [pubchem] INFO: 正在处理 CID: 46700774
2025-08-31 12:19:05 [pubchem] INFO: 正在处理 CID: 56839178
2025-08-31 12:19:05 [pubchem] INFO: 正在处理 CID: 145721430
2025-08-31 12:19:05 [pubchem] INFO: 正在处理 CID: 10458325
2025-08-31 12:19:05 [pubchem] INFO: 正在处理 CID: 71301378
2025-08-31 12:19:05 [pubchem] INFO: 正在处理 CID: 71667668
2025-08-31 12:19:05 [pubchem] INFO: 正在处理 CID: 92135932
2025-08-31 12:19:05 [pubchem] INFO: 正在处理 CID: 118607832
2025-08-31 12:19:05 [pubchem] INFO: 正在处理 CID: 146026179
2025-08-31 12:19:05 [pubchem] INFO: 正在处理 CID: 72202474
2025-08-31 12:19:05 [pubchem] INFO: 正在处理 CID: 72694302
2025-08-31 12:19:05 [pubchem] INFO: 正在处理 CID: 25017411
2025-08-31 12:19:05 [pubchem] INFO: 正在处理 CID: 57380530
2025-08-31 12:19:05 [pubchem] INFO: 正在处理 CID: 122650693
2025-08-31 12:19:05 [pubchem] INFO: 正在处理 CID: 171390013
2025-08-31 12:19:05 [pubchem] INFO: 正在处理 CID: 71113742
2025-08-31 12:19:05 [pubchem] INFO: 正在处理 CID: 156066712
2025-08-31 12:19:05 [pubchem] INFO: 正在处理 CID: 11387605
2025-08-31 12:19:05 [pubchem] INFO: 正在处理 CID: 146662764
2025-08-31 12:19:05 [pubchem] INFO: 正在处理 CID: 59473233
2025-08-31 12:19:05 [pubchem] INFO: 正在处理 CID: 25141092
2025-08-31 12:19:05 [pubchem] INFO: 正在处理 CID: 90456533
2025-08-31 12:19:05 [pubchem] INFO: 正在处理 CID: 46216796
2025-08-31 12:19:05 [pubchem] INFO: 正在处理 CID: 134436906
2025-08-31 12:19:05 [pubchem] INFO: 正在处理 CID: 135390910
2025-08-31 12:19:05 [pubchem] INFO: 正在处理 CID: 89884852
2025-08-31 12:19:05 [pubchem] INFO: 正在处理 CID: 166560233
2025-08-31 12:19:05 [pubchem] INFO: 正在处理 CID: 13342
2025-08-31 12:19:05 [pubchem] INFO: 正在处理 CID: 5388983
2025-08-31 12:19:05 [pubchem] INFO: 正在处理 CID: 5978
2025-08-31 12:19:05 [pubchem] INFO: 正在处理 CID: 249332
2025-08-31 12:19:05 [pubchem] INFO: 正在处理 CID: 40839
2025-08-31 12:19:05 [pubchem] INFO: 正在处理 CID: 76958180
2025-08-31 12:19:05 [pubchem] INFO: 正在处理 CID: 5311497
2025-08-31 12:19:05 [pubchem] INFO: 正在处理 CID: 11607738
2025-08-31 12:19:05 [pubchem] INFO: 正在处理 CID: 23725066
2025-08-31 12:19:05 [pubchem] INFO: 正在处理 CID: 16220212
2025-08-31 12:19:05 [pubchem] INFO: 正在处理 CID: 91617800
2025-08-31 12:19:05 [pubchem] INFO: 正在处理 CID: 72710665
2025-08-31 12:19:05 [pubchem] INFO: 正在处理 CID: 68542
2025-08-31 12:19:05 [pubchem] INFO: 正在处理 CID: 25014653
2025-08-31 12:19:05 [pubchem] INFO: 正在处理 CID: 6917790
2025-08-31 12:19:05 [pubchem] INFO: 正在处理 CID: 667490
2025-08-31 12:19:05 [pubchem] INFO: 正在处理 CID: 667490
2025-08-31 12:19:05 [pubchem] INFO: 正在处理 CID: 2723601
2025-08-31 12:19:05 [pubchem] INFO: 正在处理 CID: 2723601
2025-08-31 12:19:05 [pubchem] INFO: 正在处理 CID: 657237
2025-08-31 12:19:05 [pubchem] INFO: 正在处理 CID: 30751
2025-08-31 12:19:05 [pubchem] INFO: 正在处理 CID: 6253
2025-08-31 12:19:05 [pubchem] INFO: 正在处理 CID: 6252
2025-08-31 12:19:05 [pubchem] INFO: 正在处理 CID: 23663412
2025-08-31 12:19:05 [pubchem] INFO: 正在处理 CID: 60750
2025-08-31 12:19:05 [pubchem] INFO: 正在处理 CID: 9828310
2025-08-31 12:19:05 [pubchem] INFO: 正在处理 CID: 60749
2025-08-31 12:19:05 [pubchem] INFO: 正在处理 CID: 118910542
2025-08-31 12:19:05 [pubchem] INFO: 正在处理 CID: 165412046
2025-08-31 12:19:05 [pubchem] INFO: 正在处理 CID: 25050
2025-08-31 12:19:05 [pubchem] INFO: 正在处理 CID: 119182
2025-08-31 12:19:05 [pubchem] INFO: 正在处理 CID: 451668
2025-08-31 12:19:05 [pubchem] INFO: 正在处理 CID: 6438895
2025-08-31 12:19:05 [pubchem] INFO: 正在处理 CID: 71734
2025-08-31 12:19:05 [pubchem] INFO: 正在处理 CID: 47751
2025-08-31 12:19:05 [pubchem] INFO: 正在处理 CID: 3034016
2025-08-31 12:19:05 [pubchem] INFO: 正在处理 CID: 134812042
2025-08-31 12:19:05 [pubchem] INFO: 正在处理 CID: 3011155
2025-08-31 12:19:05 [pubchem] INFO: 正在处理 CID: 153970
2025-08-31 12:19:05 [pubchem] INFO: 正在处理 CID: 6435808
2025-08-31 12:19:05 [pubchem] INFO: 正在处理 CID: 43860
2025-08-31 12:19:05 [pubchem] INFO: 正在处理 CID: 454194
2025-08-31 12:19:05 [pubchem] INFO: 正在处理 CID: 3385
2025-08-31 12:19:05 [pubchem] INFO: 正在处理 CID: 46174081
2025-08-31 12:19:05 [pubchem] INFO: 正在处理 CID: 60953
2025-08-31 12:19:05 [pubchem] INFO: 正在处理 CID: 2577
2025-08-31 12:19:05 [pubchem] INFO: 正在处理 CID: 18343
2025-08-31 12:19:05 [pubchem] INFO: 正在处理 CID: 5790
2025-08-31 12:19:05 [pubchem] INFO: 正在处理 CID: 53373585
2025-08-31 12:19:05 [pubchem] INFO: 正在处理 CID: 5386
2025-08-31 12:19:05 [pubchem] INFO: 正在处理 CID: 20279
2025-08-31 12:19:05 [pubchem] INFO: 正在处理 CID: 439693
2025-08-31 12:19:05 [pubchem] INFO: 正在处理 CID: 676166
2025-08-31 12:19:05 [pubchem] INFO: 正在处理 CID: 135410875
2025-08-31 12:19:05 [pubchem] INFO: 正在处理 CID: 135413520
2025-08-31 12:19:05 [pubchem] INFO: 正在处理 CID: 135564527
2025-08-31 12:19:05 [pubchem] INFO: 正在处理 CID: 135564751
2025-08-31 12:19:05 [pubchem] INFO: 正在处理 CID: 135565678
2025-08-31 12:19:05 [pubchem] INFO: 正在处理 CID: 126941
2025-08-31 12:19:05 [pubchem] INFO: 正在处理 CID: 11329481
2025-08-31 12:19:05 [pubchem] INFO: 正在处理 CID: 5583
2025-08-31 12:19:05 [pubchem] INFO: 正在处理 CID: 54949
2025-08-31 12:19:05 [pubchem] INFO: 正在处理 CID: 169370
2025-08-31 12:19:05 [pubchem] INFO: 正在处理 CID: 6917908
2025-08-31 12:19:05 [pubchem] INFO: 正在处理 CID: 148121
2025-08-31 12:19:05 [pubchem] INFO: 正在处理 CID: 135508134
2025-08-31 12:19:05 [pubchem] INFO: 正在处理 CID: 135431074
2025-08-31 12:19:05 [pubchem] INFO: 正在处理 CID: 135430970
2025-08-31 12:19:05 [pubchem] INFO: 正在处理 CID: 135400182
2025-08-31 12:19:05 [pubchem] INFO: 正在处理 CID: 9938420
2025-08-31 12:19:05 [pubchem] INFO: 正在处理 CID: 13444038
2025-08-31 12:19:05 [pubchem] INFO: 正在处理 CID: 9931954
2025-08-31 12:19:05 [pubchem] INFO: 正在处理 CID: 121490161
2025-08-31 12:19:05 [pubchem] INFO: 正在处理 CID: 9931953
2025-08-31 12:19:05 [pubchem] INFO: 正在处理 CID: 135565082
2025-08-31 12:19:05 [pubchem] INFO: 正在处理 CID: 135565654
2025-08-31 12:19:05 [pubchem] INFO: 正在处理 CID: 24958200
2025-08-31 12:19:05 [pubchem] INFO: 正在处理 CID: 78357761
2025-08-31 12:19:05 [pubchem] INFO: 正在处理 CID: 9796068
2025-08-31 12:19:05 [pubchem] INFO: 正在处理 CID: 23725625
2025-08-31 12:19:05 [pubchem] INFO: 正在处理 CID: 135565554
2025-08-31 12:19:05 [pubchem] INFO: 正在处理 CID: 155586901
2025-08-31 12:19:05 [pubchem] INFO: 正在处理 CID: 11960529
2025-08-31 12:19:05 [pubchem] INFO: 正在处理 CID: 11749858
2025-08-31 12:19:05 [pubchem] INFO: 正在处理 CID: 17751049
2025-08-31 12:19:05 [pubchem] INFO: 正在处理 CID: 6918837
2025-08-31 12:19:05 [pubchem] INFO: 正在处理 CID: 23725423
2025-08-31 12:19:05 [pubchem] INFO: 正在处理 CID: 11538455
2025-08-31 12:19:05 [pubchem] INFO: 正在处理 CID: 25067557
2025-08-31 12:19:05 [pubchem] INFO: 正在处理 CID: 9804992
2025-08-31 12:19:05 [pubchem] INFO: 正在处理 CID: 10095659
2025-08-31 12:19:05 [pubchem] INFO: 正在处理 CID: 6918638
2025-08-31 12:19:05 [pubchem] INFO: 正在处理 CID: 4261
2025-08-31 12:19:05 [pubchem] INFO: 正在处理 CID: 24875489
2025-08-31 12:19:05 [pubchem] INFO: 正在处理 CID: 11609955
2025-08-31 12:19:05 [pubchem] INFO: 正在处理 CID: 5352062
2025-08-31 12:19:05 [pubchem] INFO: 正在处理 CID: 12136798
2025-08-31 12:19:05 [pubchem] INFO: 正在处理 CID: 5311
2025-08-31 12:19:05 [pubchem] INFO: 正在处理 CID: 25183872
2025-08-31 12:19:05 [pubchem] INFO: 正在处理 CID: 56844015
2025-08-31 12:19:05 [pubchem] INFO: 正在处理 CID: 387447
2025-08-31 12:19:05 [pubchem] INFO: 正在处理 CID: 387447
2025-08-31 12:19:05 [pubchem] INFO: 正在处理 CID: 11556711
2025-08-31 12:19:05 [pubchem] INFO: 正在处理 CID: 24800541
2025-08-31 12:19:05 [pubchem] INFO: 正在处理 CID: 11347535
2025-08-31 12:19:05 [pubchem] INFO: 正在处理 CID: 25067547
2025-08-31 12:19:05 [pubchem] INFO: 正在处理 CID: 11707110
2025-08-31 12:19:05 [pubchem] INFO: 正在处理 CID: 50992434
2025-08-31 12:19:05 [pubchem] INFO: 正在处理 CID: 44187362
2025-08-31 12:19:05 [pubchem] INFO: 正在处理 CID: 52918382
2025-08-31 12:19:05 [pubchem] INFO: 正在处理 CID: 10127622
2025-08-31 12:19:05 [pubchem] INFO: 正在处理 CID: 16214875
2025-08-31 12:19:05 [pubchem] INFO: 正在处理 CID: 16222096
2025-08-31 12:19:05 [pubchem] INFO: 正在处理 CID: 71491931
2025-08-31 12:19:05 [pubchem] INFO: 正在处理 CID: 16719221
2025-08-31 12:19:05 [pubchem] INFO: 正在处理 CID: 51030988
2025-08-31 12:19:05 [pubchem] INFO: 正在处理 CID: 10288191
2025-08-31 12:19:05 [pubchem] INFO: 正在处理 CID: 9826528
2025-08-31 12:19:05 [pubchem] INFO: 正在处理 CID: 146585168
2025-08-31 12:19:05 [pubchem] INFO: 正在处理 CID: 5330286
2025-08-31 12:19:05 [pubchem] INFO: 正在处理 CID: 11478676
2025-08-31 12:19:05 [pubchem] INFO: 正在处理 CID: 5287969
2025-08-31 12:19:05 [pubchem] INFO: 正在处理 CID: 9910986
2025-08-31 12:19:05 [pubchem] INFO: 正在处理 CID: 44631912
2025-08-31 12:19:05 [pubchem] INFO: 正在处理 CID: 57334219
2025-08-31 12:19:05 [pubchem] INFO: 正在处理 CID: 16739650
2025-08-31 12:19:05 [pubchem] INFO: 正在处理 CID: 87368269
2025-08-31 12:19:05 [pubchem] INFO: 正在处理 CID: 46220502
2025-08-31 12:19:05 [pubchem] INFO: 正在处理 CID: 168752082
2025-08-31 12:19:05 [pubchem] INFO: 正在处理 CID: 46926350
2025-08-31 12:19:05 [pubchem] INFO: 正在处理 CID: 139593425
2025-08-31 12:19:05 [pubchem] INFO: 正在处理 CID: 146502834
2025-08-31 12:19:05 [pubchem] INFO: 正在处理 CID: 86269224
2025-08-31 12:19:05 [pubchem] INFO: 正在处理 CID: 154616422
2025-08-31 12:19:05 [pubchem] INFO: 正在处理 CID: 68029831
2025-08-31 12:19:05 [pubchem] INFO: 正在处理 CID: 16654980
2025-08-31 12:19:05 [pubchem] INFO: 正在处理 CID: 66577015
2025-08-31 12:19:05 [pubchem] INFO: 正在处理 CID: 11977753
2025-08-31 12:19:05 [pubchem] INFO: 正在处理 CID: 49803145
2025-08-31 12:19:05 [pubchem] INFO: 正在处理 CID: 135565596
2025-08-31 12:19:05 [pubchem] INFO: 正在处理 CID: 135565785
2025-08-31 12:19:05 [pubchem] INFO: 正在处理 CID: 135566117
2025-08-31 12:19:05 [pubchem] INFO: 正在处理 CID: 57495353
2025-08-31 12:19:05 [pubchem] INFO: 正在处理 CID: 90214495
2025-08-31 12:19:05 [pubchem] INFO: 正在处理 CID: 72950888
2025-08-31 12:19:05 [pubchem] INFO: 正在处理 CID: 86707828
2025-08-31 12:19:05 [pubchem] INFO: 正在处理 CID: 49784002
2025-08-31 12:19:05 [pubchem] INFO: 正在处理 CID: 124220583
2025-08-31 12:19:05 [pubchem] INFO: 正在处理 CID: 86677874
2025-08-31 12:19:05 [pubchem] INFO: 正在处理 CID: 122507744
2025-08-31 12:19:05 [pubchem] INFO: 正在处理 CID: 50905713
2025-08-31 12:19:05 [pubchem] INFO: 正在处理 CID: 137528190
2025-08-31 12:19:05 [pubchem] INFO: 正在处理 CID: 72550012
2025-08-31 12:19:05 [pubchem] INFO: 正在处理 CID: 56649450
2025-08-31 12:19:05 [pubchem] INFO: 正在处理 CID: 118981804
2025-08-31 12:19:05 [pubchem] INFO: 正在处理 CID: 25254071
2025-08-31 12:19:05 [pubchem] INFO: 正在处理 CID: 58507717
2025-08-31 12:19:05 [pubchem] INFO: 正在处理 CID: 58111426
2025-08-31 12:19:05 [pubchem] INFO: 正在处理 CID: 91933883
2025-08-31 12:19:05 [pubchem] INFO: 正在处理 CID: 44516953
2025-08-31 12:19:05 [pubchem] INFO: 正在处理 CID: 11625818
2025-08-31 12:19:05 [pubchem] INFO: 正在处理 CID: 124173720
2025-08-31 12:19:05 [pubchem] INFO: 正在处理 CID: 25167777
2025-08-31 12:19:05 [pubchem] INFO: 正在处理 CID: 17755052
2025-08-31 12:19:05 [pubchem] INFO: 正在处理 CID: 57519748
2025-08-31 12:19:05 [pubchem] INFO: 正在处理 CID: 51001932
2025-08-31 12:19:05 [pubchem] INFO: 正在处理 CID: 66571003
2025-08-31 12:19:05 [pubchem] INFO: 正在处理 CID: 44462760
2025-08-31 12:19:05 [pubchem] INFO: 正在处理 CID: 44516822
2025-08-31 12:19:05 [pubchem] INFO: 正在处理 CID: 165150001
2025-08-31 12:19:05 [pubchem] INFO: 正在处理 CID: 50922675
2025-08-31 12:19:05 [pubchem] INFO: 正在处理 CID: 42611257
2025-08-31 12:19:05 [pubchem] INFO: 正在处理 CID: 5323714
2025-08-31 12:19:05 [pubchem] INFO: 正在处理 CID: 9579050
2025-08-31 12:19:05 [pubchem] INFO: 正在处理 CID: 6433427
2025-08-31 12:19:05 [pubchem] INFO: 正在处理 CID: 5373493
2025-08-31 12:19:05 [pubchem] INFO: 正在处理 CID: 9562728
2025-08-31 12:19:05 [pubchem] INFO: 正在处理 CID: 9570327
2025-08-31 12:19:05 [pubchem] INFO: 正在处理 CID: 6842999
2025-08-31 12:19:05 [pubchem] INFO: 正在处理 CID: 9561033
2025-08-31 12:19:05 [pubchem] INFO: 正在处理 CID: 4173
2025-08-31 12:19:05 [pubchem] INFO: 正在处理 CID: 83213
2025-08-31 12:19:05 [pubchem] INFO: 正在处理 CID: 68592
2025-08-31 12:19:05 [pubchem] INFO: 正在处理 CID: 51794
2025-08-31 12:19:05 [pubchem] INFO: 正在处理 CID: 6436171
2025-08-31 12:19:05 [pubchem] INFO: 正在处理 CID: 71407
2025-08-31 12:19:05 [pubchem] INFO: 正在处理 CID: 31593
2025-08-31 12:19:05 [pubchem] INFO: 正在处理 CID: 3032998
2025-08-31 12:19:05 [pubchem] INFO: 正在处理 CID: 3090
2025-08-31 12:19:05 [pubchem] INFO: 正在处理 CID: 68792
2025-08-31 12:19:05 [pubchem] INFO: 正在处理 CID: 20676
2025-08-31 12:19:05 [pubchem] INFO: 正在处理 CID: 26951
2025-08-31 12:19:05 [pubchem] INFO: 正在处理 CID: 26105
2025-08-31 12:19:05 [pubchem] INFO: 正在处理 CID: 9571039
2025-08-31 12:19:05 [pubchem] INFO: 正在处理 CID: 23009
2025-08-31 12:19:05 [pubchem] INFO: 正在处理 CID: 28061
2025-08-31 12:19:05 [pubchem] INFO: 正在处理 CID: 6446788
2025-08-31 12:19:05 [pubchem] INFO: 正在处理 CID: 5094
2025-08-31 12:19:05 [pubchem] INFO: 正在处理 CID: 71815
2025-08-31 12:19:05 [pubchem] INFO: 正在处理 CID: 3037172
2025-08-31 12:19:05 [pubchem] INFO: 正在处理 CID: 5479
2025-08-31 12:19:05 [pubchem] INFO: 正在处理 CID: 6178111
2025-08-31 12:19:05 [pubchem] INFO: 正在处理 CID: 9570076
2025-08-31 12:19:05 [pubchem] INFO: 正在处理 CID: 443381
2025-08-31 12:19:05 [pubchem] INFO: 正在处理 CID: 21453
2025-08-31 12:19:05 [pubchem] INFO: 正在处理 CID: 4993
2025-08-31 12:19:05 [pubchem] INFO: 正在处理 CID: 21704
2025-08-31 12:19:05 [pubchem] INFO: 正在处理 CID: 21704
2025-08-31 12:19:05 [pubchem] INFO: 正在处理 CID: 34768
2025-08-31 12:19:05 [pubchem] INFO: 正在处理 CID: 51223
2025-08-31 12:19:05 [pubchem] INFO: 正在处理 CID: 64973
2025-08-31 12:19:05 [pubchem] INFO: 正在处理 CID: 469717
2025-08-31 12:19:05 [pubchem] INFO: 正在处理 CID: 60877
2025-08-31 12:19:05 [pubchem] INFO: 正在处理 CID: 50312
2025-08-31 12:19:05 [pubchem] INFO: 正在处理 CID: 65050
2025-08-31 12:19:05 [pubchem] INFO: 正在处理 CID: 16122663
2025-08-31 12:19:05 [pubchem] INFO: 正在处理 CID: 37542
2025-08-31 12:19:05 [pubchem] INFO: 正在处理 CID: 451447
2025-08-31 12:19:05 [pubchem] INFO: 正在处理 CID: 159354
2025-08-31 12:19:05 [pubchem] INFO: 正在处理 CID: 11293303
2025-08-31 12:19:05 [pubchem] INFO: 正在处理 CID: 23725063
2025-08-31 12:19:05 [pubchem] INFO: 正在处理 CID: 24066
2025-08-31 12:19:05 [pubchem] INFO: 正在处理 CID: 5625
2025-08-31 12:19:05 [pubchem] INFO: 正在处理 CID: 441386
2025-08-31 12:19:05 [pubchem] INFO: 正在处理 CID: 6451164
2025-08-31 12:19:05 [pubchem] INFO: 正在处理 CID: 11711114
2025-08-31 12:19:05 [pubchem] INFO: 正在处理 CID: 60847
2025-08-31 12:19:05 [pubchem] INFO: 正在处理 CID: 1783
2025-08-31 12:19:05 [pubchem] INFO: 正在处理 CID: 214347
2025-08-31 12:19:05 [pubchem] INFO: 正在处理 CID: 58460047
2025-08-31 12:19:05 [pubchem] INFO: 正在处理 CID: 64139
2025-08-31 12:19:05 [pubchem] INFO: 正在处理 CID: 11527519
2025-08-31 12:19:05 [pubchem] INFO: 正在处理 CID: 65013
2025-08-31 12:19:05 [pubchem] INFO: 正在处理 CID: 193962
2025-08-31 12:19:05 [pubchem] INFO: 正在处理 CID: 44224276
2025-08-31 12:19:05 [pubchem] INFO: 正在处理 CID: 16739244
2025-08-31 12:19:05 [pubchem] INFO: 正在处理 CID: 3963
2025-08-31 12:19:05 [pubchem] INFO: 正在处理 CID: 4463
2025-08-31 12:19:05 [pubchem] INFO: 正在处理 CID: 441300
2025-08-31 12:19:05 [pubchem] INFO: 正在处理 CID: 9822500
2025-08-31 12:19:05 [pubchem] INFO: 正在处理 CID: 441384
2025-08-31 12:19:05 [pubchem] INFO: 正在处理 CID: 135398508
2025-08-31 12:19:05 [pubchem] INFO: 正在处理 CID: 135398508
2025-08-31 12:19:05 [pubchem] INFO: 正在处理 CID: 464205
2025-08-31 12:19:05 [pubchem] INFO: 正在处理 CID: 9574768
2025-08-31 12:19:05 [pubchem] INFO: 正在处理 CID: 71492247
2025-08-31 12:19:05 [pubchem] INFO: 正在处理 CID: 6398764
2025-08-31 12:19:05 [pubchem] INFO: 正在处理 CID: 86280652
2025-08-31 12:19:05 [pubchem] INFO: 正在处理 CID: 71714119
2025-08-31 12:19:05 [pubchem] INFO: 正在处理 CID: 60172
2025-08-31 12:19:05 [pubchem] INFO: 正在处理 CID: 60871
2025-08-31 12:19:05 [pubchem] INFO: 正在处理 CID: 33039
2025-08-31 12:19:05 [pubchem] INFO: 正在处理 CID: 446727
2025-08-31 12:19:05 [pubchem] INFO: 正在处理 CID: 3008897
2025-08-31 12:19:05 [pubchem] INFO: 正在处理 CID: 73115
2025-08-31 12:19:05 [pubchem] INFO: 正在处理 CID: 512735
2025-08-31 12:19:05 [pubchem] INFO: 正在处理 CID: 60825
2025-08-31 12:19:05 [pubchem] INFO: 正在处理 CID: 5282192
2025-08-31 12:19:05 [pubchem] INFO: 正在处理 CID: 18283
2025-08-31 12:19:05 [pubchem] INFO: 正在处理 CID: 159269
2025-08-31 12:19:05 [pubchem] INFO: 正在处理 CID: 35370
2025-08-31 12:19:05 [pubchem] INFO: 正在处理 CID: 5273759
2025-08-31 12:19:05 [pubchem] INFO: 正在处理 CID: 124088
2025-08-31 12:19:05 [pubchem] INFO: 正在处理 CID: 64973
2025-08-31 12:19:05 [pubchem] INFO: 正在处理 CID: 135398739
2025-08-31 12:19:05 [pubchem] INFO: 正在处理 CID: 469717
2025-08-31 12:19:05 [pubchem] INFO: 正在处理 CID: 60877
2025-08-31 12:19:05 [pubchem] INFO: 正在处理 CID: 90469070
2025-08-31 12:19:05 [pubchem] INFO: 正在处理 CID: 72180
2025-08-31 12:19:05 [pubchem] INFO: 正在处理 CID: 24066
2025-08-31 12:19:05 [pubchem] INFO: 正在处理 CID: 135398740
2025-08-31 12:19:05 [pubchem] INFO: 正在处理 CID: 23700083
2025-08-31 12:19:05 [pubchem] INFO: 正在处理 CID: 60613
2025-08-31 12:19:05 [pubchem] INFO: 正在处理 CID: 60613
2025-08-31 12:19:05 [pubchem] INFO: 正在处理 CID: 135413535
2025-08-31 12:19:05 [pubchem] INFO: 正在处理 CID: 135413534
2025-08-31 12:19:05 [pubchem] INFO: 正在处理 CID: 44561
2025-08-31 12:19:05 [pubchem] INFO: 正在处理 CID: 44561
2025-08-31 12:19:05 [pubchem] INFO: 正在处理 CID: 3415
2025-08-31 12:19:05 [pubchem] INFO: 正在处理 CID: 71587550
2025-08-31 12:19:05 [pubchem] INFO: 正在处理 CID: 45138674
2025-08-31 12:19:05 [pubchem] INFO: 正在处理 CID: 471161
2025-08-31 12:19:05 [pubchem] INFO: 正在处理 CID: 135398513
2025-08-31 12:19:05 [pubchem] INFO: 正在处理 CID: 23665721
2025-08-31 12:19:05 [pubchem] INFO: 正在处理 CID: 135398748
2025-08-31 12:19:05 [pubchem] INFO: 正在处理 CID: 76964038
2025-08-31 12:19:05 [pubchem] INFO: 正在处理 CID: 21704
2025-08-31 12:19:05 [pubchem] INFO: 正在处理 CID: 21704
2025-08-31 12:19:05 [pubchem] INFO: 正在处理 CID: 34768
2025-08-31 12:19:05 [pubchem] INFO: 正在处理 CID: 51223
2025-08-31 12:19:05 [pubchem] INFO: 正在处理 CID: 135398740
2025-08-31 12:19:05 [pubchem] INFO: 正在处理 CID: 23700083
2025-08-31 12:19:05 [pubchem] INFO: 正在处理 CID: 135398742
2025-08-31 12:19:05 [pubchem] INFO: 正在处理 CID: 135428922
2025-08-31 12:19:05 [pubchem] INFO: 正在处理 CID: 135398741
2025-08-31 12:19:05 [pubchem] INFO: 正在处理 CID: 446727
2025-08-31 12:19:05 [pubchem] INFO: 正在处理 CID: 66377
2025-08-31 12:19:05 [pubchem] INFO: 正在处理 CID: 3324
2025-08-31 12:19:05 [pubchem] INFO: 正在处理 CID: 20055354
2025-08-31 12:19:05 [pubchem] INFO: 正在处理 CID: 5905
2025-08-31 12:19:05 [pubchem] INFO: 正在处理 CID: 5071
2025-08-31 12:19:05 [pubchem] INFO: 正在处理 CID: 15165
2025-08-31 12:19:05 [pubchem] INFO: 正在处理 CID: 2130
2025-08-31 12:19:05 [pubchem] INFO: 正在处理 CID: 64150
2025-08-31 12:19:05 [pubchem] INFO: 正在处理 CID: 60855
2025-08-31 12:19:05 [pubchem] INFO: 正在处理 CID: 636424
2025-08-31 12:19:05 [pubchem] INFO: 正在处理 CID: 65028
2025-08-31 12:19:05 [pubchem] INFO: 正在处理 CID: 78000
2025-08-31 12:19:05 [pubchem] INFO: 正在处理 CID: 502272
2025-08-31 12:19:05 [pubchem] INFO: 正在处理 CID: 46919879
2025-08-31 12:19:05 [pubchem] INFO: 正在处理 CID: 154234
2025-08-31 12:19:05 [pubchem] INFO: 正在处理 CID: 124081876
2025-08-31 12:19:05 [pubchem] INFO: 正在处理 CID: 124081896
2025-08-31 12:19:05 [pubchem] INFO: 正在处理 CID: 492405
2025-08-31 12:19:05 [pubchem] INFO: 正在处理 CID: 441243
2025-08-31 12:19:05 [pubchem] INFO: 正在处理 CID: 60934
2025-08-31 12:19:05 [pubchem] INFO: 正在处理 CID: 5362440
2025-08-31 12:19:05 [pubchem] INFO: 正在处理 CID: 5362440
2025-08-31 12:19:05 [pubchem] INFO: 正在处理 CID: 5462355
2025-08-31 12:19:05 [pubchem] INFO: 正在处理 CID: 11954281
2025-08-31 12:19:05 [pubchem] INFO: 正在处理 CID: 64143
2025-08-31 12:19:05 [pubchem] INFO: 正在处理 CID: 64142
2025-08-31 12:19:05 [pubchem] INFO: 正在处理 CID: 131536
2025-08-31 12:19:05 [pubchem] INFO: 正在处理 CID: 131535
2025-08-31 12:19:05 [pubchem] INFO: 正在处理 CID: 11954282
2025-08-31 12:19:05 [pubchem] INFO: 正在处理 CID: 131537
2025-08-31 12:19:05 [pubchem] INFO: 正在处理 CID: 148192
2025-08-31 12:19:05 [pubchem] INFO: 正在处理 CID: 158550
2025-08-31 12:19:05 [pubchem] INFO: 正在处理 CID: 54682461
2025-08-31 12:19:05 [pubchem] INFO: 正在处理 CID: 163296
2025-08-31 12:19:05 [pubchem] INFO: 正在处理 CID: 213039
2025-08-31 12:19:05 [pubchem] INFO: 正在处理 CID: 23725083
2025-08-31 12:19:05 [pubchem] INFO: 正在处理 CID: 53259004
2025-08-31 12:19:05 [pubchem] INFO: 正在处理 CID: 71666654
2025-08-31 12:19:05 [pubchem] INFO: 正在处理 CID: 65016
2025-08-31 12:19:05 [pubchem] INFO: 正在处理 CID: 5743186
2025-08-31 12:19:05 [pubchem] INFO: 正在处理 CID: 9937952
2025-08-31 12:19:05 [pubchem] INFO: 正在处理 CID: 92727
2025-08-31 12:19:05 [pubchem] INFO: 正在处理 CID: 11979606
2025-08-31 12:19:05 [pubchem] INFO: 正在处理 CID: 154044
2025-08-31 12:19:05 [pubchem] INFO: 正在处理 CID: 72981
2025-08-31 12:19:05 [pubchem] INFO: 正在处理 CID: 392622
2025-08-31 12:19:05 [pubchem] INFO: 正在处理 CID: 382974
2025-08-31 12:19:05 [pubchem] INFO: 正在处理 CID: 441300
2025-08-31 12:19:05 [pubchem] INFO: 正在处理 CID: 9822500
2025-08-31 12:19:05 [pubchem] INFO: 正在处理 CID: 441384
2025-08-31 12:19:05 [pubchem] INFO: 正在处理 CID: 5625
2025-08-31 12:19:05 [pubchem] INFO: 正在处理 CID: 441386
2025-08-31 12:19:05 [pubchem] INFO: 正在处理 CID: 6451164
2025-08-31 12:19:05 [pubchem] INFO: 正在处理 CID: 11711114
2025-08-31 12:19:05 [pubchem] INFO: 正在处理 CID: 464205
2025-08-31 12:19:05 [pubchem] INFO: 正在处理 CID: 9574768
2025-08-31 12:19:05 [pubchem] INFO: 正在处理 CID: 71492247
2025-08-31 12:19:05 [pubchem] INFO: 正在处理 CID: 86280652
2025-08-31 12:19:05 [pubchem] INFO: 正在处理 CID: 71714119
2025-08-31 12:19:05 [pubchem] INFO: 正在处理 CID: 124088
2025-08-31 12:19:05 [pubchem] INFO: 正在处理 CID: 60847
2025-08-31 12:19:05 [pubchem] INFO: 正在处理 CID: 1783
2025-08-31 12:19:05 [pubchem] INFO: 正在处理 CID: 214347
2025-08-31 12:19:05 [pubchem] INFO: 正在处理 CID: 64973
2025-08-31 12:19:05 [pubchem] INFO: 正在处理 CID: 135398739
2025-08-31 12:19:05 [pubchem] INFO: 正在处理 CID: 58460047
2025-08-31 12:19:05 [pubchem] INFO: 正在处理 CID: 64139
2025-08-31 12:19:05 [pubchem] INFO: 正在处理 CID: 11527519
2025-08-31 12:19:05 [pubchem] INFO: 正在处理 CID: 469717
2025-08-31 12:19:05 [pubchem] INFO: 正在处理 CID: 65013
2025-08-31 12:19:05 [pubchem] INFO: 正在处理 CID: 60877
2025-08-31 12:19:05 [pubchem] INFO: 正在处理 CID: 193962
2025-08-31 12:19:05 [pubchem] INFO: 正在处理 CID: 44224276
2025-08-31 12:19:05 [pubchem] INFO: 正在处理 CID: 60825
2025-08-31 12:19:05 [pubchem] INFO: 正在处理 CID: 16739244
2025-08-31 12:19:05 [pubchem] INFO: 正在处理 CID: 3963
2025-08-31 12:19:05 [pubchem] INFO: 正在处理 CID: 4463
2025-08-31 12:19:05 [pubchem] INFO: 正在处理 CID: 18283
2025-08-31 12:19:05 [pubchem] INFO: 正在处理 CID: 24066
2025-08-31 12:19:05 [pubchem] INFO: 正在处理 CID: 35370
2025-08-31 12:19:05 [pubchem] INFO: 正在处理 CID: 54671008
2025-08-31 12:19:05 [pubchem] INFO: 正在处理 CID: 23668479
2025-08-31 12:19:05 [pubchem] INFO: 正在处理 CID: 54726191
2025-08-31 12:19:05 [pubchem] INFO: 正在处理 CID: 46216142
2025-08-31 12:19:05 [pubchem] INFO: 正在处理 CID: 54713659
2025-08-31 12:19:05 [pubchem] INFO: 正在处理 CID: 46215800
2025-08-31 12:19:05 [pubchem] INFO: 正在处理 CID: 90311989
2025-08-31 12:19:05 [pubchem] INFO: 正在处理 CID: 102593990
2025-08-31 12:19:05 [pubchem] INFO: 正在处理 CID: 5277135
2025-08-31 12:19:05 [pubchem] INFO: 正在处理 CID: 133082658
2025-08-31 12:19:05 [pubchem] INFO: 正在处理 CID: 153435888
2025-08-31 12:19:05 [pubchem] INFO: 正在处理 CID: 5273759
2025-08-31 12:19:05 [pubchem] INFO: 正在处理 CID: 86583336
2025-08-31 12:19:05 [pubchem] INFO: 正在处理 CID: 129626368
2025-08-31 12:19:05 [pubchem] INFO: 正在处理 CID: 57327017
2025-08-31 12:19:05 [pubchem] INFO: 正在处理 CID: 90469070
2025-08-31 12:19:05 [pubchem] INFO: 正在处理 CID: 16130199
2025-08-31 12:19:05 [pubchem] INFO: 正在处理 CID: 46892186
2025-08-31 12:19:05 [pubchem] INFO: 正在处理 CID: 134694278
2025-08-31 12:19:05 [pubchem] INFO: 正在处理 CID: 73386700
2025-08-31 12:19:05 [pubchem] INFO: 正在处理 CID: 3002977
2025-08-31 12:19:05 [pubchem] INFO: 正在处理 CID: 155926085
2025-08-31 12:19:05 [pubchem] INFO: 正在处理 CID: 162533924
2025-08-31 12:19:05 [pubchem] INFO: 正在处理 CID: 162623410
2025-08-31 12:19:05 [pubchem] INFO: 正在处理 CID: 166157331
2025-08-31 12:19:05 [pubchem] INFO: 正在处理 CID: 166157330
2025-08-31 12:19:05 [pubchem] INFO: 正在处理 CID: 163362000
2025-08-31 12:19:05 [pubchem] INFO: 正在处理 CID: 154699467
2025-08-31 12:19:05 [pubchem] INFO: 正在处理 CID: 145996610
2025-08-31 12:19:05 [pubchem] INFO: 正在处理 CID: 155903259
2025-08-31 12:19:05 [pubchem] INFO: 正在处理 CID: 162513664
2025-08-31 12:19:05 [pubchem] INFO: 正在处理 CID: 162396309
2025-08-31 12:19:05 [pubchem] INFO: 正在处理 CID: 121304016
2025-08-31 12:19:05 [pubchem] INFO: 正在处理 CID: 163373364
2025-08-31 12:19:05 [pubchem] INFO: 正在处理 CID: 3033824
2025-08-31 12:19:05 [pubchem] INFO: 正在处理 CID: 25154714
2025-08-31 12:19:05 [pubchem] INFO: 正在处理 CID: 25154713
2025-08-31 12:19:05 [pubchem] INFO: 正在处理 CID: 67505836
2025-08-31 12:19:05 [pubchem] INFO: 正在处理 CID: 67505836
2025-08-31 12:19:05 [pubchem] INFO: 正在处理 CID: 54767916
2025-08-31 12:19:05 [pubchem] INFO: 正在处理 CID: 90479606
2025-08-31 12:19:05 [pubchem] INFO: 正在处理 CID: 52918888
2025-08-31 12:19:05 [pubchem] INFO: 正在处理 CID: 71665718
2025-08-31 12:19:05 [pubchem] INFO: 正在处理 CID: 58316387
2025-08-31 12:19:05 [pubchem] INFO: 正在处理 CID: 71661251
2025-08-31 12:19:05 [pubchem] INFO: 正在处理 CID: 58031952
2025-08-31 12:19:05 [pubchem] INFO: 正在处理 CID: 91936863
2025-08-31 12:19:05 [pubchem] INFO: 正在处理 CID: 58310140
2025-08-31 12:19:05 [pubchem] INFO: 正在处理 CID: 67683363
2025-08-31 12:19:05 [pubchem] INFO: 正在处理 CID: 56934415
2025-08-31 12:19:05 [pubchem] INFO: 正在处理 CID: 72722244
2025-08-31 12:19:05 [pubchem] INFO: 正在处理 CID: 56948249
2025-08-31 12:19:05 [pubchem] INFO: 正在处理 CID: 56955434
2025-08-31 12:19:05 [pubchem] INFO: 正在处理 CID: 56640146
2025-08-31 12:19:05 [pubchem] INFO: 正在处理 CID: 86291593
2025-08-31 12:19:05 [pubchem] INFO: 正在处理 CID: 122527275
2025-08-31 12:19:05 [pubchem] INFO: 正在处理 CID: 155926085
2025-08-31 12:19:05 [pubchem] INFO: 正在处理 CID: 54708673
2025-08-31 12:19:05 [pubchem] INFO: 正在处理 CID: 24798764
2025-08-31 12:19:05 [pubchem] INFO: 正在处理 CID: 16122663
2025-08-31 12:19:05 [pubchem] INFO: 正在处理 CID: 11561383
2025-08-31 12:19:05 [pubchem] INFO: 正在处理 CID: 37542
2025-08-31 12:19:05 [pubchem] INFO: 正在处理 CID: 135565932
2025-08-31 12:19:05 [pubchem] INFO: 正在处理 CID: 45375808
2025-08-31 12:19:05 [pubchem] INFO: 正在处理 CID: 23649154
2025-08-31 12:19:05 [pubchem] INFO: 正在处理 CID: 90055716
2025-08-31 12:19:05 [pubchem] INFO: 正在处理 CID: 24873435
2025-08-31 12:19:05 [pubchem] INFO: 正在处理 CID: 46866715
2025-08-31 12:19:05 [pubchem] INFO: 正在处理 CID: 11285588
2025-08-31 12:19:05 [pubchem] INFO: 正在处理 CID: 23718928
2025-08-31 12:19:05 [pubchem] INFO: 正在处理 CID: 56935739
2025-08-31 12:19:05 [pubchem] INFO: 正在处理 CID: 56956252
2025-08-31 12:19:05 [pubchem] INFO: 正在处理 CID: 45110509
2025-08-31 12:19:05 [pubchem] INFO: 正在处理 CID: 73211765
2025-08-31 12:19:05 [pubchem] INFO: 正在处理 CID: 66828839
2025-08-31 12:19:05 [pubchem] INFO: 正在处理 CID: 134694621
2025-08-31 12:19:05 [pubchem] INFO: 正在处理 CID: 44603531
2025-08-31 12:19:05 [pubchem] INFO: 正在处理 CID: 44603531
2025-08-31 12:19:05 [pubchem] INFO: 正在处理 CID: 16076883
2025-08-31 12:19:05 [pubchem] INFO: 正在处理 CID: 10324367
2025-08-31 12:19:05 [pubchem] INFO: 正在处理 CID: 9853710
2025-08-31 12:19:05 [pubchem] INFO: 正在处理 CID: 56594927
2025-08-31 12:19:05 [pubchem] INFO: 正在处理 CID: 11857239
2025-08-31 12:19:05 [pubchem] INFO: 正在处理 CID: 53362096
2025-08-31 12:19:05 [pubchem] INFO: 正在处理 CID: 3010818
2025-08-31 12:19:05 [pubchem] INFO: 正在处理 CID: 24765256
2025-08-31 12:19:05 [pubchem] INFO: 正在处理 CID: 25167947
2025-08-31 12:19:05 [pubchem] INFO: 正在处理 CID: 89921642
2025-08-31 12:19:05 [pubchem] INFO: 正在处理 CID: 91669168
2025-08-31 12:19:05 [pubchem] INFO: 正在处理 CID: 85471918
2025-08-31 12:19:05 [pubchem] INFO: 正在处理 CID: 72734365
2025-08-31 12:19:05 [pubchem] INFO: 正在处理 CID: 91885554
2025-08-31 12:19:05 [pubchem] INFO: 正在处理 CID: 24393
2025-08-31 12:19:05 [pubchem] INFO: 正在处理 CID: 61300
2025-08-31 12:19:05 [pubchem] INFO: 正在处理 CID: 56928187
2025-08-31 12:19:05 [pubchem] INFO: 正在处理 CID: 86278348
2025-08-31 12:19:05 [pubchem] INFO: 正在处理 CID: 169535
2025-08-31 12:19:05 [pubchem] INFO: 正在处理 CID: 90465822
2025-08-31 12:19:05 [pubchem] INFO: 正在处理 CID: 6433164
2025-08-31 12:19:05 [pubchem] INFO: 正在处理 CID: 23616740
2025-08-31 12:19:05 [pubchem] INFO: 正在处理 CID: 55317
2025-08-31 12:19:05 [pubchem] INFO: 正在处理 CID: 10464762
2025-08-31 12:19:05 [pubchem] INFO: 正在处理 CID: 167159
2025-08-31 12:19:05 [pubchem] INFO: 正在处理 CID: 20715017
2025-08-31 12:19:05 [pubchem] INFO: 正在处理 CID: 91663255
2025-08-31 12:19:05 [pubchem] INFO: 正在处理 CID: 27461
2025-08-31 12:19:05 [pubchem] INFO: 正在处理 CID: 71587155
2025-08-31 12:19:05 [pubchem] INFO: 正在处理 CID: 9854012
2025-08-31 12:19:05 [pubchem] INFO: 正在处理 CID: 10260031
2025-08-31 12:19:05 [pubchem] INFO: 正在处理 CID: 16066663
2025-08-31 12:19:05 [pubchem] INFO: 正在处理 CID: 23718927
2025-08-31 12:19:05 [pubchem] INFO: 正在处理 CID: 60606
2025-08-31 12:19:05 [pubchem] INFO: 正在处理 CID: 9847991
2025-08-31 12:19:05 [pubchem] INFO: 正在处理 CID: 115366
2025-08-31 12:19:05 [pubchem] INFO: 正在处理 CID: 9798860
2025-08-31 12:19:05 [pubchem] INFO: 正在处理 CID: 5472
2025-08-31 12:19:05 [pubchem] INFO: 正在处理 CID: 65335
2025-08-31 12:19:05 [pubchem] INFO: 正在处理 CID: 10158453
2025-08-31 12:19:05 [pubchem] INFO: 正在处理 CID: 11273178
2025-08-31 12:19:05 [pubchem] INFO: 正在处理 CID: 53378151
2025-08-31 12:19:05 [pubchem] INFO: 正在处理 CID: 9871419
2025-08-31 12:19:05 [pubchem] INFO: 正在处理 CID: 60947
2025-08-31 12:19:05 [pubchem] INFO: 正在处理 CID: 60946
2025-08-31 12:19:05 [pubchem] INFO: 正在处理 CID: 3038484
2025-08-31 12:19:05 [pubchem] INFO: 正在处理 CID: 3038483
2025-08-31 12:19:05 [pubchem] INFO: 正在处理 CID: 216230
2025-08-31 12:19:05 [pubchem] INFO: 正在处理 CID: 448812
2025-08-31 12:19:05 [pubchem] INFO: 正在处理 CID: 80275
2025-08-31 12:19:05 [pubchem] INFO: 正在处理 CID: 178079
2025-08-31 12:19:05 [pubchem] INFO: 正在处理 CID: 164518
2025-08-31 12:19:05 [pubchem] INFO: 正在处理 CID: 9577986
2025-08-31 12:19:05 [pubchem] INFO: 正在处理 CID: 3033830
2025-08-31 12:19:05 [pubchem] INFO: 正在处理 CID: 3447
2025-08-31 12:19:05 [pubchem] INFO: 正在处理 CID: 6604561
2025-08-31 12:19:05 [pubchem] INFO: 正在处理 CID: 92722
2025-08-31 12:19:05 [pubchem] INFO: 正在处理 CID: 92722
2025-08-31 12:19:05 [pubchem] INFO: 正在处理 CID: 216210
2025-08-31 12:19:05 [pubchem] INFO: 正在处理 CID: 135565674
2025-08-31 12:19:05 [pubchem] INFO: 正在处理 CID: 135566083
2025-08-31 12:19:05 [pubchem] INFO: 正在处理 CID: 16129704
2025-08-31 12:19:05 [pubchem] INFO: 正在处理 CID: 126480209
2025-08-31 12:19:05 [pubchem] INFO: 正在处理 CID: 16129703
2025-08-31 12:19:05 [pubchem] INFO: 正在处理 CID: 60781
2025-08-31 12:19:05 [pubchem] INFO: 正在处理 CID: 118856773
2025-08-31 12:19:05 [pubchem] INFO: 正在处理 CID: 183797
2025-08-31 12:19:05 [pubchem] INFO: 正在处理 CID: 6918278
2025-08-31 12:19:05 [pubchem] INFO: 正在处理 CID: 9574101
2025-08-31 12:19:05 [pubchem] INFO: 正在处理 CID: 10280735
2025-08-31 12:19:05 [pubchem] INFO: 正在处理 CID: 25022378
2025-08-31 12:19:05 [pubchem] INFO: 正在处理 CID: 44610678
2025-08-31 12:19:05 [pubchem] INFO: 正在处理 CID: 10182969
2025-08-31 12:19:05 [pubchem] INFO: 正在处理 CID: 10275777
2025-08-31 12:19:05 [pubchem] INFO: 正在处理 CID: 49843900
2025-08-31 12:19:05 [pubchem] INFO: 正在处理 CID: 11634458
2025-08-31 12:19:05 [pubchem] INFO: 正在处理 CID: 4322
2025-08-31 12:19:05 [pubchem] INFO: 正在处理 CID: 636380
2025-08-31 12:19:05 [pubchem] INFO: 正在处理 CID: 3083444
2025-08-31 12:19:05 [pubchem] INFO: 正在处理 CID: 11641515
2025-08-31 12:19:05 [pubchem] INFO: 正在处理 CID: 204101
2025-08-31 12:19:05 [pubchem] INFO: 正在处理 CID: 9875401
2025-08-31 12:19:05 [pubchem] INFO: 正在处理 CID: 961320
2025-08-31 12:19:05 [pubchem] INFO: 正在处理 CID: 33309
2025-08-31 12:19:05 [pubchem] INFO: 正在处理 CID: 961320
2025-08-31 12:19:05 [pubchem] INFO: 正在处理 CID: 68876
2025-08-31 12:19:05 [pubchem] INFO: 正在处理 CID: 16219127
2025-08-31 12:19:05 [pubchem] INFO: 正在处理 CID: 54676537
2025-08-31 12:19:05 [pubchem] INFO: 正在处理 CID: 54676038
2025-08-31 12:19:05 [pubchem] INFO: 正在处理 CID: 91771
2025-08-31 12:19:05 [pubchem] INFO: 正在处理 CID: 54685524
2025-08-31 12:19:05 [pubchem] INFO: 正在处理 CID: 54680692
2025-08-31 12:19:05 [pubchem] INFO: 正在处理 CID: 54708299
2025-08-31 12:19:05 [pubchem] INFO: 正在处理 CID: 54678486
2025-08-31 12:19:05 [pubchem] INFO: 正在处理 CID: 23706212
2025-08-31 12:19:05 [pubchem] INFO: 正在处理 CID: 16204922
2025-08-31 12:19:05 [pubchem] INFO: 正在处理 CID: 54718618
2025-08-31 12:19:05 [pubchem] INFO: 正在处理 CID: 44201125
2025-08-31 12:19:05 [pubchem] INFO: 正在处理 CID: 2197
2025-08-31 12:19:05 [pubchem] INFO: 正在处理 CID: 14369
2025-08-31 12:19:05 [pubchem] INFO: 正在处理 CID: 70846
2025-08-31 12:19:05 [pubchem] INFO: 正在处理 CID: 6719
2025-08-31 12:19:05 [pubchem] INFO: 正在处理 CID: 68942
2025-08-31 12:19:05 [pubchem] INFO: 正在处理 CID: 4760
2025-08-31 12:19:05 [pubchem] INFO: 正在处理 CID: 772
2025-08-31 12:19:05 [pubchem] INFO: 正在处理 CID: 118989588
2025-08-31 12:19:05 [pubchem] INFO: 正在处理 CID: 72679307
2025-08-31 12:19:05 [pubchem] INFO: 正在处理 CID: 92044406
2025-08-31 12:19:05 [pubchem] INFO: 正在处理 CID: 53477715
2025-08-31 12:19:05 [pubchem] INFO: 正在处理 CID: 2244
2025-08-31 12:19:05 [pubchem] INFO: 正在处理 CID: 3032790
2025-08-31 12:19:05 [pubchem] INFO: 正在处理 CID: 6247
2025-08-31 12:19:05 [pubchem] INFO: 正在处理 CID: 9905405
2025-08-31 12:19:05 [pubchem] INFO: 正在处理 CID: 8591
2025-08-31 12:19:05 [pubchem] INFO: 正在处理 CID: 23666729
2025-08-31 12:19:05 [pubchem] INFO: 正在处理 CID: 10245201
2025-08-31 12:19:05 [pubchem] INFO: 正在处理 CID: 10245200
2025-08-31 12:19:05 [pubchem] INFO: 正在处理 CID: 68876
2025-08-31 12:19:05 [pubchem] INFO: 正在处理 CID: 16219127
2025-08-31 12:19:05 [pubchem] INFO: 正在处理 CID: 5282411
2025-08-31 12:19:05 [pubchem] INFO: 正在处理 CID: 6364626
2025-08-31 12:19:05 [pubchem] INFO: 正在处理 CID: 5311181
2025-08-31 12:19:05 [pubchem] INFO: 正在处理 CID: 46174092
2025-08-31 12:19:05 [pubchem] INFO: 正在处理 CID: 60947
2025-08-31 12:19:05 [pubchem] INFO: 正在处理 CID: 60946
2025-08-31 12:19:05 [pubchem] INFO: 正在处理 CID: 6917951
2025-08-31 12:19:05 [pubchem] INFO: 正在处理 CID: 23663404
2025-08-31 12:19:05 [pubchem] INFO: 正在处理 CID: 6918140
2025-08-31 12:19:05 [pubchem] INFO: 正在处理 CID: 11179459
2025-08-31 12:19:05 [pubchem] INFO: 正在处理 CID: 23663413
2025-08-31 12:19:05 [pubchem] INFO: 正在处理 CID: 91617675
2025-08-31 12:19:05 [pubchem] INFO: 正在处理 CID: 156104640
2025-08-31 12:19:05 [pubchem] INFO: 正在处理 CID: 9854012
2025-08-31 12:19:05 [pubchem] INFO: 正在处理 CID: 10260031
2025-08-31 12:19:05 [pubchem] INFO: 正在处理 CID: 5160
2025-08-31 12:19:05 [pubchem] INFO: 正在处理 CID: 444005
2025-08-31 12:19:05 [pubchem] INFO: 正在处理 CID: 10077130
2025-08-31 12:19:05 [pubchem] INFO: 正在处理 CID: 10077129
2025-08-31 12:19:05 [pubchem] INFO: 正在处理 CID: 5282440
2025-08-31 12:19:05 [pubchem] INFO: 正在处理 CID: 5282439
2025-08-31 12:19:05 [pubchem] INFO: 正在处理 CID: 23663942
2025-08-31 12:19:05 [pubchem] INFO: 正在处理 CID: 53555
2025-08-31 12:19:05 [pubchem] INFO: 正在处理 CID: 53000
2025-08-31 12:19:05 [pubchem] INFO: 正在处理 CID: 23663954
2025-08-31 12:19:05 [pubchem] INFO: 正在处理 CID: 55390
2025-08-31 12:19:05 [pubchem] INFO: 正在处理 CID: 5362391
2025-08-31 12:19:05 [pubchem] INFO: 正在处理 CID: 5531
2025-08-31 12:19:05 [pubchem] INFO: 正在处理 CID: 60606
2025-08-31 12:19:05 [pubchem] INFO: 正在处理 CID: 9847991
2025-08-31 12:19:05 [pubchem] INFO: 正在处理 CID: 115366
2025-08-31 12:19:05 [pubchem] INFO: 正在处理 CID: 9798860
2025-08-31 12:19:05 [pubchem] INFO: 正在处理 CID: 5472
2025-08-31 12:19:05 [pubchem] INFO: 正在处理 CID: 65335
2025-08-31 12:19:05 [pubchem] INFO: 正在处理 CID: 10158453
2025-08-31 12:19:05 [pubchem] INFO: 正在处理 CID: 71586929
2025-08-31 12:19:05 [pubchem] INFO: 正在处理 CID: 21975
2025-08-31 12:19:05 [pubchem] INFO: 正在处理 CID: 2754
2025-08-31 12:19:05 [pubchem] INFO: 正在处理 CID: 3108
2025-08-31 12:19:05 [pubchem] INFO: 正在处理 CID: 29088
2025-08-31 12:19:05 [pubchem] INFO: 正在处理 CID: 448812
2025-08-31 12:19:05 [pubchem] INFO: 正在处理 CID: 9831415
2025-08-31 12:19:05 [pubchem] INFO: 正在处理 CID: 107641
2025-08-31 12:19:05 [pubchem] INFO: 正在处理 CID: 47528
2025-08-31 12:19:05 [pubchem] INFO: 正在处理 CID: 4814
2025-08-31 12:19:05 [pubchem] INFO: 正在处理 CID: 9913767
2025-08-31 12:19:05 [pubchem] INFO: 正在处理 CID: 9871419
2025-08-31 12:19:05 [pubchem] INFO: 正在处理 CID: 9458
2025-08-31 12:19:05 [pubchem] INFO: 正在处理 CID: 4413
2025-08-31 12:19:05 [pubchem] INFO: 正在处理 CID: 5311180
2025-08-31 12:19:05 [pubchem] INFO: 正在处理 CID: 216210
2025-08-31 12:19:05 [pubchem] INFO: 正在处理 CID: 135565674
2025-08-31 12:19:05 [pubchem] INFO: 正在处理 CID: 135566083
2025-08-31 12:19:05 [pubchem] INFO: 正在处理 CID: 10280735
2025-08-31 12:19:05 [pubchem] INFO: 正在处理 CID: 25022378
2025-08-31 12:19:05 [pubchem] INFO: 正在处理 CID: 44610678
2025-08-31 12:19:05 [pubchem] INFO: 正在处理 CID: 10182969
2025-08-31 12:19:05 [pubchem] INFO: 正在处理 CID: 9875401
2025-08-31 12:19:05 [pubchem] INFO: 正在处理 CID: 2557
2025-08-31 12:19:05 [pubchem] INFO: 正在处理 CID: 135526608
2025-08-31 12:19:05 [pubchem] INFO: 正在处理 CID: 78323835
2025-08-31 12:19:05 [pubchem] INFO: 正在处理 CID: 636374
2025-08-31 12:19:05 [pubchem] INFO: 正在处理 CID: 443958
2025-08-31 12:19:05 [pubchem] INFO: 正在处理 CID: 54360
2025-08-31 12:19:05 [pubchem] INFO: 正在处理 CID: 44205240
2025-08-31 12:19:05 [pubchem] INFO: 正在处理 CID: 2313
2025-08-31 12:19:05 [pubchem] INFO: 正在处理 CID: 164521
2025-08-31 12:19:05 [pubchem] INFO: 正在处理 CID: 9782
2025-08-31 12:19:05 [pubchem] INFO: 正在处理 CID: 71470
2025-08-31 12:19:05 [pubchem] INFO: 正在处理 CID: 21800
2025-08-31 12:19:05 [pubchem] INFO: 正在处理 CID: 16533
2025-08-31 12:19:05 [pubchem] INFO: 正在处理 CID: 185460
2025-08-31 12:19:05 [pubchem] INFO: 正在处理 CID: 55182
2025-08-31 12:19:05 [pubchem] INFO: 正在处理 CID: 32798
2025-08-31 12:19:05 [pubchem] INFO: 正在处理 CID: 71386
2025-08-31 12:19:05 [pubchem] INFO: 正在处理 CID: 5745
2025-08-31 12:19:05 [pubchem] INFO: 正在处理 CID: 5284373
2025-08-31 12:19:05 [pubchem] INFO: 正在处理 CID: 50914062
2025-08-31 12:19:05 [pubchem] INFO: 正在处理 CID: 443972
2025-08-31 12:19:05 [pubchem] INFO: 正在处理 CID: 124087
2025-08-31 12:19:05 [pubchem] INFO: 正在处理 CID: 5743
2025-08-31 12:19:05 [pubchem] INFO: 正在处理 CID: 63049
2025-08-31 12:19:05 [pubchem] INFO: 正在处理 CID: 16961
2025-08-31 12:19:05 [pubchem] INFO: 正在处理 CID: 63047
2025-08-31 12:19:05 [pubchem] INFO: 正在处理 CID: 57855696
2025-08-31 12:19:05 [pubchem] INFO: 正在处理 CID: 71414
2025-08-31 12:19:05 [pubchem] INFO: 正在处理 CID: 91670
2025-08-31 12:19:05 [pubchem] INFO: 正在处理 CID: 443936
2025-08-31 12:19:05 [pubchem] INFO: 正在处理 CID: 3191
2025-08-31 12:19:05 [pubchem] INFO: 正在处理 CID: 5282485
2025-08-31 12:19:05 [pubchem] INFO: 正在处理 CID: 157313
2025-08-31 12:19:05 [pubchem] INFO: 正在处理 CID: 63002
2025-08-31 12:19:05 [pubchem] INFO: 正在处理 CID: 6215
2025-08-31 12:19:05 [pubchem] INFO: 正在处理 CID: 9642
2025-08-31 12:19:05 [pubchem] INFO: 正在处理 CID: 5754
2025-08-31 12:19:05 [pubchem] INFO: 正在处理 CID: 26133
2025-08-31 12:19:05 [pubchem] INFO: 正在处理 CID: 636398
2025-08-31 12:19:05 [pubchem] INFO: 正在处理 CID: 23694214
2025-08-31 12:19:05 [pubchem] INFO: 正在处理 CID: 25096
2025-08-31 12:19:05 [pubchem] INFO: 正在处理 CID: 3673
2025-08-31 12:19:05 [pubchem] INFO: 正在处理 CID: 9955977
2025-08-31 12:19:06 [pubchem] INFO: 正在处理 CID: 3957
2025-08-31 12:19:06 [pubchem] INFO: 正在处理 CID: 4066
2025-08-31 12:19:06 [pubchem] INFO: 正在处理 CID: 6741
2025-08-31 12:19:06 [pubchem] INFO: 正在处理 CID: 5877
2025-08-31 12:19:06 [pubchem] INFO: 正在处理 CID: 441336
2025-08-31 12:19:06 [pubchem] INFO: 正在处理 CID: 5282402
2025-08-31 12:19:06 [pubchem] INFO: 正在处理 CID: 4615
2025-08-31 12:19:06 [pubchem] INFO: 正在处理 CID: 23680518
2025-08-31 12:19:06 [pubchem] INFO: 正在处理 CID: 5284612
2025-08-31 12:19:06 [pubchem] INFO: 正在处理 CID: 38882
2025-08-31 12:19:06 [pubchem] INFO: 正在处理 CID: 71773
2025-08-31 12:19:06 [pubchem] INFO: 正在处理 CID: 5359
2025-08-31 12:19:06 [pubchem] INFO: 正在处理 CID: 445643
2025-08-31 12:19:06 [pubchem] INFO: 正在处理 CID: 5282230
2025-08-31 12:19:06 [pubchem] INFO: 正在处理 CID: 31307
2025-08-31 12:19:06 [pubchem] INFO: 正在处理 CID: 6436
2025-08-31 12:19:06 [pubchem] INFO: 正在处理 CID: 5632
2025-08-31 12:19:06 [pubchem] INFO: 正在处理 CID: 133053456
2025-08-31 12:19:06 [pubchem] INFO: 正在处理 CID: 1176
2025-08-31 12:19:06 [pubchem] INFO: 正在处理 CID: 2099
2025-08-31 12:19:06 [pubchem] INFO: 正在处理 CID: 60758
2025-08-31 12:19:06 [pubchem] INFO: 正在处理 CID: 6918107
2025-08-31 12:19:06 [pubchem] INFO: 正在处理 CID: 11360816
2025-08-31 12:19:06 [pubchem] INFO: 正在处理 CID: 4168
2025-08-31 12:19:06 [pubchem] INFO: 正在处理 CID: 23659
2025-08-31 12:19:06 [pubchem] INFO: 正在处理 CID: 23659
2025-08-31 12:19:06 [pubchem] INFO: 正在处理 CID: 4595
2025-08-31 12:19:06 [pubchem] INFO: 正在处理 CID: 59774
2025-08-31 12:19:06 [pubchem] INFO: 正在处理 CID: 5284566
2025-08-31 12:19:06 [pubchem] INFO: 正在处理 CID: 6918003
2025-08-31 12:19:06 [pubchem] INFO: 正在处理 CID: 656665
2025-08-31 12:19:06 [pubchem] INFO: 正在处理 CID: 656664
2025-08-31 12:19:06 [pubchem] INFO: 正在处理 CID: 3033818
2025-08-31 12:19:06 [pubchem] INFO: 正在处理 CID: 3033817
2025-08-31 12:19:06 [pubchem] INFO: 正在处理 CID: 6337614
2025-08-31 12:19:06 [pubchem] INFO: 正在处理 CID: 6918303
2025-08-31 12:19:06 [pubchem] INFO: 正在处理 CID: 9966051
2025-08-31 12:19:06 [pubchem] INFO: 正在处理 CID: 132233889
2025-08-31 12:19:06 [pubchem] INFO: 正在处理 CID: 56843850
2025-08-31 12:19:06 [pubchem] INFO: 正在处理 CID: 108000
2025-08-31 12:19:06 [pubchem] INFO: 正在处理 CID: 107999
2025-08-31 12:19:06 [pubchem] INFO: 正在处理 CID: 6918106
2025-08-31 12:19:06 [pubchem] INFO: 正在处理 CID: 53297471
2025-08-31 12:19:06 [pubchem] INFO: 正在处理 CID: 9878913
2025-08-31 12:19:06 [pubchem] INFO: 正在处理 CID: 24751582
2025-08-31 12:19:06 [pubchem] INFO: 正在处理 CID: 2264
2025-08-31 12:19:06 [pubchem] INFO: 正在处理 CID: 115000
2025-08-31 12:19:06 [pubchem] INFO: 正在处理 CID: 4205
2025-08-31 12:19:06 [pubchem] INFO: 正在处理 CID: 9882242
2025-08-31 12:19:06 [pubchem] INFO: 正在处理 CID: 59691
2025-08-31 12:19:06 [pubchem] INFO: 正在处理 CID: 11954360
2025-08-31 12:19:06 [pubchem] INFO: 正在处理 CID: 178038
2025-08-31 12:19:06 [pubchem] INFO: 正在处理 CID: 28693
2025-08-31 12:19:06 [pubchem] INFO: 正在处理 CID: 71342
2025-08-31 12:19:06 [pubchem] INFO: 正在处理 CID: 119574
2025-08-31 12:19:06 [pubchem] INFO: 正在处理 CID: 68599
2025-08-31 12:19:06 [pubchem] INFO: 正在处理 CID: 9928181
2025-08-31 12:19:06 [pubchem] INFO: 正在处理 CID: 177335
2025-08-31 12:19:06 [pubchem] INFO: 正在处理 CID: 9805251
2025-08-31 12:19:06 [pubchem] INFO: 正在处理 CID: 5288783
2025-08-31 12:19:06 [pubchem] INFO: 正在处理 CID: 5288783
2025-08-31 12:19:06 [pubchem] INFO: 正在处理 CID: 5283734
2025-08-31 12:19:06 [pubchem] INFO: 正在处理 CID: 9910819
2025-08-31 12:19:06 [pubchem] INFO: 正在处理 CID: 5282181
2025-08-31 12:19:06 [pubchem] INFO: 正在处理 CID: 5280453
2025-08-31 12:19:06 [pubchem] INFO: 正在处理 CID: 6918141
2025-08-31 12:19:06 [pubchem] INFO: 正在处理 CID: 5282190
2025-08-31 12:19:06 [pubchem] INFO: 正在处理 CID: 6398761
2025-08-31 12:19:06 [pubchem] INFO: 正在处理 CID: 5289547
2025-08-31 12:19:06 [pubchem] INFO: 正在处理 CID: 5283731
2025-08-31 12:19:06 [pubchem] INFO: 正在处理 CID: 5280795
2025-08-31 12:19:06 [pubchem] INFO: 正在处理 CID: 5311071
2025-08-31 12:19:06 [pubchem] INFO: 正在处理 CID: 5281107
2025-08-31 12:19:06 [pubchem] INFO: 正在处理 CID: 9955662
2025-08-31 12:19:06 [pubchem] INFO: 正在处理 CID: 5280793
2025-08-31 12:19:06 [pubchem] INFO: 正在处理 CID: 10672195
2025-08-31 12:19:06 [pubchem] INFO: 正在处理 CID: 5281104
2025-08-31 12:19:06 [pubchem] INFO: 正在处理 CID: 5283748
2025-08-31 12:19:06 [pubchem] INFO: 正在处理 CID: 9913924
2025-08-31 12:19:06 [pubchem] INFO: 正在处理 CID: 4771
2025-08-31 12:19:06 [pubchem] INFO: 正在处理 CID: 70969
2025-08-31 12:19:06 [pubchem] INFO: 正在处理 CID: 3337
2025-08-31 12:19:06 [pubchem] INFO: 正在处理 CID: 91452
2025-08-31 12:19:06 [pubchem] INFO: 正在处理 CID: 7029
2025-08-31 12:19:06 [pubchem] INFO: 正在处理 CID: 91442
2025-08-31 12:19:06 [pubchem] INFO: 正在处理 CID: 66265
2025-08-31 12:19:06 [pubchem] INFO: 正在处理 CID: 66264
2025-08-31 12:19:06 [pubchem] INFO: 正在处理 CID: 441457
2025-08-31 12:19:06 [pubchem] INFO: 正在处理 CID: 92920
2025-08-31 12:19:06 [pubchem] INFO: 正在处理 CID: 21777
2025-08-31 12:19:06 [pubchem] INFO: 正在处理 CID: 21776
2025-08-31 12:19:06 [pubchem] INFO: 正在处理 CID: 5210
2025-08-31 12:19:06 [pubchem] INFO: 正在处理 CID: 64764
2025-08-31 12:19:06 [pubchem] INFO: 正在处理 CID: 2318
2025-08-31 12:19:06 [pubchem] INFO: 正在处理 CID: 198015
2025-08-31 12:19:06 [pubchem] INFO: 正在处理 CID: 61810
2025-08-31 12:19:06 [pubchem] INFO: 正在处理 CID: 161245
2025-08-31 12:19:06 [pubchem] INFO: 正在处理 CID: 30487
2025-08-31 12:19:06 [pubchem] INFO: 正在处理 CID: 6437591
2025-08-31 12:19:06 [pubchem] INFO: 正在处理 CID: 120608
2025-08-31 12:19:06 [pubchem] INFO: 正在处理 CID: 5311017
2025-08-31 12:19:06 [pubchem] INFO: 正在处理 CID: 11558159
2025-08-31 12:19:06 [pubchem] INFO: 正在处理 CID: 21759
2025-08-31 12:19:06 [pubchem] INFO: 正在处理 CID: 62065
2025-08-31 12:19:06 [pubchem] INFO: 正在处理 CID: 65477
2025-08-31 12:19:06 [pubchem] INFO: 正在处理 CID: 71675
2025-08-31 12:19:06 [pubchem] INFO: 正在处理 CID: 66361
2025-08-31 12:19:06 [pubchem] INFO: 正在处理 CID: 9982
2025-08-31 12:19:06 [pubchem] INFO: 正在处理 CID: 27139
2025-08-31 12:19:06 [pubchem] INFO: 正在处理 CID: 68638
2025-08-31 12:19:06 [pubchem] INFO: 正在处理 CID: 92159
2025-08-31 12:19:06 [pubchem] INFO: 正在处理 CID: 158793
2025-08-31 12:19:06 [pubchem] INFO: 正在处理 CID: 10052040
2025-08-31 12:19:06 [pubchem] INFO: 正在处理 CID: 16223963
2025-08-31 12:19:06 [pubchem] INFO: 正在处理 CID: 46926368
2025-08-31 12:19:06 [pubchem] INFO: 正在处理 CID: 9826744
2025-08-31 12:19:06 [pubchem] INFO: 正在处理 CID: 104850
2025-08-31 12:19:06 [pubchem] INFO: 正在处理 CID: 11226090
2025-08-31 12:19:06 [pubchem] INFO: 正在处理 CID: 16630
2025-08-31 12:19:06 [pubchem] INFO: 正在处理 CID: 19752
2025-08-31 12:19:06 [pubchem] INFO: 正在处理 CID: 36983
2025-08-31 12:19:06 [pubchem] INFO: 正在处理 CID: 24100
2025-08-31 12:19:06 [pubchem] INFO: 正在处理 CID: 4020
2025-08-31 12:19:06 [pubchem] INFO: 正在处理 CID: 3151
2025-08-31 12:19:06 [pubchem] INFO: 正在处理 CID: 6604595
2025-08-31 12:19:06 [pubchem] INFO: 正在处理 CID: 4595
2025-08-31 12:19:06 [pubchem] INFO: 正在处理 CID: 59774
2025-08-31 12:19:06 [pubchem] INFO: 正在处理 CID: 5284566
2025-08-31 12:19:06 [pubchem] INFO: 正在处理 CID: 6918003
2025-08-31 12:19:06 [pubchem] INFO: 正在处理 CID: 656665
2025-08-31 12:19:06 [pubchem] INFO: 正在处理 CID: 656664
2025-08-31 12:19:06 [pubchem] INFO: 正在处理 CID: 3033818
2025-08-31 12:19:06 [pubchem] INFO: 正在处理 CID: 3033817
2025-08-31 12:19:06 [pubchem] INFO: 正在处理 CID: 6337614
2025-08-31 12:19:06 [pubchem] INFO: 正在处理 CID: 6918303
2025-08-31 12:19:06 [pubchem] INFO: 正在处理 CID: 3000322
2025-08-31 12:19:06 [pubchem] INFO: 正在处理 CID: 6603108
2025-08-31 12:19:06 [pubchem] INFO: 正在处理 CID: 135413536
2025-08-31 12:19:06 [pubchem] INFO: 正在处理 CID: 135413538
2025-08-31 12:19:06 [pubchem] INFO: 正在处理 CID: 135564864
2025-08-31 12:19:06 [pubchem] INFO: 正在处理 CID: 108000
2025-08-31 12:19:06 [pubchem] INFO: 正在处理 CID: 107999
2025-08-31 12:19:06 [pubchem] INFO: 正在处理 CID: 6918106
2025-08-31 12:19:06 [pubchem] INFO: 正在处理 CID: 53297471
2025-08-31 12:19:06 [pubchem] INFO: 正在处理 CID: 2264
2025-08-31 12:19:06 [pubchem] INFO: 正在处理 CID: 115000
2025-08-31 12:19:06 [pubchem] INFO: 正在处理 CID: 4168
2025-08-31 12:19:06 [pubchem] INFO: 正在处理 CID: 23659
2025-08-31 12:19:06 [pubchem] INFO: 正在处理 CID: 23659
2025-08-31 12:19:06 [pubchem] INFO: 正在处理 CID: 135413504
2025-08-31 12:19:06 [pubchem] INFO: 正在处理 CID: 135497066
2025-08-31 12:19:06 [pubchem] INFO: 正在处理 CID: 2780
2025-08-31 12:19:06 [pubchem] INFO: 正在处理 CID: 14178874
2025-08-31 12:19:06 [pubchem] INFO: 正在处理 CID: 68867
2025-08-31 12:19:06 [pubchem] INFO: 正在处理 CID: 6917844
2025-08-31 12:19:06 [pubchem] INFO: 正在处理 CID: 5577
2025-08-31 12:19:06 [pubchem] INFO: 正在处理 CID: 68385
2025-08-31 12:19:06 [pubchem] INFO: 正在处理 CID: 59691
2025-08-31 12:19:06 [pubchem] INFO: 正在处理 CID: 2446
2025-08-31 12:19:06 [pubchem] INFO: 正在处理 CID: 11954360
2025-08-31 12:19:06 [pubchem] INFO: 正在处理 CID: 71342
2025-08-31 12:19:06 [pubchem] INFO: 正在处理 CID: 119574
2025-08-31 12:19:06 [pubchem] INFO: 正在处理 CID: 9928181
2025-08-31 12:19:06 [pubchem] INFO: 正在处理 CID: 10311306
2025-08-31 12:19:06 [pubchem] INFO: 正在处理 CID: 16203739
2025-08-31 12:19:06 [pubchem] INFO: 正在处理 CID: 71544786
2025-08-31 12:19:06 [pubchem] INFO: 正在处理 CID: 86764535
2025-08-31 12:19:06 [pubchem] INFO: 正在处理 CID: 6451149
2025-08-31 12:19:06 [pubchem] INFO: 正在处理 CID: 671690
2025-08-31 12:19:06 [pubchem] INFO: 正在处理 CID: 11686295
2025-08-31 12:19:06 [pubchem] INFO: 正在处理 CID: 165565
2025-08-31 12:19:06 [pubchem] INFO: 正在处理 CID: 5977
2025-08-31 12:19:06 [pubchem] INFO: 正在处理 CID: 16078
2025-08-31 12:19:06 [pubchem] INFO: 正在处理 CID: 180494
2025-08-31 12:19:06 [pubchem] INFO: 正在处理 CID: 71758
2025-08-31 12:19:06 [pubchem] INFO: 正在处理 CID: 172315
2025-08-31 12:19:06 [pubchem] INFO: 正在处理 CID: 178038
2025-08-31 12:19:06 [pubchem] INFO: 正在处理 CID: 3037237
2025-08-31 12:19:06 [pubchem] INFO: 正在处理 CID: 26388
2025-08-31 12:19:06 [pubchem] INFO: 正在处理 CID: 5284592
2025-08-31 12:19:06 [pubchem] INFO: 正在处理 CID: 6761
2025-08-31 12:19:06 [pubchem] INFO: 正在处理 CID: 4168
2025-08-31 12:19:06 [pubchem] INFO: 正在处理 CID: 23659
2025-08-31 12:19:06 [pubchem] INFO: 正在处理 CID: 23659
2025-08-31 12:19:06 [pubchem] INFO: 正在处理 CID: 6917698
2025-08-31 12:19:06 [pubchem] INFO: 正在处理 CID: 6917698
2025-08-31 12:19:06 [pubchem] INFO: 正在处理 CID: 3151
2025-08-31 12:19:06 [pubchem] INFO: 正在处理 CID: 6604595
2025-08-31 12:19:06 [pubchem] INFO: 正在处理 CID: 135413504
2025-08-31 12:19:06 [pubchem] INFO: 正在处理 CID: 135497066
2025-08-31 12:19:06 [pubchem] INFO: 正在处理 CID: 2780
2025-08-31 12:19:06 [pubchem] INFO: 正在处理 CID: 14178874
2025-08-31 12:19:06 [pubchem] INFO: 正在处理 CID: 119584
2025-08-31 12:19:06 [pubchem] INFO: 正在处理 CID: 6918047
2025-08-31 12:19:06 [pubchem] INFO: 正在处理 CID: 11237985
2025-08-31 12:19:06 [pubchem] INFO: 正在处理 CID: 49843901
2025-08-31 12:19:06 [pubchem] INFO: 正在处理 CID: 3792
2025-08-31 12:19:06 [pubchem] INFO: 正在处理 CID: 129791
2025-08-31 12:19:06 [pubchem] INFO: 正在处理 CID: 68867
2025-08-31 12:19:06 [pubchem] INFO: 正在处理 CID: 6917844
2025-08-31 12:19:06 [pubchem] INFO: 正在处理 CID: 2446
2025-08-31 12:19:06 [pubchem] INFO: 正在处理 CID: 11954360
2025-08-31 12:19:06 [pubchem] INFO: 正在处理 CID: 11961293
2025-08-31 12:19:06 [pubchem] INFO: 正在处理 CID: 71342
2025-08-31 12:19:06 [pubchem] INFO: 正在处理 CID: 119574
2025-08-31 12:19:06 [pubchem] INFO: 正在处理 CID: 9928181
2025-08-31 12:19:06 [pubchem] INFO: 正在处理 CID: 8269
2025-08-31 12:19:06 [pubchem] INFO: 正在处理 CID: 31315
2025-08-31 12:19:06 [pubchem] INFO: 正在处理 CID: 2391
2025-08-31 12:19:06 [pubchem] INFO: 正在处理 CID: 91663249
2025-08-31 12:19:06 [pubchem] INFO: 正在处理 CID: 4764
2025-08-31 12:19:06 [pubchem] INFO: 正在处理 CID: 68654
2025-08-31 12:19:06 [pubchem] INFO: 正在处理 CID: 68654
2025-08-31 12:19:06 [pubchem] INFO: 正在处理 CID: 24436
2025-08-31 12:19:06 [pubchem] INFO: 正在处理 CID: 56959087
2025-08-31 12:19:06 [pubchem] INFO: 正在处理 CID: 56959086
2025-08-31 12:19:06 [pubchem] INFO: 正在处理 CID: 16158208
2025-08-31 12:19:06 [pubchem] INFO: 正在处理 CID: 16158207
2025-08-31 12:19:06 [pubchem] INFO: 正在处理 CID: 3052762
2025-08-31 12:19:06 [pubchem] INFO: 正在处理 CID: 9870009
2025-08-31 12:19:06 [pubchem] INFO: 正在处理 CID: 54732242
2025-08-31 12:19:06 [pubchem] INFO: 正在处理 CID: 56837137
2025-08-31 12:19:06 [pubchem] INFO: 正在处理 CID: 24748
2025-08-31 12:19:06 [pubchem] INFO: 正在处理 CID: 5488548
2025-08-31 12:19:06 [pubchem] INFO: 正在处理 CID: 2950
2025-08-31 12:19:06 [pubchem] INFO: 正在处理 CID: 753
2025-08-31 12:19:06 [pubchem] INFO: 正在处理 CID: 11333
2025-08-31 12:19:06 [pubchem] INFO: 正在处理 CID: 157920
2025-08-31 12:19:06 [pubchem] INFO: 正在处理 CID: 11029
2025-08-31 12:19:06 [pubchem] INFO: 正在处理 CID: 14792
2025-08-31 12:19:06 [pubchem] INFO: 正在处理 CID: 24083
2025-08-31 12:19:06 [pubchem] INFO: 正在处理 CID: 51063134
2025-08-31 12:19:06 [pubchem] INFO: 正在处理 CID: 5361917
2025-08-31 12:19:06 [pubchem] INFO: 正在处理 CID: 6518
2025-08-31 12:19:06 [pubchem] INFO: 正在处理 CID: 5199
2025-08-31 12:19:06 [pubchem] INFO: 正在处理 CID: 10133
2025-08-31 12:19:06 [pubchem] INFO: 正在处理 CID: 221493
2025-08-31 12:19:06 [pubchem] INFO: 正在处理 CID: 6674
2025-08-31 12:19:06 [pubchem] INFO: 正在处理 CID: 447715
2025-08-31 12:19:06 [pubchem] INFO: 正在处理 CID: 31401
2025-08-31 12:19:06 [pubchem] INFO: 正在处理 CID: 4848
2025-08-31 12:19:06 [pubchem] INFO: 正在处理 CID: 71405
2025-08-31 12:19:06 [pubchem] INFO: 正在处理 CID: 11954384
2025-08-31 12:19:06 [pubchem] INFO: 正在处理 CID: 4839
2025-08-31 12:19:06 [pubchem] INFO: 正在处理 CID: 8520
2025-08-31 12:19:06 [pubchem] INFO: 正在处理 CID: 4934
2025-08-31 12:19:06 [pubchem] INFO: 正在处理 CID: 9279
2025-08-31 12:19:06 [pubchem] INFO: 正在处理 CID: 160243
2025-08-31 12:19:06 [pubchem] INFO: 正在处理 CID: 11954250
2025-08-31 12:19:06 [pubchem] INFO: 正在处理 CID: 84105
2025-08-31 12:19:06 [pubchem] INFO: 正在处理 CID: 4621
2025-08-31 12:19:06 [pubchem] INFO: 正在处理 CID: 3515
2025-08-31 12:19:06 [pubchem] INFO: 正在处理 CID: 23669592
2025-08-31 12:19:06 [pubchem] INFO: 正在处理 CID: 23665552
2025-08-31 12:19:06 [pubchem] INFO: 正在处理 CID: 2756
2025-08-31 12:19:06 [pubchem] INFO: 正在处理 CID: 50963
2025-08-31 12:19:06 [pubchem] INFO: 正在处理 CID: 3001055
2025-08-31 12:19:06 [pubchem] INFO: 正在处理 CID: 3033887
2025-08-31 12:19:06 [pubchem] INFO: 正在处理 CID: 3033332
2025-08-31 12:19:06 [pubchem] INFO: 正在处理 CID: 91276
2025-08-31 12:19:06 [pubchem] INFO: 正在处理 CID: 5105
2025-08-31 12:19:06 [pubchem] INFO: 正在处理 CID: 56704
2025-08-31 12:19:06 [pubchem] INFO: 正在处理 CID: 162998
2025-08-31 12:19:06 [pubchem] INFO: 正在处理 CID: 13186930
2025-08-31 12:19:06 [pubchem] INFO: 正在处理 CID: 129319
2025-08-31 12:19:06 [pubchem] INFO: 正在处理 CID: 6917961
2025-08-31 12:19:06 [pubchem] INFO: 正在处理 CID: 135413502
2025-08-31 12:19:06 [pubchem] INFO: 正在处理 CID: 5702160
2025-08-31 12:19:06 [pubchem] INFO: 正在处理 CID: 72108
2025-08-31 12:19:06 [pubchem] INFO: 正在处理 CID: 5282136
2025-08-31 12:19:06 [pubchem] INFO: 正在处理 CID: 55472
2025-08-31 12:19:06 [pubchem] INFO: 正在处理 CID: 6321389
2025-08-31 12:19:06 [pubchem] INFO: 正在处理 CID: 1548992
2025-08-31 12:19:06 [pubchem] INFO: 正在处理 CID: 66753191
2025-08-31 12:19:06 [pubchem] INFO: 正在处理 CID: 3033637
2025-08-31 12:19:06 [pubchem] INFO: 正在处理 CID: 132303
2025-08-31 12:19:06 [pubchem] INFO: 正在处理 CID: 5282449
2025-08-31 12:19:06 [pubchem] INFO: 正在处理 CID: 71763
2025-08-31 12:19:06 [pubchem] INFO: 正在处理 CID: 50287
2025-08-31 12:19:06 [pubchem] INFO: 正在处理 CID: 13676604
2025-08-31 12:19:06 [pubchem] INFO: 正在处理 CID: 4594
2025-08-31 12:19:06 [pubchem] INFO: 正在处理 CID: 130564
2025-08-31 12:19:06 [pubchem] INFO: 正在处理 CID: 10959536
2025-08-31 12:19:06 [pubchem] INFO: 正在处理 CID: 4679
2025-08-31 12:19:06 [pubchem] INFO: 正在处理 CID: 15008962
2025-08-31 12:19:06 [pubchem] INFO: 正在处理 CID: 5029
2025-08-31 12:19:06 [pubchem] INFO: 正在处理 CID: 14720269
2025-08-31 12:19:06 [pubchem] INFO: 正在处理 CID: 9568614
2025-08-31 12:19:06 [pubchem] INFO: 正在处理 CID: 9568613
2025-08-31 12:19:06 [pubchem] INFO: 正在处理 CID: 17747012
2025-08-31 12:19:06 [pubchem] INFO: 正在处理 CID: 23672364
2025-08-31 12:19:06 [pubchem] INFO: 正在处理 CID: 23674541
2025-08-31 12:19:06 [pubchem] INFO: 正在处理 CID: 16048656
2025-08-31 12:19:06 [pubchem] INFO: 正在处理 CID: 15981397
2025-08-31 12:19:06 [pubchem] INFO: 正在处理 CID: 45375887
2025-08-31 12:19:06 [pubchem] INFO: 正在处理 CID: 9578005
2025-08-31 12:19:06 [pubchem] INFO: 正在处理 CID: 71587692
2025-08-31 12:19:06 [pubchem] INFO: 正在处理 CID: 122662112
2025-08-31 12:19:06 [pubchem] INFO: 正在处理 CID: 214351
2025-08-31 12:19:06 [pubchem] INFO: 正在处理 CID: 65881
2025-08-31 12:19:06 [pubchem] INFO: 正在处理 CID: 71587594
2025-08-31 12:19:06 [pubchem] INFO: 正在处理 CID: 71223
2025-08-31 12:19:06 [pubchem] INFO: 正在处理 CID: 204103
2025-08-31 12:19:06 [pubchem] INFO: 正在处理 CID: 23582846
2025-08-31 12:19:06 [pubchem] INFO: 正在处理 CID: 636411
2025-08-31 12:19:06 [pubchem] INFO: 正在处理 CID: 72171
2025-08-31 12:19:06 [pubchem] INFO: 正在处理 CID: 56841952
2025-08-31 12:19:06 [pubchem] INFO: 正在处理 CID: 22721319
2025-08-31 12:19:06 [pubchem] INFO: 正在处理 CID: 10176082
2025-08-31 12:19:06 [pubchem] INFO: 正在处理 CID: 64655
2025-08-31 12:19:06 [pubchem] INFO: 正在处理 CID: 16683036
2025-08-31 12:19:06 [pubchem] INFO: 正在处理 CID: 9793815
2025-08-31 12:19:06 [pubchem] INFO: 正在处理 CID: 72941442
2025-08-31 12:19:06 [pubchem] INFO: 正在处理 CID: 5311266
2025-08-31 12:19:06 [pubchem] INFO: 正在处理 CID: 71586950
2025-08-31 12:19:06 [pubchem] INFO: 正在处理 CID: 71749
2025-08-31 12:19:06 [pubchem] INFO: 正在处理 CID: 156054
2025-08-31 12:19:06 [pubchem] INFO: 正在处理 CID: 10353966
2025-08-31 12:19:06 [pubchem] INFO: 正在处理 CID: 155491311
2025-08-31 12:19:06 [pubchem] INFO: 正在处理 CID: 13135
2025-08-31 12:19:06 [pubchem] INFO: 正在处理 CID: 10101269
2025-08-31 12:19:06 [pubchem] INFO: 正在处理 CID: 16682734
2025-08-31 12:19:06 [pubchem] INFO: 正在处理 CID: 10112
2025-08-31 12:19:06 [pubchem] INFO: 正在处理 CID: 14941
2025-08-31 12:19:06 [pubchem] INFO: 正在处理 CID: 118984410
2025-08-31 12:19:06 [pubchem] INFO: 正在处理 CID: 73415812
2025-08-31 12:19:06 [pubchem] INFO: 正在处理 CID: 122706784
2025-08-31 12:19:06 [pubchem] INFO: 正在处理 CID: 11029
2025-08-31 12:19:06 [pubchem] INFO: 正在处理 CID: 73981
2025-08-31 12:19:06 [pubchem] INFO: 正在处理 CID: 14792
2025-08-31 12:19:06 [pubchem] INFO: 正在处理 CID: 24439
2025-08-31 12:19:06 [pubchem] INFO: 正在处理 CID: 122706883
2025-08-31 12:19:06 [pubchem] INFO: 正在处理 CID: 56841623
2025-08-31 12:19:06 [pubchem] INFO: 正在处理 CID: 516892
2025-08-31 12:19:06 [pubchem] INFO: 正在处理 CID: 121494085
2025-08-31 12:19:06 [pubchem] INFO: 正在处理 CID: 121494085
2025-08-31 12:19:06 [pubchem] INFO: 正在处理 CID: 91886355
2025-08-31 12:19:06 [pubchem] INFO: 正在处理 CID: 5102882
2025-08-31 12:19:06 [pubchem] INFO: 正在处理 CID: 65781
2025-08-31 12:19:06 [pubchem] INFO: 正在处理 CID: 24892838
2025-08-31 12:19:06 [pubchem] INFO: 正在处理 CID: 2680
2025-08-31 12:19:06 [pubchem] INFO: 正在处理 CID: 34001
2025-08-31 12:19:06 [pubchem] INFO: 正在处理 CID: 3752
2025-08-31 12:19:06 [pubchem] INFO: 正在处理 CID: 5282435
2025-08-31 12:19:06 [pubchem] INFO: 正在处理 CID: 2316
2025-08-31 12:19:06 [pubchem] INFO: 正在处理 CID: 16683101
2025-08-31 12:19:06 [pubchem] INFO: 正在处理 CID: 11954341
2025-08-31 12:19:06 [pubchem] INFO: 正在处理 CID: 5282182
2025-08-31 12:19:06 [pubchem] INFO: 正在处理 CID: 5961
2025-08-31 12:19:06 [pubchem] INFO: 正在处理 CID: 16217806
2025-08-31 12:19:06 [pubchem] INFO: 正在处理 CID: 51051629
2025-08-31 12:19:06 [pubchem] INFO: 正在处理 CID: 5042
2025-08-31 12:19:06 [pubchem] INFO: 正在处理 CID: 23665552
2025-08-31 12:19:06 [pubchem] INFO: 正在处理 CID: 5282219
2025-08-31 12:19:06 [pubchem] INFO: 正在处理 CID: 5282199
2025-08-31 12:19:06 [pubchem] INFO: 正在处理 CID: 5597
2025-08-31 12:19:06 [pubchem] INFO: 正在处理 CID: 656592
2025-08-31 12:19:06 [pubchem] INFO: 正在处理 CID: 9978336
2025-08-31 12:19:06 [pubchem] INFO: 正在处理 CID: 5282381
2025-08-31 12:19:06 [pubchem] INFO: 正在处理 CID: 5282205
2025-08-31 12:19:06 [pubchem] INFO: 正在处理 CID: 168884
2025-08-31 12:19:06 [pubchem] INFO: 正在处理 CID: 5282197
2025-08-31 12:19:06 [pubchem] INFO: 正在处理 CID: 20749
2025-08-31 12:19:06 [pubchem] INFO: 正在处理 CID: 4922
2025-08-31 12:19:06 [pubchem] INFO: 正在处理 CID: 6852391
2025-08-31 12:19:06 [pubchem] INFO: 正在处理 CID: 72159
2025-08-31 12:19:06 [pubchem] INFO: 正在处理 CID: 5360315
2025-08-31 12:19:06 [pubchem] INFO: 正在处理 CID: 5360315
2025-08-31 12:19:06 [pubchem] INFO: 正在处理 CID: 72941442
2025-08-31 12:19:06 [pubchem] INFO: 正在处理 CID: 5311266
2025-08-31 12:19:06 [pubchem] INFO: 正在处理 CID: 11029
2025-08-31 12:19:06 [pubchem] INFO: 正在处理 CID: 6099959
2025-08-31 12:19:06 [pubchem] INFO: 正在处理 CID: 11418570
2025-08-31 12:19:06 [pubchem] INFO: 正在处理 CID: 73981
2025-08-31 12:19:06 [pubchem] INFO: 正在处理 CID: 87869
2025-08-31 12:19:06 [pubchem] INFO: 正在处理 CID: 14792
2025-08-31 12:19:06 [pubchem] INFO: 正在处理 CID: 18601084
2025-08-31 12:19:06 [pubchem] INFO: 正在处理 CID: 24083
2025-08-31 12:19:06 [pubchem] INFO: 正在处理 CID: 24441
2025-08-31 12:19:06 [pubchem] INFO: 正在处理 CID: 104805
2025-08-31 12:19:06 [pubchem] INFO: 正在处理 CID: 14781
2025-08-31 12:19:06 [pubchem] INFO: 正在处理 CID: 24441
2025-08-31 12:19:06 [pubchem] INFO: 正在处理 CID: 24456
2025-08-31 12:19:06 [pubchem] INFO: 正在处理 CID: 9290
2025-08-31 12:19:06 [pubchem] INFO: 正在处理 CID: 9290
2025-08-31 12:19:06 [pubchem] INFO: 正在处理 CID: 13144
2025-08-31 12:19:06 [pubchem] INFO: 正在处理 CID: 90472483
2025-08-31 12:19:06 [pubchem] INFO: 正在处理 CID: 5284359
2025-08-31 12:19:06 [pubchem] INFO: 正在处理 CID: 5284359
2025-08-31 12:19:06 [pubchem] INFO: 正在处理 CID: 6116
2025-08-31 12:19:06 [pubchem] INFO: 正在处理 CID: 6116
2025-08-31 12:19:06 [pubchem] INFO: 正在处理 CID: 62859
2025-08-31 12:19:06 [pubchem] INFO: 正在处理 CID: 23664054
2025-08-31 12:19:06 [pubchem] INFO: 正在处理 CID: 10112
2025-08-31 12:19:06 [pubchem] INFO: 正在处理 CID: 13136
2025-08-31 12:19:06 [pubchem] INFO: 正在处理 CID: 25557
2025-08-31 12:19:06 [pubchem] INFO: 正在处理 CID: 71587766
2025-08-31 12:19:06 [pubchem] INFO: 正在处理 CID: 14941
2025-08-31 12:19:06 [pubchem] INFO: 正在处理 CID: 517044
2025-08-31 12:19:06 [pubchem] INFO: 正在处理 CID: 516893
2025-08-31 12:19:06 [pubchem] INFO: 正在处理 CID: 4873
2025-08-31 12:19:06 [pubchem] INFO: 正在处理 CID: 16760467
2025-08-31 12:19:06 [pubchem] INFO: 正在处理 CID: 23672742
2025-08-31 12:19:06 [pubchem] INFO: 正在处理 CID: 638793
2025-08-31 12:19:06 [pubchem] INFO: 正在处理 CID: 11980076
2025-08-31 12:19:06 [pubchem] INFO: 正在处理 CID: 36523
2025-08-31 12:19:06 [pubchem] INFO: 正在处理 CID: 23624131
2025-08-31 12:19:06 [pubchem] INFO: 正在处理 CID: 25077405
2025-08-31 12:19:06 [pubchem] INFO: 正在处理 CID: 25079036
2025-08-31 12:19:06 [pubchem] INFO: 正在处理 CID: 50225
2025-08-31 12:19:06 [pubchem] INFO: 正在处理 CID: 50224
2025-08-31 12:19:06 [pubchem] INFO: 正在处理 CID: 657180
2025-08-31 12:19:06 [pubchem] INFO: 正在处理 CID: 73456806
2025-08-31 12:19:06 [pubchem] INFO: 正在处理 CID: 5311128
2025-08-31 12:19:06 [pubchem] INFO: 正在处理 CID: 16052011
2025-08-31 12:19:06 [pubchem] INFO: 正在处理 CID: 25074470
2025-08-31 12:19:06 [pubchem] INFO: 正在处理 CID: 25080282
2025-08-31 12:19:06 [pubchem] INFO: 正在处理 CID: 25074469
2025-08-31 12:19:06 [pubchem] INFO: 正在处理 CID: 56927879
2025-08-31 12:19:06 [pubchem] INFO: 正在处理 CID: 188304
2025-08-31 12:19:06 [pubchem] INFO: 正在处理 CID: 23724907
2025-08-31 12:19:06 [pubchem] INFO: 正在处理 CID: 25077495
2025-08-31 12:19:06 [pubchem] INFO: 正在处理 CID: 25077595
2025-08-31 12:19:06 [pubchem] INFO: 正在处理 CID: 5991
2025-08-31 12:19:06 [pubchem] INFO: 正在处理 CID: 68582
2025-08-31 12:19:06 [pubchem] INFO: 正在处理 CID: 5757
2025-08-31 12:19:06 [pubchem] INFO: 正在处理 CID: 66440
2025-08-31 12:19:06 [pubchem] INFO: 正在处理 CID: 9818306
2025-08-31 12:19:06 [pubchem] INFO: 正在处理 CID: 222757
2025-08-31 12:19:06 [pubchem] INFO: 正在处理 CID: 9403
2025-08-31 12:19:06 [pubchem] INFO: 正在处理 CID: 8225
2025-08-31 12:19:06 [pubchem] INFO: 正在处理 CID: 21070
2025-08-31 12:19:06 [pubchem] INFO: 正在处理 CID: 154274
2025-08-31 12:19:06 [pubchem] INFO: 正在处理 CID: 19135
2025-08-31 12:19:06 [pubchem] INFO: 正在处理 CID: 13791
2025-08-31 12:19:06 [pubchem] INFO: 正在处理 CID: 5756
2025-08-31 12:19:06 [pubchem] INFO: 正在处理 CID: 656637
2025-08-31 12:19:06 [pubchem] INFO: 正在处理 CID: 164538
2025-08-31 12:19:06 [pubchem] INFO: 正在处理 CID: 10577
2025-08-31 12:19:06 [pubchem] INFO: 正在处理 CID: 102232
2025-08-31 12:19:06 [pubchem] INFO: 正在处理 CID: 5870
2025-08-31 12:19:06 [pubchem] INFO: 正在处理 CID: 23667301
2025-08-31 12:19:06 [pubchem] INFO: 正在处理 CID: 5284555
2025-08-31 12:19:06 [pubchem] INFO: 正在处理 CID: 23676225
2025-08-31 12:19:06 [pubchem] INFO: 正在处理 CID: 448537
2025-08-31 12:19:06 [pubchem] INFO: 正在处理 CID: 3032325
2025-08-31 12:19:06 [pubchem] INFO: 正在处理 CID: 23681641
2025-08-31 12:19:06 [pubchem] INFO: 正在处理 CID: 10286159
2025-08-31 12:19:06 [pubchem] INFO: 正在处理 CID: 656954
2025-08-31 12:19:06 [pubchem] INFO: 正在处理 CID: 667476
2025-08-31 12:19:06 [pubchem] INFO: 正在处理 CID: 223368
2025-08-31 12:19:06 [pubchem] INFO: 正在处理 CID: 20055480
2025-08-31 12:19:06 [pubchem] INFO: 正在处理 CID: 5757
2025-08-31 12:19:06 [pubchem] INFO: 正在处理 CID: 6291
2025-08-31 12:19:06 [pubchem] INFO: 正在处理 CID: 3032492
2025-08-31 12:19:06 [pubchem] INFO: 正在处理 CID: 38346
2025-08-31 12:19:06 [pubchem] INFO: 正在处理 CID: 9883915
2025-08-31 12:19:06 [pubchem] INFO: 正在处理 CID: 9046
2025-08-31 12:19:06 [pubchem] INFO: 正在处理 CID: 444008
2025-08-31 12:19:06 [pubchem] INFO: 正在处理 CID: 448601
2025-08-31 12:19:06 [pubchem] INFO: 正在处理 CID: 155804637
2025-08-31 12:19:06 [pubchem] INFO: 正在处理 CID: 155804637
2025-08-31 12:19:06 [pubchem] INFO: 正在处理 CID: 91617941
2025-08-31 12:19:06 [pubchem] INFO: 正在处理 CID: 44194024
2025-08-31 12:19:06 [pubchem] INFO: 正在处理 CID: 6918026
2025-08-31 12:19:06 [pubchem] INFO: 正在处理 CID: 6918025
2025-08-31 12:19:06 [pubchem] INFO: 正在处理 CID: 9941444
2025-08-31 12:19:06 [pubchem] INFO: 正在处理 CID: 70788982
2025-08-31 12:19:06 [pubchem] INFO: 正在处理 CID: 11982961
2025-08-31 12:19:06 [pubchem] INFO: 正在处理 CID: 134168328
2025-08-31 12:19:06 [pubchem] INFO: 正在处理 CID: 139299805
2025-08-31 12:19:06 [pubchem] INFO: 正在处理 CID: 9898619
2025-08-31 12:19:06 [pubchem] INFO: 正在处理 CID: 71349
2025-08-31 12:19:06 [pubchem] INFO: 正在处理 CID: 72128
2025-08-31 12:19:06 [pubchem] INFO: 正在处理 CID: 16129706
2025-08-31 12:19:06 [pubchem] INFO: 正在处理 CID: 72941733
2025-08-31 12:19:06 [pubchem] INFO: 正在处理 CID: 6013
2025-08-31 12:19:06 [pubchem] INFO: 正在处理 CID: 441404
2025-08-31 12:19:06 [pubchem] INFO: 正在处理 CID: 155143
2025-08-31 12:19:06 [pubchem] INFO: 正在处理 CID: 9416
2025-08-31 12:19:06 [pubchem] INFO: 正在处理 CID: 68644
2025-08-31 12:19:06 [pubchem] INFO: 正在处理 CID: 9931194
2025-08-31 12:19:06 [pubchem] INFO: 正在处理 CID: 14743
2025-08-31 12:19:06 [pubchem] INFO: 正在处理 CID: 5995
2025-08-31 12:19:06 [pubchem] INFO: 正在处理 CID: 65157
2025-08-31 12:19:06 [pubchem] INFO: 正在处理 CID: 3037705
2025-08-31 12:19:06 [pubchem] INFO: 正在处理 CID: 252372
2025-08-31 12:19:06 [pubchem] INFO: 正在处理 CID: 248271
2025-08-31 12:19:06 [pubchem] INFO: 正在处理 CID: 5881
2025-08-31 12:19:06 [pubchem] INFO: 正在处理 CID: 23694217
2025-08-31 12:19:06 [pubchem] INFO: 正在处理 CID: 9904
2025-08-31 12:19:06 [pubchem] INFO: 正在处理 CID: 101905
2025-08-31 12:19:06 [pubchem] INFO: 正在处理 CID: 164526
2025-08-31 12:19:06 [pubchem] INFO: 正在处理 CID: 9677
2025-08-31 12:19:06 [pubchem] INFO: 正在处理 CID: 111318
2025-08-31 12:19:06 [pubchem] INFO: 正在处理 CID: 94371
2025-08-31 12:19:06 [pubchem] INFO: 正在处理 CID: 229455
2025-08-31 12:19:06 [pubchem] INFO: 正在处理 CID: 13308
2025-08-31 12:19:06 [pubchem] INFO: 正在处理 CID: 11954310
2025-08-31 12:19:06 [pubchem] INFO: 正在处理 CID: 229021
2025-08-31 12:19:06 [pubchem] INFO: 正在处理 CID: 107421
2025-08-31 12:19:06 [pubchem] INFO: 正在处理 CID: 25015
2025-08-31 12:19:06 [pubchem] INFO: 正在处理 CID: 66359
2025-08-31 12:19:06 [pubchem] INFO: 正在处理 CID: 68947
2025-08-31 12:19:06 [pubchem] INFO: 正在处理 CID: 13327
2025-08-31 12:19:06 [pubchem] INFO: 正在处理 CID: 10635
2025-08-31 12:19:06 [pubchem] INFO: 正在处理 CID: 443979
2025-08-31 12:19:06 [pubchem] INFO: 正在处理 CID: 102146
2025-08-31 12:19:06 [pubchem] INFO: 正在处理 CID: 11954311
2025-08-31 12:19:06 [pubchem] INFO: 正在处理 CID: 11954312
2025-08-31 12:19:06 [pubchem] INFO: 正在处理 CID: 13765
2025-08-31 12:19:06 [pubchem] INFO: 正在处理 CID: 10633
2025-08-31 12:19:06 [pubchem] INFO: 正在处理 CID: 6300
2025-08-31 12:19:06 [pubchem] INFO: 正在处理 CID: 66255
2025-08-31 12:19:06 [pubchem] INFO: 正在处理 CID: 5858
2025-08-31 12:19:06 [pubchem] INFO: 正在处理 CID: 68952
2025-08-31 12:19:06 [pubchem] INFO: 正在处理 CID: 5878
2025-08-31 12:19:06 [pubchem] INFO: 正在处理 CID: 5281034
2025-08-31 12:19:06 [pubchem] INFO: 正在处理 CID: 10360683
2025-08-31 12:19:06 [pubchem] INFO: 正在处理 CID: 25249
2025-08-31 12:19:06 [pubchem] INFO: 正在处理 CID: 10315500
2025-08-31 12:19:06 [pubchem] INFO: 正在处理 CID: 28417
2025-08-31 12:19:06 [pubchem] INFO: 正在处理 CID: 6446
2025-08-31 12:19:06 [pubchem] INFO: 正在处理 CID: 15020
2025-08-31 12:19:06 [pubchem] INFO: 正在处理 CID: 6010
2025-08-31 12:19:06 [pubchem] INFO: 正在处理 CID: 251636
2025-08-31 12:19:06 [pubchem] INFO: 正在处理 CID: 10006270
2025-08-31 12:19:06 [pubchem] INFO: 正在处理 CID: 68627
2025-08-31 12:19:06 [pubchem] INFO: 正在处理 CID: 2800
2025-08-31 12:19:06 [pubchem] INFO: 正在处理 CID: 60974
2025-08-31 12:19:06 [pubchem] INFO: 正在处理 CID: 2733526
2025-08-31 12:19:06 [pubchem] INFO: 正在处理 CID: 2733525
2025-08-31 12:19:06 [pubchem] INFO: 正在处理 CID: 3005573
2025-08-31 12:19:06 [pubchem] INFO: 正在处理 CID: 3005572
2025-08-31 12:19:06 [pubchem] INFO: 正在处理 CID: 3033767
2025-08-31 12:19:06 [pubchem] INFO: 正在处理 CID: 3033766
2025-08-31 12:19:06 [pubchem] INFO: 正在处理 CID: 5035
2025-08-31 12:19:06 [pubchem] INFO: 正在处理 CID: 54900
2025-08-31 12:19:06 [pubchem] INFO: 正在处理 CID: 24772103
2025-08-31 12:19:06 [pubchem] INFO: 正在处理 CID: 121410806
2025-08-31 12:19:06 [pubchem] INFO: 正在处理 CID: 146026191
2025-08-31 12:19:06 [pubchem] INFO: 正在处理 CID: 154256
2025-08-31 12:19:06 [pubchem] INFO: 正在处理 CID: 134453496
2025-08-31 12:19:06 [pubchem] INFO: 正在处理 CID: 9954033
2025-08-31 12:19:06 [pubchem] INFO: 正在处理 CID: 104741
2025-08-31 12:19:06 [pubchem] INFO: 正在处理 CID: 3081919
2025-08-31 12:19:06 [pubchem] INFO: 正在处理 CID: 9938031
2025-08-31 12:19:06 [pubchem] INFO: 正在处理 CID: 3036505
2025-08-31 12:19:06 [pubchem] INFO: 正在处理 CID: 23642301
2025-08-31 12:19:06 [pubchem] INFO: 正在处理 CID: 67479909
2025-08-31 12:19:06 [pubchem] INFO: 正在处理 CID: 155436
2025-08-31 12:19:06 [pubchem] INFO: 正在处理 CID: 449459
2025-08-31 12:19:06 [pubchem] INFO: 正在处理 CID: 179338
2025-08-31 12:19:06 [pubchem] INFO: 正在处理 CID: 2898
2025-08-31 12:19:06 [pubchem] INFO: 正在处理 CID: 3034011
2025-08-31 12:19:06 [pubchem] INFO: 正在处理 CID: 3034829
2025-08-31 12:19:06 [pubchem] INFO: 正在处理 CID: 15805
2025-08-31 12:19:06 [pubchem] INFO: 正在处理 CID: 3032492
2025-08-31 12:19:06 [pubchem] INFO: 正在处理 CID: 35805
2025-08-31 12:19:06 [pubchem] INFO: 正在处理 CID: 3089902
2025-08-31 12:19:06 [pubchem] INFO: 正在处理 CID: 175534
2025-08-31 12:19:06 [pubchem] INFO: 正在处理 CID: 50138
2025-08-31 12:19:06 [pubchem] INFO: 正在处理 CID: 1548955
2025-08-31 12:19:06 [pubchem] INFO: 正在处理 CID: 16132265
2025-08-31 12:19:06 [pubchem] INFO: 正在处理 CID: 16132264
2025-08-31 12:19:06 [pubchem] INFO: 正在处理 CID: 162420557
2025-08-31 12:19:06 [pubchem] INFO: 正在处理 CID: 16133802
2025-08-31 12:19:06 [pubchem] INFO: 正在处理 CID: 16162116
2025-08-31 12:19:06 [pubchem] INFO: 正在处理 CID: 72941539
2025-08-31 12:19:06 [pubchem] INFO: 正在处理 CID: 118984407
2025-08-31 12:19:06 [pubchem] INFO: 正在处理 CID: 16129682
2025-08-31 12:19:06 [pubchem] INFO: 正在处理 CID: 16129682
2025-08-31 12:19:06 [pubchem] INFO: 正在处理 CID: 145705876
2025-08-31 12:19:06 [pubchem] INFO: 正在处理 CID: 145705876
2025-08-31 12:19:06 [pubchem] INFO: 正在处理 CID: 172915634
2025-08-31 12:19:06 [pubchem] INFO: 正在处理 CID: 16131054
2025-08-31 12:19:06 [pubchem] INFO: 正在处理 CID: 6230
2025-08-31 12:19:06 [pubchem] INFO: 正在处理 CID: 5832
2025-08-31 12:19:06 [pubchem] INFO: 正在处理 CID: 229295
2025-08-31 12:19:06 [pubchem] INFO: 正在处理 CID: 19090
2025-08-31 12:19:06 [pubchem] INFO: 正在处理 CID: 11683
2025-08-31 12:19:06 [pubchem] INFO: 正在处理 CID: 10631
2025-08-31 12:19:06 [pubchem] INFO: 正在处理 CID: 6279
2025-08-31 12:19:06 [pubchem] INFO: 正在处理 CID: 6238
2025-08-31 12:19:06 [pubchem] INFO: 正在处理 CID: 941394
2025-08-31 12:19:06 [pubchem] INFO: 正在处理 CID: 169870
2025-08-31 12:19:06 [pubchem] INFO: 正在处理 CID: 68783
2025-08-31 12:19:06 [pubchem] INFO: 正在处理 CID: 91668
2025-08-31 12:19:06 [pubchem] INFO: 正在处理 CID: 5284533
2025-08-31 12:19:06 [pubchem] INFO: 正在处理 CID: 9324
2025-08-31 12:19:06 [pubchem] INFO: 正在处理 CID: 9270
2025-08-31 12:19:06 [pubchem] INFO: 正在处理 CID: 14687
2025-08-31 12:19:06 [pubchem] INFO: 正在处理 CID: 235905
2025-08-31 12:19:06 [pubchem] INFO: 正在处理 CID: 10041070
2025-08-31 12:19:06 [pubchem] INFO: 正在处理 CID: 28417
2025-08-31 12:19:06 [pubchem] INFO: 正在处理 CID: 93057
2025-08-31 12:19:06 [pubchem] INFO: 正在处理 CID: 40973
2025-08-31 12:19:06 [pubchem] INFO: 正在处理 CID: 68861
2025-08-31 12:19:06 [pubchem] INFO: 正在处理 CID: 6917715
2025-08-31 12:19:06 [pubchem] INFO: 正在处理 CID: 3033968
2025-08-31 12:19:06 [pubchem] INFO: 正在处理 CID: 443881
2025-08-31 12:19:06 [pubchem] INFO: 正在处理 CID: 13109
2025-08-31 12:19:06 [pubchem] INFO: 正在处理 CID: 5857
2025-08-31 12:19:06 [pubchem] INFO: 正在处理 CID: 9949848
2025-08-31 12:19:06 [pubchem] INFO: 正在处理 CID: 10408585
2025-08-31 12:19:06 [pubchem] INFO: 正在处理 CID: 6540478
2025-08-31 12:19:06 [pubchem] INFO: 正在处理 CID: 13109
2025-08-31 12:19:06 [pubchem] INFO: 正在处理 CID: 13313
2025-08-31 12:19:06 [pubchem] INFO: 正在处理 CID: 5994
2025-08-31 12:19:06 [pubchem] INFO: 正在处理 CID: 71906
2025-08-31 12:19:06 [pubchem] INFO: 正在处理 CID: 36709
2025-08-31 12:19:06 [pubchem] INFO: 正在处理 CID: 18142
2025-08-31 12:19:06 [pubchem] INFO: 正在处理 CID: 14153279
2025-08-31 12:19:06 [pubchem] INFO: 正在处理 CID: 6918548
2025-08-31 12:19:06 [pubchem] INFO: 正在处理 CID: 55245
2025-08-31 12:19:06 [pubchem] INFO: 正在处理 CID: 5311505
2025-08-31 12:19:06 [pubchem] INFO: 正在处理 CID: 9806190
2025-08-31 12:19:06 [pubchem] INFO: 正在处理 CID: 67532
2025-08-31 12:19:06 [pubchem] INFO: 正在处理 CID: 685814
2025-08-31 12:19:06 [pubchem] INFO: 正在处理 CID: 31072
2025-08-31 12:19:06 [pubchem] INFO: 正在处理 CID: 1349907
2025-08-31 12:19:06 [pubchem] INFO: 正在处理 CID: 667493
2025-08-31 12:19:06 [pubchem] INFO: 正在处理 CID: 516900
2025-08-31 12:19:06 [pubchem] INFO: 正在处理 CID: 657298
2025-08-31 12:19:06 [pubchem] INFO: 正在处理 CID: 5819
2025-08-31 12:19:06 [pubchem] INFO: 正在处理 CID: 23666112
2025-08-31 12:19:06 [pubchem] INFO: 正在处理 CID: 23666112
2025-08-31 12:19:06 [pubchem] INFO: 正在处理 CID: 5920
2025-08-31 12:19:06 [pubchem] INFO: 正在处理 CID: 71283
2025-08-31 12:19:06 [pubchem] INFO: 正在处理 CID: 23666110
2025-08-31 12:19:06 [pubchem] INFO: 正在处理 CID: 17995834
2025-08-31 12:19:06 [pubchem] INFO: 正在处理 CID: 5803
2025-08-31 12:19:06 [pubchem] INFO: 正在处理 CID: 71371
2025-08-31 12:19:06 [pubchem] INFO: 正在处理 CID: 15981237
2025-08-31 12:19:06 [pubchem] INFO: 正在处理 CID: 9862248
2025-08-31 12:19:06 [pubchem] INFO: 正在处理 CID: 5280723
2025-08-31 12:19:06 [pubchem] INFO: 正在处理 CID: 5282234
2025-08-31 12:19:06 [pubchem] INFO: 正在处理 CID: 6438378
2025-08-31 12:19:06 [pubchem] INFO: 正在处理 CID: 6436038
2025-08-31 12:19:06 [pubchem] INFO: 正在处理 CID: 5311035
2025-08-31 12:19:06 [pubchem] INFO: 正在处理 CID: 6917049
2025-08-31 12:19:06 [pubchem] INFO: 正在处理 CID: 5282237
2025-08-31 12:19:06 [pubchem] INFO: 正在处理 CID: 5282381
2025-08-31 12:19:06 [pubchem] INFO: 正在处理 CID: 5282205
2025-08-31 12:19:06 [pubchem] INFO: 正在处理 CID: 5311413
2025-08-31 12:19:06 [pubchem] INFO: 正在处理 CID: 5282411
2025-08-31 12:19:06 [pubchem] INFO: 正在处理 CID: 6364626
2025-08-31 12:19:06 [pubchem] INFO: 正在处理 CID: 5311181
2025-08-31 12:19:06 [pubchem] INFO: 正在处理 CID: 46174092
2025-08-31 12:19:06 [pubchem] INFO: 正在处理 CID: 6917951
2025-08-31 12:19:06 [pubchem] INFO: 正在处理 CID: 23663404
2025-08-31 12:19:06 [pubchem] INFO: 正在处理 CID: 6918140
2025-08-31 12:19:06 [pubchem] INFO: 正在处理 CID: 11179459
2025-08-31 12:19:06 [pubchem] INFO: 正在处理 CID: 23663413
2025-08-31 12:19:06 [pubchem] INFO: 正在处理 CID: 91617675
2025-08-31 12:19:06 [pubchem] INFO: 正在处理 CID: 156104640
2025-08-31 12:19:06 [pubchem] INFO: 正在处理 CID: 9853650
2025-08-31 12:19:06 [pubchem] INFO: 正在处理 CID: 6436040
2025-08-31 12:19:06 [pubchem] INFO: 正在处理 CID: 5282140
2025-08-31 12:19:06 [pubchem] INFO: 正在处理 CID: 5280360
2025-08-31 12:19:06 [pubchem] INFO: 正在处理 CID: 11954327
2025-08-31 12:19:06 [pubchem] INFO: 正在处理 CID: 9978336
2025-08-31 12:19:06 [pubchem] INFO: 正在处理 CID: 5312153
2025-08-31 12:19:06 [pubchem] INFO: 正在处理 CID: 5280363
2025-08-31 12:19:06 [pubchem] INFO: 正在处理 CID: 5282415
2025-08-31 12:19:06 [pubchem] INFO: 正在处理 CID: 5281075
2025-08-31 12:19:06 [pubchem] INFO: 正在处理 CID: 5283105
2025-08-31 12:19:06 [pubchem] INFO: 正在处理 CID: 5281074
2025-08-31 12:19:06 [pubchem] INFO: 正在处理 CID: 5282175
2025-08-31 12:19:06 [pubchem] INFO: 正在处理 CID: 5311236
2025-08-31 12:19:06 [pubchem] INFO: 正在处理 CID: 5311027
2025-08-31 12:19:06 [pubchem] INFO: 正在处理 CID: 44462739
2025-08-31 12:19:06 [pubchem] INFO: 正在处理 CID: 5311221
2025-08-31 12:19:06 [pubchem] INFO: 正在处理 CID: 11156438
2025-08-31 12:19:06 [pubchem] INFO: 正在处理 CID: 6917723
2025-08-31 12:19:06 [pubchem] INFO: 正在处理 CID: 50902259
2025-08-31 12:19:06 [pubchem] INFO: 正在处理 CID: 9868491
2025-08-31 12:19:06 [pubchem] INFO: 正在处理 CID: 6441899
2025-08-31 12:19:06 [pubchem] INFO: 正在处理 CID: 5282226
2025-08-31 12:19:06 [pubchem] INFO: 正在处理 CID: 5991
2025-08-31 12:19:06 [pubchem] INFO: 正在处理 CID: 68582
2025-08-31 12:19:06 [pubchem] INFO: 正在处理 CID: 5757
2025-08-31 12:19:06 [pubchem] INFO: 正在处理 CID: 66440
2025-08-31 12:19:06 [pubchem] INFO: 正在处理 CID: 9818306
2025-08-31 12:19:06 [pubchem] INFO: 正在处理 CID: 222757
2025-08-31 12:19:06 [pubchem] INFO: 正在处理 CID: 9403
2025-08-31 12:19:06 [pubchem] INFO: 正在处理 CID: 8225
2025-08-31 12:19:06 [pubchem] INFO: 正在处理 CID: 21070
2025-08-31 12:19:06 [pubchem] INFO: 正在处理 CID: 154274
2025-08-31 12:19:06 [pubchem] INFO: 正在处理 CID: 19135
2025-08-31 12:19:06 [pubchem] INFO: 正在处理 CID: 13791
2025-08-31 12:19:06 [pubchem] INFO: 正在处理 CID: 5756
2025-08-31 12:19:06 [pubchem] INFO: 正在处理 CID: 656637
2025-08-31 12:19:06 [pubchem] INFO: 正在处理 CID: 164538
2025-08-31 12:19:06 [pubchem] INFO: 正在处理 CID: 10577
2025-08-31 12:19:06 [pubchem] INFO: 正在处理 CID: 102232
2025-08-31 12:19:06 [pubchem] INFO: 正在处理 CID: 5870
2025-08-31 12:19:06 [pubchem] INFO: 正在处理 CID: 23667301
2025-08-31 12:19:06 [pubchem] INFO: 正在处理 CID: 5284555
2025-08-31 12:19:06 [pubchem] INFO: 正在处理 CID: 23676225
2025-08-31 12:19:06 [pubchem] INFO: 正在处理 CID: 11289
2025-08-31 12:19:06 [pubchem] INFO: 正在处理 CID: 223368
2025-08-31 12:19:06 [pubchem] INFO: 正在处理 CID: 20055480
2025-08-31 12:19:06 [pubchem] INFO: 正在处理 CID: 66360
2025-08-31 12:19:06 [pubchem] INFO: 正在处理 CID: 5757
2025-08-31 12:19:06 [pubchem] INFO: 正在处理 CID: 6291
2025-08-31 12:19:06 [pubchem] INFO: 正在处理 CID: 38346
2025-08-31 12:19:06 [pubchem] INFO: 正在处理 CID: 9883915
2025-08-31 12:19:06 [pubchem] INFO: 正在处理 CID: 9046
2025-08-31 12:19:06 [pubchem] INFO: 正在处理 CID: 444008
2025-08-31 12:19:06 [pubchem] INFO: 正在处理 CID: 6230
2025-08-31 12:19:06 [pubchem] INFO: 正在处理 CID: 5832
2025-08-31 12:19:06 [pubchem] INFO: 正在处理 CID: 229295
2025-08-31 12:19:06 [pubchem] INFO: 正在处理 CID: 19090
2025-08-31 12:19:06 [pubchem] INFO: 正在处理 CID: 11683
2025-08-31 12:19:06 [pubchem] INFO: 正在处理 CID: 10631
2025-08-31 12:19:06 [pubchem] INFO: 正在处理 CID: 6279
2025-08-31 12:19:06 [pubchem] INFO: 正在处理 CID: 6238
2025-08-31 12:19:06 [pubchem] INFO: 正在处理 CID: 941394
2025-08-31 12:19:06 [pubchem] INFO: 正在处理 CID: 169870
2025-08-31 12:19:06 [pubchem] INFO: 正在处理 CID: 68783
2025-08-31 12:19:06 [pubchem] INFO: 正在处理 CID: 91668
2025-08-31 12:19:06 [pubchem] INFO: 正在处理 CID: 5284533
2025-08-31 12:19:06 [pubchem] INFO: 正在处理 CID: 9324
2025-08-31 12:19:06 [pubchem] INFO: 正在处理 CID: 9270
2025-08-31 12:19:06 [pubchem] INFO: 正在处理 CID: 14687
2025-08-31 12:19:06 [pubchem] INFO: 正在处理 CID: 235905
2025-08-31 12:19:06 [pubchem] INFO: 正在处理 CID: 10041070
2025-08-31 12:19:06 [pubchem] INFO: 正在处理 CID: 93057
2025-08-31 12:19:06 [pubchem] INFO: 正在处理 CID: 40973
2025-08-31 12:19:06 [pubchem] INFO: 正在处理 CID: 68861
2025-08-31 12:19:06 [pubchem] INFO: 正在处理 CID: 6917715
2025-08-31 12:19:06 [pubchem] INFO: 正在处理 CID: 3033968
2025-08-31 12:19:06 [pubchem] INFO: 正在处理 CID: 443881
2025-08-31 12:19:06 [pubchem] INFO: 正在处理 CID: 13109
2025-08-31 12:19:06 [pubchem] INFO: 正在处理 CID: 5857
2025-08-31 12:19:06 [pubchem] INFO: 正在处理 CID: 9949848
2025-08-31 12:19:06 [pubchem] INFO: 正在处理 CID: 10408585
2025-08-31 12:19:06 [pubchem] INFO: 正在处理 CID: 6540478
2025-08-31 12:19:06 [pubchem] INFO: 正在处理 CID: 13109
2025-08-31 12:19:06 [pubchem] INFO: 正在处理 CID: 13313
2025-08-31 12:19:06 [pubchem] INFO: 正在处理 CID: 5994
2025-08-31 12:19:06 [pubchem] INFO: 正在处理 CID: 71906
2025-08-31 12:19:06 [pubchem] INFO: 正在处理 CID: 36709
2025-08-31 12:19:06 [pubchem] INFO: 正在处理 CID: 18142
2025-08-31 12:19:06 [pubchem] INFO: 正在处理 CID: 6013
2025-08-31 12:19:06 [pubchem] INFO: 正在处理 CID: 441404
2025-08-31 12:19:06 [pubchem] INFO: 正在处理 CID: 155143
2025-08-31 12:19:06 [pubchem] INFO: 正在处理 CID: 9416
2025-08-31 12:19:06 [pubchem] INFO: 正在处理 CID: 68644
2025-08-31 12:19:06 [pubchem] INFO: 正在处理 CID: 9931194
2025-08-31 12:19:06 [pubchem] INFO: 正在处理 CID: 14743
2025-08-31 12:19:06 [pubchem] INFO: 正在处理 CID: 5995
2025-08-31 12:19:06 [pubchem] INFO: 正在处理 CID: 65157
2025-08-31 12:19:06 [pubchem] INFO: 正在处理 CID: 6446
2025-08-31 12:19:06 [pubchem] INFO: 正在处理 CID: 6010
2025-08-31 12:19:06 [pubchem] INFO: 正在处理 CID: 129894493
2025-08-31 12:19:06 [pubchem] INFO: 正在处理 CID: 9853053
2025-08-31 12:19:06 [pubchem] INFO: 正在处理 CID: 11274333
2025-08-31 12:19:06 [pubchem] INFO: 正在处理 CID: 54687
2025-08-31 12:19:06 [pubchem] INFO: 正在处理 CID: 16759173
2025-08-31 12:19:06 [pubchem] INFO: 正在处理 CID: 1548972
2025-08-31 12:19:06 [pubchem] INFO: 正在处理 CID: 23679527
2025-08-31 12:19:06 [pubchem] INFO: 正在处理 CID: 60823
2025-08-31 12:19:06 [pubchem] INFO: 正在处理 CID: 656846
2025-08-31 12:19:06 [pubchem] INFO: 正在处理 CID: 60822
2025-08-31 12:19:06 [pubchem] INFO: 正在处理 CID: 51039411
2025-08-31 12:19:06 [pubchem] INFO: 正在处理 CID: 446156
2025-08-31 12:19:06 [pubchem] INFO: 正在处理 CID: 23663992
2025-08-31 12:19:06 [pubchem] INFO: 正在处理 CID: 446157
2025-08-31 12:19:06 [pubchem] INFO: 正在处理 CID: 5282455
2025-08-31 12:19:06 [pubchem] INFO: 正在处理 CID: 5282451
2025-08-31 12:19:06 [pubchem] INFO: 正在处理 CID: 122706735
2025-08-31 12:19:06 [pubchem] INFO: 正在处理 CID: 25069056
2025-08-31 12:19:06 [pubchem] INFO: 正在处理 CID: 22845140
2025-08-31 12:19:06 [pubchem] INFO: 正在处理 CID: 6436001
2025-08-31 12:19:06 [pubchem] INFO: 正在处理 CID: 53232
2025-08-31 12:19:06 [pubchem] INFO: 正在处理 CID: 54454
2025-08-31 12:19:06 [pubchem] INFO: 正在处理 CID: 11954370
2025-08-31 12:19:06 [pubchem] INFO: 正在处理 CID: 16683028
2025-08-31 12:19:06 [pubchem] INFO: 正在处理 CID: 2796
2025-08-31 12:19:06 [pubchem] INFO: 正在处理 CID: 65611
2025-08-31 12:19:06 [pubchem] INFO: 正在处理 CID: 11350701
2025-08-31 12:19:06 [pubchem] INFO: 正在处理 CID: 3339
2025-08-31 12:19:06 [pubchem] INFO: 正在处理 CID: 39042
2025-08-31 12:19:06 [pubchem] INFO: 正在处理 CID: 68884
2025-08-31 12:19:06 [pubchem] INFO: 正在处理 CID: 2763
2025-08-31 12:19:06 [pubchem] INFO: 正在处理 CID: 2787
2025-08-31 12:19:06 [pubchem] INFO: 正在处理 CID: 2797
2025-08-31 12:19:06 [pubchem] INFO: 正在处理 CID: 160134
2025-08-31 12:19:06 [pubchem] INFO: 正在处理 CID: 65777
2025-08-31 12:19:06 [pubchem] INFO: 正在处理 CID: 3463
2025-08-31 12:19:06 [pubchem] INFO: 正在处理 CID: 33584
2025-08-31 12:19:06 [pubchem] INFO: 正在处理 CID: 31060
2025-08-31 12:19:06 [pubchem] INFO: 正在处理 CID: 57112
2025-08-31 12:19:06 [pubchem] INFO: 正在处理 CID: 19592
2025-08-31 12:19:06 [pubchem] INFO: 正在处理 CID: 11526038
2025-08-31 12:19:06 [pubchem] INFO: 正在处理 CID: 68671
2025-08-31 12:19:06 [pubchem] INFO: 正在处理 CID: 5217
2025-08-31 12:19:06 [pubchem] INFO: 正在处理 CID: 41109
2025-08-31 12:19:06 [pubchem] INFO: 正在处理 CID: 32335
2025-08-31 12:19:06 [pubchem] INFO: 正在处理 CID: 35678
2025-08-31 12:19:06 [pubchem] INFO: 正在处理 CID: 62816
2025-08-31 12:19:06 [pubchem] INFO: 正在处理 CID: 62816
2025-08-31 12:19:06 [pubchem] INFO: 正在处理 CID: 3084661
2025-08-31 12:19:06 [pubchem] INFO: 正在处理 CID: 230181
2025-08-31 12:19:06 [pubchem] INFO: 正在处理 CID: 160051
2025-08-31 12:19:06 [pubchem] INFO: 正在处理 CID: 137699107
2025-08-31 12:19:06 [pubchem] INFO: 正在处理 CID: 65840
2025-08-31 12:19:06 [pubchem] INFO: 正在处理 CID: 126480325
2025-08-31 12:19:06 [pubchem] INFO: 正在处理 CID: 10472693
2025-08-31 12:19:06 [pubchem] INFO: 正在处理 CID: 150311
2025-08-31 12:19:06 [pubchem] INFO: 正在处理 CID: 5282164
2025-08-31 12:19:06 [pubchem] INFO: 正在处理 CID: 9831415
2025-08-31 12:19:06 [pubchem] INFO: 正在处理 CID: 4476
2025-08-31 12:19:06 [pubchem] INFO: 正在处理 CID: 34081
2025-08-31 12:19:06 [pubchem] INFO: 正在处理 CID: 452306
2025-08-31 12:19:06 [pubchem] INFO: 正在处理 CID: 4912
2025-08-31 12:19:06 [pubchem] INFO: 正在处理 CID: 92140
2025-08-31 12:19:06 [pubchem] INFO: 正在处理 CID: 27990
2025-08-31 12:19:06 [pubchem] INFO: 正在处理 CID: 71306834
2025-08-31 12:19:06 [pubchem] INFO: 正在处理 CID: 86278347
2025-08-31 12:19:06 [pubchem] INFO: 正在处理 CID: 77910626
2025-08-31 12:19:06 [pubchem] INFO: 正在处理 CID: 156963546
2025-08-31 12:19:06 [pubchem] INFO: 正在处理 CID: 70683024
2025-08-31 12:19:06 [pubchem] INFO: 正在处理 CID: 11527330
2025-08-31 12:19:06 [pubchem] INFO: 正在处理 CID: 501254
2025-08-31 12:19:06 [pubchem] INFO: 正在处理 CID: 40632
2025-08-31 12:19:06 [pubchem] INFO: 正在处理 CID: 445643
2025-08-31 12:19:06 [pubchem] INFO: 正在处理 CID: 445643
2025-08-31 12:19:06 [pubchem] INFO: 正在处理 CID: 5284373
2025-08-31 12:19:06 [pubchem] INFO: 正在处理 CID: 6509979
2025-08-31 12:19:06 [pubchem] INFO: 正在处理 CID: 52912842
2025-08-31 12:19:06 [pubchem] INFO: 正在处理 CID: 6918486
2025-08-31 12:19:06 [pubchem] INFO: 正在处理 CID: 34633
2025-08-31 12:19:06 [pubchem] INFO: 正在处理 CID: 34632
2025-08-31 12:19:06 [pubchem] INFO: 正在处理 CID: 4763
2025-08-31 12:19:06 [pubchem] INFO: 正在处理 CID: 46174100
2025-08-31 12:19:06 [pubchem] INFO: 正在处理 CID: 23674889
2025-08-31 12:19:06 [pubchem] INFO: 正在处理 CID: 89594
2025-08-31 12:19:06 [pubchem] INFO: 正在处理 CID: 2735102
2025-08-31 12:19:06 [pubchem] INFO: 正在处理 CID: 89594
2025-08-31 12:19:06 [pubchem] INFO: 正在处理 CID: 16137271
2025-08-31 12:19:06 [pubchem] INFO: 正在处理 CID: 118984454
2025-08-31 12:19:06 [pubchem] INFO: 正在处理 CID: 16136701
2025-08-31 12:19:06 [pubchem] INFO: 正在处理 CID: 118984375
2025-08-31 12:19:06 [pubchem] INFO: 正在处理 CID: 16132438
2025-08-31 12:19:06 [pubchem] INFO: 正在处理 CID: 24839622
2025-08-31 12:19:06 [pubchem] INFO: 正在处理 CID: 24839622
2025-08-31 12:19:06 [pubchem] INFO: 正在处理 CID: 4236
2025-08-31 12:19:06 [pubchem] INFO: 正在处理 CID: 392622
2025-08-31 12:19:06 [pubchem] INFO: 正在处理 CID: 135403821
2025-08-31 12:19:06 [pubchem] INFO: 正在处理 CID: 455658
2025-08-31 12:19:06 [pubchem] INFO: 正在处理 CID: 4763
2025-08-31 12:19:06 [pubchem] INFO: 正在处理 CID: 46174100
2025-08-31 12:19:06 [pubchem] INFO: 正在处理 CID: 23674889
2025-08-31 12:19:06 [pubchem] INFO: 正在处理 CID: 1775
2025-08-31 12:19:06 [pubchem] INFO: 正在处理 CID: 657302
2025-08-31 12:19:06 [pubchem] INFO: 正在处理 CID: 2164
2025-08-31 12:19:06 [pubchem] INFO: 正在处理 CID: 23689390
2025-08-31 12:19:06 [pubchem] INFO: 正在处理 CID: 5743
2025-08-31 12:19:06 [pubchem] INFO: 正在处理 CID: 236702
2025-08-31 12:19:06 [pubchem] INFO: 正在处理 CID: 20055086
2025-08-31 12:19:06 [pubchem] INFO: 正在处理 CID: 5284540
2025-08-31 12:19:06 [pubchem] INFO: 正在处理 CID: 656777
2025-08-31 12:19:06 [pubchem] INFO: 正在处理 CID: 236702
2025-08-31 12:19:06 [pubchem] INFO: 正在处理 CID: 656778
2025-08-31 12:19:06 [pubchem] INFO: 正在处理 CID: 15159004
2025-08-31 12:19:06 [pubchem] INFO: 正在处理 CID: 63049
2025-08-31 12:19:06 [pubchem] INFO: 正在处理 CID: 16752
2025-08-31 12:19:06 [pubchem] INFO: 正在处理 CID: 23672582
2025-08-31 12:19:06 [pubchem] INFO: 正在处理 CID: 63044
2025-08-31 12:19:06 [pubchem] INFO: 正在处理 CID: 63038
2025-08-31 12:19:06 [pubchem] INFO: 正在处理 CID: 9400
2025-08-31 12:19:06 [pubchem] INFO: 正在处理 CID: 23667620
2025-08-31 12:19:06 [pubchem] INFO: 正在处理 CID: 16961
2025-08-31 12:19:06 [pubchem] INFO: 正在处理 CID: 63047
2025-08-31 12:19:06 [pubchem] INFO: 正在处理 CID: 135413536
2025-08-31 12:19:06 [pubchem] INFO: 正在处理 CID: 135413538
2025-08-31 12:19:06 [pubchem] INFO: 正在处理 CID: 135564864
2025-08-31 12:19:06 [pubchem] INFO: 正在处理 CID: 76962804
2025-08-31 12:19:06 [pubchem] INFO: 正在处理 CID: 135398735
2025-08-31 12:19:06 [pubchem] INFO: 正在处理 CID: 44462760
2025-08-31 12:19:06 [pubchem] INFO: 正在处理 CID: 44516822
2025-08-31 12:19:06 [pubchem] INFO: 正在处理 CID: 56339
2025-08-31 12:19:06 [pubchem] INFO: 正在处理 CID: 56338
2025-08-31 12:19:06 [pubchem] INFO: 正在处理 CID: 46174075
2025-08-31 12:19:06 [pubchem] INFO: 正在处理 CID: 9881504
2025-08-31 12:19:06 [pubchem] INFO: 正在处理 CID: 179344
2025-08-31 12:19:06 [pubchem] INFO: 正在处理 CID: 4095
2025-08-31 12:19:06 [pubchem] INFO: 正在处理 CID: 14184
2025-08-31 12:19:06 [pubchem] INFO: 正在处理 CID: 24872560
2025-08-31 12:19:06 [pubchem] INFO: 正在处理 CID: 16076883
2025-08-31 12:19:06 [pubchem] INFO: 正在处理 CID: 2554
2025-08-31 12:19:06 [pubchem] INFO: 正在处理 CID: 214348
2025-08-31 12:19:06 [pubchem] INFO: 正在处理 CID: 64139
2025-08-31 12:19:06 [pubchem] INFO: 正在处理 CID: 9864881
2025-08-31 12:19:06 [pubchem] INFO: 正在处理 CID: 193962
2025-08-31 12:19:06 [pubchem] INFO: 正在处理 CID: 455658
2025-08-31 12:19:06 [pubchem] INFO: 正在处理 CID: 4236
2025-08-31 12:19:06 [pubchem] INFO: 正在处理 CID: 135403821
2025-08-31 12:19:06 [pubchem] INFO: 正在处理 CID: 6436173
2025-08-31 12:19:06 [pubchem] INFO: 正在处理 CID: 42611257
2025-08-31 12:19:06 [pubchem] INFO: 正在处理 CID: 11397521
2025-08-31 12:19:06 [pubchem] INFO: 正在处理 CID: 65016
2025-08-31 12:19:06 [pubchem] INFO: 正在处理 CID: 82146
2025-08-31 12:19:06 [pubchem] INFO: 正在处理 CID: 71731823
2025-08-31 12:19:06 [pubchem] INFO: 正在处理 CID: 34312
2025-08-31 12:19:06 [pubchem] INFO: 正在处理 CID: 135415564
2025-08-31 12:19:06 [pubchem] INFO: 正在处理 CID: 5591
2025-08-31 12:19:06 [pubchem] INFO: 正在处理 CID: 24872560
2025-08-31 12:19:06 [pubchem] INFO: 正在处理 CID: 45138674
2025-08-31 12:19:06 [pubchem] INFO: 正在处理 CID: 392622
2025-08-31 12:19:06 [pubchem] INFO: 正在处理 CID: 135413536
2025-08-31 12:19:06 [pubchem] INFO: 正在处理 CID: 135413538
2025-08-31 12:19:06 [pubchem] INFO: 正在处理 CID: 135564864
2025-08-31 12:19:06 [pubchem] INFO: 正在处理 CID: 104865
2025-08-31 12:19:06 [pubchem] INFO: 正在处理 CID: 104865
2025-08-31 12:19:06 [pubchem] INFO: 正在处理 CID: 44462760
2025-08-31 12:19:06 [pubchem] INFO: 正在处理 CID: 44516822
2025-08-31 12:19:06 [pubchem] INFO: 正在处理 CID: 4763
2025-08-31 12:19:06 [pubchem] INFO: 正在处理 CID: 46174100
2025-08-31 12:19:06 [pubchem] INFO: 正在处理 CID: 23674889
2025-08-31 12:19:06 [pubchem] INFO: 正在处理 CID: 24872560
2025-08-31 12:19:06 [pubchem] INFO: 正在处理 CID: 45138674
2025-08-31 12:19:06 [pubchem] INFO: 正在处理 CID: 135403821
2025-08-31 12:19:06 [pubchem] INFO: 正在处理 CID: 392622
2025-08-31 12:19:06 [pubchem] INFO: 正在处理 CID: 4763
2025-08-31 12:19:06 [pubchem] INFO: 正在处理 CID: 46174100
2025-08-31 12:19:06 [pubchem] INFO: 正在处理 CID: 23674889
2025-08-31 12:19:06 [pubchem] INFO: 正在处理 CID: 1775
2025-08-31 12:19:06 [pubchem] INFO: 正在处理 CID: 657302
2025-08-31 12:19:06 [pubchem] INFO: 正在处理 CID: 56339
2025-08-31 12:19:06 [pubchem] INFO: 正在处理 CID: 56338
2025-08-31 12:19:06 [pubchem] INFO: 正在处理 CID: 46174075
2025-08-31 12:19:06 [pubchem] INFO: 正在处理 CID: 4095
2025-08-31 12:19:06 [pubchem] INFO: 正在处理 CID: 14184
2025-08-31 12:19:06 [pubchem] INFO: 正在处理 CID: 6918606
2025-08-31 12:19:06 [pubchem] INFO: 正在处理 CID: 72196309
2025-08-31 12:19:06 [pubchem] INFO: 正在处理 CID: 11397521
2025-08-31 12:19:06 [pubchem] INFO: 正在处理 CID: 64139
2025-08-31 12:19:06 [pubchem] INFO: 正在处理 CID: 4236
2025-08-31 12:19:06 [pubchem] INFO: 正在处理 CID: 76962804
2025-08-31 12:19:06 [pubchem] INFO: 正在处理 CID: 135398735
2025-08-31 12:19:06 [pubchem] INFO: 正在处理 CID: 3406
2025-08-31 12:19:06 [pubchem] INFO: 正在处理 CID: 3902
2025-08-31 12:19:06 [pubchem] INFO: 正在处理 CID: 4114
2025-08-31 12:19:06 [pubchem] INFO: 正在处理 CID: 5472
2025-08-31 12:19:06 [pubchem] INFO: 正在处理 CID: 65335
2025-08-31 12:19:06 [pubchem] INFO: 正在处理 CID: 60663
2025-08-31 12:19:06 [pubchem] INFO: 正在处理 CID: 60662
2025-08-31 12:19:06 [pubchem] INFO: 正在处理 CID: 2764
2025-08-31 12:19:06 [pubchem] INFO: 正在处理 CID: 9841277
2025-08-31 12:19:06 [pubchem] INFO: 正在处理 CID: 62999
2025-08-31 12:19:06 [pubchem] INFO: 正在处理 CID: 149514
2025-08-31 12:19:06 [pubchem] INFO: 正在处理 CID: 3229
2025-08-31 12:19:06 [pubchem] INFO: 正在处理 CID: 24840537
2025-08-31 12:19:06 [pubchem] INFO: 正在处理 CID: 4539
2025-08-31 12:19:06 [pubchem] INFO: 正在处理 CID: 83908
2025-08-31 12:19:06 [pubchem] INFO: 正在处理 CID: 65957
2025-08-31 12:19:06 [pubchem] INFO: 正在处理 CID: 6918232
2025-08-31 12:19:06 [pubchem] INFO: 正在处理 CID: 4831
2025-08-31 12:19:06 [pubchem] INFO: 正在处理 CID: 153398
2025-08-31 12:19:06 [pubchem] INFO: 正在处理 CID: 135401907
2025-08-31 12:19:06 [pubchem] INFO: 正在处理 CID: 23662349
2025-08-31 12:19:06 [pubchem] INFO: 正在处理 CID: 5324346
2025-08-31 12:19:06 [pubchem] INFO: 正在处理 CID: 9560989
2025-08-31 12:19:06 [pubchem] INFO: 正在处理 CID: 10297
2025-08-31 12:19:06 [pubchem] INFO: 正在处理 CID: 62943
2025-08-31 12:19:06 [pubchem] INFO: 正在处理 CID: 6099
2025-08-31 12:19:06 [pubchem] INFO: 正在处理 CID: 6099
2025-08-31 12:19:06 [pubchem] INFO: 正在处理 CID: 104827
2025-08-31 12:19:06 [pubchem] INFO: 正在处理 CID: 2187
2025-08-31 12:19:06 [pubchem] INFO: 正在处理 CID: 214348
2025-08-31 12:19:06 [pubchem] INFO: 正在处理 CID: 3117
2025-08-31 12:19:06 [pubchem] INFO: 正在处理 CID: 5702160
2025-08-31 12:19:06 [pubchem] INFO: 正在处理 CID: 3406
2025-08-31 12:19:06 [pubchem] INFO: 正在处理 CID: 145722621
2025-08-31 12:19:06 [pubchem] INFO: 正在处理 CID: 5311454
2025-08-31 12:19:06 [pubchem] INFO: 正在处理 CID: 42611257
2025-08-31 12:19:06 [pubchem] INFO: 正在处理 CID: 60606
2025-08-31 12:19:06 [pubchem] INFO: 正在处理 CID: 9847991
2025-08-31 12:19:06 [pubchem] INFO: 正在处理 CID: 115366
2025-08-31 12:19:06 [pubchem] INFO: 正在处理 CID: 9798860
2025-08-31 12:19:06 [pubchem] INFO: 正在处理 CID: 5578
2025-08-31 12:19:06 [pubchem] INFO: 正在处理 CID: 173769
2025-08-31 12:19:06 [pubchem] INFO: 正在处理 CID: 3084396
2025-08-31 12:19:06 [pubchem] INFO: 正在处理 CID: 64936
2025-08-31 12:19:06 [pubchem] INFO: 正在处理 CID: 86583336
2025-08-31 12:19:06 [pubchem] INFO: 正在处理 CID: 358641
2025-08-31 12:19:06 [pubchem] INFO: 正在处理 CID: 214348
2025-08-31 12:19:06 [pubchem] INFO: 正在处理 CID: 492405
2025-08-31 12:19:06 [pubchem] INFO: 正在处理 CID: 3463
2025-08-31 12:19:06 [pubchem] INFO: 正在处理 CID: 3003141
2025-08-31 12:19:06 [pubchem] INFO: 正在处理 CID: 129269915
2025-08-31 12:19:06 [pubchem] INFO: 正在处理 CID: 4189
2025-08-31 12:19:06 [pubchem] INFO: 正在处理 CID: 68553
2025-08-31 12:19:06 [pubchem] INFO: 正在处理 CID: 4173
2025-08-31 12:19:06 [pubchem] INFO: 正在处理 CID: 83213
2025-08-31 12:19:06 [pubchem] INFO: 正在处理 CID: 68592
2025-08-31 12:19:06 [pubchem] INFO: 正在处理 CID: 51794
2025-08-31 12:19:06 [pubchem] INFO: 正在处理 CID: 1548972
2025-08-31 12:19:06 [pubchem] INFO: 正在处理 CID: 23679527
2025-08-31 12:19:06 [pubchem] INFO: 正在处理 CID: 3365
2025-08-31 12:19:06 [pubchem] INFO: 正在处理 CID: 214356
2025-08-31 12:19:06 [pubchem] INFO: 正在处理 CID: 4781
2025-08-31 12:19:06 [pubchem] INFO: 正在处理 CID: 112362
2025-08-31 12:19:06 [pubchem] INFO: 正在处理 CID: 46174103
2025-08-31 12:19:06 [pubchem] INFO: 正在处理 CID: 5324346
2025-08-31 12:19:06 [pubchem] INFO: 正在处理 CID: 9560989
2025-08-31 12:19:06 [pubchem] INFO: 正在处理 CID: 6099
2025-08-31 12:19:06 [pubchem] INFO: 正在处理 CID: 6099
2025-08-31 12:19:06 [pubchem] INFO: 正在处理 CID: 104827
2025-08-31 12:19:06 [pubchem] INFO: 正在处理 CID: 2187
2025-08-31 12:19:06 [pubchem] INFO: 正在处理 CID: 2333
2025-08-31 12:19:06 [pubchem] INFO: 正在处理 CID: 57379345
2025-08-31 12:19:06 [pubchem] INFO: 正在处理 CID: 358641
2025-08-31 12:19:06 [pubchem] INFO: 正在处理 CID: 5281081
2025-08-31 12:19:06 [pubchem] INFO: 正在处理 CID: 193962
2025-08-31 12:19:06 [pubchem] INFO: 正在处理 CID: 10034073
2025-08-31 12:19:06 [pubchem] INFO: 正在处理 CID: 3406
2025-08-31 12:19:06 [pubchem] INFO: 正在处理 CID: 3002820
2025-08-31 12:19:06 [pubchem] INFO: 正在处理 CID: 3899
2025-08-31 12:19:06 [pubchem] INFO: 正在处理 CID: 4236
2025-08-31 12:19:06 [pubchem] INFO: 正在处理 CID: 115355
2025-08-31 12:19:06 [pubchem] INFO: 正在处理 CID: 5311454
2025-08-31 12:19:06 [pubchem] INFO: 正在处理 CID: 42611257
2025-08-31 12:19:06 [pubchem] INFO: 正在处理 CID: 2756
2025-08-31 12:19:06 [pubchem] INFO: 正在处理 CID: 50963
2025-08-31 12:19:06 [pubchem] INFO: 正在处理 CID: 3001055
2025-08-31 12:19:06 [pubchem] INFO: 正在处理 CID: 3033887
2025-08-31 12:19:06 [pubchem] INFO: 正在处理 CID: 3033332
2025-08-31 12:19:06 [pubchem] INFO: 正在处理 CID: 4168
2025-08-31 12:19:06 [pubchem] INFO: 正在处理 CID: 23659
2025-08-31 12:19:06 [pubchem] INFO: 正在处理 CID: 23659
2025-08-31 12:19:06 [pubchem] INFO: 正在处理 CID: 5472
2025-08-31 12:19:06 [pubchem] INFO: 正在处理 CID: 65335
2025-08-31 12:19:06 [pubchem] INFO: 正在处理 CID: 208898
2025-08-31 12:19:06 [pubchem] INFO: 正在处理 CID: 219025
2025-08-31 12:19:06 [pubchem] INFO: 正在处理 CID: 4195
2025-08-31 12:19:06 [pubchem] INFO: 正在处理 CID: 18340
2025-08-31 12:19:06 [pubchem] INFO: 正在处理 CID: 56959
2025-08-31 12:19:06 [pubchem] INFO: 正在处理 CID: 71279
2025-08-31 12:19:06 [pubchem] INFO: 正在处理 CID: 3637
2025-08-31 12:19:06 [pubchem] INFO: 正在处理 CID: 9351
2025-08-31 12:19:06 [pubchem] INFO: 正在处理 CID: 3637
2025-08-31 12:19:06 [pubchem] INFO: 正在处理 CID: 60663
2025-08-31 12:19:06 [pubchem] INFO: 正在处理 CID: 60662
2025-08-31 12:19:06 [pubchem] INFO: 正在处理 CID: 2351
2025-08-31 12:19:06 [pubchem] INFO: 正在处理 CID: 50088
2025-08-31 12:19:06 [pubchem] INFO: 正在处理 CID: 1549008
2025-08-31 12:19:06 [pubchem] INFO: 正在处理 CID: 5282481
2025-08-31 12:19:06 [pubchem] INFO: 正在处理 CID: 5587
2025-08-31 12:19:06 [pubchem] INFO: 正在处理 CID: 197066
2025-08-31 12:19:06 [pubchem] INFO: 正在处理 CID: 9066
2025-08-31 12:19:06 [pubchem] INFO: 正在处理 CID: 26987
2025-08-31 12:19:06 [pubchem] INFO: 正在处理 CID: 5281069
2025-08-31 12:19:06 [pubchem] INFO: 正在处理 CID: 156419
2025-08-31 12:19:06 [pubchem] INFO: 正在处理 CID: 156418
2025-08-31 12:19:06 [pubchem] INFO: 正在处理 CID: 2726
2025-08-31 12:19:06 [pubchem] INFO: 正在处理 CID: 6431825
2025-08-31 12:19:06 [pubchem] INFO: 正在处理 CID: 6240
2025-08-31 12:19:06 [pubchem] INFO: 正在处理 CID: 23724898
2025-08-31 12:19:06 [pubchem] INFO: 正在处理 CID: 165411865
2025-08-31 12:19:06 [pubchem] INFO: 正在处理 CID: 3386
2025-08-31 12:19:06 [pubchem] INFO: 正在处理 CID: 62857
2025-08-31 12:19:06 [pubchem] INFO: 正在处理 CID: 43815
2025-08-31 12:19:06 [pubchem] INFO: 正在处理 CID: 62878
2025-08-31 12:19:06 [pubchem] INFO: 正在处理 CID: 5282487
2025-08-31 12:19:06 [pubchem] INFO: 正在处理 CID: 9845306
2025-08-31 12:19:06 [pubchem] INFO: 正在处理 CID: 5324346
2025-08-31 12:19:06 [pubchem] INFO: 正在处理 CID: 9560989
2025-08-31 12:19:06 [pubchem] INFO: 正在处理 CID: 146570
2025-08-31 12:19:06 [pubchem] INFO: 正在处理 CID: 146571
2025-08-31 12:19:06 [pubchem] INFO: 正在处理 CID: 60835
2025-08-31 12:19:06 [pubchem] INFO: 正在处理 CID: 60834
2025-08-31 12:19:06 [pubchem] INFO: 正在处理 CID: 37393
2025-08-31 12:19:06 [pubchem] INFO: 正在处理 CID: 37392
2025-08-31 12:19:06 [pubchem] INFO: 正在处理 CID: 33036
2025-08-31 12:19:06 [pubchem] INFO: 正在处理 CID: 5281070
2025-08-31 12:19:06 [pubchem] INFO: 正在处理 CID: 11949652
2025-08-31 12:19:06 [pubchem] INFO: 正在处理 CID: 11996485
2025-08-31 12:19:06 [pubchem] INFO: 正在处理 CID: 53297474
2025-08-31 12:19:06 [pubchem] INFO: 正在处理 CID: 6918837
2025-08-31 12:19:06 [pubchem] INFO: 正在处理 CID: 23725423
2025-08-31 12:19:06 [pubchem] INFO: 正在处理 CID: 11511120
2025-08-31 12:19:06 [pubchem] INFO: 正在处理 CID: 11511120
2025-08-31 12:19:06 [pubchem] INFO: 正在处理 CID: 10311306
2025-08-31 12:19:06 [pubchem] INFO: 正在处理 CID: 16203739
2025-08-31 12:19:06 [pubchem] INFO: 正在处理 CID: 137528262
2025-08-31 12:19:06 [pubchem] INFO: 正在处理 CID: 139030242
2025-08-31 12:19:06 [pubchem] INFO: 正在处理 CID: 163091
2025-08-31 12:19:06 [pubchem] INFO: 正在处理 CID: 6917875
2025-08-31 12:19:06 [pubchem] INFO: 正在处理 CID: 11519741
2025-08-31 12:19:06 [pubchem] INFO: 正在处理 CID: 16076883
2025-08-31 12:19:06 [pubchem] INFO: 正在处理 CID: 86583336
2025-08-31 12:19:06 [pubchem] INFO: 正在处理 CID: 2662
2025-08-31 12:19:06 [pubchem] INFO: 正在处理 CID: 25151504
2025-08-31 12:19:06 [pubchem] INFO: 正在处理 CID: 57327017
2025-08-31 12:19:06 [pubchem] INFO: 正在处理 CID: 3406
2025-08-31 12:19:06 [pubchem] INFO: 正在处理 CID: 9865528
2025-08-31 12:19:06 [pubchem] INFO: 正在处理 CID: 4235
2025-08-31 12:19:06 [pubchem] INFO: 正在处理 CID: 5311454
2025-08-31 12:19:06 [pubchem] INFO: 正在处理 CID: 3002190
2025-08-31 12:19:06 [pubchem] INFO: 正在处理 CID: 11519741
2025-08-31 12:19:06 [pubchem] INFO: 正在处理 CID: 5311037
2025-08-31 12:19:06 [pubchem] INFO: 正在处理 CID: 3010818
2025-08-31 12:19:06 [pubchem] INFO: 正在处理 CID: 5472
2025-08-31 12:19:06 [pubchem] INFO: 正在处理 CID: 65335
2025-08-31 12:19:06 [pubchem] INFO: 正在处理 CID: 3365
2025-08-31 12:19:06 [pubchem] INFO: 正在处理 CID: 214356
2025-08-31 12:19:06 [pubchem] INFO: 正在处理 CID: 9881504
2025-08-31 12:19:06 [pubchem] INFO: 正在处理 CID: 179344
2025-08-31 12:19:06 [pubchem] INFO: 正在处理 CID: 3386
2025-08-31 12:19:06 [pubchem] INFO: 正在处理 CID: 62857
2025-08-31 12:19:06 [pubchem] INFO: 正在处理 CID: 2771
2025-08-31 12:19:06 [pubchem] INFO: 正在处理 CID: 77995
2025-08-31 12:19:06 [pubchem] INFO: 正在处理 CID: 3020376
2025-08-31 12:19:06 [pubchem] INFO: 正在处理 CID: 5324346
2025-08-31 12:19:06 [pubchem] INFO: 正在处理 CID: 9560989
2025-08-31 12:19:06 [pubchem] INFO: 正在处理 CID: 6099
2025-08-31 12:19:06 [pubchem] INFO: 正在处理 CID: 6099
2025-08-31 12:19:06 [pubchem] INFO: 正在处理 CID: 104827
2025-08-31 12:19:06 [pubchem] INFO: 正在处理 CID: 9578005
2025-08-31 12:19:06 [pubchem] INFO: 正在处理 CID: 71587692
2025-08-31 12:19:06 [pubchem] INFO: 正在处理 CID: 5959
2025-08-31 12:19:06 [pubchem] INFO: 正在处理 CID: 193962
2025-08-31 12:19:06 [pubchem] INFO: 正在处理 CID: 10034073
2025-08-31 12:19:06 [pubchem] INFO: 正在处理 CID: 219078
2025-08-31 12:19:06 [pubchem] INFO: 正在处理 CID: 148195
2025-08-31 12:19:06 [pubchem] INFO: 正在处理 CID: 3003141
2025-08-31 12:19:06 [pubchem] INFO: 正在处理 CID: 4235
2025-08-31 12:19:06 [pubchem] INFO: 正在处理 CID: 4236
2025-08-31 12:19:06 [pubchem] INFO: 正在处理 CID: 34312
2025-08-31 12:19:06 [pubchem] INFO: 正在处理 CID: 129269915
2025-08-31 12:19:06 [pubchem] INFO: 正在处理 CID: 5311454
2025-08-31 12:19:06 [pubchem] INFO: 正在处理 CID: 4189
2025-08-31 12:19:06 [pubchem] INFO: 正在处理 CID: 68553
2025-08-31 12:19:06 [pubchem] INFO: 正在处理 CID: 3001055
2025-08-31 12:19:06 [pubchem] INFO: 正在处理 CID: 3033887
2025-08-31 12:19:06 [pubchem] INFO: 正在处理 CID: 3033332
2025-08-31 12:19:06 [pubchem] INFO: 正在处理 CID: 208898
2025-08-31 12:19:06 [pubchem] INFO: 正在处理 CID: 219025
2025-08-31 12:19:06 [pubchem] INFO: 正在处理 CID: 151171
2025-08-31 12:19:06 [pubchem] INFO: 正在处理 CID: 216322
2025-08-31 12:19:06 [pubchem] INFO: 正在处理 CID: 60663
2025-08-31 12:19:06 [pubchem] INFO: 正在处理 CID: 60662
2025-08-31 12:19:06 [pubchem] INFO: 正在处理 CID: 9918244
2025-08-31 12:19:06 [pubchem] INFO: 正在处理 CID: 12560
2025-08-31 12:19:06 [pubchem] INFO: 正在处理 CID: 5284554
2025-08-31 12:19:06 [pubchem] INFO: 正在处理 CID: 441371
2025-08-31 12:19:06 [pubchem] INFO: 正在处理 CID: 443953
2025-08-31 12:19:06 [pubchem] INFO: 正在处理 CID: 16051953
2025-08-31 12:19:06 [pubchem] INFO: 正在处理 CID: 71469
2025-08-31 12:19:06 [pubchem] INFO: 正在处理 CID: 71277
2025-08-31 12:19:06 [pubchem] INFO: 正在处理 CID: 20055320
2025-08-31 12:19:06 [pubchem] INFO: 正在处理 CID: 12559
2025-08-31 12:19:06 [pubchem] INFO: 正在处理 CID: 71276
2025-08-31 12:19:06 [pubchem] INFO: 正在处理 CID: 83938
2025-08-31 12:19:06 [pubchem] INFO: 正在处理 CID: 4539
2025-08-31 12:19:06 [pubchem] INFO: 正在处理 CID: 83908
2025-08-31 12:19:06 [pubchem] INFO: 正在处理 CID: 5625
2025-08-31 12:19:06 [pubchem] INFO: 正在处理 CID: 441386
2025-08-31 12:19:06 [pubchem] INFO: 正在处理 CID: 3386
2025-08-31 12:19:06 [pubchem] INFO: 正在处理 CID: 62857
2025-08-31 12:19:06 [pubchem] INFO: 正在处理 CID: 24873435
2025-08-31 12:19:06 [pubchem] INFO: 正在处理 CID: 46866715
2025-08-31 12:19:06 [pubchem] INFO: 正在处理 CID: 11671467
2025-08-31 12:19:06 [pubchem] INFO: 正在处理 CID: 25008120
2025-08-31 12:19:06 [pubchem] INFO: 正在处理 CID: 2756
2025-08-31 12:19:06 [pubchem] INFO: 正在处理 CID: 50963
2025-08-31 12:19:06 [pubchem] INFO: 正在处理 CID: 135413536
2025-08-31 12:19:06 [pubchem] INFO: 正在处理 CID: 135413538
2025-08-31 12:19:06 [pubchem] INFO: 正在处理 CID: 135564864
2025-08-31 12:19:06 [pubchem] INFO: 正在处理 CID: 2520
2025-08-31 12:19:06 [pubchem] INFO: 正在处理 CID: 62969
2025-08-31 12:19:06 [pubchem] INFO: 正在处理 CID: 3365
2025-08-31 12:19:06 [pubchem] INFO: 正在处理 CID: 214356
2025-08-31 12:19:06 [pubchem] INFO: 正在处理 CID: 31101
2025-08-31 12:19:06 [pubchem] INFO: 正在处理 CID: 31100
2025-08-31 12:19:06 [pubchem] INFO: 正在处理 CID: 5991
2025-08-31 12:19:06 [pubchem] INFO: 正在处理 CID: 68582
2025-08-31 12:19:06 [pubchem] INFO: 正在处理 CID: 5282165
2025-08-31 12:19:06 [pubchem] INFO: 正在处理 CID: 10395904
2025-08-31 12:19:06 [pubchem] INFO: 正在处理 CID: 84029
2025-08-31 12:19:06 [pubchem] INFO: 正在处理 CID: 178265
2025-08-31 12:19:06 [pubchem] INFO: 正在处理 CID: 5362440
2025-08-31 12:19:06 [pubchem] INFO: 正在处理 CID: 5362440
2025-08-31 12:19:06 [pubchem] INFO: 正在处理 CID: 5462355
2025-08-31 12:19:06 [pubchem] INFO: 正在处理 CID: 11954281
2025-08-31 12:19:06 [pubchem] INFO: 正在处理 CID: 64143
2025-08-31 12:19:06 [pubchem] INFO: 正在处理 CID: 64142
2025-08-31 12:19:06 [pubchem] INFO: 正在处理 CID: 131536
2025-08-31 12:19:06 [pubchem] INFO: 正在处理 CID: 131535
2025-08-31 12:19:06 [pubchem] INFO: 正在处理 CID: 11954282
2025-08-31 12:19:06 [pubchem] INFO: 正在处理 CID: 131537
2025-08-31 12:19:06 [pubchem] INFO: 正在处理 CID: 148192
2025-08-31 12:19:06 [pubchem] INFO: 正在处理 CID: 158550
2025-08-31 12:19:06 [pubchem] INFO: 正在处理 CID: 213039
2025-08-31 12:19:06 [pubchem] INFO: 正在处理 CID: 23725083
2025-08-31 12:19:06 [pubchem] INFO: 正在处理 CID: 53259004
2025-08-31 12:19:06 [pubchem] INFO: 正在处理 CID: 71666654
2025-08-31 12:19:06 [pubchem] INFO: 正在处理 CID: 5324346
2025-08-31 12:19:06 [pubchem] INFO: 正在处理 CID: 9560989
2025-08-31 12:19:06 [pubchem] INFO: 正在处理 CID: 11949652
2025-08-31 12:19:06 [pubchem] INFO: 正在处理 CID: 11996485
2025-08-31 12:19:06 [pubchem] INFO: 正在处理 CID: 53297474
2025-08-31 12:19:06 [pubchem] INFO: 正在处理 CID: 5282169
2025-08-31 12:19:06 [pubchem] INFO: 正在处理 CID: 5282188
2025-08-31 12:19:06 [pubchem] INFO: 正在处理 CID: 137528262
2025-08-31 12:19:06 [pubchem] INFO: 正在处理 CID: 139030242
2025-08-31 12:19:06 [pubchem] INFO: 正在处理 CID: 11519741
2025-08-31 12:19:06 [pubchem] INFO: 正在处理 CID: 2187
2025-08-31 12:19:06 [pubchem] INFO: 正在处理 CID: 2375
2025-08-31 12:19:06 [pubchem] INFO: 正在处理 CID: 9872780
2025-08-31 12:19:06 [pubchem] INFO: 正在处理 CID: 2812
2025-08-31 12:19:06 [pubchem] INFO: 正在处理 CID: 5284373
2025-08-31 12:19:06 [pubchem] INFO: 正在处理 CID: 10034073
2025-08-31 12:19:06 [pubchem] INFO: 正在处理 CID: 3406
2025-08-31 12:19:06 [pubchem] INFO: 正在处理 CID: 5311037
2025-08-31 12:19:06 [pubchem] INFO: 正在处理 CID: 55283
2025-08-31 12:19:06 [pubchem] INFO: 正在处理 CID: 47576
2025-08-31 12:19:06 [pubchem] INFO: 正在处理 CID: 3003141
2025-08-31 12:19:07 [pubchem] INFO: 正在处理 CID: 468595
2025-08-31 12:19:07 [pubchem] INFO: 正在处理 CID: 11979418
2025-08-31 12:19:07 [pubchem] INFO: 正在处理 CID: 5284616
2025-08-31 12:19:07 [pubchem] INFO: 正在处理 CID: 5311454
2025-08-31 12:19:07 [pubchem] INFO: 正在处理 CID: 3010818
2025-08-31 12:19:07 [pubchem] INFO: 正在处理 CID: 202225
2025-08-31 12:19:07 [pubchem] INFO: 正在处理 CID: 25154714
2025-08-31 12:19:07 [pubchem] INFO: 正在处理 CID: 25154713
2025-08-31 12:19:07 [pubchem] INFO: 正在处理 CID: 6918606
2025-08-31 12:19:07 [pubchem] INFO: 正在处理 CID: 72196309
2025-08-31 12:19:07 [pubchem] INFO: 正在处理 CID: 112499965
2025-08-31 12:19:07 [pubchem] INFO: 正在处理 CID: 467825
2025-08-31 12:19:07 [pubchem] INFO: 正在处理 CID: 44603531
2025-08-31 12:19:07 [pubchem] INFO: 正在处理 CID: 44603531
2025-08-31 12:19:07 [pubchem] INFO: 正在处理 CID: 162533924
2025-08-31 12:19:07 [pubchem] INFO: 正在处理 CID: 162623410
2025-08-31 12:19:07 [pubchem] INFO: 正在处理 CID: 65016
2025-08-31 12:19:07 [pubchem] INFO: 正在处理 CID: 86583336
2025-08-31 12:19:07 [pubchem] INFO: 正在处理 CID: 10324367
2025-08-31 12:19:07 [pubchem] INFO: 正在处理 CID: 57379345
2025-08-31 12:19:07 [pubchem] INFO: 正在处理 CID: 25151504
2025-08-31 12:19:07 [pubchem] INFO: 正在处理 CID: 11626560
2025-08-31 12:19:07 [pubchem] INFO: 正在处理 CID: 57327017
2025-08-31 12:19:07 [pubchem] INFO: 正在处理 CID: 25141092
2025-08-31 12:19:07 [pubchem] INFO: 正在处理 CID: 45138674
2025-08-31 12:19:07 [pubchem] INFO: 正在处理 CID: 148195
2025-08-31 12:19:07 [pubchem] INFO: 正在处理 CID: 92727
2025-08-31 12:19:07 [pubchem] INFO: 正在处理 CID: 11979606
2025-08-31 12:19:07 [pubchem] INFO: 正在处理 CID: 55245
2025-08-31 12:19:07 [pubchem] INFO: 正在处理 CID: 90468997
2025-08-31 12:19:07 [pubchem] INFO: 正在处理 CID: 6451149
2025-08-31 12:19:07 [pubchem] INFO: 正在处理 CID: 67501411
2025-08-31 12:19:07 [pubchem] INFO: 正在处理 CID: 129269915
2025-08-31 12:19:07 [pubchem] INFO: 正在处理 CID: 145722621
2025-08-31 12:19:07 [pubchem] INFO: 正在处理 CID: 392622
2025-08-31 12:19:07 [pubchem] INFO: 正在处理 CID: 3002190
2025-08-31 12:19:07 [pubchem] INFO: 正在处理 CID: 9871419
2025-08-31 12:19:07 [pubchem] INFO: 正在处理 CID: 71616
2025-08-31 12:19:07 [pubchem] INFO: 正在处理 CID: 3117
2025-08-31 12:19:07 [pubchem] INFO: 正在处理 CID: 3406
2025-08-31 12:19:07 [pubchem] INFO: 正在处理 CID: 148192
2025-08-31 12:19:07 [pubchem] INFO: 正在处理 CID: 158550
2025-08-31 12:19:07 [pubchem] INFO: 正在处理 CID: 25154714
2025-08-31 12:19:07 [pubchem] INFO: 正在处理 CID: 25154713
2025-08-31 12:19:07 [pubchem] INFO: 正在处理 CID: 86583336
2025-08-31 12:19:07 [pubchem] INFO: 正在处理 CID: 5472
2025-08-31 12:19:07 [pubchem] INFO: 正在处理 CID: 65335
2025-08-31 12:19:07 [pubchem] INFO: 正在处理 CID: 6099
2025-08-31 12:19:07 [pubchem] INFO: 正在处理 CID: 6099
2025-08-31 12:19:07 [pubchem] INFO: 正在处理 CID: 104827
2025-08-31 12:19:07 [pubchem] INFO: 正在处理 CID: 11626560
2025-08-31 12:19:07 [pubchem] INFO: 正在处理 CID: 3003141
2025-08-31 12:19:07 [pubchem] INFO: 正在处理 CID: 11949652
2025-08-31 12:19:07 [pubchem] INFO: 正在处理 CID: 11996485
2025-08-31 12:19:07 [pubchem] INFO: 正在处理 CID: 53297474
2025-08-31 12:19:07 [pubchem] INFO: 正在处理 CID: 492405
2025-08-31 12:19:07 [pubchem] INFO: 正在处理 CID: 5816
2025-08-31 12:19:07 [pubchem] INFO: 正在处理 CID: 5815
2025-08-31 12:19:07 [pubchem] INFO: 正在处理 CID: 441411
2025-08-31 12:19:07 [pubchem] INFO: 正在处理 CID: 3779
2025-08-31 12:19:07 [pubchem] INFO: 正在处理 CID: 5807
2025-08-31 12:19:07 [pubchem] INFO: 正在处理 CID: 656677
2025-08-31 12:19:07 [pubchem] INFO: 正在处理 CID: 5807
2025-08-31 12:19:07 [pubchem] INFO: 正在处理 CID: 439260
2025-08-31 12:19:07 [pubchem] INFO: 正在处理 CID: 3047796
2025-08-31 12:19:07 [pubchem] INFO: 正在处理 CID: 11672905
2025-08-31 12:19:07 [pubchem] INFO: 正在处理 CID: 11672905
2025-08-31 12:19:07 [pubchem] INFO: 正在处理 CID: 681
2025-08-31 12:19:07 [pubchem] INFO: 正在处理 CID: 65340
2025-08-31 12:19:07 [pubchem] INFO: 正在处理 CID: 5754
2025-08-31 12:19:07 [pubchem] INFO: 正在处理 CID: 68921
2025-08-31 12:19:07 [pubchem] INFO: 正在处理 CID: 5744
2025-08-31 12:19:07 [pubchem] INFO: 正在处理 CID: 26133
2025-08-31 12:19:07 [pubchem] INFO: 正在处理 CID: 107423
2025-08-31 12:19:07 [pubchem] INFO: 正在处理 CID: 223253
2025-08-31 12:19:07 [pubchem] INFO: 正在处理 CID: 16623
2025-08-31 12:19:07 [pubchem] INFO: 正在处理 CID: 636398
2025-08-31 12:19:07 [pubchem] INFO: 正在处理 CID: 441406
2025-08-31 12:19:07 [pubchem] INFO: 正在处理 CID: 23694214
2025-08-31 12:19:07 [pubchem] INFO: 正在处理 CID: 16623
2025-08-31 12:19:07 [pubchem] INFO: 正在处理 CID: 5282494
2025-08-31 12:19:07 [pubchem] INFO: 正在处理 CID: 6917698
2025-08-31 12:19:07 [pubchem] INFO: 正在处理 CID: 6917698
2025-08-31 12:19:07 [pubchem] INFO: 正在处理 CID: 3033818
2025-08-31 12:19:07 [pubchem] INFO: 正在处理 CID: 3033817
2025-08-31 12:19:07 [pubchem] INFO: 正在处理 CID: 56959087
2025-08-31 12:19:07 [pubchem] INFO: 正在处理 CID: 56959086
2025-08-31 12:19:07 [pubchem] INFO: 正在处理 CID: 208898
2025-08-31 12:19:07 [pubchem] INFO: 正在处理 CID: 219025
2025-08-31 12:19:07 [pubchem] INFO: 正在处理 CID: 56959
2025-08-31 12:19:07 [pubchem] INFO: 正在处理 CID: 71279
2025-08-31 12:19:07 [pubchem] INFO: 正在处理 CID: 151171
2025-08-31 12:19:07 [pubchem] INFO: 正在处理 CID: 216322
2025-08-31 12:19:07 [pubchem] INFO: 正在处理 CID: 65866
2025-08-31 12:19:07 [pubchem] INFO: 正在处理 CID: 157917
2025-08-31 12:19:07 [pubchem] INFO: 正在处理 CID: 9918244
2025-08-31 12:19:07 [pubchem] INFO: 正在处理 CID: 12560
2025-08-31 12:19:07 [pubchem] INFO: 正在处理 CID: 5284554
2025-08-31 12:19:07 [pubchem] INFO: 正在处理 CID: 441371
2025-08-31 12:19:07 [pubchem] INFO: 正在处理 CID: 443953
2025-08-31 12:19:07 [pubchem] INFO: 正在处理 CID: 16051953
2025-08-31 12:19:07 [pubchem] INFO: 正在处理 CID: 71469
2025-08-31 12:19:07 [pubchem] INFO: 正在处理 CID: 71277
2025-08-31 12:19:07 [pubchem] INFO: 正在处理 CID: 20055320
2025-08-31 12:19:07 [pubchem] INFO: 正在处理 CID: 12559
2025-08-31 12:19:07 [pubchem] INFO: 正在处理 CID: 71276
2025-08-31 12:19:07 [pubchem] INFO: 正在处理 CID: 83938
2025-08-31 12:19:07 [pubchem] INFO: 正在处理 CID: 5625
2025-08-31 12:19:07 [pubchem] INFO: 正在处理 CID: 441386
2025-08-31 12:19:07 [pubchem] INFO: 正在处理 CID: 6451164
2025-08-31 12:19:07 [pubchem] INFO: 正在处理 CID: 11711114
2025-08-31 12:19:07 [pubchem] INFO: 正在处理 CID: 5978
2025-08-31 12:19:07 [pubchem] INFO: 正在处理 CID: 249332
2025-08-31 12:19:07 [pubchem] INFO: 正在处理 CID: 40839
2025-08-31 12:19:07 [pubchem] INFO: 正在处理 CID: 76958180
2025-08-31 12:19:07 [pubchem] INFO: 正在处理 CID: 9854073
2025-08-31 12:19:07 [pubchem] INFO: 正在处理 CID: 9854073
2025-08-31 12:19:07 [pubchem] INFO: 正在处理 CID: 24826799
2025-08-31 12:19:07 [pubchem] INFO: 正在处理 CID: 46908927
2025-08-31 12:19:07 [pubchem] INFO: 正在处理 CID: 6914273
2025-08-31 12:19:07 [pubchem] INFO: 正在处理 CID: 6604100
2025-08-31 12:19:07 [pubchem] INFO: 正在处理 CID: 40692
2025-08-31 12:19:07 [pubchem] INFO: 正在处理 CID: 65329
2025-08-31 12:19:07 [pubchem] INFO: 正在处理 CID: 33036
2025-08-31 12:19:07 [pubchem] INFO: 正在处理 CID: 5281070
2025-08-31 12:19:07 [pubchem] INFO: 正在处理 CID: 24873435
2025-08-31 12:19:07 [pubchem] INFO: 正在处理 CID: 46866715
2025-08-31 12:19:07 [pubchem] INFO: 正在处理 CID: 9823820
2025-08-31 12:19:07 [pubchem] INFO: 正在处理 CID: 11237762
2025-08-31 12:19:07 [pubchem] INFO: 正在处理 CID: 24889392
2025-08-31 12:19:07 [pubchem] INFO: 正在处理 CID: 25184035
2025-08-31 12:19:07 [pubchem] INFO: 正在处理 CID: 6918606
2025-08-31 12:19:07 [pubchem] INFO: 正在处理 CID: 72196309
2025-08-31 12:19:07 [pubchem] INFO: 正在处理 CID: 24775005
2025-08-31 12:19:07 [pubchem] INFO: 正在处理 CID: 45138699
2025-08-31 12:19:07 [pubchem] INFO: 正在处理 CID: 11319217
2025-08-31 12:19:07 [pubchem] INFO: 正在处理 CID: 46892186
2025-08-31 12:19:07 [pubchem] INFO: 正在处理 CID: 11317439
2025-08-31 12:19:07 [pubchem] INFO: 正在处理 CID: 9924495
2025-08-31 12:19:07 [pubchem] INFO: 正在处理 CID: 70679123
2025-08-31 12:19:07 [pubchem] INFO: 正在处理 CID: 135565596
2025-08-31 12:19:07 [pubchem] INFO: 正在处理 CID: 135565785
2025-08-31 12:19:07 [pubchem] INFO: 正在处理 CID: 135566117
2025-08-31 12:19:07 [pubchem] INFO: 正在处理 CID: 47936
2025-08-31 12:19:07 [pubchem] INFO: 正在处理 CID: 444028
2025-08-31 12:19:07 [pubchem] INFO: 正在处理 CID: 5743
2025-08-31 12:19:07 [pubchem] INFO: 正在处理 CID: 236702
2025-08-31 12:19:07 [pubchem] INFO: 正在处理 CID: 20055086
2025-08-31 12:19:07 [pubchem] INFO: 正在处理 CID: 5284540
2025-08-31 12:19:07 [pubchem] INFO: 正在处理 CID: 656777
2025-08-31 12:19:07 [pubchem] INFO: 正在处理 CID: 236702
2025-08-31 12:19:07 [pubchem] INFO: 正在处理 CID: 656778
2025-08-31 12:19:07 [pubchem] INFO: 正在处理 CID: 15159004
2025-08-31 12:19:07 [pubchem] INFO: 正在处理 CID: 63049
2025-08-31 12:19:07 [pubchem] INFO: 正在处理 CID: 16752
2025-08-31 12:19:07 [pubchem] INFO: 正在处理 CID: 23672582
2025-08-31 12:19:07 [pubchem] INFO: 正在处理 CID: 63044
2025-08-31 12:19:07 [pubchem] INFO: 正在处理 CID: 63038
2025-08-31 12:19:07 [pubchem] INFO: 正在处理 CID: 9400
2025-08-31 12:19:07 [pubchem] INFO: 正在处理 CID: 23667620
2025-08-31 12:19:07 [pubchem] INFO: 正在处理 CID: 16961
2025-08-31 12:19:07 [pubchem] INFO: 正在处理 CID: 63047
2025-08-31 12:19:07 [pubchem] INFO: 正在处理 CID: 4594
2025-08-31 12:19:07 [pubchem] INFO: 正在处理 CID: 130564
2025-08-31 12:19:07 [pubchem] INFO: 正在处理 CID: 10959536
2025-08-31 12:19:07 [pubchem] INFO: 正在处理 CID: 4679
2025-08-31 12:19:07 [pubchem] INFO: 正在处理 CID: 15008962
2025-08-31 12:19:07 [pubchem] INFO: 正在处理 CID: 5029
2025-08-31 12:19:07 [pubchem] INFO: 正在处理 CID: 14720269
2025-08-31 12:19:07 [pubchem] INFO: 正在处理 CID: 9568614
2025-08-31 12:19:07 [pubchem] INFO: 正在处理 CID: 9568613
2025-08-31 12:19:07 [pubchem] INFO: 正在处理 CID: 17747012
2025-08-31 12:19:07 [pubchem] INFO: 正在处理 CID: 23672364
2025-08-31 12:19:07 [pubchem] INFO: 正在处理 CID: 23674541
2025-08-31 12:19:07 [pubchem] INFO: 正在处理 CID: 16048656
2025-08-31 12:19:07 [pubchem] INFO: 正在处理 CID: 2099
2025-08-31 12:19:07 [pubchem] INFO: 正在处理 CID: 60758
2025-08-31 12:19:07 [pubchem] INFO: 正在处理 CID: 3151
2025-08-31 12:19:07 [pubchem] INFO: 正在处理 CID: 6604595
2025-08-31 12:19:07 [pubchem] INFO: 正在处理 CID: 4595
2025-08-31 12:19:07 [pubchem] INFO: 正在处理 CID: 59774
2025-08-31 12:19:07 [pubchem] INFO: 正在处理 CID: 5284566
2025-08-31 12:19:07 [pubchem] INFO: 正在处理 CID: 6918003
2025-08-31 12:19:07 [pubchem] INFO: 正在处理 CID: 6337614
2025-08-31 12:19:07 [pubchem] INFO: 正在处理 CID: 6918303
2025-08-31 12:19:07 [pubchem] INFO: 正在处理 CID: 135413536
2025-08-31 12:19:07 [pubchem] INFO: 正在处理 CID: 135413538
2025-08-31 12:19:07 [pubchem] INFO: 正在处理 CID: 135564864
2025-08-31 12:19:07 [pubchem] INFO: 正在处理 CID: 3955
2025-08-31 12:19:07 [pubchem] INFO: 正在处理 CID: 71420
2025-08-31 12:19:07 [pubchem] INFO: 正在处理 CID: 71421
2025-08-31 12:19:07 [pubchem] INFO: 正在处理 CID: 3337
2025-08-31 12:19:07 [pubchem] INFO: 正在处理 CID: 91452
2025-08-31 12:19:07 [pubchem] INFO: 正在处理 CID: 11243969
2025-08-31 12:19:07 [pubchem] INFO: 正在处理 CID: 53297473
2025-08-31 12:19:07 [pubchem] INFO: 正在处理 CID: 49800073
2025-08-31 12:19:07 [pubchem] INFO: 正在处理 CID: 23652731
2025-08-31 12:19:07 [pubchem] INFO: 正在处理 CID: 52918379
2025-08-31 12:19:07 [pubchem] INFO: 正在处理 CID: 60606
2025-08-31 12:19:07 [pubchem] INFO: 正在处理 CID: 9847991
2025-08-31 12:19:07 [pubchem] INFO: 正在处理 CID: 115366
2025-08-31 12:19:07 [pubchem] INFO: 正在处理 CID: 9798860
2025-08-31 12:19:07 [pubchem] INFO: 正在处理 CID: 92722
2025-08-31 12:19:07 [pubchem] INFO: 正在处理 CID: 92722
2025-08-31 12:19:07 [pubchem] INFO: 正在处理 CID: 3114
2025-08-31 12:19:07 [pubchem] INFO: 正在处理 CID: 30928
2025-08-31 12:19:07 [pubchem] INFO: 正在处理 CID: 3676
2025-08-31 12:19:07 [pubchem] INFO: 正在处理 CID: 6314
2025-08-31 12:19:07 [pubchem] INFO: 正在处理 CID: 16219577
2025-08-31 12:19:07 [pubchem] INFO: 正在处理 CID: 4932
2025-08-31 12:19:07 [pubchem] INFO: 正在处理 CID: 36708
2025-08-31 12:19:07 [pubchem] INFO: 正在处理 CID: 2157
2025-08-31 12:19:07 [pubchem] INFO: 正在处理 CID: 441325
2025-08-31 12:19:07 [pubchem] INFO: 正在处理 CID: 2747
2025-08-31 12:19:07 [pubchem] INFO: 正在处理 CID: 57952
2025-08-31 12:19:07 [pubchem] INFO: 正在处理 CID: 132999
2025-08-31 12:19:07 [pubchem] INFO: 正在处理 CID: 3045381
2025-08-31 12:19:07 [pubchem] INFO: 正在处理 CID: 3519
2025-08-31 12:19:07 [pubchem] INFO: 正在处理 CID: 71401
2025-08-31 12:19:07 [pubchem] INFO: 正在处理 CID: 104865
2025-08-31 12:19:07 [pubchem] INFO: 正在处理 CID: 104865
2025-08-31 12:19:07 [pubchem] INFO: 正在处理 CID: 2585
2025-08-31 12:19:07 [pubchem] INFO: 正在处理 CID: 11954344
2025-08-31 12:19:07 [pubchem] INFO: 正在处理 CID: 2162
2025-08-31 12:19:07 [pubchem] INFO: 正在处理 CID: 44481893
2025-08-31 12:19:07 [pubchem] INFO: 正在处理 CID: 60496
2025-08-31 12:19:07 [pubchem] INFO: 正在处理 CID: 6435922
2025-08-31 12:19:07 [pubchem] INFO: 正在处理 CID: 4474
2025-08-31 12:19:07 [pubchem] INFO: 正在处理 CID: 41114
2025-08-31 12:19:07 [pubchem] INFO: 正在处理 CID: 4008
2025-08-31 12:19:07 [pubchem] INFO: 正在处理 CID: 150762
2025-08-31 12:19:07 [pubchem] INFO: 正在处理 CID: 443869
2025-08-31 12:19:07 [pubchem] INFO: 正在处理 CID: 443868
2025-08-31 12:19:07 [pubchem] INFO: 正在处理 CID: 656668
2025-08-31 12:19:07 [pubchem] INFO: 正在处理 CID: 656667
2025-08-31 12:19:07 [pubchem] INFO: 正在处理 CID: 2520
2025-08-31 12:19:07 [pubchem] INFO: 正在处理 CID: 62969
2025-08-31 12:19:07 [pubchem] INFO: 正在处理 CID: 39186
2025-08-31 12:19:07 [pubchem] INFO: 正在处理 CID: 62920
2025-08-31 12:19:07 [pubchem] INFO: 正在处理 CID: 3037122
2025-08-31 12:19:07 [pubchem] INFO: 正在处理 CID: 2351
2025-08-31 12:19:07 [pubchem] INFO: 正在处理 CID: 50088
2025-08-31 12:19:07 [pubchem] INFO: 正在处理 CID: 5493444
2025-08-31 12:19:07 [pubchem] INFO: 正在处理 CID: 6918427
2025-08-31 12:19:07 [pubchem] INFO: 正在处理 CID: 1548972
2025-08-31 12:19:07 [pubchem] INFO: 正在处理 CID: 23679527
2025-08-31 12:19:07 [pubchem] INFO: 正在处理 CID: 60823
2025-08-31 12:19:07 [pubchem] INFO: 正在处理 CID: 656846
2025-08-31 12:19:07 [pubchem] INFO: 正在处理 CID: 60822
2025-08-31 12:19:07 [pubchem] INFO: 正在处理 CID: 51039411
2025-08-31 12:19:07 [pubchem] INFO: 正在处理 CID: 446156
2025-08-31 12:19:07 [pubchem] INFO: 正在处理 CID: 23663992
2025-08-31 12:19:07 [pubchem] INFO: 正在处理 CID: 9853053
2025-08-31 12:19:07 [pubchem] INFO: 正在处理 CID: 11274333
2025-08-31 12:19:07 [pubchem] INFO: 正在处理 CID: 1549008
2025-08-31 12:19:07 [pubchem] INFO: 正在处理 CID: 5282481
2025-08-31 12:19:07 [pubchem] INFO: 正在处理 CID: 6741
2025-08-31 12:19:07 [pubchem] INFO: 正在处理 CID: 63019
2025-08-31 12:19:07 [pubchem] INFO: 正在处理 CID: 5877
2025-08-31 12:19:07 [pubchem] INFO: 正在处理 CID: 16923
2025-08-31 12:19:07 [pubchem] INFO: 正在处理 CID: 21115
2025-08-31 12:19:07 [pubchem] INFO: 正在处理 CID: 23680530
2025-08-31 12:19:07 [pubchem] INFO: 正在处理 CID: 23663977
2025-08-31 12:19:07 [pubchem] INFO: 正在处理 CID: 441335
2025-08-31 12:19:07 [pubchem] INFO: 正在处理 CID: 441336
2025-08-31 12:19:07 [pubchem] INFO: 正在处理 CID: 9893453
2025-08-31 12:19:07 [pubchem] INFO: 正在处理 CID: 5311101
2025-08-31 12:19:07 [pubchem] INFO: 正在处理 CID: 9854489
2025-08-31 12:19:07 [pubchem] INFO: 正在处理 CID: 444036
2025-08-31 12:19:07 [pubchem] INFO: 正在处理 CID: 445643
2025-08-31 12:19:07 [pubchem] INFO: 正在处理 CID: 445643
2025-08-31 12:19:07 [pubchem] INFO: 正在处理 CID: 8226
2025-08-31 12:19:07 [pubchem] INFO: 正在处理 CID: 5281072
2025-08-31 12:19:07 [pubchem] INFO: 正在处理 CID: 443884
2025-08-31 12:19:07 [pubchem] INFO: 正在处理 CID: 6437065
2025-08-31 12:19:07 [pubchem] INFO: 正在处理 CID: 31101
2025-08-31 12:19:07 [pubchem] INFO: 正在处理 CID: 31100
2025-08-31 12:19:07 [pubchem] INFO: 正在处理 CID: 5991
2025-08-31 12:19:07 [pubchem] INFO: 正在处理 CID: 68582
2025-08-31 12:19:07 [pubchem] INFO: 正在处理 CID: 5757
2025-08-31 12:19:07 [pubchem] INFO: 正在处理 CID: 66440
2025-08-31 12:19:07 [pubchem] INFO: 正在处理 CID: 9818306
2025-08-31 12:19:07 [pubchem] INFO: 正在处理 CID: 222757
2025-08-31 12:19:07 [pubchem] INFO: 正在处理 CID: 9403
2025-08-31 12:19:07 [pubchem] INFO: 正在处理 CID: 8225
2025-08-31 12:19:07 [pubchem] INFO: 正在处理 CID: 21070
2025-08-31 12:19:07 [pubchem] INFO: 正在处理 CID: 154274
2025-08-31 12:19:07 [pubchem] INFO: 正在处理 CID: 19135
2025-08-31 12:19:07 [pubchem] INFO: 正在处理 CID: 13791
2025-08-31 12:19:07 [pubchem] INFO: 正在处理 CID: 5870
2025-08-31 12:19:07 [pubchem] INFO: 正在处理 CID: 23667301
2025-08-31 12:19:07 [pubchem] INFO: 正在处理 CID: 5284555
2025-08-31 12:19:07 [pubchem] INFO: 正在处理 CID: 23676225
2025-08-31 12:19:07 [pubchem] INFO: 正在处理 CID: 4634
2025-08-31 12:19:07 [pubchem] INFO: 正在处理 CID: 91505
2025-08-31 12:19:07 [pubchem] INFO: 正在处理 CID: 4942
2025-08-31 12:19:07 [pubchem] INFO: 正在处理 CID: 441412
2025-08-31 12:19:07 [pubchem] INFO: 正在处理 CID: 443879
2025-08-31 12:19:07 [pubchem] INFO: 正在处理 CID: 443878
2025-08-31 12:19:07 [pubchem] INFO: 正在处理 CID: 154059
2025-08-31 12:19:07 [pubchem] INFO: 正在处理 CID: 216457
2025-08-31 12:19:07 [pubchem] INFO: 正在处理 CID: 444031
2025-08-31 12:19:07 [pubchem] INFO: 正在处理 CID: 444030
2025-08-31 12:19:07 [pubchem] INFO: 正在处理 CID: 6918558
2025-08-31 12:19:07 [pubchem] INFO: 正在处理 CID: 9849808
2025-08-31 12:19:07 [pubchem] INFO: 正在处理 CID: 135398744
2025-08-31 12:19:07 [pubchem] INFO: 正在处理 CID: 135413523
2025-08-31 12:19:07 [pubchem] INFO: 正在处理 CID: 135400189
2025-08-31 12:19:07 [pubchem] INFO: 正在处理 CID: 135438569
2025-08-31 12:19:07 [pubchem] INFO: 正在处理 CID: 135413545
2025-08-31 12:19:07 [pubchem] INFO: 正在处理 CID: 2092
2025-08-31 12:19:07 [pubchem] INFO: 正在处理 CID: 71764
2025-08-31 12:19:07 [pubchem] INFO: 正在处理 CID: 156419
2025-08-31 12:19:07 [pubchem] INFO: 正在处理 CID: 156418
2025-08-31 12:19:07 [pubchem] INFO: 正在处理 CID: 84029
2025-08-31 12:19:07 [pubchem] INFO: 正在处理 CID: 178265
2025-08-31 12:19:07 [pubchem] INFO: 正在处理 CID: 4583
2025-08-31 12:19:07 [pubchem] INFO: 正在处理 CID: 189546
2025-08-31 12:19:07 [pubchem] INFO: 正在处理 CID: 5388906
2025-08-31 12:19:07 [pubchem] INFO: 正在处理 CID: 24812732
2025-08-31 12:19:07 [pubchem] INFO: 正在处理 CID: 441243
2025-08-31 12:19:07 [pubchem] INFO: 正在处理 CID: 60934
2025-08-31 12:19:07 [pubchem] INFO: 正在处理 CID: 5362440
2025-08-31 12:19:07 [pubchem] INFO: 正在处理 CID: 5362440
2025-08-31 12:19:07 [pubchem] INFO: 正在处理 CID: 5462355
2025-08-31 12:19:07 [pubchem] INFO: 正在处理 CID: 11954281
2025-08-31 12:19:07 [pubchem] INFO: 正在处理 CID: 64143
2025-08-31 12:19:07 [pubchem] INFO: 正在处理 CID: 64142
2025-08-31 12:19:07 [pubchem] INFO: 正在处理 CID: 131536
2025-08-31 12:19:07 [pubchem] INFO: 正在处理 CID: 131535
2025-08-31 12:19:07 [pubchem] INFO: 正在处理 CID: 11954282
2025-08-31 12:19:07 [pubchem] INFO: 正在处理 CID: 131537
2025-08-31 12:19:07 [pubchem] INFO: 正在处理 CID: 213039
2025-08-31 12:19:07 [pubchem] INFO: 正在处理 CID: 23725083
2025-08-31 12:19:07 [pubchem] INFO: 正在处理 CID: 53259004
2025-08-31 12:19:07 [pubchem] INFO: 正在处理 CID: 71666654
2025-08-31 12:19:07 [pubchem] INFO: 正在处理 CID: 54726191
2025-08-31 12:19:07 [pubchem] INFO: 正在处理 CID: 46216142
2025-08-31 12:19:07 [pubchem] INFO: 正在处理 CID: 2907
2025-08-31 12:19:07 [pubchem] INFO: 正在处理 CID: 2907
2025-08-31 12:19:07 [pubchem] INFO: 正在处理 CID: 13342
2025-08-31 12:19:07 [pubchem] INFO: 正在处理 CID: 5388983
2025-08-31 12:19:07 [pubchem] INFO: 正在处理 CID: 5311497
2025-08-31 12:19:07 [pubchem] INFO: 正在处理 CID: 11607738
2025-08-31 12:19:07 [pubchem] INFO: 正在处理 CID: 148124
2025-08-31 12:19:07 [pubchem] INFO: 正在处理 CID: 148124
2025-08-31 12:19:07 [pubchem] INFO: 正在处理 CID: 5291
2025-08-31 12:19:07 [pubchem] INFO: 正在处理 CID: 123596
2025-08-31 12:19:07 [pubchem] INFO: 正在处理 CID: 176870
2025-08-31 12:19:07 [pubchem] INFO: 正在处理 CID: 176871
2025-08-31 12:19:07 [pubchem] INFO: 正在处理 CID: 5329102
2025-08-31 12:19:07 [pubchem] INFO: 正在处理 CID: 6456015
2025-08-31 12:19:07 [pubchem] INFO: 正在处理 CID: 3062316
2025-08-31 12:19:07 [pubchem] INFO: 正在处理 CID: 3062316
2025-08-31 12:19:07 [pubchem] INFO: 正在处理 CID: 146048051
2025-08-31 12:19:07 [pubchem] INFO: 正在处理 CID: 644241
2025-08-31 12:19:07 [pubchem] INFO: 正在处理 CID: 166451396
2025-08-31 12:19:07 [pubchem] INFO: 正在处理 CID: 67323320
2025-08-31 12:19:07 [pubchem] INFO: 正在处理 CID: 16757572
2025-08-31 12:19:07 [pubchem] INFO: 正在处理 CID: 146473444
2025-08-31 12:19:07 [pubchem] INFO: 正在处理 CID: 5328940
2025-08-31 12:19:07 [pubchem] INFO: 正在处理 CID: 11990828
2025-08-31 12:19:07 [pubchem] INFO: 正在处理 CID: 25126798
2025-08-31 12:19:07 [pubchem] INFO: 正在处理 CID: 25127112
2025-08-31 12:19:07 [pubchem] INFO: 正在处理 CID: 11167602
2025-08-31 12:19:07 [pubchem] INFO: 正在处理 CID: 24768591
2025-08-31 12:19:07 [pubchem] INFO: 正在处理 CID: 44462760
2025-08-31 12:19:07 [pubchem] INFO: 正在处理 CID: 44516822
2025-08-31 12:19:07 [pubchem] INFO: 正在处理 CID: 60838
2025-08-31 12:19:07 [pubchem] INFO: 正在处理 CID: 74990
2025-08-31 12:19:07 [pubchem] INFO: 正在处理 CID: 76964235
2025-08-31 12:19:07 [pubchem] INFO: 正在处理 CID: 2733526
2025-08-31 12:19:07 [pubchem] INFO: 正在处理 CID: 2733525
2025-08-31 12:19:07 [pubchem] INFO: 正在处理 CID: 3005573
2025-08-31 12:19:07 [pubchem] INFO: 正在处理 CID: 3005572
2025-08-31 12:19:07 [pubchem] INFO: 正在处理 CID: 9926791
2025-08-31 12:19:07 [pubchem] INFO: 正在处理 CID: 10174505
2025-08-31 12:19:07 [pubchem] INFO: 正在处理 CID: 3345
2025-08-31 12:19:07 [pubchem] INFO: 正在处理 CID: 13810
2025-08-31 12:19:07 [pubchem] INFO: 正在处理 CID: 83932
2025-08-31 12:19:07 [pubchem] INFO: 正在处理 CID: 2474
2025-08-31 12:19:07 [pubchem] INFO: 正在处理 CID: 64737
2025-08-31 12:19:07 [pubchem] INFO: 正在处理 CID: 175805
2025-08-31 12:19:07 [pubchem] INFO: 正在处理 CID: 175804
2025-08-31 12:19:07 [pubchem] INFO: 正在处理 CID: 92253
2025-08-31 12:19:07 [pubchem] INFO: 正在处理 CID: 117965
2025-08-31 12:19:07 [pubchem] INFO: 正在处理 CID: 5284603
2025-08-31 12:19:07 [pubchem] INFO: 正在处理 CID: 5462350
2025-08-31 12:19:07 [pubchem] INFO: 正在处理 CID: 23724988
2025-08-31 12:19:07 [pubchem] INFO: 正在处理 CID: 23724882
2025-08-31 12:19:07 [pubchem] INFO: 正在处理 CID: 5284543
2025-08-31 12:19:07 [pubchem] INFO: 正在处理 CID: 5492624
2025-08-31 12:19:07 [pubchem] INFO: 正在处理 CID: 5493302
2025-08-31 12:19:07 [pubchem] INFO: 正在处理 CID: 46174078
2025-08-31 12:19:07 [pubchem] INFO: 正在处理 CID: 644073
2025-08-31 12:19:07 [pubchem] INFO: 正在处理 CID: 3033050
2025-08-31 12:19:07 [pubchem] INFO: 正在处理 CID: 33741
2025-08-31 12:19:07 [pubchem] INFO: 正在处理 CID: 63013
2025-08-31 12:19:07 [pubchem] INFO: 正在处理 CID: 10531
2025-08-31 12:19:07 [pubchem] INFO: 正在处理 CID: 71171
2025-08-31 12:19:07 [pubchem] INFO: 正在处理 CID: 3037136
2025-08-31 12:19:07 [pubchem] INFO: 正在处理 CID: 8223
2025-08-31 12:19:07 [pubchem] INFO: 正在处理 CID: 9787
2025-08-31 12:19:07 [pubchem] INFO: 正在处理 CID: 4440
2025-08-31 12:19:07 [pubchem] INFO: 正在处理 CID: 60875
2025-08-31 12:19:07 [pubchem] INFO: 正在处理 CID: 123606
2025-08-31 12:19:07 [pubchem] INFO: 正在处理 CID: 123607
2025-08-31 12:19:07 [pubchem] INFO: 正在处理 CID: 77993
2025-08-31 12:19:07 [pubchem] INFO: 正在处理 CID: 656631
2025-08-31 12:19:07 [pubchem] INFO: 正在处理 CID: 9891365
2025-08-31 12:19:07 [pubchem] INFO: 正在处理 CID: 26757
2025-08-31 12:19:07 [pubchem] INFO: 正在处理 CID: 26758
2025-08-31 12:19:07 [pubchem] INFO: 正在处理 CID: 3559
2025-08-31 12:19:07 [pubchem] INFO: 正在处理 CID: 52919
2025-08-31 12:19:07 [pubchem] INFO: 正在处理 CID: 16051968
2025-08-31 12:19:07 [pubchem] INFO: 正在处理 CID: 2448
2025-08-31 12:19:07 [pubchem] INFO: 正在处理 CID: 156321
2025-08-31 12:19:07 [pubchem] INFO: 正在处理 CID: 3964
2025-08-31 12:19:07 [pubchem] INFO: 正在处理 CID: 71400
2025-08-31 12:19:07 [pubchem] INFO: 正在处理 CID: 71399
2025-08-31 12:19:07 [pubchem] INFO: 正在处理 CID: 5002
2025-08-31 12:19:07 [pubchem] INFO: 正在处理 CID: 5281025
2025-08-31 12:19:07 [pubchem] INFO: 正在处理 CID: 60795
2025-08-31 12:19:07 [pubchem] INFO: 正在处理 CID: 49831462
2025-08-31 12:19:07 [pubchem] INFO: 正在处理 CID: 11408688
2025-08-31 12:19:07 [pubchem] INFO: 正在处理 CID: 49831411
2025-08-31 12:19:07 [pubchem] INFO: 正在处理 CID: 4192
2025-08-31 12:19:07 [pubchem] INFO: 正在处理 CID: 43032
2025-08-31 12:19:07 [pubchem] INFO: 正在处理 CID: 5384200
2025-08-31 12:19:07 [pubchem] INFO: 正在处理 CID: 5732
2025-08-31 12:19:07 [pubchem] INFO: 正在处理 CID: 441338
2025-08-31 12:19:07 [pubchem] INFO: 正在处理 CID: 3696
2025-08-31 12:19:07 [pubchem] INFO: 正在处理 CID: 8228
2025-08-31 12:19:07 [pubchem] INFO: 正在处理 CID: 24904
2025-08-31 12:19:07 [pubchem] INFO: 正在处理 CID: 2801
2025-08-31 12:19:07 [pubchem] INFO: 正在处理 CID: 68539
2025-08-31 12:19:07 [pubchem] INFO: 正在处理 CID: 2160
2025-08-31 12:19:07 [pubchem] INFO: 正在处理 CID: 11065
2025-08-31 12:19:07 [pubchem] INFO: 正在处理 CID: 2771
2025-08-31 12:19:07 [pubchem] INFO: 正在处理 CID: 77995
2025-08-31 12:19:07 [pubchem] INFO: 正在处理 CID: 3020376
2025-08-31 12:19:07 [pubchem] INFO: 正在处理 CID: 68617
2025-08-31 12:19:07 [pubchem] INFO: 正在处理 CID: 63009
2025-08-31 12:19:07 [pubchem] INFO: 正在处理 CID: 146570
2025-08-31 12:19:07 [pubchem] INFO: 正在处理 CID: 146571
2025-08-31 12:19:07 [pubchem] INFO: 正在处理 CID: 4184
2025-08-31 12:19:07 [pubchem] INFO: 正在处理 CID: 68551
2025-08-31 12:19:07 [pubchem] INFO: 正在处理 CID: 5533
2025-08-31 12:19:07 [pubchem] INFO: 正在处理 CID: 62935
2025-08-31 12:19:07 [pubchem] INFO: 正在处理 CID: 5656
2025-08-31 12:19:07 [pubchem] INFO: 正在处理 CID: 87460500
2025-08-31 12:19:07 [pubchem] INFO: 正在处理 CID: 62923
2025-08-31 12:19:07 [pubchem] INFO: 正在处理 CID: 125017
2025-08-31 12:19:07 [pubchem] INFO: 正在处理 CID: 9800068
2025-08-31 12:19:07 [pubchem] INFO: 正在处理 CID: 9800068
2025-08-31 12:19:07 [pubchem] INFO: 正在处理 CID: 6918314
2025-08-31 12:19:07 [pubchem] INFO: 正在处理 CID: 6918313
2025-08-31 12:19:07 [pubchem] INFO: 正在处理 CID: 9966051
2025-08-31 12:19:07 [pubchem] INFO: 正在处理 CID: 132233889
2025-08-31 12:19:07 [pubchem] INFO: 正在处理 CID: 56843850
2025-08-31 12:19:07 [pubchem] INFO: 正在处理 CID: 2519
2025-08-31 12:19:07 [pubchem] INFO: 正在处理 CID: 6241
2025-08-31 12:19:07 [pubchem] INFO: 正在处理 CID: 64119
2025-08-31 12:19:07 [pubchem] INFO: 正在处理 CID: 3152
2025-08-31 12:19:07 [pubchem] INFO: 正在处理 CID: 5741
2025-08-31 12:19:07 [pubchem] INFO: 正在处理 CID: 9651
2025-08-31 12:19:07 [pubchem] INFO: 正在处理 CID: 121587
2025-08-31 12:19:07 [pubchem] INFO: 正在处理 CID: 83898
2025-08-31 12:19:07 [pubchem] INFO: 正在处理 CID: 22083401
2025-08-31 12:19:07 [pubchem] INFO: 正在处理 CID: 4095
2025-08-31 12:19:07 [pubchem] INFO: 正在处理 CID: 14184
2025-08-31 12:19:07 [pubchem] INFO: 正在处理 CID: 15130
2025-08-31 12:19:07 [pubchem] INFO: 正在处理 CID: 39371
2025-08-31 12:19:07 [pubchem] INFO: 正在处理 CID: 3652
2025-08-31 12:19:07 [pubchem] INFO: 正在处理 CID: 12947
2025-08-31 12:19:07 [pubchem] INFO: 正在处理 CID: 3034034
2025-08-31 12:19:07 [pubchem] INFO: 正在处理 CID: 56840788
2025-08-31 12:19:07 [pubchem] INFO: 正在处理 CID: 91429
2025-08-31 12:19:07 [pubchem] INFO: 正在处理 CID: 6975516
2025-08-31 12:19:07 [pubchem] INFO: 正在处理 CID: 91558
2025-08-31 12:19:07 [pubchem] INFO: 正在处理 CID: 16051948
2025-08-31 12:19:07 [pubchem] INFO: 正在处理 CID: 82153
2025-08-31 12:19:07 [pubchem] INFO: 正在处理 CID: 82153
2025-08-31 12:19:07 [pubchem] INFO: 正在处理 CID: 23724908
2025-08-31 12:19:07 [pubchem] INFO: 正在处理 CID: 5152
2025-08-31 12:19:07 [pubchem] INFO: 正在处理 CID: 56801
2025-08-31 12:19:07 [pubchem] INFO: 正在处理 CID: 4916
2025-08-31 12:19:07 [pubchem] INFO: 正在处理 CID: 16219912
2025-08-31 12:19:07 [pubchem] INFO: 正在处理 CID: 23724982
2025-08-31 12:19:07 [pubchem] INFO: 正在处理 CID: 6918554
2025-08-31 12:19:07 [pubchem] INFO: 正在处理 CID: 24178422
2025-08-31 12:19:07 [pubchem] INFO: 正在处理 CID: 9827599
2025-08-31 12:19:07 [pubchem] INFO: 正在处理 CID: 4887
2025-08-31 12:19:07 [pubchem] INFO: 正在处理 CID: 11979774
2025-08-31 12:19:07 [pubchem] INFO: 正在处理 CID: 5281040
2025-08-31 12:19:07 [pubchem] INFO: 正在处理 CID: 23663996
2025-08-31 12:19:07 [pubchem] INFO: 正在处理 CID: 5359271
2025-08-31 12:19:07 [pubchem] INFO: 正在处理 CID: 5360215
2025-08-31 12:19:07 [pubchem] INFO: 正在处理 CID: 5284569
2025-08-31 12:19:07 [pubchem] INFO: 正在处理 CID: 5463977
2025-08-31 12:19:07 [pubchem] INFO: 正在处理 CID: 12358607
2025-08-31 12:19:07 [pubchem] INFO: 正在处理 CID: 5284569
2025-08-31 12:19:07 [pubchem] INFO: 正在处理 CID: 5284371
2025-08-31 12:19:07 [pubchem] INFO: 正在处理 CID: 5284371
2025-08-31 12:19:07 [pubchem] INFO: 正在处理 CID: 15984075
2025-08-31 12:19:07 [pubchem] INFO: 正在处理 CID: 5359227
2025-08-31 12:19:07 [pubchem] INFO: 正在处理 CID: 5284371
2025-08-31 12:19:07 [pubchem] INFO: 正在处理 CID: 21155870
2025-08-31 12:19:07 [pubchem] INFO: 正在处理 CID: 1549000
2025-08-31 12:19:07 [pubchem] INFO: 正在处理 CID: 9955977
2025-08-31 12:19:07 [pubchem] INFO: 正在处理 CID: 133017
2025-08-31 12:19:07 [pubchem] INFO: 正在处理 CID: 6449107
2025-08-31 12:19:07 [pubchem] INFO: 正在处理 CID: 3156
2025-08-31 12:19:07 [pubchem] INFO: 正在处理 CID: 64647
2025-08-31 12:19:07 [pubchem] INFO: 正在处理 CID: 5284549
2025-08-31 12:19:07 [pubchem] INFO: 正在处理 CID: 6918132
2025-08-31 12:19:07 [pubchem] INFO: 正在处理 CID: 131682
2025-08-31 12:19:07 [pubchem] INFO: 正在处理 CID: 3038502
2025-08-31 12:19:07 [pubchem] INFO: 正在处理 CID: 11949652
2025-08-31 12:19:07 [pubchem] INFO: 正在处理 CID: 11996485
2025-08-31 12:19:07 [pubchem] INFO: 正在处理 CID: 53297474
2025-08-31 12:19:07 [pubchem] INFO: 正在处理 CID: 119584
2025-08-31 12:19:07 [pubchem] INFO: 正在处理 CID: 6918047
2025-08-31 12:19:07 [pubchem] INFO: 正在处理 CID: 11154555
2025-08-31 12:19:07 [pubchem] INFO: 正在处理 CID: 25096873
2025-08-31 12:19:07 [pubchem] INFO: 正在处理 CID: 5069
2025-08-31 12:19:07 [pubchem] INFO: 正在处理 CID: 135366
2025-08-31 12:19:07 [pubchem] INFO: 正在处理 CID: 5160
2025-08-31 12:19:07 [pubchem] INFO: 正在处理 CID: 444005
2025-08-31 12:19:07 [pubchem] INFO: 正在处理 CID: 54732242
2025-08-31 12:19:07 [pubchem] INFO: 正在处理 CID: 56837137
2025-08-31 12:19:07 [pubchem] INFO: 正在处理 CID: 10077130
2025-08-31 12:19:07 [pubchem] INFO: 正在处理 CID: 10077129
2025-08-31 12:19:07 [pubchem] INFO: 正在处理 CID: 25062766
2025-08-31 12:19:07 [pubchem] INFO: 正在处理 CID: 57345482
2025-08-31 12:19:07 [pubchem] INFO: 正在处理 CID: 102514733
2025-08-31 12:19:07 [pubchem] INFO: 正在处理 CID: 9911830
2025-08-31 12:19:07 [pubchem] INFO: 正在处理 CID: 11547978
2025-08-31 12:19:07 [pubchem] INFO: 正在处理 CID: 6918837
2025-08-31 12:19:07 [pubchem] INFO: 正在处理 CID: 23725423
2025-08-31 12:19:07 [pubchem] INFO: 正在处理 CID: 10127622
2025-08-31 12:19:07 [pubchem] INFO: 正在处理 CID: 16214875
2025-08-31 12:19:07 [pubchem] INFO: 正在处理 CID: 11671467
2025-08-31 12:19:07 [pubchem] INFO: 正在处理 CID: 25008120
2025-08-31 12:19:07 [pubchem] INFO: 正在处理 CID: 36314
2025-08-31 12:19:07 [pubchem] INFO: 正在处理 CID: 44145344
2025-08-31 12:19:07 [pubchem] INFO: 正在处理 CID: 49806720
2025-08-31 12:19:07 [pubchem] INFO: 正在处理 CID: 53239799
2025-08-31 12:19:07 [pubchem] INFO: 正在处理 CID: 25154714
2025-08-31 12:19:07 [pubchem] INFO: 正在处理 CID: 25154713
2025-08-31 12:19:07 [pubchem] INFO: 正在处理 CID: 182137
2025-08-31 12:19:07 [pubchem] INFO: 正在处理 CID: 51049968
2025-08-31 12:19:07 [pubchem] INFO: 正在处理 CID: 71586738
2025-08-31 12:19:07 [pubchem] INFO: 正在处理 CID: 49836084
2025-08-31 12:19:07 [pubchem] INFO: 正在处理 CID: 72736244
2025-08-31 12:19:07 [pubchem] INFO: 正在处理 CID: 10311306
2025-08-31 12:19:07 [pubchem] INFO: 正在处理 CID: 16203739
2025-08-31 12:19:07 [pubchem] INFO: 正在处理 CID: 49803313
2025-08-31 12:19:07 [pubchem] INFO: 正在处理 CID: 76970819
2025-08-31 12:19:07 [pubchem] INFO: 正在处理 CID: 9852519
2025-08-31 12:19:07 [pubchem] INFO: 正在处理 CID: 9918581
2025-08-31 12:19:07 [pubchem] INFO: 正在处理 CID: 6420006
2025-08-31 12:19:07 [pubchem] INFO: 正在处理 CID: 592735
2025-08-31 12:19:07 [pubchem] INFO: 正在处理 CID: 25101874
2025-08-31 12:19:07 [pubchem] INFO: 正在处理 CID: 91668189
2025-08-31 12:19:07 [pubchem] INFO: 正在处理 CID: 25145656
2025-08-31 12:19:07 [pubchem] INFO: 正在处理 CID: 122201352
2025-08-31 12:19:07 [pubchem] INFO: 正在处理 CID: 44631912
2025-08-31 12:19:07 [pubchem] INFO: 正在处理 CID: 57334219
2025-08-31 12:19:07 [pubchem] INFO: 正在处理 CID: 24795069
2025-08-31 12:19:07 [pubchem] INFO: 正在处理 CID: 92042922
2025-08-31 12:19:07 [pubchem] INFO: 正在处理 CID: 9915743
2025-08-31 12:19:07 [pubchem] INFO: 正在处理 CID: 67307512
2025-08-31 12:19:07 [pubchem] INFO: 正在处理 CID: 44623998
2025-08-31 12:19:07 [pubchem] INFO: 正在处理 CID: 44624336
2025-08-31 12:19:07 [pubchem] INFO: 正在处理 CID: 58557659
2025-08-31 12:19:07 [pubchem] INFO: 正在处理 CID: 133053456
2025-08-31 12:19:07 [pubchem] INFO: 正在处理 CID: 127263217
2025-08-31 12:19:07 [pubchem] INFO: 正在处理 CID: 4205
2025-08-31 12:19:07 [pubchem] INFO: 正在处理 CID: 9882242
2025-08-31 12:19:07 [pubchem] INFO: 正在处理 CID: 44139752
2025-08-31 12:19:07 [pubchem] INFO: 正在处理 CID: 71009737
2025-08-31 12:19:07 [pubchem] INFO: 正在处理 CID: 57495353
2025-08-31 12:19:07 [pubchem] INFO: 正在处理 CID: 90214495
2025-08-31 12:19:07 [pubchem] INFO: 正在处理 CID: 25151352
2025-08-31 12:19:07 [pubchem] INFO: 正在处理 CID: 73053710
2025-08-31 12:19:07 [pubchem] INFO: 正在处理 CID: 16722836
2025-08-31 12:19:07 [pubchem] INFO: 正在处理 CID: 67517580
2025-08-31 12:19:07 [pubchem] INFO: 正在处理 CID: 72165228
2025-08-31 12:19:07 [pubchem] INFO: 正在处理 CID: 133082086
2025-08-31 12:19:07 [pubchem] INFO: 正在处理 CID: 46224413
2025-08-31 12:19:07 [pubchem] INFO: 正在处理 CID: 121513889
2025-08-31 12:19:07 [pubchem] INFO: 正在处理 CID: 44599207
2025-08-31 12:19:07 [pubchem] INFO: 正在处理 CID: 46700777
2025-08-31 12:19:07 [pubchem] INFO: 正在处理 CID: 9948102
2025-08-31 12:19:07 [pubchem] INFO: 正在处理 CID: 11551689
2025-08-31 12:19:07 [pubchem] INFO: 正在处理 CID: 25185057
2025-08-31 12:19:07 [pubchem] INFO: 正在处理 CID: 86346053
2025-08-31 12:19:07 [pubchem] INFO: 正在处理 CID: 71587953
2025-08-31 12:19:07 [pubchem] INFO: 正在处理 CID: 78131177
2025-08-31 12:19:07 [pubchem] INFO: 正在处理 CID: 23642301
2025-08-31 12:19:07 [pubchem] INFO: 正在处理 CID: 67479909
2025-08-31 12:19:07 [pubchem] INFO: 正在处理 CID: 25171648
2025-08-31 12:19:07 [pubchem] INFO: 正在处理 CID: 46700774
2025-08-31 12:19:07 [pubchem] INFO: 正在处理 CID: 15981397
2025-08-31 12:19:07 [pubchem] INFO: 正在处理 CID: 45375887
2025-08-31 12:19:07 [pubchem] INFO: 正在处理 CID: 121269225
2025-08-31 12:19:07 [pubchem] INFO: 正在处理 CID: 163203547
2025-08-31 12:19:07 [pubchem] INFO: 正在处理 CID: 9578005
2025-08-31 12:19:07 [pubchem] INFO: 正在处理 CID: 71587692
2025-08-31 12:19:07 [pubchem] INFO: 正在处理 CID: 72163100
2025-08-31 12:19:07 [pubchem] INFO: 正在处理 CID: 9821849
2025-08-31 12:19:07 [pubchem] INFO: 正在处理 CID: 138611145
2025-08-31 12:19:07 [pubchem] INFO: 正在处理 CID: 65016
2025-08-31 12:19:07 [pubchem] INFO: 正在处理 CID: 16072155
2025-08-31 12:19:07 [pubchem] INFO: 正在处理 CID: 24872560
2025-08-31 12:19:07 [pubchem] INFO: 正在处理 CID: 10182969
2025-08-31 12:19:07 [pubchem] INFO: 正在处理 CID: 2225
2025-08-31 12:19:07 [pubchem] INFO: 正在处理 CID: 9690109
2025-08-31 12:19:07 [pubchem] INFO: 正在处理 CID: 16099592
2025-08-31 12:19:07 [pubchem] INFO: 正在处理 CID: 86583336
2025-08-31 12:19:07 [pubchem] INFO: 正在处理 CID: 49841217
2025-08-31 12:19:07 [pubchem] INFO: 正在处理 CID: 9869929
2025-08-31 12:19:07 [pubchem] INFO: 正在处理 CID: 6450551
2025-08-31 12:19:07 [pubchem] INFO: 正在处理 CID: 65948
2025-08-31 12:19:07 [pubchem] INFO: 正在处理 CID: 21700
2025-08-31 12:19:07 [pubchem] INFO: 正在处理 CID: 16052009
2025-08-31 12:19:07 [pubchem] INFO: 正在处理 CID: 6918638
2025-08-31 12:19:07 [pubchem] INFO: 正在处理 CID: 117947097
2025-08-31 12:19:07 [pubchem] INFO: 正在处理 CID: 56840962
2025-08-31 12:19:07 [pubchem] INFO: 正在处理 CID: 125564
2025-08-31 12:19:07 [pubchem] INFO: 正在处理 CID: 11978813
2025-08-31 12:19:07 [pubchem] INFO: 正在处理 CID: 68165256
2025-08-31 12:19:07 [pubchem] INFO: 正在处理 CID: 2451
2025-08-31 12:19:07 [pubchem] INFO: 正在处理 CID: 5281004
2025-08-31 12:19:07 [pubchem] INFO: 正在处理 CID: 56841116
2025-08-31 12:19:07 [pubchem] INFO: 正在处理 CID: 54746
2025-08-31 12:19:07 [pubchem] INFO: 正在处理 CID: 644019
2025-08-31 12:19:07 [pubchem] INFO: 正在处理 CID: 2554
2025-08-31 12:19:07 [pubchem] INFO: 正在处理 CID: 11962412
2025-08-31 12:19:07 [pubchem] INFO: 正在处理 CID: 6918155
2025-08-31 12:19:07 [pubchem] INFO: 正在处理 CID: 5282138
2025-08-31 12:19:07 [pubchem] INFO: 正在处理 CID: 2754
2025-08-31 12:19:07 [pubchem] INFO: 正在处理 CID: 135398737
2025-08-31 12:19:07 [pubchem] INFO: 正在处理 CID: 6167
2025-08-31 12:19:07 [pubchem] INFO: 正在处理 CID: 11626560
2025-08-31 12:19:07 [pubchem] INFO: 正在处理 CID: 5284373
2025-08-31 12:19:07 [pubchem] INFO: 正在处理 CID: 189821
2025-08-31 12:19:07 [pubchem] INFO: 正在处理 CID: 6480466
2025-08-31 12:19:07 [pubchem] INFO: 正在处理 CID: 3016
2025-08-31 12:19:07 [pubchem] INFO: 正在处理 CID: 68861
2025-08-31 12:19:07 [pubchem] INFO: 正在处理 CID: 56841571
2025-08-31 12:19:07 [pubchem] INFO: 正在处理 CID: 159600
2025-08-31 12:19:07 [pubchem] INFO: 正在处理 CID: 68873
2025-08-31 12:19:07 [pubchem] INFO: 正在处理 CID: 9874151
2025-08-31 12:19:07 [pubchem] INFO: 正在处理 CID: 135616809
2025-08-31 12:19:07 [pubchem] INFO: 正在处理 CID: 6918296
2025-08-31 12:19:07 [pubchem] INFO: 正在处理 CID: 3191
2025-08-31 12:19:07 [pubchem] INFO: 正在处理 CID: 64139
2025-08-31 12:19:07 [pubchem] INFO: 正在处理 CID: 50922675
2025-08-31 12:19:07 [pubchem] INFO: 正在处理 CID: 25141092
2025-08-31 12:19:07 [pubchem] INFO: 正在处理 CID: 15951529
2025-08-31 12:19:07 [pubchem] INFO: 正在处理 CID: 443872
2025-08-31 12:19:07 [pubchem] INFO: 正在处理 CID: 67462786
2025-08-31 12:19:07 [pubchem] INFO: 正在处理 CID: 17755248
2025-08-31 12:19:07 [pubchem] INFO: 正在处理 CID: 969472
2025-08-31 12:19:07 [pubchem] INFO: 正在处理 CID: 24706
2025-08-31 12:19:07 [pubchem] INFO: 正在处理 CID: 62925
2025-08-31 12:19:07 [pubchem] INFO: 正在处理 CID: 3291
2025-08-31 12:19:07 [pubchem] INFO: 正在处理 CID: 3299
2025-08-31 12:19:07 [pubchem] INFO: 正在处理 CID: 3307
2025-08-31 12:19:07 [pubchem] INFO: 正在处理 CID: 193962
2025-08-31 12:19:07 [pubchem] INFO: 正在处理 CID: 6442177
2025-08-31 12:19:07 [pubchem] INFO: 正在处理 CID: 60198
2025-08-31 12:19:07 [pubchem] INFO: 正在处理 CID: 3333
2025-08-31 12:19:07 [pubchem] INFO: 正在处理 CID: 68792
2025-08-31 12:19:07 [pubchem] INFO: 正在处理 CID: 57363
2025-08-31 12:19:07 [pubchem] INFO: 正在处理 CID: 60150535
2025-08-31 12:19:07 [pubchem] INFO: 正在处理 CID: 6918248
2025-08-31 12:19:07 [pubchem] INFO: 正在处理 CID: 104741
2025-08-31 12:19:07 [pubchem] INFO: 正在处理 CID: 6918305
2025-08-31 12:19:07 [pubchem] INFO: 正在处理 CID: 55190
2025-08-31 12:19:07 [pubchem] INFO: 正在处理 CID: 3488
2025-08-31 12:19:07 [pubchem] INFO: 正在处理 CID: 3562
2025-08-31 12:19:07 [pubchem] INFO: 正在处理 CID: 3690
2025-08-31 12:19:07 [pubchem] INFO: 正在处理 CID: 71360
2025-08-31 12:19:07 [pubchem] INFO: 正在处理 CID: 6433090
2025-08-31 12:19:07 [pubchem] INFO: 正在处理 CID: 5311037
2025-08-31 12:19:07 [pubchem] INFO: 正在处理 CID: 55283
2025-08-31 12:19:07 [pubchem] INFO: 正在处理 CID: 6321424
2025-08-31 12:19:07 [pubchem] INFO: 正在处理 CID: 6445540
2025-08-31 12:19:07 [pubchem] INFO: 正在处理 CID: 47576
2025-08-31 12:19:07 [pubchem] INFO: 正在处理 CID: 219078
2025-08-31 12:19:07 [pubchem] INFO: 正在处理 CID: 5282136
2025-08-31 12:19:07 [pubchem] INFO: 正在处理 CID: 3899
2025-08-31 12:19:07 [pubchem] INFO: 正在处理 CID: 56944144
2025-08-31 12:19:07 [pubchem] INFO: 正在处理 CID: 3902
2025-08-31 12:19:07 [pubchem] INFO: 正在处理 CID: 9911821
2025-08-31 12:19:07 [pubchem] INFO: 正在处理 CID: 11720242
2025-08-31 12:19:07 [pubchem] INFO: 正在处理 CID: 3957
2025-08-31 12:19:07 [pubchem] INFO: 正在处理 CID: 53232
2025-08-31 12:19:07 [pubchem] INFO: 正在处理 CID: 11237860
2025-08-31 12:19:07 [pubchem] INFO: 正在处理 CID: 16004692
2025-08-31 12:19:07 [pubchem] INFO: 正在处理 CID: 3002977
2025-08-31 12:19:07 [pubchem] INFO: 正在处理 CID: 471161
2025-08-31 12:19:07 [pubchem] INFO: 正在处理 CID: 117761397
2025-08-31 12:19:07 [pubchem] INFO: 正在处理 CID: 11256587
2025-08-31 12:19:07 [pubchem] INFO: 正在处理 CID: 6398761
2025-08-31 12:19:07 [pubchem] INFO: 正在处理 CID: 54677470
2025-08-31 12:19:07 [pubchem] INFO: 正在处理 CID: 4116
2025-08-31 12:19:07 [pubchem] INFO: 正在处理 CID: 4177
2025-08-31 12:19:07 [pubchem] INFO: 正在处理 CID: 55245
2025-08-31 12:19:07 [pubchem] INFO: 正在处理 CID: 9865528
2025-08-31 12:19:07 [pubchem] INFO: 正在处理 CID: 91810695
2025-08-31 12:19:07 [pubchem] INFO: 正在处理 CID: 4236
2025-08-31 12:19:07 [pubchem] INFO: 正在处理 CID: 636389
2025-08-31 12:19:07 [pubchem] INFO: 正在处理 CID: 6918287
2025-08-31 12:19:07 [pubchem] INFO: 正在处理 CID: 156333
2025-08-31 12:19:07 [pubchem] INFO: 正在处理 CID: 4463
2025-08-31 12:19:07 [pubchem] INFO: 正在处理 CID: 4485
2025-08-31 12:19:07 [pubchem] INFO: 正在处理 CID: 4494
2025-08-31 12:19:07 [pubchem] INFO: 正在处理 CID: 4497
2025-08-31 12:19:07 [pubchem] INFO: 正在处理 CID: 4499
2025-08-31 12:19:07 [pubchem] INFO: 正在处理 CID: 4507
2025-08-31 12:19:07 [pubchem] INFO: 正在处理 CID: 2997
2025-08-31 12:19:07 [pubchem] INFO: 正在处理 CID: 118955396
2025-08-31 12:19:07 [pubchem] INFO: 正在处理 CID: 9863827
2025-08-31 12:19:07 [pubchem] INFO: 正在处理 CID: 46216796
2025-08-31 12:19:07 [pubchem] INFO: 正在处理 CID: 10295295
2025-08-31 12:19:07 [pubchem] INFO: 正在处理 CID: 86705695
2025-08-31 12:19:07 [pubchem] INFO: 正在处理 CID: 9848354
2025-08-31 12:19:07 [pubchem] INFO: 正在处理 CID: 11672491
2025-08-31 12:19:07 [pubchem] INFO: 正在处理 CID: 16362
2025-08-31 12:19:07 [pubchem] INFO: 正在处理 CID: 129269915
2025-08-31 12:19:07 [pubchem] INFO: 正在处理 CID: 134780
2025-08-31 12:19:07 [pubchem] INFO: 正在处理 CID: 4891
2025-08-31 12:19:07 [pubchem] INFO: 正在处理 CID: 5994
2025-08-31 12:19:07 [pubchem] INFO: 正在处理 CID: 4999
2025-08-31 12:19:07 [pubchem] INFO: 正在处理 CID: 5042
2025-08-31 12:19:07 [pubchem] INFO: 正在处理 CID: 65981
2025-08-31 12:19:07 [pubchem] INFO: 正在处理 CID: 135415564
2025-08-31 12:19:07 [pubchem] INFO: 正在处理 CID: 6436173
2025-08-31 12:19:07 [pubchem] INFO: 正在处理 CID: 118513932
2025-08-31 12:19:07 [pubchem] INFO: 正在处理 CID: 5073
2025-08-31 12:19:07 [scrapy.crawler] INFO: Received SIGINT, shutting down gracefully. Send again to force 
2025-08-31 12:19:07 [pubchem] INFO: 正在处理 CID: 9875401
2025-08-31 12:19:07 [pubchem] INFO: 正在处理 CID: 449193
2025-08-31 12:19:07 [pubchem] INFO: 正在处理 CID: 9913767
2025-08-31 12:19:07 [pubchem] INFO: 正在处理 CID: 71481097
2025-08-31 12:19:07 [pubchem] INFO: 正在处理 CID: 134436906
2025-08-31 12:19:07 [pubchem] INFO: 正在处理 CID: 5312125
2025-08-31 12:19:07 [pubchem] INFO: 正在处理 CID: 54454
2025-08-31 12:19:07 [pubchem] INFO: 正在处理 CID: 5284616
2025-08-31 12:19:07 [pubchem] INFO: 正在处理 CID: 91885554
2025-08-31 12:19:07 [pubchem] INFO: 正在处理 CID: 86301316
2025-08-31 12:19:07 [pubchem] INFO: 正在处理 CID: 24831714
2025-08-31 12:19:07 [pubchem] INFO: 正在处理 CID: 5311454
2025-08-31 12:19:07 [pubchem] INFO: 正在处理 CID: 110635
2025-08-31 12:19:07 [pubchem] INFO: 正在处理 CID: 108143
2025-08-31 12:19:07 [pubchem] INFO: 正在处理 CID: 10220503
2025-08-31 12:19:07 [pubchem] INFO: 正在处理 CID: 3010818
2025-08-31 12:19:07 [pubchem] INFO: 正在处理 CID: 6918289
2025-08-31 12:19:07 [pubchem] INFO: 正在处理 CID: 6018
2025-08-31 12:19:07 [pubchem] INFO: 正在处理 CID: 216237
2025-08-31 12:19:07 [pubchem] INFO: 正在处理 CID: 5284627
2025-08-31 12:19:07 [pubchem] INFO: 正在处理 CID: 108150
2025-08-31 12:19:07 [pubchem] INFO: 正在处理 CID: 24847942
2025-08-31 12:19:07 [pubchem] INFO: 正在处理 CID: 5556
2025-08-31 12:19:07 [pubchem] INFO: 正在处理 CID: 202225
2025-08-31 12:19:07 [pubchem] INFO: 正在处理 CID: 68748835
2025-08-31 12:19:07 [pubchem] INFO: 正在处理 CID: 71300746
2025-08-31 12:19:07 [pubchem] INFO: 正在处理 CID: 3035000
2025-08-31 12:19:07 [pubchem] INFO: 正在处理 CID: 44472635
2025-08-31 12:19:07 [pubchem] INFO: 正在处理 CID: 6918486
2025-08-31 12:19:07 [pubchem] INFO: 正在处理 CID: 71602803
2025-08-31 12:19:07 [pubchem] INFO: 正在处理 CID: 5719
2025-08-31 12:19:07 [pubchem] INFO: 正在处理 CID: 5735
2025-08-31 12:19:07 [pubchem] INFO: 正在处理 CID: 86294073
2025-08-31 12:19:07 [pubchem] INFO: 正在处理 CID: 46188928
2025-08-31 12:19:07 [pubchem] INFO: 正在处理 CID: 67330085
2025-08-31 12:19:07 [pubchem] INFO: 正在处理 CID: 56960363
2025-08-31 12:19:07 [pubchem] INFO: 正在处理 CID: 138320013
2025-08-31 12:19:07 [pubchem] INFO: 正在处理 CID: 44603531
2025-08-31 12:19:07 [pubchem] INFO: 正在处理 CID: 44603531
2025-08-31 12:19:07 [pubchem] INFO: 正在处理 CID: 71226662
2025-08-31 12:19:07 [pubchem] INFO: 正在处理 CID: 126506029
2025-08-31 12:19:07 [pubchem] INFO: 正在处理 CID: 117817422
2025-08-31 12:19:07 [pubchem] INFO: 正在处理 CID: 146171209
2025-08-31 12:19:07 [pubchem] INFO: 正在处理 CID: 91801202
2025-08-31 12:19:07 [pubchem] INFO: 正在处理 CID: 91809208
2025-08-31 12:19:07 [pubchem] INFO: 正在处理 CID: 118607832
2025-08-31 12:19:07 [pubchem] INFO: 正在处理 CID: 146026179
2025-08-31 12:19:07 [pubchem] INFO: 正在处理 CID: 133082658
2025-08-31 12:19:07 [pubchem] INFO: 正在处理 CID: 153435888
2025-08-31 12:19:07 [pubchem] INFO: 正在处理 CID: 162533924
2025-08-31 12:19:07 [pubchem] INFO: 正在处理 CID: 162623410
2025-08-31 12:19:07 [pubchem] INFO: 正在处理 CID: 46220502
2025-08-31 12:19:07 [pubchem] INFO: 正在处理 CID: 2118
2025-08-31 12:19:07 [pubchem] INFO: 正在处理 CID: 11397521
2025-08-31 12:19:07 [pubchem] INFO: 正在处理 CID: 6450800
2025-08-31 12:19:07 [pubchem] INFO: 正在处理 CID: 2247
2025-08-31 12:19:07 [pubchem] INFO: 正在处理 CID: 16076883
2025-08-31 12:19:07 [pubchem] INFO: 正在处理 CID: 159595
2025-08-31 12:19:07 [pubchem] INFO: 正在处理 CID: 25195624
2025-08-31 12:19:07 [pubchem] INFO: 正在处理 CID: 57379345
2025-08-31 12:19:07 [pubchem] INFO: 正在处理 CID: 25151504
2025-08-31 12:19:07 [pubchem] INFO: 正在处理 CID: 57327017
2025-08-31 12:19:07 [pubchem] INFO: 正在处理 CID: 441207
2025-08-31 12:19:07 [pubchem] INFO: 正在处理 CID: 58460047
2025-08-31 12:19:07 [pubchem] INFO: 正在处理 CID: 71661251
2025-08-31 12:19:07 [pubchem] INFO: 正在处理 CID: 90469070
2025-08-31 12:19:07 [pubchem] INFO: 正在处理 CID: 25052023
2025-08-31 12:19:07 [pubchem] INFO: 正在处理 CID: 3261
2025-08-31 12:19:07 [pubchem] INFO: 正在处理 CID: 24821094
2025-08-31 12:19:07 [pubchem] INFO: 正在处理 CID: 11625818
2025-08-31 12:19:07 [pubchem] INFO: 正在处理 CID: 148195
2025-08-31 12:19:07 [pubchem] INFO: 正在处理 CID: 92727
2025-08-31 12:19:07 [pubchem] INFO: 正在处理 CID: 11979606
2025-08-31 12:19:07 [pubchem] INFO: 正在处理 CID: 71731823
2025-08-31 12:19:07 [pubchem] INFO: 正在处理 CID: 90468997
2025-08-31 12:19:07 [pubchem] INFO: 正在处理 CID: 6451149
2025-08-31 12:19:07 [pubchem] INFO: 正在处理 CID: 23725625
2025-08-31 12:19:07 [pubchem] INFO: 正在处理 CID: 71811910
2025-08-31 12:19:07 [pubchem] INFO: 正在处理 CID: 78357807
2025-08-31 12:19:07 [pubchem] INFO: 正在处理 CID: 11526038
2025-08-31 12:19:07 [pubchem] INFO: 正在处理 CID: 155905758
2025-08-31 12:19:07 [pubchem] INFO: 正在处理 CID: 5755
2025-08-31 12:19:07 [pubchem] INFO: 正在处理 CID: 11304743
2025-08-31 12:19:07 [pubchem] INFO: 正在处理 CID: 392622
2025-08-31 12:19:07 [pubchem] INFO: 正在处理 CID: 5352062
2025-08-31 12:19:07 [pubchem] INFO: 正在处理 CID: 6915744
2025-08-31 12:19:07 [pubchem] INFO: 正在处理 CID: 137278711
2025-08-31 12:19:07 [pubchem] INFO: 正在处理 CID: 10257882
2025-08-31 12:19:07 [pubchem] INFO: 正在处理 CID: 24965990
2025-08-31 12:19:07 [pubchem] INFO: 正在处理 CID: 156445116
2025-08-31 12:19:07 [pubchem] INFO: 正在处理 CID: 3002190
2025-08-31 12:19:07 [pubchem] INFO: 正在处理 CID: 5405
2025-08-31 12:19:07 [pubchem] INFO: 正在处理 CID: 9871419
2025-08-31 12:19:07 [pubchem] INFO: 正在处理 CID: 24765256
2025-08-31 12:19:07 [pubchem] INFO: 正在处理 CID: 135565884
2025-08-31 12:19:07 [pubchem] INFO: 正在处理 CID: 5734
2025-08-31 12:19:07 [pubchem] INFO: 正在处理 CID: 4173
2025-08-31 12:19:07 [pubchem] INFO: 正在处理 CID: 83213
2025-08-31 12:19:07 [pubchem] INFO: 正在处理 CID: 68592
2025-08-31 12:19:07 [pubchem] INFO: 正在处理 CID: 51794
2025-08-31 12:19:07 [pubchem] INFO: 正在处理 CID: 2907
2025-08-31 12:19:07 [pubchem] INFO: 正在处理 CID: 2907
2025-08-31 12:19:07 [pubchem] INFO: 正在处理 CID: 5909
2025-08-31 12:19:07 [pubchem] INFO: 正在处理 CID: 89594
2025-08-31 12:19:07 [pubchem] INFO: 正在处理 CID: 2735102
2025-08-31 12:19:07 [pubchem] INFO: 正在处理 CID: 89594
2025-08-31 12:19:07 [pubchem] INFO: 正在处理 CID: 23642301
2025-08-31 12:19:07 [pubchem] INFO: 正在处理 CID: 67479909
2025-08-31 12:19:07 [pubchem] INFO: 正在处理 CID: 6918638
2025-08-31 12:19:07 [pubchem] INFO: 正在处理 CID: 11962412
2025-08-31 12:19:07 [pubchem] INFO: 正在处理 CID: 3902
2025-08-31 12:19:07 [pubchem] INFO: 正在处理 CID: 5386
2025-08-31 12:19:07 [pubchem] INFO: 正在处理 CID: 4594
2025-08-31 12:19:07 [pubchem] INFO: 正在处理 CID: 130564
2025-08-31 12:19:07 [pubchem] INFO: 正在处理 CID: 10959536
2025-08-31 12:19:07 [pubchem] INFO: 正在处理 CID: 4679
2025-08-31 12:19:07 [pubchem] INFO: 正在处理 CID: 15008962
2025-08-31 12:19:07 [pubchem] INFO: 正在处理 CID: 5029
2025-08-31 12:19:07 [pubchem] INFO: 正在处理 CID: 14720269
2025-08-31 12:19:07 [pubchem] INFO: 正在处理 CID: 9568614
2025-08-31 12:19:07 [pubchem] INFO: 正在处理 CID: 9568613
2025-08-31 12:19:07 [pubchem] INFO: 正在处理 CID: 17747012
2025-08-31 12:19:07 [pubchem] INFO: 正在处理 CID: 23672364
2025-08-31 12:19:07 [pubchem] INFO: 正在处理 CID: 23674541
2025-08-31 12:19:07 [pubchem] INFO: 正在处理 CID: 16048656
2025-08-31 12:19:07 [pubchem] INFO: 正在处理 CID: 3337
2025-08-31 12:19:07 [pubchem] INFO: 正在处理 CID: 91452
2025-08-31 12:19:07 [pubchem] INFO: 正在处理 CID: 60606
2025-08-31 12:19:07 [pubchem] INFO: 正在处理 CID: 9847991
2025-08-31 12:19:07 [pubchem] INFO: 正在处理 CID: 115366
2025-08-31 12:19:07 [pubchem] INFO: 正在处理 CID: 9798860
2025-08-31 12:19:07 [pubchem] INFO: 正在处理 CID: 4946
2025-08-31 12:19:07 [pubchem] INFO: 正在处理 CID: 62882
2025-08-31 12:19:07 [pubchem] INFO: 正在处理 CID: 1549008
2025-08-31 12:19:07 [pubchem] INFO: 正在处理 CID: 5282481
2025-08-31 12:19:07 [pubchem] INFO: 正在处理 CID: 64143
2025-08-31 12:19:07 [pubchem] INFO: 正在处理 CID: 64142
2025-08-31 12:19:07 [pubchem] INFO: 正在处理 CID: 9926791
2025-08-31 12:19:07 [pubchem] INFO: 正在处理 CID: 10174505
2025-08-31 12:19:07 [pubchem] INFO: 正在处理 CID: 1775
2025-08-31 12:19:07 [pubchem] INFO: 正在处理 CID: 657302
2025-08-31 12:19:07 [pubchem] INFO: 正在处理 CID: 56339
2025-08-31 12:19:07 [pubchem] INFO: 正在处理 CID: 56338
2025-08-31 12:19:07 [pubchem] INFO: 正在处理 CID: 46174075
2025-08-31 12:19:07 [pubchem] INFO: 正在处理 CID: 5311068
2025-08-31 12:19:07 [pubchem] INFO: 正在处理 CID: 6918081
2025-08-31 12:19:07 [pubchem] INFO: 正在处理 CID: 3696
2025-08-31 12:19:07 [pubchem] INFO: 正在处理 CID: 8228
2025-08-31 12:19:07 [pubchem] INFO: 正在处理 CID: 24904
2025-08-31 12:19:07 [pubchem] INFO: 正在处理 CID: 2801
2025-08-31 12:19:07 [pubchem] INFO: 正在处理 CID: 68539
2025-08-31 12:19:07 [pubchem] INFO: 正在处理 CID: 2160
2025-08-31 12:19:07 [pubchem] INFO: 正在处理 CID: 11065
2025-08-31 12:19:07 [pubchem] INFO: 正在处理 CID: 667477
2025-08-31 12:19:07 [pubchem] INFO: 正在处理 CID: 6419921
2025-08-31 12:19:07 [pubchem] INFO: 正在处理 CID: 68617
2025-08-31 12:19:07 [pubchem] INFO: 正在处理 CID: 63009
2025-08-31 12:19:07 [pubchem] INFO: 正在处理 CID: 146570
2025-08-31 12:19:07 [pubchem] INFO: 正在处理 CID: 146571
2025-08-31 12:19:07 [pubchem] INFO: 正在处理 CID: 6918314
2025-08-31 12:19:07 [pubchem] INFO: 正在处理 CID: 6918313
2025-08-31 12:19:07 [pubchem] INFO: 正在处理 CID: 9966051
2025-08-31 12:19:07 [pubchem] INFO: 正在处理 CID: 132233889
2025-08-31 12:19:07 [pubchem] INFO: 正在处理 CID: 56843850
2025-08-31 12:19:07 [pubchem] INFO: 正在处理 CID: 4095
2025-08-31 12:19:07 [pubchem] INFO: 正在处理 CID: 14184
2025-08-31 12:19:07 [pubchem] INFO: 正在处理 CID: 6178111
2025-08-31 12:19:07 [pubchem] INFO: 正在处理 CID: 9570076
2025-08-31 12:19:07 [pubchem] INFO: 正在处理 CID: 5284569
2025-08-31 12:19:07 [pubchem] INFO: 正在处理 CID: 5463977
2025-08-31 12:19:07 [pubchem] INFO: 正在处理 CID: 12358607
2025-08-31 12:19:07 [pubchem] INFO: 正在处理 CID: 5284569
2025-08-31 12:19:07 [pubchem] INFO: 正在处理 CID: 5284549
2025-08-31 12:19:07 [pubchem] INFO: 正在处理 CID: 6918132
2025-08-31 12:19:07 [pubchem] INFO: 正在处理 CID: 5160
2025-08-31 12:19:07 [pubchem] INFO: 正在处理 CID: 444005
2025-08-31 12:19:07 [pubchem] INFO: 正在处理 CID: 25062766
2025-08-31 12:19:07 [pubchem] INFO: 正在处理 CID: 57345482
2025-08-31 12:19:07 [pubchem] INFO: 正在处理 CID: 102514733
2025-08-31 12:19:07 [pubchem] INFO: 正在处理 CID: 10127622
2025-08-31 12:19:07 [pubchem] INFO: 正在处理 CID: 16214875
2025-08-31 12:19:07 [pubchem] INFO: 正在处理 CID: 182137
2025-08-31 12:19:07 [pubchem] INFO: 正在处理 CID: 44623998
2025-08-31 12:19:07 [pubchem] INFO: 正在处理 CID: 44624336
2025-08-31 12:19:07 [pubchem] INFO: 正在处理 CID: 16722836
2025-08-31 12:19:07 [pubchem] INFO: 正在处理 CID: 67517580
2025-08-31 12:19:07 [pubchem] INFO: 正在处理 CID: 46224413
2025-08-31 12:19:07 [pubchem] INFO: 正在处理 CID: 121513889
2025-08-31 12:19:07 [pubchem] INFO: 正在处理 CID: 15981397
2025-08-31 12:19:07 [pubchem] INFO: 正在处理 CID: 45375887
2025-08-31 12:19:07 [pubchem] INFO: 正在处理 CID: 117817422
2025-08-31 12:19:07 [pubchem] INFO: 正在处理 CID: 146171209
2025-08-31 12:19:07 [pubchem] INFO: 正在处理 CID: 9578005
2025-08-31 12:19:07 [pubchem] INFO: 正在处理 CID: 71587692
2025-08-31 12:19:07 [pubchem] INFO: 正在处理 CID: 78323835
2025-08-31 12:19:07 [pubchem] INFO: 正在处理 CID: 16099592
2025-08-31 12:19:07 [pubchem] INFO: 正在处理 CID: 9917662
2025-08-31 12:19:07 [pubchem] INFO: 正在处理 CID: 117947097
2025-08-31 12:19:07 [pubchem] INFO: 正在处理 CID: 9837243
2025-08-31 12:19:07 [pubchem] INFO: 正在处理 CID: 644019
2025-08-31 12:19:07 [pubchem] INFO: 正在处理 CID: 2576
2025-08-31 12:19:07 [pubchem] INFO: 正在处理 CID: 24847791
2025-08-31 12:19:07 [pubchem] INFO: 正在处理 CID: 5282138
2025-08-31 12:19:07 [pubchem] INFO: 正在处理 CID: 2754
2025-08-31 12:19:07 [pubchem] INFO: 正在处理 CID: 2789
2025-08-31 12:19:07 [pubchem] INFO: 正在处理 CID: 3016
2025-08-31 12:19:07 [pubchem] INFO: 正在处理 CID: 56841571
2025-08-31 12:19:07 [pubchem] INFO: 正在处理 CID: 193962
2025-08-31 12:19:07 [pubchem] INFO: 正在处理 CID: 6918248
2025-08-31 12:19:07 [pubchem] INFO: 正在处理 CID: 6918305
2025-08-31 12:19:07 [pubchem] INFO: 正在处理 CID: 219078
2025-08-31 12:19:07 [pubchem] INFO: 正在处理 CID: 117761397
2025-08-31 12:19:07 [pubchem] INFO: 正在处理 CID: 4060
2025-08-31 12:19:07 [pubchem] INFO: 正在处理 CID: 8271
2025-08-31 12:19:07 [pubchem] INFO: 正在处理 CID: 4235
2025-08-31 12:19:07 [pubchem] INFO: 正在处理 CID: 2997
2025-08-31 12:19:07 [pubchem] INFO: 正在处理 CID: 10295295
2025-08-31 12:19:07 [pubchem] INFO: 正在处理 CID: 40632
2025-08-31 12:19:07 [pubchem] INFO: 正在处理 CID: 5994
2025-08-31 12:19:07 [pubchem] INFO: 正在处理 CID: 5311454
2025-08-31 12:19:07 [pubchem] INFO: 正在处理 CID: 24965990
2025-08-31 12:19:07 [pubchem] INFO: 正在处理 CID: 71602803
2025-08-31 12:19:07 [pubchem] INFO: 正在处理 CID: 2099
2025-08-31 12:19:07 [pubchem] INFO: 正在处理 CID: 60758
2025-08-31 12:19:07 [pubchem] INFO: 正在处理 CID: 3337
2025-08-31 12:19:07 [pubchem] INFO: 正在处理 CID: 91452
2025-08-31 12:19:07 [pubchem] INFO: 正在处理 CID: 54678486
2025-08-31 12:19:07 [pubchem] INFO: 正在处理 CID: 23706212
2025-08-31 12:19:07 [pubchem] INFO: 正在处理 CID: 16204922
2025-08-31 12:19:07 [pubchem] INFO: 正在处理 CID: 3672
2025-08-31 12:19:07 [pubchem] INFO: 正在处理 CID: 9890190
2025-08-31 12:19:07 [pubchem] INFO: 正在处理 CID: 9864669
2025-08-31 12:19:07 [pubchem] INFO: 正在处理 CID: 9841440
2025-08-31 12:19:07 [pubchem] INFO: 正在处理 CID: 3673
2025-08-31 12:19:07 [pubchem] INFO: 正在处理 CID: 5338317
2025-08-31 12:19:07 [pubchem] INFO: 正在处理 CID: 5338317
2025-08-31 12:19:07 [pubchem] INFO: 正在处理 CID: 127633
2025-08-31 12:19:07 [pubchem] INFO: 正在处理 CID: 23726891
2025-08-31 12:19:07 [pubchem] INFO: 正在处理 CID: 104865
2025-08-31 12:19:07 [pubchem] INFO: 正在处理 CID: 104865
2025-08-31 12:19:07 [pubchem] INFO: 正在处理 CID: 76969345
2025-08-31 12:19:07 [pubchem] INFO: 正在处理 CID: 41781
2025-08-31 12:19:07 [pubchem] INFO: 正在处理 CID: 2585
2025-08-31 12:19:07 [pubchem] INFO: 正在处理 CID: 11954344
2025-08-31 12:19:07 [pubchem] INFO: 正在处理 CID: 2351
2025-08-31 12:19:07 [pubchem] INFO: 正在处理 CID: 50088
2025-08-31 12:19:07 [pubchem] INFO: 正在处理 CID: 3961
2025-08-31 12:19:07 [pubchem] INFO: 正在处理 CID: 11751549
2025-08-31 12:19:07 [pubchem] INFO: 正在处理 CID: 2541
2025-08-31 12:19:07 [pubchem] INFO: 正在处理 CID: 2540
2025-08-31 12:19:07 [pubchem] INFO: 正在处理 CID: 1548972
2025-08-31 12:19:07 [pubchem] INFO: 正在处理 CID: 23679527
2025-08-31 12:19:07 [pubchem] INFO: 正在处理 CID: 1549008
2025-08-31 12:19:07 [pubchem] INFO: 正在处理 CID: 5282481
2025-08-31 12:19:07 [pubchem] INFO: 正在处理 CID: 3033
2025-08-31 12:19:07 [pubchem] INFO: 正在处理 CID: 13239661
2025-08-31 12:19:07 [pubchem] INFO: 正在处理 CID: 115087
2025-08-31 12:19:07 [pubchem] INFO: 正在处理 CID: 114753
2025-08-31 12:19:07 [pubchem] INFO: 正在处理 CID: 23667642
2025-08-31 12:19:07 [pubchem] INFO: 正在处理 CID: 5018304
2025-08-31 12:19:07 [pubchem] INFO: 正在处理 CID: 135398744
2025-08-31 12:19:07 [pubchem] INFO: 正在处理 CID: 135413523
2025-08-31 12:19:07 [pubchem] INFO: 正在处理 CID: 2907
2025-08-31 12:19:07 [pubchem] INFO: 正在处理 CID: 2907
2025-08-31 12:19:07 [pubchem] INFO: 正在处理 CID: 25126798
2025-08-31 12:19:07 [pubchem] INFO: 正在处理 CID: 25127112
2025-08-31 12:19:07 [pubchem] INFO: 正在处理 CID: 54676228
2025-08-31 12:19:07 [pubchem] INFO: 正在处理 CID: 54725726
2025-08-31 12:19:07 [pubchem] INFO: 正在处理 CID: 6436090
2025-08-31 12:19:07 [pubchem] INFO: 正在处理 CID: 54687412
2025-08-31 12:19:07 [pubchem] INFO: 正在处理 CID: 72099
2025-08-31 12:19:07 [pubchem] INFO: 正在处理 CID: 3394
2025-08-31 12:19:07 [pubchem] INFO: 正在处理 CID: 3395
2025-08-31 12:19:07 [pubchem] INFO: 正在处理 CID: 23684814
2025-08-31 12:19:07 [pubchem] INFO: 正在处理 CID: 4440
2025-08-31 12:19:07 [pubchem] INFO: 正在处理 CID: 60875
2025-08-31 12:19:07 [pubchem] INFO: 正在处理 CID: 1775
2025-08-31 12:19:07 [pubchem] INFO: 正在处理 CID: 657302
2025-08-31 12:19:07 [pubchem] INFO: 正在处理 CID: 56339
2025-08-31 12:19:07 [pubchem] INFO: 正在处理 CID: 56338
2025-08-31 12:19:07 [pubchem] INFO: 正在处理 CID: 46174075
2025-08-31 12:19:07 [pubchem] INFO: 正在处理 CID: 5732
2025-08-31 12:19:07 [pubchem] INFO: 正在处理 CID: 441338
2025-08-31 12:19:07 [pubchem] INFO: 正在处理 CID: 667477
2025-08-31 12:19:07 [pubchem] INFO: 正在处理 CID: 6419921
2025-08-31 12:19:07 [pubchem] INFO: 正在处理 CID: 3386
2025-08-31 12:19:07 [pubchem] INFO: 正在处理 CID: 62857
2025-08-31 12:19:07 [pubchem] INFO: 正在处理 CID: 68617
2025-08-31 12:19:07 [pubchem] INFO: 正在处理 CID: 63009
2025-08-31 12:19:07 [pubchem] INFO: 正在处理 CID: 9966051
2025-08-31 12:19:07 [pubchem] INFO: 正在处理 CID: 132233889
2025-08-31 12:19:07 [pubchem] INFO: 正在处理 CID: 56843850
2025-08-31 12:19:07 [pubchem] INFO: 正在处理 CID: 4095
2025-08-31 12:19:07 [pubchem] INFO: 正在处理 CID: 14184
2025-08-31 12:19:07 [pubchem] INFO: 正在处理 CID: 11504295
2025-08-31 12:19:07 [pubchem] INFO: 正在处理 CID: 11711522
2025-08-31 12:19:07 [pubchem] INFO: 正在处理 CID: 5281040
2025-08-31 12:19:07 [pubchem] INFO: 正在处理 CID: 23663996
2025-08-31 12:19:07 [pubchem] INFO: 正在处理 CID: 5284549
2025-08-31 12:19:07 [pubchem] INFO: 正在处理 CID: 6918132
2025-08-31 12:19:07 [pubchem] INFO: 正在处理 CID: 5160
2025-08-31 12:19:07 [pubchem] INFO: 正在处理 CID: 444005
2025-08-31 12:19:07 [pubchem] INFO: 正在处理 CID: 25062766
2025-08-31 12:19:07 [pubchem] INFO: 正在处理 CID: 57345482
2025-08-31 12:19:07 [pubchem] INFO: 正在处理 CID: 102514733
2025-08-31 12:19:07 [pubchem] INFO: 正在处理 CID: 53465279
2025-08-31 12:19:07 [pubchem] INFO: 正在处理 CID: 56928182
2025-08-31 12:19:07 [pubchem] INFO: 正在处理 CID: 10127622
2025-08-31 12:19:07 [pubchem] INFO: 正在处理 CID: 16214875
2025-08-31 12:19:07 [pubchem] INFO: 正在处理 CID: 182137
2025-08-31 12:19:07 [pubchem] INFO: 正在处理 CID: 5282451
2025-08-31 12:19:07 [pubchem] INFO: 正在处理 CID: 122706735
2025-08-31 12:19:07 [pubchem] INFO: 正在处理 CID: 25069056
2025-08-31 12:19:07 [pubchem] INFO: 正在处理 CID: 51049968
2025-08-31 12:19:07 [pubchem] INFO: 正在处理 CID: 71586738
2025-08-31 12:19:07 [pubchem] INFO: 正在处理 CID: 9852519
2025-08-31 12:19:07 [pubchem] INFO: 正在处理 CID: 9918581
2025-08-31 12:19:07 [pubchem] INFO: 正在处理 CID: 44623998
2025-08-31 12:19:07 [pubchem] INFO: 正在处理 CID: 44624336
2025-08-31 12:19:07 [pubchem] INFO: 正在处理 CID: 46224413
2025-08-31 12:19:07 [pubchem] INFO: 正在处理 CID: 121513889
2025-08-31 12:19:07 [pubchem] INFO: 正在处理 CID: 44599207
2025-08-31 12:19:07 [pubchem] INFO: 正在处理 CID: 46700777
2025-08-31 12:19:07 [pubchem] INFO: 正在处理 CID: 23642301
2025-08-31 12:19:07 [pubchem] INFO: 正在处理 CID: 67479909
2025-08-31 12:19:07 [pubchem] INFO: 正在处理 CID: 117817422
2025-08-31 12:19:07 [pubchem] INFO: 正在处理 CID: 146171209
2025-08-31 12:19:07 [pubchem] INFO: 正在处理 CID: 78323835
2025-08-31 12:19:07 [pubchem] INFO: 正在处理 CID: 2176
2025-08-31 12:19:07 [pubchem] INFO: 正在处理 CID: 135415867
2025-08-31 12:19:07 [pubchem] INFO: 正在处理 CID: 6918638
2025-08-31 12:19:07 [pubchem] INFO: 正在处理 CID: 2333
2025-08-31 12:19:07 [pubchem] INFO: 正在处理 CID: 60953
2025-08-31 12:19:07 [pubchem] INFO: 正在处理 CID: 2662
2025-08-31 12:19:07 [pubchem] INFO: 正在处理 CID: 56841571
2025-08-31 12:19:07 [pubchem] INFO: 正在处理 CID: 67462786
2025-08-31 12:19:07 [pubchem] INFO: 正在处理 CID: 3307
2025-08-31 12:19:07 [pubchem] INFO: 正在处理 CID: 193962
2025-08-31 12:19:07 [pubchem] INFO: 正在处理 CID: 3476
2025-08-31 12:19:07 [pubchem] INFO: 正在处理 CID: 3488
2025-08-31 12:19:07 [pubchem] INFO: 正在处理 CID: 3749
2025-08-31 12:19:07 [pubchem] INFO: 正在处理 CID: 219078
2025-08-31 12:19:07 [pubchem] INFO: 正在处理 CID: 54690031
2025-08-31 12:19:07 [pubchem] INFO: 正在处理 CID: 24783652
2025-08-31 12:19:07 [pubchem] INFO: 正在处理 CID: 117761397
2025-08-31 12:19:07 [pubchem] INFO: 正在处理 CID: 4044
2025-08-31 12:19:07 [pubchem] INFO: 正在处理 CID: 54677470
2025-08-31 12:19:07 [pubchem] INFO: 正在处理 CID: 4237
2025-08-31 12:19:07 [pubchem] INFO: 正在处理 CID: 5311309
2025-08-31 12:19:07 [pubchem] INFO: 正在处理 CID: 11526038
2025-08-31 12:19:07 [pubchem] INFO: 正在处理 CID: 40632
2025-08-31 12:19:07 [pubchem] INFO: 正在处理 CID: 4999
2025-08-31 12:19:07 [pubchem] INFO: 正在处理 CID: 5359
2025-08-31 12:19:07 [pubchem] INFO: 正在处理 CID: 54677971
2025-08-31 12:19:07 [pubchem] INFO: 正在处理 CID: 5282230
2025-08-31 12:19:07 [pubchem] INFO: 正在处理 CID: 60846
2025-08-31 12:19:07 [pubchem] INFO: 正在处理 CID: 71602803
2025-08-31 12:19:07 [pubchem] INFO: 正在处理 CID: 4168
2025-08-31 12:19:07 [pubchem] INFO: 正在处理 CID: 23659
2025-08-31 12:19:07 [pubchem] INFO: 正在处理 CID: 23659
2025-08-31 12:19:07 [pubchem] INFO: 正在处理 CID: 4595
2025-08-31 12:19:07 [pubchem] INFO: 正在处理 CID: 59774
2025-08-31 12:19:07 [pubchem] INFO: 正在处理 CID: 3033818
2025-08-31 12:19:07 [pubchem] INFO: 正在处理 CID: 3033817
2025-08-31 12:19:07 [pubchem] INFO: 正在处理 CID: 6337614
2025-08-31 12:19:07 [pubchem] INFO: 正在处理 CID: 6918303
2025-08-31 12:19:07 [pubchem] INFO: 正在处理 CID: 3337
2025-08-31 12:19:07 [pubchem] INFO: 正在处理 CID: 91452
2025-08-31 12:19:07 [pubchem] INFO: 正在处理 CID: 66265
2025-08-31 12:19:07 [pubchem] INFO: 正在处理 CID: 66264
2025-08-31 12:19:07 [pubchem] INFO: 正在处理 CID: 8249
2025-08-31 12:19:07 [pubchem] INFO: 正在处理 CID: 13266
2025-08-31 12:19:07 [pubchem] INFO: 正在处理 CID: 23652731
2025-08-31 12:19:07 [pubchem] INFO: 正在处理 CID: 52918379
2025-08-31 12:19:07 [pubchem] INFO: 正在处理 CID: 644020
2025-08-31 12:19:07 [pubchem] INFO: 正在处理 CID: 23616742
2025-08-31 12:19:07 [pubchem] INFO: 正在处理 CID: 4178
2025-08-31 12:19:07 [pubchem] INFO: 正在处理 CID: 21467
2025-08-31 12:19:07 [pubchem] INFO: 正在处理 CID: 2218
2025-08-31 12:19:07 [pubchem] INFO: 正在处理 CID: 4932
2025-08-31 12:19:07 [pubchem] INFO: 正在处理 CID: 36708
2025-08-31 12:19:07 [pubchem] INFO: 正在处理 CID: 3356
2025-08-31 12:19:07 [pubchem] INFO: 正在处理 CID: 41022
2025-08-31 12:19:07 [pubchem] INFO: 正在处理 CID: 48041
2025-08-31 12:19:07 [pubchem] INFO: 正在处理 CID: 48040
2025-08-31 12:19:07 [pubchem] INFO: 正在处理 CID: 2747
2025-08-31 12:19:07 [pubchem] INFO: 正在处理 CID: 57952
2025-08-31 12:19:07 [pubchem] INFO: 正在处理 CID: 5639
2025-08-31 12:19:07 [pubchem] INFO: 正在处理 CID: 167980
2025-08-31 12:19:07 [pubchem] INFO: 正在处理 CID: 2119
2025-08-31 12:19:07 [pubchem] INFO: 正在处理 CID: 66368
2025-08-31 12:19:07 [pubchem] INFO: 正在处理 CID: 4946
2025-08-31 12:19:07 [pubchem] INFO: 正在处理 CID: 62882
2025-08-31 12:19:07 [pubchem] INFO: 正在处理 CID: 33624
2025-08-31 12:19:07 [pubchem] INFO: 正在处理 CID: 33624
2025-08-31 12:19:07 [pubchem] INFO: 正在处理 CID: 5281056
2025-08-31 12:19:07 [pubchem] INFO: 正在处理 CID: 2583
2025-08-31 12:19:07 [pubchem] INFO: 正在处理 CID: 40127
2025-08-31 12:19:07 [pubchem] INFO: 正在处理 CID: 44112
2025-08-31 12:19:07 [pubchem] INFO: 正在处理 CID: 636368
2025-08-31 12:19:07 [pubchem] INFO: 正在处理 CID: 4171
2025-08-31 12:19:07 [pubchem] INFO: 正在处理 CID: 6440651
2025-08-31 12:19:07 [pubchem] INFO: 正在处理 CID: 62937
2025-08-31 12:19:07 [pubchem] INFO: 正在处理 CID: 441308
2025-08-31 12:19:07 [pubchem] INFO: 正在处理 CID: 71301
2025-08-31 12:19:07 [pubchem] INFO: 正在处理 CID: 24866733
2025-08-31 12:19:07 [pubchem] INFO: 正在处理 CID: 2585
2025-08-31 12:19:07 [pubchem] INFO: 正在处理 CID: 11954344
2025-08-31 12:19:07 [pubchem] INFO: 正在处理 CID: 2351
2025-08-31 12:19:07 [pubchem] INFO: 正在处理 CID: 50088
2025-08-31 12:19:07 [pubchem] INFO: 正在处理 CID: 4746
2025-08-31 12:19:07 [pubchem] INFO: 正在处理 CID: 5284439
2025-08-31 12:19:07 [pubchem] INFO: 正在处理 CID: 4927
2025-08-31 12:19:07 [pubchem] INFO: 正在处理 CID: 71449006
2025-08-31 12:19:07 [pubchem] INFO: 正在处理 CID: 6014
2025-08-31 12:19:07 [pubchem] INFO: 正在处理 CID: 6441486
2025-08-31 12:19:07 [pubchem] INFO: 正在处理 CID: 23724861
2025-08-31 12:19:07 [pubchem] INFO: 正在处理 CID: 63030
2025-08-31 12:19:07 [pubchem] INFO: 正在处理 CID: 443879
2025-08-31 12:19:07 [pubchem] INFO: 正在处理 CID: 443878
2025-08-31 12:19:07 [pubchem] INFO: 正在处理 CID: 444031
2025-08-31 12:19:07 [pubchem] INFO: 正在处理 CID: 444030
2025-08-31 12:19:07 [pubchem] INFO: 正在处理 CID: 6918558
2025-08-31 12:19:07 [pubchem] INFO: 正在处理 CID: 9849808
2025-08-31 12:19:07 [pubchem] INFO: 正在处理 CID: 2733526
2025-08-31 12:19:07 [pubchem] INFO: 正在处理 CID: 2733525
2025-08-31 12:19:07 [pubchem] INFO: 正在处理 CID: 5284603
2025-08-31 12:19:07 [pubchem] INFO: 正在处理 CID: 5462350
2025-08-31 12:19:07 [pubchem] INFO: 正在处理 CID: 23724988
2025-08-31 12:19:07 [pubchem] INFO: 正在处理 CID: 23724882
2025-08-31 12:19:07 [pubchem] INFO: 正在处理 CID: 5284543
2025-08-31 12:19:07 [pubchem] INFO: 正在处理 CID: 5492624
2025-08-31 12:19:07 [pubchem] INFO: 正在处理 CID: 5493302
2025-08-31 12:19:07 [pubchem] INFO: 正在处理 CID: 46174078
2025-08-31 12:19:07 [pubchem] INFO: 正在处理 CID: 33741
2025-08-31 12:19:07 [pubchem] INFO: 正在处理 CID: 63013
2025-08-31 12:19:07 [pubchem] INFO: 正在处理 CID: 4440
2025-08-31 12:19:07 [pubchem] INFO: 正在处理 CID: 60875
2025-08-31 12:19:07 [pubchem] INFO: 正在处理 CID: 123606
2025-08-31 12:19:07 [pubchem] INFO: 正在处理 CID: 123607
2025-08-31 12:19:07 [pubchem] INFO: 正在处理 CID: 26757
2025-08-31 12:19:07 [pubchem] INFO: 正在处理 CID: 26758
2025-08-31 12:19:07 [pubchem] INFO: 正在处理 CID: 2726
2025-08-31 12:19:07 [pubchem] INFO: 正在处理 CID: 6431825
2025-08-31 12:19:07 [pubchem] INFO: 正在处理 CID: 6240
2025-08-31 12:19:07 [pubchem] INFO: 正在处理 CID: 23724898
2025-08-31 12:19:07 [pubchem] INFO: 正在处理 CID: 165411865
2025-08-31 12:19:07 [pubchem] INFO: 正在处理 CID: 3372
2025-08-31 12:19:07 [pubchem] INFO: 正在处理 CID: 3388
2025-08-31 12:19:07 [pubchem] INFO: 正在处理 CID: 3389
2025-08-31 12:19:07 [pubchem] INFO: 正在处理 CID: 67356
2025-08-31 12:19:07 [pubchem] INFO: 正在处理 CID: 5282479
2025-08-31 12:19:07 [pubchem] INFO: 正在处理 CID: 4748
2025-08-31 12:19:07 [pubchem] INFO: 正在处理 CID: 62873
2025-08-31 12:19:07 [pubchem] INFO: 正在处理 CID: 62871
2025-08-31 12:19:07 [pubchem] INFO: 正在处理 CID: 91936843
2025-08-31 12:19:07 [pubchem] INFO: 正在处理 CID: 168090
2025-08-31 12:19:07 [pubchem] INFO: 正在处理 CID: 6444477
2025-08-31 12:19:07 [pubchem] INFO: 正在处理 CID: 3559
2025-08-31 12:19:07 [pubchem] INFO: 正在处理 CID: 52919
2025-08-31 12:19:07 [pubchem] INFO: 正在处理 CID: 16051968
2025-08-31 12:19:07 [pubchem] INFO: 正在处理 CID: 5311507
2025-08-31 12:19:07 [pubchem] INFO: 正在处理 CID: 6436640
2025-08-31 12:19:07 [pubchem] INFO: 正在处理 CID: 6450333
2025-08-31 12:19:07 [pubchem] INFO: 正在处理 CID: 6433208
2025-08-31 12:19:07 [pubchem] INFO: 正在处理 CID: 3964
2025-08-31 12:19:07 [pubchem] INFO: 正在处理 CID: 71400
2025-08-31 12:19:07 [pubchem] INFO: 正在处理 CID: 71399
2025-08-31 12:19:07 [pubchem] INFO: 正在处理 CID: 135398745
2025-08-31 12:19:07 [pubchem] INFO: 正在处理 CID: 135566032
2025-08-31 12:19:07 [pubchem] INFO: 正在处理 CID: 60795
2025-08-31 12:19:07 [pubchem] INFO: 正在处理 CID: 49831462
2025-08-31 12:19:07 [pubchem] INFO: 正在处理 CID: 11408688
2025-08-31 12:19:07 [pubchem] INFO: 正在处理 CID: 49831411
2025-08-31 12:19:07 [pubchem] INFO: 正在处理 CID: 5311068
2025-08-31 12:19:07 [pubchem] INFO: 正在处理 CID: 6918081
2025-08-31 12:19:07 [pubchem] INFO: 正在处理 CID: 3696
2025-08-31 12:19:07 [pubchem] INFO: 正在处理 CID: 8228
2025-08-31 12:19:07 [pubchem] INFO: 正在处理 CID: 24904
2025-08-31 12:19:07 [pubchem] INFO: 正在处理 CID: 2801
2025-08-31 12:19:07 [pubchem] INFO: 正在处理 CID: 68539
2025-08-31 12:19:07 [pubchem] INFO: 正在处理 CID: 2160
2025-08-31 12:19:07 [pubchem] INFO: 正在处理 CID: 11065
2025-08-31 12:19:07 [pubchem] INFO: 正在处理 CID: 4543
2025-08-31 12:19:07 [pubchem] INFO: 正在处理 CID: 441358
2025-08-31 12:19:07 [pubchem] INFO: 正在处理 CID: 667477
2025-08-31 12:19:07 [pubchem] INFO: 正在处理 CID: 6419921
2025-08-31 12:19:07 [pubchem] INFO: 正在处理 CID: 5284550
2025-08-31 12:19:07 [pubchem] INFO: 正在处理 CID: 9884029
2025-08-31 12:19:07 [pubchem] INFO: 正在处理 CID: 4011
2025-08-31 12:19:07 [pubchem] INFO: 正在处理 CID: 71478
2025-08-31 12:19:07 [pubchem] INFO: 正在处理 CID: 3386
2025-08-31 12:19:07 [pubchem] INFO: 正在处理 CID: 62857
2025-08-31 12:19:07 [pubchem] INFO: 正在处理 CID: 2771
2025-08-31 12:19:07 [pubchem] INFO: 正在处理 CID: 77995
2025-08-31 12:19:07 [pubchem] INFO: 正在处理 CID: 3020376
2025-08-31 12:19:07 [pubchem] INFO: 正在处理 CID: 43815
2025-08-31 12:19:07 [pubchem] INFO: 正在处理 CID: 62878
2025-08-31 12:19:07 [pubchem] INFO: 正在处理 CID: 5282487
2025-08-31 12:19:07 [pubchem] INFO: 正在处理 CID: 9845306
2025-08-31 12:19:07 [pubchem] INFO: 正在处理 CID: 5324346
2025-08-31 12:19:07 [pubchem] INFO: 正在处理 CID: 9560989
2025-08-31 12:19:07 [pubchem] INFO: 正在处理 CID: 146570
2025-08-31 12:19:07 [pubchem] INFO: 正在处理 CID: 146571
2025-08-31 12:19:07 [pubchem] INFO: 正在处理 CID: 4184
2025-08-31 12:19:07 [pubchem] INFO: 正在处理 CID: 68551
2025-08-31 12:19:07 [pubchem] INFO: 正在处理 CID: 5533
2025-08-31 12:19:07 [pubchem] INFO: 正在处理 CID: 62935
2025-08-31 12:19:07 [pubchem] INFO: 正在处理 CID: 33254
2025-08-31 12:19:07 [pubchem] INFO: 正在处理 CID: 5666
2025-08-31 12:19:07 [pubchem] INFO: 正在处理 CID: 71424
2025-08-31 12:19:07 [pubchem] INFO: 正在处理 CID: 5656
2025-08-31 12:19:07 [pubchem] INFO: 正在处理 CID: 87460500
2025-08-31 12:19:07 [pubchem] INFO: 正在处理 CID: 62923
2025-08-31 12:19:07 [pubchem] INFO: 正在处理 CID: 60835
2025-08-31 12:19:07 [pubchem] INFO: 正在处理 CID: 60834
2025-08-31 12:19:07 [pubchem] INFO: 正在处理 CID: 6918314
2025-08-31 12:19:07 [pubchem] INFO: 正在处理 CID: 6918313
2025-08-31 12:19:07 [pubchem] INFO: 正在处理 CID: 9966051
2025-08-31 12:19:07 [pubchem] INFO: 正在处理 CID: 132233889
2025-08-31 12:19:07 [pubchem] INFO: 正在处理 CID: 56843850
2025-08-31 12:19:07 [pubchem] INFO: 正在处理 CID: 3007
2025-08-31 12:19:07 [pubchem] INFO: 正在处理 CID: 6055
2025-08-31 12:19:07 [pubchem] INFO: 正在处理 CID: 5826
2025-08-31 12:19:07 [pubchem] INFO: 正在处理 CID: 5825
2025-08-31 12:19:07 [pubchem] INFO: 正在处理 CID: 10836
2025-08-31 12:19:07 [pubchem] INFO: 正在处理 CID: 66124
2025-08-31 12:19:07 [pubchem] INFO: 正在处理 CID: 54841
2025-08-31 12:19:07 [pubchem] INFO: 正在处理 CID: 54840
2025-08-31 12:19:07 [pubchem] INFO: 正在处理 CID: 3152
2025-08-31 12:19:07 [pubchem] INFO: 正在处理 CID: 9651
2025-08-31 12:19:07 [pubchem] INFO: 正在处理 CID: 121587
2025-08-31 12:19:07 [pubchem] INFO: 正在处理 CID: 83898
2025-08-31 12:19:07 [pubchem] INFO: 正在处理 CID: 22083401
2025-08-31 12:19:07 [pubchem] INFO: 正在处理 CID: 4095
2025-08-31 12:19:07 [pubchem] INFO: 正在处理 CID: 14184
2025-08-31 12:19:07 [pubchem] INFO: 正在处理 CID: 1547484
2025-08-31 12:19:07 [pubchem] INFO: 正在处理 CID: 6444556
2025-08-31 12:19:07 [pubchem] INFO: 正在处理 CID: 941361
2025-08-31 12:19:07 [pubchem] INFO: 正在处理 CID: 5282407
2025-08-31 12:19:07 [pubchem] INFO: 正在处理 CID: 5284569
2025-08-31 12:19:07 [pubchem] INFO: 正在处理 CID: 5463977
2025-08-31 12:19:07 [scrapy.crawler] INFO: Received SIGINT twice, forcing unclean shutdown
2025-08-31 12:19:07 [pubchem] INFO: 正在处理 CID: 12358607
2025-08-31 12:19:07 [pubchem] INFO: 正在处理 CID: 5284569
2025-08-31 12:19:08 [pubchem] INFO: 正在处理 CID: 5284371
2025-08-31 12:19:08 [pubchem] INFO: 正在处理 CID: 5284371
2025-08-31 12:19:08 [pubchem] INFO: 正在处理 CID: 15984075
2025-08-31 12:19:08 [pubchem] INFO: 正在处理 CID: 5359227
2025-08-31 12:19:08 [pubchem] INFO: 正在处理 CID: 5284371
2025-08-31 12:19:08 [pubchem] INFO: 正在处理 CID: 21155870
2025-08-31 12:19:08 [pubchem] INFO: 正在处理 CID: 5360696
2025-08-31 12:19:08 [pubchem] INFO: 正在处理 CID: 5464025
2025-08-31 12:19:08 [pubchem] INFO: 正在处理 CID: 5464025
2025-08-31 12:19:08 [pubchem] INFO: 正在处理 CID: 33036
2025-08-31 12:19:08 [pubchem] INFO: 正在处理 CID: 5281070
2025-08-31 12:19:08 [pubchem] INFO: 正在处理 CID: 108000
2025-08-31 12:19:08 [pubchem] INFO: 正在处理 CID: 107999
2025-08-31 12:19:08 [pubchem] INFO: 正在处理 CID: 11519070
2025-08-31 12:19:08 [pubchem] INFO: 正在处理 CID: 11519069
2025-08-31 12:19:08 [pubchem] INFO: 正在处理 CID: 15983988
2025-08-31 12:19:08 [pubchem] INFO: 正在处理 CID: 44183569
2025-08-31 12:19:08 [pubchem] INFO: 正在处理 CID: 11154555
2025-08-31 12:19:08 [pubchem] INFO: 正在处理 CID: 25096873
2025-08-31 12:19:08 [pubchem] INFO: 正在处理 CID: 5160
2025-08-31 12:19:08 [pubchem] INFO: 正在处理 CID: 444005
2025-08-31 12:19:08 [pubchem] INFO: 正在处理 CID: 49836084
2025-08-31 12:19:08 [pubchem] INFO: 正在处理 CID: 72736244
2025-08-31 12:19:08 [pubchem] INFO: 正在处理 CID: 24795069
2025-08-31 12:19:08 [pubchem] INFO: 正在处理 CID: 92042922
2025-08-31 12:19:08 [pubchem] INFO: 正在处理 CID: 58557659
2025-08-31 12:19:08 [pubchem] INFO: 正在处理 CID: 133053456
2025-08-31 12:19:08 [pubchem] INFO: 正在处理 CID: 127263217
2025-08-31 12:19:08 [pubchem] INFO: 正在处理 CID: 4205
2025-08-31 12:19:08 [pubchem] INFO: 正在处理 CID: 9882242
2025-08-31 12:19:08 [pubchem] INFO: 正在处理 CID: 44139752
2025-08-31 12:19:08 [pubchem] INFO: 正在处理 CID: 71009737
2025-08-31 12:19:08 [pubchem] INFO: 正在处理 CID: 46224413
2025-08-31 12:19:08 [pubchem] INFO: 正在处理 CID: 121513889
2025-08-31 12:19:08 [pubchem] INFO: 正在处理 CID: 9948102
2025-08-31 12:19:08 [pubchem] INFO: 正在处理 CID: 11551689
2025-08-31 12:19:08 [pubchem] INFO: 正在处理 CID: 15981397
2025-08-31 12:19:08 [pubchem] INFO: 正在处理 CID: 45375887
2025-08-31 12:19:08 [pubchem] INFO: 正在处理 CID: 117817422
2025-08-31 12:19:08 [pubchem] INFO: 正在处理 CID: 146171209
2025-08-31 12:19:08 [pubchem] INFO: 正在处理 CID: 90467622
2025-08-31 12:19:08 [pubchem] INFO: 正在处理 CID: 156613702
2025-08-31 12:19:08 [pubchem] INFO: 正在处理 CID: 6100671
2025-08-31 12:19:08 [pubchem] INFO: 正在处理 CID: 2170
2025-08-31 12:19:08 [pubchem] INFO: 正在处理 CID: 2249
2025-08-31 12:19:08 [pubchem] INFO: 正在处理 CID: 11978813
2025-08-31 12:19:08 [pubchem] INFO: 正在处理 CID: 13477019
2025-08-31 12:19:08 [pubchem] INFO: 正在处理 CID: 2754
2025-08-31 12:19:08 [pubchem] INFO: 正在处理 CID: 25151504
2025-08-31 12:19:08 [pubchem] INFO: 正在处理 CID: 91810529
2025-08-31 12:19:08 [pubchem] INFO: 正在处理 CID: 57327017
2025-08-31 12:19:08 [pubchem] INFO: 正在处理 CID: 11391
2025-08-31 12:19:08 [pubchem] INFO: 正在处理 CID: 6480466
2025-08-31 12:19:08 [pubchem] INFO: 正在处理 CID: 134821691
2025-08-31 12:19:08 [pubchem] INFO: 正在处理 CID: 56841571
2025-08-31 12:19:08 [pubchem] INFO: 正在处理 CID: 6918305
2025-08-31 12:19:08 [pubchem] INFO: 正在处理 CID: 71360
2025-08-31 12:19:08 [pubchem] INFO: 正在处理 CID: 5282136
2025-08-31 12:19:08 [pubchem] INFO: 正在处理 CID: 3957
2025-08-31 12:19:08 [pubchem] INFO: 正在处理 CID: 11256587
2025-08-31 12:19:08 [pubchem] INFO: 正在处理 CID: 4066
2025-08-31 12:19:08 [pubchem] INFO: 正在处理 CID: 4463
2025-08-31 12:19:08 [pubchem] INFO: 正在处理 CID: 11672491
2025-08-31 12:19:08 [pubchem] INFO: 正在处理 CID: 16362
2025-08-31 12:19:08 [pubchem] INFO: 正在处理 CID: 4828
2025-08-31 12:19:08 [pubchem] INFO: 正在处理 CID: 40632
2025-08-31 12:19:08 [pubchem] INFO: 正在处理 CID: 5073
2025-08-31 12:19:08 [pubchem] INFO: 正在处理 CID: 392622
2025-08-31 12:19:08 [pubchem] INFO: 正在处理 CID: 86301316
2025-08-31 12:19:08 [pubchem] INFO: 正在处理 CID: 3002190
2025-08-31 12:19:08 [pubchem] INFO: 正在处理 CID: 6018
2025-08-31 12:19:08 [pubchem] INFO: 正在处理 CID: 24847942
2025-08-31 12:19:08 [pubchem] INFO: 正在处理 CID: 71300746
2025-08-31 12:19:08 [pubchem] INFO: 正在处理 CID: 5284566
2025-08-31 12:19:08 [pubchem] INFO: 正在处理 CID: 6918003
2025-08-31 12:19:08 [pubchem] INFO: 正在处理 CID: 135409400
2025-08-31 12:19:08 [pubchem] INFO: 正在处理 CID: 135413494
2025-08-31 12:19:08 [pubchem] INFO: 正在处理 CID: 135565321
2025-08-31 12:19:08 [pubchem] INFO: 正在处理 CID: 6914273
2025-08-31 12:19:08 [pubchem] INFO: 正在处理 CID: 6604100
2025-08-31 12:19:08 [pubchem] INFO: 正在处理 CID: 135565596
2025-08-31 12:19:08 [pubchem] INFO: 正在处理 CID: 135565785
2025-08-31 12:19:08 [pubchem] INFO: 正在处理 CID: 135566117
2025-08-31 12:19:08 [pubchem] INFO: 正在处理 CID: 6480466
2025-08-31 12:19:08 [pubchem] INFO: 正在处理 CID: 5311037
2025-08-31 12:19:08 [pubchem] INFO: 正在处理 CID: 11304743
2025-08-31 12:19:08 [pubchem] INFO: 正在处理 CID: 118513932
2025-08-31 12:19:08 [pubchem] INFO: 正在处理 CID: 2099
2025-08-31 12:19:08 [pubchem] INFO: 正在处理 CID: 60758
2025-08-31 12:19:08 [pubchem] INFO: 正在处理 CID: 4595
2025-08-31 12:19:08 [pubchem] INFO: 正在处理 CID: 59774
2025-08-31 12:19:08 [pubchem] INFO: 正在处理 CID: 6337614
2025-08-31 12:19:08 [pubchem] INFO: 正在处理 CID: 6918303
2025-08-31 12:19:08 [pubchem] INFO: 正在处理 CID: 3337
2025-08-31 12:19:08 [pubchem] INFO: 正在处理 CID: 91452
2025-08-31 12:19:08 [pubchem] INFO: 正在处理 CID: 60606
2025-08-31 12:19:08 [pubchem] INFO: 正在处理 CID: 9847991
2025-08-31 12:19:08 [pubchem] INFO: 正在处理 CID: 115366
2025-08-31 12:19:08 [pubchem] INFO: 正在处理 CID: 9798860
2025-08-31 12:19:08 [pubchem] INFO: 正在处理 CID: 3676
2025-08-31 12:19:08 [pubchem] INFO: 正在处理 CID: 6314
2025-08-31 12:19:08 [pubchem] INFO: 正在处理 CID: 16219577
2025-08-31 12:19:08 [pubchem] INFO: 正在处理 CID: 4178
2025-08-31 12:19:08 [pubchem] INFO: 正在处理 CID: 21467
2025-08-31 12:19:08 [pubchem] INFO: 正在处理 CID: 4932
2025-08-31 12:19:08 [pubchem] INFO: 正在处理 CID: 36708
2025-08-31 12:19:08 [pubchem] INFO: 正在处理 CID: 4946
2025-08-31 12:19:08 [pubchem] INFO: 正在处理 CID: 62882
2025-08-31 12:19:08 [pubchem] INFO: 正在处理 CID: 2585
2025-08-31 12:19:08 [pubchem] INFO: 正在处理 CID: 11954344
2025-08-31 12:19:08 [pubchem] INFO: 正在处理 CID: 1549008
2025-08-31 12:19:08 [pubchem] INFO: 正在处理 CID: 5282481
2025-08-31 12:19:08 [pubchem] INFO: 正在处理 CID: 4539
2025-08-31 12:19:08 [pubchem] INFO: 正在处理 CID: 83908
2025-08-31 12:19:08 [pubchem] INFO: 正在处理 CID: 176870
2025-08-31 12:19:08 [pubchem] INFO: 正在处理 CID: 176871
2025-08-31 12:19:08 [pubchem] INFO: 正在处理 CID: 135409400
2025-08-31 12:19:08 [pubchem] INFO: 正在处理 CID: 135413494
2025-08-31 12:19:08 [pubchem] INFO: 正在处理 CID: 135565321
2025-08-31 12:19:08 [pubchem] INFO: 正在处理 CID: 5487
2025-08-31 12:19:08 [pubchem] INFO: 正在处理 CID: 114869
2025-08-31 12:19:08 [pubchem] INFO: 正在处理 CID: 6914273
2025-08-31 12:19:08 [pubchem] INFO: 正在处理 CID: 6604100
2025-08-31 12:19:08 [pubchem] INFO: 正在处理 CID: 175805
2025-08-31 12:19:08 [pubchem] INFO: 正在处理 CID: 175804
2025-08-31 12:19:08 [pubchem] INFO: 正在处理 CID: 92253
2025-08-31 12:19:08 [pubchem] INFO: 正在处理 CID: 117965
2025-08-31 12:19:08 [pubchem] INFO: 正在处理 CID: 4440
2025-08-31 12:19:08 [pubchem] INFO: 正在处理 CID: 60875
2025-08-31 12:19:08 [pubchem] INFO: 正在处理 CID: 5095
2025-08-31 12:19:08 [pubchem] INFO: 正在处理 CID: 68727
2025-08-31 12:19:08 [pubchem] INFO: 正在处理 CID: 3052776
2025-08-31 12:19:08 [pubchem] INFO: 正在处理 CID: 3052775
2025-08-31 12:19:08 [pubchem] INFO: 正在处理 CID: 71550735
2025-08-31 12:19:08 [pubchem] INFO: 正在处理 CID: 3964
2025-08-31 12:19:08 [pubchem] INFO: 正在处理 CID: 71400
2025-08-31 12:19:08 [pubchem] INFO: 正在处理 CID: 71399
2025-08-31 12:19:08 [pubchem] INFO: 正在处理 CID: 135398745
2025-08-31 12:19:08 [pubchem] INFO: 正在处理 CID: 135566032
2025-08-31 12:19:08 [pubchem] INFO: 正在处理 CID: 5732
2025-08-31 12:19:08 [pubchem] INFO: 正在处理 CID: 441338
2025-08-31 12:19:08 [pubchem] INFO: 正在处理 CID: 5311068
2025-08-31 12:19:08 [pubchem] INFO: 正在处理 CID: 6918081
2025-08-31 12:19:08 [pubchem] INFO: 正在处理 CID: 3696
2025-08-31 12:19:08 [pubchem] INFO: 正在处理 CID: 8228
2025-08-31 12:19:08 [pubchem] INFO: 正在处理 CID: 24904
2025-08-31 12:19:08 [pubchem] INFO: 正在处理 CID: 2801
2025-08-31 12:19:08 [pubchem] INFO: 正在处理 CID: 68539
2025-08-31 12:19:08 [pubchem] INFO: 正在处理 CID: 2160
2025-08-31 12:19:08 [pubchem] INFO: 正在处理 CID: 11065
2025-08-31 12:19:08 [pubchem] INFO: 正在处理 CID: 667477
2025-08-31 12:19:08 [pubchem] INFO: 正在处理 CID: 6419921
2025-08-31 12:19:08 [pubchem] INFO: 正在处理 CID: 4184
2025-08-31 12:19:08 [pubchem] INFO: 正在处理 CID: 68551
2025-08-31 12:19:08 [pubchem] INFO: 正在处理 CID: 60835
2025-08-31 12:19:08 [pubchem] INFO: 正在处理 CID: 60834
2025-08-31 12:19:08 [pubchem] INFO: 正在处理 CID: 2519
2025-08-31 12:19:08 [pubchem] INFO: 正在处理 CID: 6241
2025-08-31 12:19:08 [pubchem] INFO: 正在处理 CID: 64119
2025-08-31 12:19:08 [pubchem] INFO: 正在处理 CID: 1935
2025-08-31 12:19:08 [pubchem] INFO: 正在处理 CID: 2723754
2025-08-31 12:19:08 [pubchem] INFO: 正在处理 CID: 2153
2025-08-31 12:19:08 [pubchem] INFO: 正在处理 CID: 2153
2025-08-31 12:19:08 [pubchem] INFO: 正在处理 CID: 10221451
2025-08-31 12:19:08 [pubchem] INFO: 正在处理 CID: 23663537
2025-08-31 12:19:08 [pubchem] INFO: 正在处理 CID: 9433
2025-08-31 12:19:08 [pubchem] INFO: 正在处理 CID: 20848874
2025-08-31 12:19:08 [pubchem] INFO: 正在处理 CID: 16218860
2025-08-31 12:19:08 [pubchem] INFO: 正在处理 CID: 108000
2025-08-31 12:19:08 [pubchem] INFO: 正在处理 CID: 107999
2025-08-31 12:19:08 [pubchem] INFO: 正在处理 CID: 5160
2025-08-31 12:19:08 [pubchem] INFO: 正在处理 CID: 444005
2025-08-31 12:19:08 [pubchem] INFO: 正在处理 CID: 25062766
2025-08-31 12:19:08 [pubchem] INFO: 正在处理 CID: 57345482
2025-08-31 12:19:08 [pubchem] INFO: 正在处理 CID: 102514733
2025-08-31 12:19:08 [pubchem] INFO: 正在处理 CID: 10127622
2025-08-31 12:19:08 [pubchem] INFO: 正在处理 CID: 16214875
2025-08-31 12:19:08 [pubchem] INFO: 正在处理 CID: 4205
2025-08-31 12:19:08 [pubchem] INFO: 正在处理 CID: 9882242
2025-08-31 12:19:08 [pubchem] INFO: 正在处理 CID: 163091
2025-08-31 12:19:08 [pubchem] INFO: 正在处理 CID: 6917875
2025-08-31 12:19:08 [pubchem] INFO: 正在处理 CID: 117817422
2025-08-31 12:19:08 [pubchem] INFO: 正在处理 CID: 146171209
2025-08-31 12:19:08 [pubchem] INFO: 正在处理 CID: 3019
2025-08-31 12:19:08 [pubchem] INFO: 正在处理 CID: 25014811
2025-08-31 12:19:08 [pubchem] INFO: 正在处理 CID: 15664
2025-08-31 12:19:08 [pubchem] INFO: 正在处理 CID: 135398737
2025-08-31 12:19:08 [pubchem] INFO: 正在处理 CID: 134821691
2025-08-31 12:19:08 [pubchem] INFO: 正在处理 CID: 9911821
2025-08-31 12:19:08 [pubchem] INFO: 正在处理 CID: 11720242
2025-08-31 12:19:08 [pubchem] INFO: 正在处理 CID: 471161
2025-08-31 12:19:08 [pubchem] INFO: 正在处理 CID: 896
2025-08-31 12:19:08 [pubchem] INFO: 正在处理 CID: 656652
2025-08-31 12:19:08 [pubchem] INFO: 正在处理 CID: 40632
2025-08-31 12:19:08 [pubchem] INFO: 正在处理 CID: 134780
2025-08-31 12:19:08 [pubchem] INFO: 正在处理 CID: 208902
2025-08-31 12:19:08 [pubchem] INFO: 正在处理 CID: 5070
2025-08-31 12:19:08 [pubchem] INFO: 正在处理 CID: 449193
2025-08-31 12:19:08 [pubchem] INFO: 正在处理 CID: 5311454
2025-08-31 12:19:08 [pubchem] INFO: 正在处理 CID: 10220503
2025-08-31 12:19:08 [pubchem] INFO: 正在处理 CID: 6018
2025-08-31 12:19:08 [pubchem] INFO: 正在处理 CID: 60857
2025-08-31 12:19:08 [pubchem] INFO: 正在处理 CID: 2585
2025-08-31 12:19:08 [pubchem] INFO: 正在处理 CID: 11954344
2025-08-31 12:19:08 [pubchem] INFO: 正在处理 CID: 4440
2025-08-31 12:19:08 [pubchem] INFO: 正在处理 CID: 60875
2025-08-31 12:19:08 [pubchem] INFO: 正在处理 CID: 5311068
2025-08-31 12:19:08 [pubchem] INFO: 正在处理 CID: 6918081
2025-08-31 12:19:08 [pubchem] INFO: 正在处理 CID: 2519
2025-08-31 12:19:08 [pubchem] INFO: 正在处理 CID: 6241
2025-08-31 12:19:08 [pubchem] INFO: 正在处理 CID: 64119
2025-08-31 12:19:08 [pubchem] INFO: 正在处理 CID: 10127622
2025-08-31 12:19:08 [pubchem] INFO: 正在处理 CID: 16214875
2025-08-31 12:19:08 [pubchem] INFO: 正在处理 CID: 180
2025-08-31 12:19:08 [pubchem] INFO: 正在处理 CID: 11962412
2025-08-31 12:19:08 [pubchem] INFO: 正在处理 CID: 6480466
2025-08-31 12:19:08 [pubchem] INFO: 正在处理 CID: 3226
2025-08-31 12:19:08 [pubchem] INFO: 正在处理 CID: 969472
2025-08-31 12:19:08 [pubchem] INFO: 正在处理 CID: 3562
2025-08-31 12:19:08 [pubchem] INFO: 正在处理 CID: 4116
2025-08-31 12:19:08 [pubchem] INFO: 正在处理 CID: 40632
2025-08-31 12:19:08 [pubchem] INFO: 正在处理 CID: 5816
2025-08-31 12:19:08 [pubchem] INFO: 正在处理 CID: 5815
2025-08-31 12:19:08 [pubchem] INFO: 正在处理 CID: 441411
2025-08-31 12:19:08 [pubchem] INFO: 正在处理 CID: 439260
2025-08-31 12:19:08 [pubchem] INFO: 正在处理 CID: 3047796
2025-08-31 12:19:08 [pubchem] INFO: 正在处理 CID: 11672905
2025-08-31 12:19:08 [pubchem] INFO: 正在处理 CID: 11672905
2025-08-31 12:19:08 [pubchem] INFO: 正在处理 CID: 146570
2025-08-31 12:19:08 [pubchem] INFO: 正在处理 CID: 146571
2025-08-31 12:19:08 [pubchem] INFO: 正在处理 CID: 5358
2025-08-31 12:19:08 [pubchem] INFO: 正在处理 CID: 59772
2025-08-31 12:19:08 [pubchem] INFO: 正在处理 CID: 123606
2025-08-31 12:19:08 [pubchem] INFO: 正在处理 CID: 123607
2025-08-31 12:19:08 [pubchem] INFO: 正在处理 CID: 131682
2025-08-31 12:19:08 [pubchem] INFO: 正在处理 CID: 3038502
2025-08-31 12:19:08 [pubchem] INFO: 正在处理 CID: 60857
2025-08-31 12:19:08 [pubchem] INFO: 正在处理 CID: 681
2025-08-31 12:19:08 [pubchem] INFO: 正在处理 CID: 65340
2025-08-31 12:19:08 [pubchem] INFO: 正在处理 CID: 3955
2025-08-31 12:19:08 [pubchem] INFO: 正在处理 CID: 71420
2025-08-31 12:19:08 [pubchem] INFO: 正在处理 CID: 71421
2025-08-31 12:19:08 [pubchem] INFO: 正在处理 CID: 4829
2025-08-31 12:19:08 [pubchem] INFO: 正在处理 CID: 60560
2025-08-31 12:19:08 [pubchem] INFO: 正在处理 CID: 638034
2025-08-31 12:19:08 [pubchem] INFO: 正在处理 CID: 5280531
2025-08-31 12:19:08 [pubchem] INFO: 正在处理 CID: 6394572
2025-08-31 12:19:08 [pubchem] INFO: 正在处理 CID: 445354
2025-08-31 12:19:08 [pubchem] INFO: 正在处理 CID: 6918140
2025-08-31 12:19:08 [pubchem] INFO: 正在处理 CID: 11179459
2025-08-31 12:19:08 [pubchem] INFO: 正在处理 CID: 23663413
2025-08-31 12:19:08 [pubchem] INFO: 正在处理 CID: 91617675
2025-08-31 12:19:08 [pubchem] INFO: 正在处理 CID: 156104640
2025-08-31 12:19:08 [pubchem] INFO: 正在处理 CID: 76969345
2025-08-31 12:19:08 [pubchem] INFO: 正在处理 CID: 41781
2025-08-31 12:19:08 [pubchem] INFO: 正在处理 CID: 446156
2025-08-31 12:19:08 [pubchem] INFO: 正在处理 CID: 23663992
2025-08-31 12:19:08 [pubchem] INFO: 正在处理 CID: 1549008
2025-08-31 12:19:08 [pubchem] INFO: 正在处理 CID: 5282481
2025-08-31 12:19:08 [pubchem] INFO: 正在处理 CID: 2907
2025-08-31 12:19:08 [pubchem] INFO: 正在处理 CID: 2907
2025-08-31 12:19:08 [pubchem] INFO: 正在处理 CID: 644241
2025-08-31 12:19:08 [pubchem] INFO: 正在处理 CID: 166451396
2025-08-31 12:19:08 [pubchem] INFO: 正在处理 CID: 67323320
2025-08-31 12:19:08 [pubchem] INFO: 正在处理 CID: 16757572
2025-08-31 12:19:08 [pubchem] INFO: 正在处理 CID: 146473444
2025-08-31 12:19:08 [pubchem] INFO: 正在处理 CID: 44462760
2025-08-31 12:19:08 [pubchem] INFO: 正在处理 CID: 44516822
2025-08-31 12:19:08 [pubchem] INFO: 正在处理 CID: 9966051
2025-08-31 12:19:08 [pubchem] INFO: 正在处理 CID: 132233889
2025-08-31 12:19:08 [pubchem] INFO: 正在处理 CID: 56843850
2025-08-31 12:19:08 [pubchem] INFO: 正在处理 CID: 4095
2025-08-31 12:19:08 [pubchem] INFO: 正在处理 CID: 14184
2025-08-31 12:19:08 [pubchem] INFO: 正在处理 CID: 3652
2025-08-31 12:19:08 [pubchem] INFO: 正在处理 CID: 12947
2025-08-31 12:19:08 [pubchem] INFO: 正在处理 CID: 2165
2025-08-31 12:19:08 [pubchem] INFO: 正在处理 CID: 6246
2025-08-31 12:19:08 [pubchem] INFO: 正在处理 CID: 11504295
2025-08-31 12:19:08 [pubchem] INFO: 正在处理 CID: 11711522
2025-08-31 12:19:08 [pubchem] INFO: 正在处理 CID: 5281040
2025-08-31 12:19:08 [pubchem] INFO: 正在处理 CID: 23663996
2025-08-31 12:19:08 [pubchem] INFO: 正在处理 CID: 25062766
2025-08-31 12:19:08 [pubchem] INFO: 正在处理 CID: 57345482
2025-08-31 12:19:08 [pubchem] INFO: 正在处理 CID: 102514733
2025-08-31 12:19:08 [pubchem] INFO: 正在处理 CID: 36314
2025-08-31 12:19:08 [pubchem] INFO: 正在处理 CID: 44145344
2025-08-31 12:19:08 [pubchem] INFO: 正在处理 CID: 44623998
2025-08-31 12:19:08 [pubchem] INFO: 正在处理 CID: 44624336
2025-08-31 12:19:08 [pubchem] INFO: 正在处理 CID: 25171648
2025-08-31 12:19:08 [pubchem] INFO: 正在处理 CID: 46700774
2025-08-31 12:19:08 [pubchem] INFO: 正在处理 CID: 117817422
2025-08-31 12:19:08 [pubchem] INFO: 正在处理 CID: 146171209
2025-08-31 12:19:08 [pubchem] INFO: 正在处理 CID: 90467622
2025-08-31 12:19:08 [pubchem] INFO: 正在处理 CID: 156613702
2025-08-31 12:19:08 [pubchem] INFO: 正在处理 CID: 51039094
2025-08-31 12:19:08 [pubchem] INFO: 正在处理 CID: 24872560
2025-08-31 12:19:08 [pubchem] INFO: 正在处理 CID: 15951529
2025-08-31 12:19:08 [pubchem] INFO: 正在处理 CID: 60150535
2025-08-31 12:19:08 [pubchem] INFO: 正在处理 CID: 636389
2025-08-31 12:19:08 [pubchem] INFO: 正在处理 CID: 71811910
2025-08-31 12:19:08 [pubchem] INFO: 正在处理 CID: 10295295
2025-08-31 12:19:08 [pubchem] INFO: 正在处理 CID: 11526038
2025-08-31 12:19:08 [pubchem] INFO: 正在处理 CID: 65981
2025-08-31 12:19:08 [pubchem] INFO: 正在处理 CID: 11304743
2025-08-31 12:19:08 [pubchem] INFO: 正在处理 CID: 11256664
2025-08-31 12:19:08 [pubchem] INFO: 正在处理 CID: 9913767
2025-08-31 12:19:08 [pubchem] INFO: 正在处理 CID: 91885554
2025-08-31 12:19:08 [pubchem] INFO: 正在处理 CID: 3035000
2025-08-31 12:19:08 [pubchem] INFO: 正在处理 CID: 5735
2025-08-31 12:19:08 [pubchem] INFO: 正在处理 CID: 3337
2025-08-31 12:19:08 [pubchem] INFO: 正在处理 CID: 91452
2025-08-31 12:19:08 [pubchem] INFO: 正在处理 CID: 60606
2025-08-31 12:19:08 [pubchem] INFO: 正在处理 CID: 9847991
2025-08-31 12:19:08 [pubchem] INFO: 正在处理 CID: 115366
2025-08-31 12:19:08 [pubchem] INFO: 正在处理 CID: 9798860
2025-08-31 12:19:08 [pubchem] INFO: 正在处理 CID: 2907
2025-08-31 12:19:08 [pubchem] INFO: 正在处理 CID: 2907
2025-08-31 12:19:08 [pubchem] INFO: 正在处理 CID: 26757
2025-08-31 12:19:08 [pubchem] INFO: 正在处理 CID: 26758
2025-08-31 12:19:08 [pubchem] INFO: 正在处理 CID: 68617
2025-08-31 12:19:08 [pubchem] INFO: 正在处理 CID: 63009
2025-08-31 12:19:08 [pubchem] INFO: 正在处理 CID: 9966051
2025-08-31 12:19:08 [pubchem] INFO: 正在处理 CID: 132233889
2025-08-31 12:19:08 [pubchem] INFO: 正在处理 CID: 56843850
2025-08-31 12:19:08 [pubchem] INFO: 正在处理 CID: 4095
2025-08-31 12:19:08 [pubchem] INFO: 正在处理 CID: 14184
2025-08-31 12:19:08 [pubchem] INFO: 正在处理 CID: 5284569
2025-08-31 12:19:08 [pubchem] INFO: 正在处理 CID: 5463977
2025-08-31 12:19:08 [pubchem] INFO: 正在处理 CID: 12358607
2025-08-31 12:19:08 [pubchem] INFO: 正在处理 CID: 5284569
2025-08-31 12:19:08 [pubchem] INFO: 正在处理 CID: 5160
2025-08-31 12:19:08 [pubchem] INFO: 正在处理 CID: 444005
2025-08-31 12:19:08 [pubchem] INFO: 正在处理 CID: 44139752
2025-08-31 12:19:08 [pubchem] INFO: 正在处理 CID: 71009737
2025-08-31 12:19:08 [pubchem] INFO: 正在处理 CID: 15981397
2025-08-31 12:19:08 [pubchem] INFO: 正在处理 CID: 45375887
2025-08-31 12:19:08 [pubchem] INFO: 正在处理 CID: 117817422
2025-08-31 12:19:08 [pubchem] INFO: 正在处理 CID: 146171209
2025-08-31 12:19:08 [pubchem] INFO: 正在处理 CID: 11962412
2025-08-31 12:19:08 [pubchem] INFO: 正在处理 CID: 134821691
2025-08-31 12:19:08 [pubchem] INFO: 正在处理 CID: 64139
2025-08-31 12:19:08 [pubchem] INFO: 正在处理 CID: 6918305
2025-08-31 12:19:08 [pubchem] INFO: 正在处理 CID: 4463
2025-08-31 12:19:08 [pubchem] INFO: 正在处理 CID: 91885554
2025-08-31 12:19:08 [pubchem] INFO: 正在处理 CID: 71602803
2025-08-31 12:19:08 [pubchem] INFO: 正在处理 CID: 135409453
2025-08-31 12:19:08 [pubchem] INFO: 正在处理 CID: 135413539
2025-08-31 12:19:08 [pubchem] INFO: 正在处理 CID: 4197
2025-08-31 12:19:08 [pubchem] INFO: 正在处理 CID: 172293
2025-08-31 12:19:08 [pubchem] INFO: 正在处理 CID: 5362124
2025-08-31 12:19:08 [pubchem] INFO: 正在处理 CID: 5362123
2025-08-31 12:19:08 [pubchem] INFO: 正在处理 CID: 3062316
2025-08-31 12:19:08 [pubchem] INFO: 正在处理 CID: 3062316
2025-08-31 12:19:08 [pubchem] INFO: 正在处理 CID: 146048051
2025-08-31 12:19:08 [pubchem] INFO: 正在处理 CID: 5288826
2025-08-31 12:19:08 [pubchem] INFO: 正在处理 CID: 5492889
2025-08-31 12:19:08 [pubchem] INFO: 正在处理 CID: 16051935
2025-08-31 12:19:08 [pubchem] INFO: 正在处理 CID: 5359380
2025-08-31 12:19:08 [pubchem] INFO: 正在处理 CID: 5284570
2025-08-31 12:19:08 [pubchem] INFO: 正在处理 CID: 5462347
2025-08-31 12:19:08 [pubchem] INFO: 正在处理 CID: 9838022
2025-08-31 12:19:08 [pubchem] INFO: 正在处理 CID: 9838021
2025-08-31 12:19:08 [pubchem] INFO: 正在处理 CID: 125017
2025-08-31 12:19:08 [pubchem] INFO: 正在处理 CID: 9800068
2025-08-31 12:19:08 [pubchem] INFO: 正在处理 CID: 9800068
2025-08-31 12:19:08 [pubchem] INFO: 正在处理 CID: 3410
2025-08-31 12:19:08 [pubchem] INFO: 正在处理 CID: 45358055
2025-08-31 12:19:08 [pubchem] INFO: 正在处理 CID: 9919001
2025-08-31 12:19:08 [pubchem] INFO: 正在处理 CID: 135423438
2025-08-31 12:19:08 [pubchem] INFO: 正在处理 CID: 135476717
2025-08-31 12:19:08 [pubchem] INFO: 正在处理 CID: 11350701
2025-08-31 12:19:08 [pubchem] INFO: 正在处理 CID: 3339
2025-08-31 12:19:08 [pubchem] INFO: 正在处理 CID: 182137
2025-08-31 12:19:08 [pubchem] INFO: 正在处理 CID: 44623998
2025-08-31 12:19:08 [pubchem] INFO: 正在处理 CID: 44624336
2025-08-31 12:19:08 [pubchem] INFO: 正在处理 CID: 44139752
2025-08-31 12:19:08 [pubchem] INFO: 正在处理 CID: 71009737
2025-08-31 12:19:08 [pubchem] INFO: 正在处理 CID: 72165228
2025-08-31 12:19:08 [pubchem] INFO: 正在处理 CID: 133082086
2025-08-31 12:19:08 [pubchem] INFO: 正在处理 CID: 117947097
2025-08-31 12:19:08 [pubchem] INFO: 正在处理 CID: 3035000
2025-08-31 12:19:08 [pubchem] INFO: 正在处理 CID: 25151352
2025-08-31 12:19:08 [pubchem] INFO: 正在处理 CID: 73053710
2025-08-31 12:19:08 [pubchem] INFO: 正在处理 CID: 16124688
2025-08-31 12:19:08 [pubchem] INFO: 正在处理 CID: 90479083
2025-08-31 12:19:08 [pubchem] INFO: 正在处理 CID: 11625818
2025-08-31 12:19:08 [pubchem] INFO: 正在处理 CID: 6433090
2025-08-31 12:19:08 [pubchem] INFO: 正在处理 CID: 3878
2025-08-31 12:19:08 [pubchem] INFO: 正在处理 CID: 54671008
2025-08-31 12:19:08 [pubchem] INFO: 正在处理 CID: 23668479
2025-08-31 12:19:08 [pubchem] INFO: 正在处理 CID: 54726191
2025-08-31 12:19:08 [pubchem] INFO: 正在处理 CID: 46216142
2025-08-31 12:19:08 [pubchem] INFO: 正在处理 CID: 60838
2025-08-31 12:19:08 [pubchem] INFO: 正在处理 CID: 74990
2025-08-31 12:19:08 [pubchem] INFO: 正在处理 CID: 76964235
2025-08-31 12:19:08 [pubchem] INFO: 正在处理 CID: 11504295
2025-08-31 12:19:08 [pubchem] INFO: 正在处理 CID: 11711522
2025-08-31 12:19:08 [pubchem] INFO: 正在处理 CID: 10127622
2025-08-31 12:19:08 [pubchem] INFO: 正在处理 CID: 16214875
2025-08-31 12:19:08 [pubchem] INFO: 正在处理 CID: 54713659
2025-08-31 12:19:08 [pubchem] INFO: 正在处理 CID: 46215800
2025-08-31 12:19:08 [pubchem] INFO: 正在处理 CID: 16124688
2025-08-31 12:19:08 [pubchem] INFO: 正在处理 CID: 90479083
2025-08-31 12:19:08 [pubchem] INFO: 正在处理 CID: 71464713
2025-08-31 12:19:08 [pubchem] INFO: 正在处理 CID: 135307127
2025-08-31 12:19:08 [pubchem] INFO: 正在处理 CID: 133082658
2025-08-31 12:19:08 [pubchem] INFO: 正在处理 CID: 153435888
2025-08-31 12:19:08 [pubchem] INFO: 正在处理 CID: 90467622
2025-08-31 12:19:08 [pubchem] INFO: 正在处理 CID: 156613702
2025-08-31 12:19:08 [pubchem] INFO: 正在处理 CID: 25099191
2025-08-31 12:19:08 [pubchem] INFO: 正在处理 CID: 6918638
2025-08-31 12:19:08 [pubchem] INFO: 正在处理 CID: 214348
2025-08-31 12:19:08 [pubchem] INFO: 正在处理 CID: 150311
2025-08-31 12:19:08 [pubchem] INFO: 正在处理 CID: 91668186
2025-08-31 12:19:08 [pubchem] INFO: 正在处理 CID: 54674461
2025-08-31 12:19:08 [pubchem] INFO: 正在处理 CID: 10127622
2025-08-31 12:19:08 [pubchem] INFO: 正在处理 CID: 16214875
2025-08-31 12:19:08 [pubchem] INFO: 正在处理 CID: 90467622
2025-08-31 12:19:08 [pubchem] INFO: 正在处理 CID: 156613702
2025-08-31 12:19:08 [pubchem] INFO: 正在处理 CID: 214348
2025-08-31 12:19:08 [pubchem] INFO: 正在处理 CID: 11949646
2025-08-31 12:19:08 [pubchem] INFO: 正在处理 CID: 150311
2025-08-31 12:19:08 [pubchem] INFO: 正在处理 CID: 9913767
2025-08-31 12:19:08 [pubchem] INFO: 正在处理 CID: 3035000
2025-08-31 12:19:08 [pubchem] INFO: 正在处理 CID: 11504295
2025-08-31 12:19:08 [pubchem] INFO: 正在处理 CID: 11711522
2025-08-31 12:19:08 [pubchem] INFO: 正在处理 CID: 644019
2025-08-31 12:19:08 [pubchem] INFO: 正在处理 CID: 90467622
2025-08-31 12:19:08 [pubchem] INFO: 正在处理 CID: 156613702
2025-08-31 12:19:08 [pubchem] INFO: 正在处理 CID: 11949646
2025-08-31 12:19:08 [pubchem] INFO: 正在处理 CID: 5666
2025-08-31 12:19:08 [pubchem] INFO: 正在处理 CID: 71424
2025-08-31 12:19:08 [pubchem] INFO: 正在处理 CID: 150311
2025-08-31 12:19:08 [pubchem] INFO: 正在处理 CID: 3958
2025-08-31 12:19:08 [pubchem] INFO: 正在处理 CID: 9887712
2025-08-31 12:19:08 [pubchem] INFO: 正在处理 CID: 24906252
2025-08-31 12:19:08 [pubchem] INFO: 正在处理 CID: 11167602
2025-08-31 12:19:08 [pubchem] INFO: 正在处理 CID: 24768591
2025-08-31 12:19:08 [pubchem] INFO: 正在处理 CID: 5666
2025-08-31 12:19:08 [pubchem] INFO: 正在处理 CID: 71424
2025-08-31 12:19:08 [pubchem] INFO: 正在处理 CID: 11504295
2025-08-31 12:19:08 [pubchem] INFO: 正在处理 CID: 11711522
2025-08-31 12:19:08 [pubchem] INFO: 正在处理 CID: 54713659
2025-08-31 12:19:08 [pubchem] INFO: 正在处理 CID: 46215800
2025-08-31 12:19:08 [pubchem] INFO: 正在处理 CID: 57339449
2025-08-31 12:19:08 [pubchem] INFO: 正在处理 CID: 71464713
2025-08-31 12:19:08 [pubchem] INFO: 正在处理 CID: 135307127
2025-08-31 12:19:08 [pubchem] INFO: 正在处理 CID: 25195624
2025-08-31 12:19:08 [pubchem] INFO: 正在处理 CID: 24812758
2025-08-31 12:19:08 [pubchem] INFO: 正在处理 CID: 644019
2025-08-31 12:19:08 [pubchem] INFO: 正在处理 CID: 134821691
2025-08-31 12:19:08 [pubchem] INFO: 正在处理 CID: 11949646
2025-08-31 12:19:08 [pubchem] INFO: 正在处理 CID: 11256664
2025-08-31 12:19:08 [pubchem] INFO: 正在处理 CID: 24831714
2025-08-31 12:19:08 [pubchem] INFO: 正在处理 CID: 54674461
2025-08-31 12:19:08 [pubchem] INFO: 正在处理 CID: 5284543
2025-08-31 12:19:08 [pubchem] INFO: 正在处理 CID: 5492624
2025-08-31 12:19:08 [pubchem] INFO: 正在处理 CID: 5493302
2025-08-31 12:19:08 [pubchem] INFO: 正在处理 CID: 46174078
2025-08-31 12:19:08 [pubchem] INFO: 正在处理 CID: 5284371
2025-08-31 12:19:08 [pubchem] INFO: 正在处理 CID: 5284371
2025-08-31 12:19:08 [pubchem] INFO: 正在处理 CID: 15984075
2025-08-31 12:19:08 [pubchem] INFO: 正在处理 CID: 5359227
2025-08-31 12:19:08 [pubchem] INFO: 正在处理 CID: 21155870
2025-08-31 12:19:08 [pubchem] INFO: 正在处理 CID: 24812758
2025-08-31 12:19:08 [pubchem] INFO: 正在处理 CID: 11962412
2025-08-31 12:19:08 [pubchem] INFO: 正在处理 CID: 91810529
2025-08-31 12:19:08 [pubchem] INFO: 正在处理 CID: 5284543
2025-08-31 12:19:08 [pubchem] INFO: 正在处理 CID: 5492624
2025-08-31 12:19:08 [pubchem] INFO: 正在处理 CID: 5493302
2025-08-31 12:19:08 [pubchem] INFO: 正在处理 CID: 46174078
2025-08-31 12:19:08 [pubchem] INFO: 正在处理 CID: 11504295
2025-08-31 12:19:08 [pubchem] INFO: 正在处理 CID: 11711522
2025-08-31 12:19:08 [pubchem] INFO: 正在处理 CID: 5284371
2025-08-31 12:19:08 [pubchem] INFO: 正在处理 CID: 5284371
2025-08-31 12:19:08 [pubchem] INFO: 正在处理 CID: 15984075
2025-08-31 12:19:08 [pubchem] INFO: 正在处理 CID: 5359227
2025-08-31 12:19:08 [pubchem] INFO: 正在处理 CID: 5284371
2025-08-31 12:19:08 [pubchem] INFO: 正在处理 CID: 21155870
2025-08-31 12:19:08 [pubchem] INFO: 正在处理 CID: 10453870
2025-08-31 12:19:08 [pubchem] INFO: 正在处理 CID: 57339444
2025-08-31 12:19:08 [pubchem] INFO: 正在处理 CID: 44814423
2025-08-31 12:19:08 [pubchem] INFO: 正在处理 CID: 57339449
2025-08-31 12:19:08 [pubchem] INFO: 正在处理 CID: 72165228
2025-08-31 12:19:08 [pubchem] INFO: 正在处理 CID: 133082086
2025-08-31 12:19:08 [pubchem] INFO: 正在处理 CID: 71464713
2025-08-31 12:19:08 [pubchem] INFO: 正在处理 CID: 135307127
2025-08-31 12:19:08 [pubchem] INFO: 正在处理 CID: 25099191
2025-08-31 12:19:08 [pubchem] INFO: 正在处理 CID: 644019
2025-08-31 12:19:08 [pubchem] INFO: 正在处理 CID: 11962412
2025-08-31 12:19:08 [pubchem] INFO: 正在处理 CID: 91810529
2025-08-31 12:19:08 [pubchem] INFO: 正在处理 CID: 11949646
2025-08-31 12:19:08 [pubchem] INFO: 正在处理 CID: 3958
2025-08-31 12:19:08 [pubchem] INFO: 正在处理 CID: 9826528
2025-08-31 12:19:08 [pubchem] INFO: 正在处理 CID: 9913767
2025-08-31 12:19:08 [pubchem] INFO: 正在处理 CID: 3035000
2025-08-31 12:19:08 [pubchem] INFO: 正在处理 CID: 9826528
2025-08-31 12:19:08 [pubchem] INFO: 正在处理 CID: 159595
2025-08-31 12:19:08 [pubchem] INFO: 正在处理 CID: 56841116
2025-08-31 12:19:08 [pubchem] INFO: 正在处理 CID: 6918235
2025-08-31 12:19:08 [pubchem] INFO: 正在处理 CID: 71481097
2025-08-31 12:19:08 [pubchem] INFO: 正在处理 CID: 5312125
2025-08-31 12:19:08 [pubchem] INFO: 正在处理 CID: 65999
2025-08-31 12:19:08 [pubchem] INFO: 正在处理 CID: 216293
2025-08-31 12:19:08 [pubchem] INFO: 正在处理 CID: 5311
2025-08-31 12:19:08 [pubchem] INFO: 正在处理 CID: 3337
2025-08-31 12:19:08 [pubchem] INFO: 正在处理 CID: 91452
2025-08-31 12:19:08 [pubchem] INFO: 正在处理 CID: 11243969
2025-08-31 12:19:08 [pubchem] INFO: 正在处理 CID: 53297473
2025-08-31 12:19:08 [pubchem] INFO: 正在处理 CID: 49800073
2025-08-31 12:19:08 [pubchem] INFO: 正在处理 CID: 3519
2025-08-31 12:19:08 [pubchem] INFO: 正在处理 CID: 71401
2025-08-31 12:19:08 [pubchem] INFO: 正在处理 CID: 4634
2025-08-31 12:19:08 [pubchem] INFO: 正在处理 CID: 91505
2025-08-31 12:19:08 [pubchem] INFO: 正在处理 CID: 60875
2025-08-31 12:19:08 [pubchem] INFO: 正在处理 CID: 9966051
2025-08-31 12:19:08 [pubchem] INFO: 正在处理 CID: 132233889
2025-08-31 12:19:08 [pubchem] INFO: 正在处理 CID: 56843850
2025-08-31 12:19:08 [pubchem] INFO: 正在处理 CID: 3156
2025-08-31 12:19:08 [pubchem] INFO: 正在处理 CID: 64647
2025-08-31 12:19:08 [pubchem] INFO: 正在处理 CID: 10127622
2025-08-31 12:19:08 [pubchem] INFO: 正在处理 CID: 16214875
2025-08-31 12:19:08 [pubchem] INFO: 正在处理 CID: 24795069
2025-08-31 12:19:08 [pubchem] INFO: 正在处理 CID: 92042922
2025-08-31 12:19:08 [pubchem] INFO: 正在处理 CID: 71587953
2025-08-31 12:19:08 [pubchem] INFO: 正在处理 CID: 78131177
2025-08-31 12:19:08 [pubchem] INFO: 正在处理 CID: 10182969
2025-08-31 12:19:08 [pubchem] INFO: 正在处理 CID: 9690109
2025-08-31 12:19:08 [pubchem] INFO: 正在处理 CID: 6450551
2025-08-31 12:19:08 [pubchem] INFO: 正在处理 CID: 11962412
2025-08-31 12:19:08 [pubchem] INFO: 正在处理 CID: 11626560
2025-08-31 12:19:08 [pubchem] INFO: 正在处理 CID: 6918296
2025-08-31 12:19:08 [pubchem] INFO: 正在处理 CID: 6918305
2025-08-31 12:19:08 [pubchem] INFO: 正在处理 CID: 5311037
2025-08-31 12:19:08 [pubchem] INFO: 正在处理 CID: 56944144
2025-08-31 12:19:08 [pubchem] INFO: 正在处理 CID: 11672491
2025-08-31 12:19:08 [pubchem] INFO: 正在处理 CID: 3035000
2025-08-31 12:19:08 [pubchem] INFO: 正在处理 CID: 4913
2025-08-31 12:19:08 [pubchem] INFO: 正在处理 CID: 66068
2025-08-31 12:19:08 [pubchem] INFO: 正在处理 CID: 3637
2025-08-31 12:19:08 [pubchem] INFO: 正在处理 CID: 9351
2025-08-31 12:19:08 [pubchem] INFO: 正在处理 CID: 3637
2025-08-31 12:19:08 [pubchem] INFO: 正在处理 CID: 5918
2025-08-31 12:19:08 [pubchem] INFO: 正在处理 CID: 9920716
2025-08-31 12:19:08 [pubchem] INFO: 正在处理 CID: 124246
2025-08-31 12:19:08 [pubchem] INFO: 正在处理 CID: 146570
2025-08-31 12:19:08 [pubchem] INFO: 正在处理 CID: 146571
2025-08-31 12:19:08 [pubchem] INFO: 正在处理 CID: 25145656
2025-08-31 12:19:08 [pubchem] INFO: 正在处理 CID: 122201352
2025-08-31 12:19:08 [pubchem] INFO: 正在处理 CID: 492405
2025-08-31 12:19:08 [pubchem] INFO: 正在处理 CID: 5719
2025-08-31 12:19:08 [pubchem] INFO: 正在处理 CID: 10077130
2025-08-31 12:19:08 [pubchem] INFO: 正在处理 CID: 10077129
2025-08-31 12:19:08 [pubchem] INFO: 正在处理 CID: 44623998
2025-08-31 12:19:08 [pubchem] INFO: 正在处理 CID: 44624336
2025-08-31 12:19:08 [pubchem] INFO: 正在处理 CID: 3191
2025-08-31 12:19:08 [pubchem] INFO: 正在处理 CID: 71811910
2025-08-31 12:19:08 [pubchem] INFO: 正在处理 CID: 11672491
2025-08-31 12:19:08 [pubchem] INFO: 正在处理 CID: 11304743
2025-08-31 12:19:08 [pubchem] INFO: 正在处理 CID: 118513932
2025-08-31 12:19:08 [pubchem] INFO: 正在处理 CID: 9875401
2025-08-31 12:19:08 [pubchem] INFO: 正在处理 CID: 60838
2025-08-31 12:19:08 [pubchem] INFO: 正在处理 CID: 74990
2025-08-31 12:19:08 [pubchem] INFO: 正在处理 CID: 76964235
2025-08-31 12:19:08 [pubchem] INFO: 正在处理 CID: 5069
2025-08-31 12:19:08 [pubchem] INFO: 正在处理 CID: 135366
2025-08-31 12:19:08 [pubchem] INFO: 正在处理 CID: 49831257
2025-08-31 12:19:08 [pubchem] INFO: 正在处理 CID: 76963285
2025-08-31 12:19:08 [pubchem] INFO: 正在处理 CID: 131801100
2025-08-31 12:19:08 [pubchem] INFO: 正在处理 CID: 134821691
2025-08-31 12:19:08 [pubchem] INFO: 正在处理 CID: 49831257
2025-08-31 12:19:08 [pubchem] INFO: 正在处理 CID: 76963285
2025-08-31 12:19:08 [pubchem] INFO: 正在处理 CID: 131801100
2025-08-31 12:19:08 [pubchem] INFO: 正在处理 CID: 44230575
2025-08-31 12:19:08 [pubchem] INFO: 正在处理 CID: 44230999
2025-08-31 12:19:08 [pubchem] INFO: 正在处理 CID: 2540
2025-08-31 12:19:08 [pubchem] INFO: 正在处理 CID: 9826528
2025-08-31 12:19:08 [pubchem] INFO: 正在处理 CID: 129228
2025-08-31 12:19:08 [pubchem] INFO: 正在处理 CID: 6018
2025-08-31 12:19:08 [pubchem] INFO: 正在处理 CID: 11519741
2025-08-31 12:19:08 [pubchem] INFO: 正在处理 CID: 187
2025-08-31 12:19:08 [pubchem] INFO: 正在处理 CID: 6060
2025-08-31 12:19:08 [pubchem] INFO: 正在处理 CID: 492405
2025-08-31 12:19:08 [pubchem] INFO: 正在处理 CID: 46908929
2025-08-31 12:19:08 [pubchem] INFO: 正在处理 CID: 49843517
2025-08-31 12:19:08 [pubchem] INFO: 正在处理 CID: 46908929
2025-08-31 12:19:08 [pubchem] INFO: 正在处理 CID: 46908929
2025-08-31 12:19:08 [pubchem] INFO: 正在处理 CID: 107970
2025-08-31 12:19:08 [pubchem] INFO: 正在处理 CID: 107969
2025-08-31 12:19:08 [pubchem] INFO: 正在处理 CID: 157010667
2025-08-31 12:19:08 [pubchem] INFO: 正在处理 CID: 133083018
2025-08-31 12:19:08 [pubchem] INFO: 正在处理 CID: 169490697
2025-08-31 12:19:08 [pubchem] INFO: 正在处理 CID: 483477
2025-08-31 12:19:08 [pubchem] INFO: 正在处理 CID: 5283731
2025-08-31 12:19:08 [pubchem] INFO: 正在处理 CID: 5283731
2025-08-31 12:19:08 [pubchem] INFO: 正在处理 CID: 3011155
2025-08-31 12:19:08 [pubchem] INFO: 正在处理 CID: 3385
2025-08-31 12:19:08 [pubchem] INFO: 正在处理 CID: 46174081
2025-08-31 12:19:08 [pubchem] INFO: 正在处理 CID: 118513932
2025-08-31 12:19:08 [pubchem] INFO: 正在处理 CID: 6000
2025-08-31 12:19:08 [pubchem] INFO: 正在处理 CID: 16051918
2025-08-31 12:19:08 [pubchem] INFO: 正在处理 CID: 16051918
2025-08-31 12:19:08 [pubchem] INFO: 正在处理 CID: 21158559
2025-08-31 12:19:08 [pubchem] INFO: 正在处理 CID: 24892848
2025-08-31 12:19:08 [pubchem] INFO: 正在处理 CID: 5314
2025-08-31 12:19:08 [pubchem] INFO: 正在处理 CID: 656867
2025-08-31 12:19:08 [pubchem] INFO: 正在处理 CID: 441289
2025-08-31 12:19:08 [pubchem] INFO: 正在处理 CID: 27350
2025-08-31 12:19:08 [pubchem] INFO: 正在处理 CID: 39765
2025-08-31 12:19:08 [pubchem] INFO: 正在处理 CID: 39764
2025-08-31 12:19:08 [pubchem] INFO: 正在处理 CID: 47319
2025-08-31 12:19:08 [pubchem] INFO: 正在处理 CID: 47320
2025-08-31 12:19:08 [pubchem] INFO: 正在处理 CID: 21158559
2025-08-31 12:19:08 [pubchem] INFO: 正在处理 CID: 62886
2025-08-31 12:19:08 [pubchem] INFO: 正在处理 CID: 5284551
2025-08-31 12:19:08 [pubchem] INFO: 正在处理 CID: 6321422
2025-08-31 12:19:08 [pubchem] INFO: 正在处理 CID: 6172
2025-08-31 12:19:08 [pubchem] INFO: 正在处理 CID: 10772467
2025-08-31 12:19:08 [pubchem] INFO: 正在处理 CID: 9434
2025-08-31 12:19:08 [pubchem] INFO: 正在处理 CID: 5938
2025-08-31 12:19:08 [pubchem] INFO: 正在处理 CID: 5281080
2025-08-31 12:19:08 [pubchem] INFO: 正在处理 CID: 65332
2025-08-31 12:19:08 [pubchem] INFO: 正在处理 CID: 5311398
2025-08-31 12:19:08 [pubchem] INFO: 正在处理 CID: 441351
2025-08-31 12:19:08 [pubchem] INFO: 正在处理 CID: 71732
2025-08-31 12:19:08 [pubchem] INFO: 正在处理 CID: 6914273
2025-08-31 12:19:08 [pubchem] INFO: 正在处理 CID: 6604100
2025-08-31 12:19:08 [pubchem] INFO: 正在处理 CID: 5314
2025-08-31 12:19:08 [pubchem] INFO: 正在处理 CID: 656867
2025-08-31 12:19:08 [pubchem] INFO: 正在处理 CID: 6000
2025-08-31 12:19:08 [pubchem] INFO: 正在处理 CID: 16051918
2025-08-31 12:19:08 [pubchem] INFO: 正在处理 CID: 16051918
2025-08-31 12:19:08 [pubchem] INFO: 正在处理 CID: 441289
2025-08-31 12:19:08 [pubchem] INFO: 正在处理 CID: 27350
2025-08-31 12:19:08 [pubchem] INFO: 正在处理 CID: 39765
2025-08-31 12:19:08 [pubchem] INFO: 正在处理 CID: 39764
2025-08-31 12:19:08 [pubchem] INFO: 正在处理 CID: 47319
2025-08-31 12:19:08 [pubchem] INFO: 正在处理 CID: 47320
2025-08-31 12:19:08 [pubchem] INFO: 正在处理 CID: 21158559
2025-08-31 12:19:08 [pubchem] INFO: 正在处理 CID: 62886
2025-08-31 12:19:08 [pubchem] INFO: 正在处理 CID: 5284551
2025-08-31 12:19:08 [pubchem] INFO: 正在处理 CID: 6172
2025-08-31 12:19:08 [pubchem] INFO: 正在处理 CID: 9434
2025-08-31 12:19:08 [pubchem] INFO: 正在处理 CID: 5938
2025-08-31 12:19:08 [pubchem] INFO: 正在处理 CID: 5281080
2025-08-31 12:19:08 [pubchem] INFO: 正在处理 CID: 65332
2025-08-31 12:19:08 [pubchem] INFO: 正在处理 CID: 5311398
2025-08-31 12:19:08 [pubchem] INFO: 正在处理 CID: 441351
2025-08-31 12:19:08 [pubchem] INFO: 正在处理 CID: 71732
2025-08-31 12:19:08 [pubchem] INFO: 正在处理 CID: 5511
2025-08-31 12:19:08 [pubchem] INFO: 正在处理 CID: 92965
2025-08-31 12:19:08 [pubchem] INFO: 正在处理 CID: 5487
2025-08-31 12:19:08 [pubchem] INFO: 正在处理 CID: 114869
2025-08-31 12:19:08 [pubchem] INFO: 正在处理 CID: 4904
2025-08-31 12:19:08 [pubchem] INFO: 正在处理 CID: 71595
2025-08-31 12:19:08 [pubchem] INFO: 正在处理 CID: 165542
2025-08-31 12:19:08 [pubchem] INFO: 正在处理 CID: 2895
2025-08-31 12:19:08 [pubchem] INFO: 正在处理 CID: 22576
2025-08-31 12:19:08 [pubchem] INFO: 正在处理 CID: 3236
2025-08-31 12:19:08 [pubchem] INFO: 正在处理 CID: 123698
2025-08-31 12:19:08 [pubchem] INFO: 正在处理 CID: 9470
2025-08-31 12:19:08 [pubchem] INFO: 正在处理 CID: 9469
2025-08-31 12:19:08 [pubchem] INFO: 正在处理 CID: 2576
2025-08-31 12:19:08 [pubchem] INFO: 正在处理 CID: 2724
2025-08-31 12:19:08 [pubchem] INFO: 正在处理 CID: 25803
2025-08-31 12:19:08 [pubchem] INFO: 正在处理 CID: 32322
2025-08-31 12:19:08 [pubchem] INFO: 正在处理 CID: 4107
2025-08-31 12:19:08 [pubchem] INFO: 正在处理 CID: 4770
2025-08-31 12:19:08 [pubchem] INFO: 正在处理 CID: 7186
2025-08-31 12:19:08 [pubchem] INFO: 正在处理 CID: 2040
2025-08-31 12:19:08 [pubchem] INFO: 正在处理 CID: 2284
2025-08-31 12:19:08 [pubchem] INFO: 正在处理 CID: 2717
2025-08-31 12:19:08 [pubchem] INFO: 正在处理 CID: 2733
2025-08-31 12:19:08 [pubchem] INFO: 正在处理 CID: 4059
2025-08-31 12:19:08 [pubchem] INFO: 正在处理 CID: 25215
2025-08-31 12:19:08 [pubchem] INFO: 正在处理 CID: 9915886
2025-08-31 12:19:08 [pubchem] INFO: 正在处理 CID: 53465279
2025-08-31 12:19:08 [pubchem] INFO: 正在处理 CID: 56928182
2025-08-31 12:19:08 [pubchem] INFO: 正在处理 CID: 2333
2025-08-31 12:19:08 [pubchem] INFO: 正在处理 CID: 68953
2025-08-31 12:19:08 [pubchem] INFO: 正在处理 CID: 4911
2025-08-31 12:19:08 [pubchem] INFO: 正在处理 CID: 5342
2025-08-31 12:19:08 [pubchem] INFO: 正在处理 CID: 135401907
2025-08-31 12:19:08 [pubchem] INFO: 正在处理 CID: 23662349
2025-08-31 12:19:08 [pubchem] INFO: 正在处理 CID: 134018
2025-08-31 12:19:08 [pubchem] INFO: 正在处理 CID: 56963122
2025-08-31 12:19:08 [pubchem] INFO: 正在处理 CID: 54833
2025-08-31 12:19:08 [pubchem] INFO: 正在处理 CID: 135398752
2025-08-31 12:19:08 [pubchem] INFO: 正在处理 CID: 135445058
2025-08-31 12:19:08 [pubchem] INFO: 正在处理 CID: 5288320
2025-08-31 12:19:08 [pubchem] INFO: 正在处理 CID: 5035
2025-08-31 12:19:08 [pubchem] INFO: 正在处理 CID: 54900
2025-08-31 12:19:08 [pubchem] INFO: 正在处理 CID: 24772103
2025-08-31 12:19:08 [pubchem] INFO: 正在处理 CID: 16129682
2025-08-31 12:19:08 [pubchem] INFO: 正在处理 CID: 16129682
2025-08-31 12:19:08 [pubchem] INFO: 正在处理 CID: 23894
2025-08-31 12:19:08 [pubchem] INFO: 正在处理 CID: 3305
2025-08-31 12:19:08 [pubchem] INFO: 正在处理 CID: 31195
2025-08-31 12:19:08 [pubchem] INFO: 正在处理 CID: 25419
2025-08-31 12:19:08 [pubchem] INFO: 正在处理 CID: 31195
2025-08-31 12:19:08 [pubchem] INFO: 正在处理 CID: 73351
2025-08-31 12:19:08 [pubchem] INFO: 正在处理 CID: 4674
2025-08-31 12:19:08 [pubchem] INFO: 正在处理 CID: 16760285
2025-08-31 12:19:08 [pubchem] INFO: 正在处理 CID: 2088
2025-08-31 12:19:08 [pubchem] INFO: 正在处理 CID: 60936
2025-08-31 12:19:08 [pubchem] INFO: 正在处理 CID: 60937
2025-08-31 12:19:08 [pubchem] INFO: 正在处理 CID: 23670359
2025-08-31 12:19:08 [pubchem] INFO: 正在处理 CID: 60852
2025-08-31 12:19:08 [pubchem] INFO: 正在处理 CID: 4194514
2025-08-31 12:19:08 [pubchem] INFO: 正在处理 CID: 23709605
2025-08-31 12:19:08 [pubchem] INFO: 正在处理 CID: 5245
2025-08-31 12:19:08 [pubchem] INFO: 正在处理 CID: 11954322
2025-08-31 12:19:08 [pubchem] INFO: 正在处理 CID: 23649597
2025-08-31 12:19:08 [pubchem] INFO: 正在处理 CID: 23725076
2025-08-31 12:19:08 [pubchem] INFO: 正在处理 CID: 68740
2025-08-31 12:19:08 [pubchem] INFO: 正在处理 CID: 68740
2025-08-31 12:19:08 [pubchem] INFO: 正在处理 CID: 72734361
2025-08-31 12:19:08 [pubchem] INFO: 正在处理 CID: 24892843
2025-08-31 12:19:08 [pubchem] INFO: 正在处理 CID: 3699
2025-08-31 12:19:08 [pubchem] INFO: 正在处理 CID: 33136
2025-08-31 12:19:08 [pubchem] INFO: 正在处理 CID: 70697630
2025-08-31 12:19:08 [pubchem] INFO: 正在处理 CID: 23201029
2025-08-31 12:19:08 [pubchem] INFO: 正在处理 CID: 23700062
2025-08-31 12:19:08 [pubchem] INFO: 正在处理 CID: 145705876
2025-08-31 12:19:08 [pubchem] INFO: 正在处理 CID: 145705876
2025-08-31 12:19:08 [pubchem] INFO: 正在处理 CID: 5282181
2025-08-31 12:19:08 [pubchem] INFO: 正在处理 CID: 154256
2025-08-31 12:19:08 [pubchem] INFO: 正在处理 CID: 16220016
2025-08-31 12:19:08 [pubchem] INFO: 正在处理 CID: 5280453
2025-08-31 12:19:08 [pubchem] INFO: 正在处理 CID: 71587766
2025-08-31 12:19:08 [pubchem] INFO: 正在处理 CID: 104805
2025-08-31 12:19:08 [pubchem] INFO: 正在处理 CID: 53395169
2025-08-31 12:19:08 [pubchem] INFO: 正在处理 CID: 6918141
2025-08-31 12:19:08 [pubchem] INFO: 正在处理 CID: 5757
2025-08-31 12:19:08 [pubchem] INFO: 正在处理 CID: 5756
2025-08-31 12:19:08 [pubchem] INFO: 正在处理 CID: 3747
2025-08-31 12:19:08 [pubchem] INFO: 正在处理 CID: 5282367
2025-08-31 12:19:08 [pubchem] INFO: 正在处理 CID: 252372
2025-08-31 12:19:08 [pubchem] INFO: 正在处理 CID: 69248505
2025-08-31 12:19:08 [pubchem] INFO: 正在处理 CID: 681
2025-08-31 12:19:08 [pubchem] INFO: 正在处理 CID: 65340
2025-08-31 12:19:08 [pubchem] INFO: 正在处理 CID: 55483
2025-08-31 12:19:08 [pubchem] INFO: 正在处理 CID: 68603
2025-08-31 12:19:08 [pubchem] INFO: 正在处理 CID: 68555
2025-08-31 12:19:08 [pubchem] INFO: 正在处理 CID: 156320
2025-08-31 12:19:08 [pubchem] INFO: 正在处理 CID: 6005
2025-08-31 12:19:08 [pubchem] INFO: 正在处理 CID: 107882
2025-08-31 12:19:08 [pubchem] INFO: 正在处理 CID: 47811
2025-08-31 12:19:08 [pubchem] INFO: 正在处理 CID: 47812
2025-08-31 12:19:08 [pubchem] INFO: 正在处理 CID: 119570
2025-08-31 12:19:08 [pubchem] INFO: 正在处理 CID: 119569
2025-08-31 12:19:08 [pubchem] INFO: 正在处理 CID: 3341
2025-08-31 12:19:08 [pubchem] INFO: 正在处理 CID: 6918298
2025-08-31 12:19:08 [pubchem] INFO: 正在处理 CID: 31101
2025-08-31 12:19:08 [pubchem] INFO: 正在处理 CID: 31100
2025-08-31 12:19:08 [pubchem] INFO: 正在处理 CID: 28864
2025-08-31 12:19:08 [pubchem] INFO: 正在处理 CID: 5282421
2025-08-31 12:19:08 [pubchem] INFO: 正在处理 CID: 3086401
2025-08-31 12:19:08 [pubchem] INFO: 正在处理 CID: 3086400
2025-08-31 12:19:08 [pubchem] INFO: 正在处理 CID: 10531
2025-08-31 12:19:08 [pubchem] INFO: 正在处理 CID: 71171
2025-08-31 12:19:08 [pubchem] INFO: 正在处理 CID: 3037136
2025-08-31 12:19:08 [pubchem] INFO: 正在处理 CID: 8223
2025-08-31 12:19:08 [pubchem] INFO: 正在处理 CID: 9787
2025-08-31 12:19:08 [pubchem] INFO: 正在处理 CID: 5095
2025-08-31 12:19:08 [pubchem] INFO: 正在处理 CID: 68727
2025-08-31 12:19:08 [pubchem] INFO: 正在处理 CID: 6918447
2025-08-31 12:19:08 [pubchem] INFO: 正在处理 CID: 20055399
2025-08-31 12:19:08 [pubchem] INFO: 正在处理 CID: 5374
2025-08-31 12:19:08 [pubchem] INFO: 正在处理 CID: 104870
2025-08-31 12:19:08 [pubchem] INFO: 正在处理 CID: 54746
2025-08-31 12:19:08 [pubchem] INFO: 正在处理 CID: 11237860
2025-08-31 12:19:08 [pubchem] INFO: 正在处理 CID: 68728
2025-08-31 12:19:08 [pubchem] INFO: 正在处理 CID: 183811
2025-08-31 12:19:08 [pubchem] INFO: 正在处理 CID: 443951
2025-08-31 12:19:08 [pubchem] INFO: 正在处理 CID: 6440763
2025-08-31 12:19:08 [pubchem] INFO: 正在处理 CID: 11954350
2025-08-31 12:19:08 [pubchem] INFO: 正在处理 CID: 127766
2025-08-31 12:19:08 [pubchem] INFO: 正在处理 CID: 6047
2025-08-31 12:19:08 [pubchem] INFO: 正在处理 CID: 4850
2025-08-31 12:19:08 [pubchem] INFO: 正在处理 CID: 55397
2025-08-31 12:19:08 [pubchem] INFO: 正在处理 CID: 86764103
2025-08-31 12:19:08 [pubchem] INFO: 正在处理 CID: 5281881
2025-08-31 12:19:08 [pubchem] INFO: 正在处理 CID: 6434100
2025-08-31 12:19:08 [pubchem] INFO: 正在处理 CID: 5282483
2025-08-31 12:19:08 [pubchem] INFO: 正在处理 CID: 667467
2025-08-31 12:19:08 [pubchem] INFO: 正在处理 CID: 24892861
2025-08-31 12:19:08 [pubchem] INFO: 正在处理 CID: 24892862
2025-08-31 12:19:08 [pubchem] INFO: 正在处理 CID: 5282478
2025-08-31 12:19:08 [pubchem] INFO: 正在处理 CID: 941651
2025-08-31 12:19:08 [pubchem] INFO: 正在处理 CID: 9958173
2025-08-31 12:19:08 [pubchem] INFO: 正在处理 CID: 5311507
2025-08-31 12:19:08 [pubchem] INFO: 正在处理 CID: 6450333
2025-08-31 12:19:08 [pubchem] INFO: 正在处理 CID: 6433208
2025-08-31 12:19:08 [pubchem] INFO: 正在处理 CID: 135398745
2025-08-31 12:19:08 [pubchem] INFO: 正在处理 CID: 135566032
2025-08-31 12:19:08 [pubchem] INFO: 正在处理 CID: 4168
2025-08-31 12:19:08 [pubchem] INFO: 正在处理 CID: 23659
2025-08-31 12:19:08 [pubchem] INFO: 正在处理 CID: 23659
2025-08-31 12:19:08 [pubchem] INFO: 正在处理 CID: 3151
2025-08-31 12:19:08 [pubchem] INFO: 正在处理 CID: 6604595
2025-08-31 12:19:08 [pubchem] INFO: 正在处理 CID: 135413504
2025-08-31 12:19:08 [pubchem] INFO: 正在处理 CID: 135497066
2025-08-31 12:19:08 [pubchem] INFO: 正在处理 CID: 2780
2025-08-31 12:19:08 [pubchem] INFO: 正在处理 CID: 14178874
2025-08-31 12:19:08 [pubchem] INFO: 正在处理 CID: 2726
2025-08-31 12:19:08 [pubchem] INFO: 正在处理 CID: 6431825
2025-08-31 12:19:08 [pubchem] INFO: 正在处理 CID: 6240
2025-08-31 12:19:08 [pubchem] INFO: 正在处理 CID: 23724898
2025-08-31 12:19:08 [pubchem] INFO: 正在处理 CID: 165411865
2025-08-31 12:19:08 [pubchem] INFO: 正在处理 CID: 11954230
2025-08-31 12:19:08 [pubchem] INFO: 正在处理 CID: 72287
2025-08-31 12:19:08 [pubchem] INFO: 正在处理 CID: 4926
2025-08-31 12:19:08 [pubchem] INFO: 正在处理 CID: 5887
2025-08-31 12:19:08 [pubchem] INFO: 正在处理 CID: 5568
2025-08-31 12:19:08 [pubchem] INFO: 正在处理 CID: 66069
2025-08-31 12:19:08 [pubchem] INFO: 正在处理 CID: 3372
2025-08-31 12:19:08 [pubchem] INFO: 正在处理 CID: 3388
2025-08-31 12:19:08 [pubchem] INFO: 正在处理 CID: 3389
2025-08-31 12:19:08 [pubchem] INFO: 正在处理 CID: 67356
2025-08-31 12:19:08 [pubchem] INFO: 正在处理 CID: 5282479
2025-08-31 12:19:08 [pubchem] INFO: 正在处理 CID: 4748
2025-08-31 12:19:08 [pubchem] INFO: 正在处理 CID: 62873
2025-08-31 12:19:08 [pubchem] INFO: 正在处理 CID: 62871
2025-08-31 12:19:08 [pubchem] INFO: 正在处理 CID: 91936843
2025-08-31 12:19:08 [pubchem] INFO: 正在处理 CID: 168090
2025-08-31 12:19:08 [pubchem] INFO: 正在处理 CID: 6444477
2025-08-31 12:19:08 [pubchem] INFO: 正在处理 CID: 4917
2025-08-31 12:19:08 [pubchem] INFO: 正在处理 CID: 91499
2025-08-31 12:19:08 [pubchem] INFO: 正在处理 CID: 5281032
2025-08-31 12:19:08 [pubchem] INFO: 正在处理 CID: 125791
2025-08-31 12:19:08 [pubchem] INFO: 正在处理 CID: 5566
2025-08-31 12:19:08 [pubchem] INFO: 正在处理 CID: 66064
2025-08-31 12:19:08 [pubchem] INFO: 正在处理 CID: 5282418
2025-08-31 12:19:08 [pubchem] INFO: 正在处理 CID: 9429
2025-08-31 12:19:08 [pubchem] INFO: 正在处理 CID: 5452
2025-08-31 12:19:08 [pubchem] INFO: 正在处理 CID: 66062
2025-08-31 12:19:08 [pubchem] INFO: 正在处理 CID: 3559
2025-08-31 12:19:08 [pubchem] INFO: 正在处理 CID: 52919
2025-08-31 12:19:08 [pubchem] INFO: 正在处理 CID: 16051968
2025-08-31 12:19:08 [pubchem] INFO: 正在处理 CID: 5567
2025-08-31 12:19:08 [pubchem] INFO: 正在处理 CID: 11647992
2025-08-31 12:19:08 [pubchem] INFO: 正在处理 CID: 4249
2025-08-31 12:19:08 [pubchem] INFO: 正在处理 CID: 443870
2025-08-31 12:19:08 [pubchem] INFO: 正在处理 CID: 4830
2025-08-31 12:19:08 [pubchem] INFO: 正在处理 CID: 11705034
2025-08-31 12:19:08 [pubchem] INFO: 正在处理 CID: 2448
2025-08-31 12:19:08 [pubchem] INFO: 正在处理 CID: 156321
2025-08-31 12:19:08 [pubchem] INFO: 正在处理 CID: 23897
2025-08-31 12:19:08 [pubchem] INFO: 正在处理 CID: 9883259
2025-08-31 12:19:08 [pubchem] INFO: 正在处理 CID: 60854
2025-08-31 12:19:08 [pubchem] INFO: 正在处理 CID: 219099
2025-08-31 12:19:08 [pubchem] INFO: 正在处理 CID: 656685
2025-08-31 12:19:08 [pubchem] INFO: 正在处理 CID: 5281025
2025-08-31 12:19:08 [pubchem] INFO: 正在处理 CID: 5357
2025-08-31 12:19:08 [pubchem] INFO: 正在处理 CID: 3082221
2025-08-31 12:19:08 [pubchem] INFO: 正在处理 CID: 5467
2025-08-31 12:19:08 [pubchem] INFO: 正在处理 CID: 5702214
2025-08-31 12:19:08 [pubchem] INFO: 正在处理 CID: 54477
2025-08-31 12:19:08 [pubchem] INFO: 正在处理 CID: 4257
2025-08-31 12:19:08 [pubchem] INFO: 正在处理 CID: 656595
2025-08-31 12:19:08 [pubchem] INFO: 正在处理 CID: 115237
2025-08-31 12:19:08 [pubchem] INFO: 正在处理 CID: 9852746
2025-08-31 12:19:08 [pubchem] INFO: 正在处理 CID: 9417
2025-08-31 12:19:08 [pubchem] INFO: 正在处理 CID: 71587
2025-08-31 12:19:08 [pubchem] INFO: 正在处理 CID: 208951
2025-08-31 12:19:08 [pubchem] INFO: 正在处理 CID: 6918587
2025-08-31 12:19:08 [pubchem] INFO: 正在处理 CID: 11154555
2025-08-31 12:19:08 [pubchem] INFO: 正在处理 CID: 25096873
2025-08-31 12:19:08 [pubchem] INFO: 正在处理 CID: 2793
2025-08-31 12:19:08 [pubchem] INFO: 正在处理 CID: 71300452
2025-08-31 12:19:08 [pubchem] INFO: 正在处理 CID: 163091
2025-08-31 12:19:08 [pubchem] INFO: 正在处理 CID: 6917875
2025-08-31 12:19:08 [pubchem] INFO: 正在处理 CID: 2446
2025-08-31 12:19:08 [pubchem] INFO: 正在处理 CID: 72037
2025-08-31 12:19:08 [pubchem] INFO: 正在处理 CID: 3168
2025-08-31 12:19:08 [pubchem] INFO: 正在处理 CID: 71360
2025-08-31 12:19:08 [pubchem] INFO: 正在处理 CID: 688272
2025-08-31 12:19:08 [pubchem] INFO: 正在处理 CID: 60819
2025-08-31 12:19:08 [pubchem] INFO: 正在处理 CID: 6433365
2025-08-31 12:19:08 [pubchem] INFO: 正在处理 CID: 26388
2025-08-31 12:19:08 [pubchem] INFO: 正在处理 CID: 156333
2025-08-31 12:19:08 [pubchem] INFO: 正在处理 CID: 5282504
2025-08-31 12:19:08 [pubchem] INFO: 正在处理 CID: 11954264
2025-08-31 12:19:08 [pubchem] INFO: 正在处理 CID: 4747
2025-08-31 12:19:08 [pubchem] INFO: 正在处理 CID: 5073
2025-08-31 12:19:08 [pubchem] INFO: 正在处理 CID: 60149
2025-08-31 12:19:08 [pubchem] INFO: 正在处理 CID: 5265
2025-08-31 12:19:08 [pubchem] INFO: 正在处理 CID: 5355
2025-08-31 12:19:08 [pubchem] INFO: 正在处理 CID: 3033151
2025-08-31 12:19:08 [pubchem] INFO: 正在处理 CID: 55751
2025-08-31 12:19:08 [pubchem] INFO: 正在处理 CID: 5736
2025-08-31 12:19:08 [pubchem] INFO: 正在处理 CID: 135398737
2025-08-31 12:19:08 [pubchem] INFO: 正在处理 CID: 60785
2025-08-31 12:19:08 [pubchem] INFO: 正在处理 CID: 133078
2025-08-31 12:19:08 [pubchem] INFO: 正在处理 CID: 125564
2025-08-31 12:19:08 [pubchem] INFO: 正在处理 CID: 37460
2025-08-31 12:19:08 [pubchem] INFO: 正在处理 CID: 5372683
2025-08-31 12:19:08 [pubchem] INFO: 正在处理 CID: 170317
2025-08-31 12:19:08 [pubchem] INFO: 正在处理 CID: 68634
2025-08-31 12:19:08 [pubchem] INFO: 正在处理 CID: 28864
2025-08-31 12:19:08 [pubchem] INFO: 正在处理 CID: 5282421
2025-08-31 12:19:08 [pubchem] INFO: 正在处理 CID: 9681
2025-08-31 12:19:08 [pubchem] INFO: 正在处理 CID: 5281073
2025-08-31 12:19:08 [pubchem] INFO: 正在处理 CID: 4440
2025-08-31 12:19:08 [pubchem] INFO: 正在处理 CID: 60875
2025-08-31 12:19:08 [pubchem] INFO: 正在处理 CID: 2477
2025-08-31 12:19:08 [pubchem] INFO: 正在处理 CID: 36431
2025-08-31 12:19:08 [pubchem] INFO: 正在处理 CID: 9966051
2025-08-31 12:19:08 [pubchem] INFO: 正在处理 CID: 132233889
2025-08-31 12:19:08 [pubchem] INFO: 正在处理 CID: 56843850
2025-08-31 12:19:08 [pubchem] INFO: 正在处理 CID: 11430856
2025-08-31 12:19:08 [pubchem] INFO: 正在处理 CID: 25096194
2025-08-31 12:19:08 [pubchem] INFO: 正在处理 CID: 208951
2025-08-31 12:19:08 [pubchem] INFO: 正在处理 CID: 6918587
2025-08-31 12:19:08 [pubchem] INFO: 正在处理 CID: 91273
2025-08-31 12:19:08 [pubchem] INFO: 正在处理 CID: 60558
2025-08-31 12:19:08 [pubchem] INFO: 正在处理 CID: 68867
2025-08-31 12:19:08 [pubchem] INFO: 正在处理 CID: 6917844
2025-08-31 12:19:08 [pubchem] INFO: 正在处理 CID: 183784
2025-08-31 12:19:08 [pubchem] INFO: 正在处理 CID: 71346
2025-08-31 12:19:08 [pubchem] INFO: 正在处理 CID: 11978813
2025-08-31 12:19:08 [pubchem] INFO: 正在处理 CID: 208928
2025-08-31 12:19:08 [pubchem] INFO: 正在处理 CID: 57347
2025-08-31 12:19:08 [pubchem] INFO: 正在处理 CID: 6918248
2025-08-31 12:19:08 [pubchem] INFO: 正在处理 CID: 55190
2025-08-31 12:19:08 [pubchem] INFO: 正在处理 CID: 71986
2025-08-31 12:19:08 [pubchem] INFO: 正在处理 CID: 71187
2025-08-31 12:19:08 [pubchem] INFO: 正在处理 CID: 11237860
2025-08-31 12:19:08 [pubchem] INFO: 正在处理 CID: 6918387
2025-08-31 12:19:08 [pubchem] INFO: 正在处理 CID: 6918176
2025-08-31 12:19:08 [pubchem] INFO: 正在处理 CID: 2370
2025-08-31 12:19:08 [pubchem] INFO: 正在处理 CID: 11548
2025-08-31 12:19:08 [pubchem] INFO: 正在处理 CID: 46174106
2025-08-31 12:19:08 [pubchem] INFO: 正在处理 CID: 5909
2025-08-31 12:19:08 [pubchem] INFO: 正在处理 CID: 83898
2025-08-31 12:19:08 [pubchem] INFO: 正在处理 CID: 22083401
2025-08-31 12:19:08 [pubchem] INFO: 正在处理 CID: 187
2025-08-31 12:19:08 [pubchem] INFO: 正在处理 CID: 6060
2025-08-31 12:19:08 [pubchem] INFO: 正在处理 CID: 25804
2025-08-31 12:19:08 [pubchem] INFO: 正在处理 CID: 45358895
2025-08-31 12:19:08 [pubchem] INFO: 正在处理 CID: 1993
2025-08-31 12:19:08 [pubchem] INFO: 正在处理 CID: 6114
2025-08-31 12:19:08 [pubchem] INFO: 正在处理 CID: 2009
2025-08-31 12:19:08 [pubchem] INFO: 正在处理 CID: 6918580
2025-08-31 12:19:08 [pubchem] INFO: 正在处理 CID: 60809
2025-08-31 12:19:08 [pubchem] INFO: 正在处理 CID: 71456
2025-08-31 12:19:08 [pubchem] INFO: 正在处理 CID: 1979
2025-08-31 12:19:08 [pubchem] INFO: 正在处理 CID: 6450824
2025-08-31 12:19:08 [pubchem] INFO: 正在处理 CID: 5831
2025-08-31 12:19:08 [pubchem] INFO: 正在处理 CID: 657272
2025-08-31 12:19:08 [pubchem] INFO: 正在处理 CID: 9571001
2025-08-31 12:19:08 [pubchem] INFO: 正在处理 CID: 9577994
2025-08-31 12:19:08 [pubchem] INFO: 正在处理 CID: 6918244
2025-08-31 12:19:08 [pubchem] INFO: 正在处理 CID: 23209321
2025-08-31 12:19:08 [pubchem] INFO: 正在处理 CID: 4848
2025-08-31 12:19:08 [pubchem] INFO: 正在处理 CID: 71405
2025-08-31 12:19:08 [pubchem] INFO: 正在处理 CID: 11954384
2025-08-31 12:19:08 [pubchem] INFO: 正在处理 CID: 4642
2025-08-31 12:19:08 [pubchem] INFO: 正在处理 CID: 66061
2025-08-31 12:19:08 [pubchem] INFO: 正在处理 CID: 4031
2025-08-31 12:19:08 [pubchem] INFO: 正在处理 CID: 17683
2025-08-31 12:19:08 [pubchem] INFO: 正在处理 CID: 441344
2025-08-31 12:19:08 [pubchem] INFO: 正在处理 CID: 3042
2025-08-31 12:19:08 [pubchem] INFO: 正在处理 CID: 21788
2025-08-31 12:19:08 [pubchem] INFO: 正在处理 CID: 5744890
2025-08-31 12:19:08 [pubchem] INFO: 正在处理 CID: 4839
2025-08-31 12:19:08 [pubchem] INFO: 正在处理 CID: 8520
2025-08-31 12:19:08 [pubchem] INFO: 正在处理 CID: 4934
2025-08-31 12:19:08 [pubchem] INFO: 正在处理 CID: 9279
2025-08-31 12:19:08 [pubchem] INFO: 正在处理 CID: 4097
2025-08-31 12:19:08 [pubchem] INFO: 正在处理 CID: 5883
2025-08-31 12:19:08 [pubchem] INFO: 正在处理 CID: 20299
2025-08-31 12:19:08 [pubchem] INFO: 正在处理 CID: 20298
2025-08-31 12:19:08 [pubchem] INFO: 正在处理 CID: 3775
2025-08-31 12:19:08 [pubchem] INFO: 正在处理 CID: 6284
2025-08-31 12:19:08 [pubchem] INFO: 正在处理 CID: 24199
2025-08-31 12:19:08 [pubchem] INFO: 正在处理 CID: 101587
2025-08-31 12:19:08 [pubchem] INFO: 正在处理 CID: 4057
2025-08-31 12:19:08 [pubchem] INFO: 正在处理 CID: 6461
2025-08-31 12:19:08 [pubchem] INFO: 正在处理 CID: 160243
2025-08-31 12:19:08 [pubchem] INFO: 正在处理 CID: 11954250
2025-08-31 12:19:08 [pubchem] INFO: 正在处理 CID: 174174
2025-08-31 12:19:08 [pubchem] INFO: 正在处理 CID: 60196398
2025-08-31 12:19:08 [pubchem] INFO: 正在处理 CID: 154417
2025-08-31 12:19:08 [pubchem] INFO: 正在处理 CID: 9929278
2025-08-31 12:19:08 [pubchem] INFO: 正在处理 CID: 23724526
2025-08-31 12:19:08 [pubchem] INFO: 正在处理 CID: 23724783
2025-08-31 12:19:08 [pubchem] INFO: 正在处理 CID: 3000322
2025-08-31 12:19:08 [pubchem] INFO: 正在处理 CID: 6603108
2025-08-31 12:19:08 [pubchem] INFO: 正在处理 CID: 4634
2025-08-31 12:19:08 [pubchem] INFO: 正在处理 CID: 91505
2025-08-31 12:19:08 [pubchem] INFO: 正在处理 CID: 4942
2025-08-31 12:19:08 [pubchem] INFO: 正在处理 CID: 441412
2025-08-31 12:19:08 [pubchem] INFO: 正在处理 CID: 443879
2025-08-31 12:19:08 [pubchem] INFO: 正在处理 CID: 443878
2025-08-31 12:19:08 [pubchem] INFO: 正在处理 CID: 154059
2025-08-31 12:19:08 [pubchem] INFO: 正在处理 CID: 216457
2025-08-31 12:19:08 [pubchem] INFO: 正在处理 CID: 444031
2025-08-31 12:19:08 [pubchem] INFO: 正在处理 CID: 444030
2025-08-31 12:19:08 [pubchem] INFO: 正在处理 CID: 6918558
2025-08-31 12:19:08 [pubchem] INFO: 正在处理 CID: 9849808
2025-08-31 12:19:08 [pubchem] INFO: 正在处理 CID: 2726
2025-08-31 12:19:08 [pubchem] INFO: 正在处理 CID: 6431825
2025-08-31 12:19:08 [pubchem] INFO: 正在处理 CID: 6240
2025-08-31 12:19:08 [pubchem] INFO: 正在处理 CID: 23724898
2025-08-31 12:19:08 [pubchem] INFO: 正在处理 CID: 165411865
2025-08-31 12:19:08 [pubchem] INFO: 正在处理 CID: 2905
2025-08-31 12:19:08 [pubchem] INFO: 正在处理 CID: 22162
2025-08-31 12:19:08 [pubchem] INFO: 正在处理 CID: 5282593
2025-08-31 12:19:08 [pubchem] INFO: 正在处理 CID: 6419941
2025-08-31 12:19:08 [pubchem] INFO: 正在处理 CID: 10429215
2025-08-31 12:19:08 [pubchem] INFO: 正在处理 CID: 656597
2025-08-31 12:19:08 [pubchem] INFO: 正在处理 CID: 657381
2025-08-31 12:19:08 [pubchem] INFO: 正在处理 CID: 11519070
2025-08-31 12:19:08 [pubchem] INFO: 正在处理 CID: 11519069
2025-08-31 12:19:08 [pubchem] INFO: 正在处理 CID: 72142
2025-08-31 12:19:08 [pubchem] INFO: 正在处理 CID: 151420
2025-08-31 12:19:08 [pubchem] INFO: 正在处理 CID: 20674
2025-08-31 12:19:08 [pubchem] INFO: 正在处理 CID: 23724801
2025-08-31 12:19:08 [pubchem] INFO: 正在处理 CID: 21847
2025-08-31 12:19:08 [pubchem] INFO: 正在处理 CID: 21846
2025-08-31 12:19:08 [pubchem] INFO: 正在处理 CID: 5572
2025-08-31 12:19:08 [pubchem] INFO: 正在处理 CID: 66007
2025-08-31 12:19:08 [pubchem] INFO: 正在处理 CID: 2381
2025-08-31 12:19:08 [pubchem] INFO: 正在处理 CID: 92151
2025-08-31 12:19:08 [pubchem] INFO: 正在处理 CID: 197083
2025-08-31 12:19:08 [pubchem] INFO: 正在处理 CID: 71177
2025-08-31 12:19:08 [pubchem] INFO: 正在处理 CID: 4167
2025-08-31 12:19:08 [pubchem] INFO: 正在处理 CID: 4919
2025-08-31 12:19:08 [pubchem] INFO: 正在处理 CID: 207841
2025-08-31 12:19:08 [pubchem] INFO: 正在处理 CID: 3290
2025-08-31 12:19:08 [pubchem] INFO: 正在处理 CID: 11954330
2025-08-31 12:19:08 [pubchem] INFO: 正在处理 CID: 122824
2025-08-31 12:19:08 [pubchem] INFO: 正在处理 CID: 30843
2025-08-31 12:19:08 [pubchem] INFO: 正在处理 CID: 24835791
2025-08-31 12:19:08 [pubchem] INFO: 正在处理 CID: 118984411
2025-08-31 12:19:08 [pubchem] INFO: 正在处理 CID: 11954326
2025-08-31 12:19:08 [pubchem] INFO: 正在处理 CID: 3034047
2025-08-31 12:19:08 [pubchem] INFO: 正在处理 CID: 21126683
2025-08-31 12:19:08 [pubchem] INFO: 正在处理 CID: 1201549
2025-08-31 12:19:08 [pubchem] INFO: 正在处理 CID: 3246155
2025-08-31 12:19:08 [pubchem] INFO: 正在处理 CID: 4601
2025-08-31 12:19:08 [pubchem] INFO: 正在处理 CID: 83823
2025-08-31 12:19:08 [pubchem] INFO: 正在处理 CID: 9568
2025-08-31 12:19:08 [pubchem] INFO: 正在处理 CID: 4854
2025-08-31 12:19:08 [pubchem] INFO: 正在处理 CID: 27844
2025-08-31 12:19:08 [pubchem] INFO: 正在处理 CID: 30160
2025-08-31 12:19:08 [pubchem] INFO: 正在处理 CID: 20055089
2025-08-31 12:19:08 [pubchem] INFO: 正在处理 CID: 102669
2025-08-31 12:19:08 [pubchem] INFO: 正在处理 CID: 11693
2025-08-31 12:19:08 [pubchem] INFO: 正在处理 CID: 3494
2025-08-31 12:19:08 [pubchem] INFO: 正在处理 CID: 121225724
2025-08-31 12:19:08 [pubchem] INFO: 正在处理 CID: 11519741
2025-08-31 12:19:08 [pubchem] INFO: 正在处理 CID: 9957090
2025-08-31 12:19:08 [pubchem] INFO: 正在处理 CID: 6450824
2025-08-31 12:19:08 [pubchem] INFO: 正在处理 CID: 657201
2025-08-31 12:19:08 [pubchem] INFO: 正在处理 CID: 656592
2025-08-31 12:19:08 [pubchem] INFO: 正在处理 CID: 5902
2025-08-31 12:19:08 [pubchem] INFO: 正在处理 CID: 20054870
2025-08-31 12:19:08 [pubchem] INFO: 正在处理 CID: 19004
2025-08-31 12:19:08 [pubchem] INFO: 正在处理 CID: 46174144
2025-08-31 12:19:08 [pubchem] INFO: 正在处理 CID: 210301
2025-08-31 12:19:08 [pubchem] INFO: 正在处理 CID: 71809
2025-08-31 12:19:08 [pubchem] INFO: 正在处理 CID: 206529
2025-08-31 12:19:08 [pubchem] INFO: 正在处理 CID: 3309
2025-08-31 12:19:08 [pubchem] INFO: 正在处理 CID: 102428
2025-08-31 12:19:08 [pubchem] INFO: 正在处理 CID: 10347879
2025-08-31 12:19:08 [pubchem] INFO: 正在处理 CID: 656602
2025-08-31 12:19:08 [pubchem] INFO: 正在处理 CID: 6433090
2025-08-31 12:19:08 [pubchem] INFO: 正在处理 CID: 657308
2025-08-31 12:19:08 [pubchem] INFO: 正在处理 CID: 5459110
2025-08-31 12:19:08 [pubchem] INFO: 正在处理 CID: 18493
2025-08-31 12:19:08 [pubchem] INFO: 正在处理 CID: 197965
2025-08-31 12:19:08 [pubchem] INFO: 正在处理 CID: 168884
2025-08-31 12:19:08 [pubchem] INFO: 正在处理 CID: 6917865
2025-08-31 12:19:08 [pubchem] INFO: 正在处理 CID: 4822
2025-08-31 12:19:08 [pubchem] INFO: 正在处理 CID: 20749
2025-08-31 12:19:08 [pubchem] INFO: 正在处理 CID: 6852391
2025-08-31 12:19:08 [pubchem] INFO: 正在处理 CID: 86301316
2025-08-31 12:19:08 [pubchem] INFO: 正在处理 CID: 11431811
2025-08-31 12:19:08 [pubchem] INFO: 正在处理 CID: 72159
2025-08-31 12:19:08 [pubchem] INFO: 正在处理 CID: 5593
2025-08-31 12:19:08 [pubchem] INFO: 正在处理 CID: 5284631
2025-08-31 12:19:08 [pubchem] INFO: 正在处理 CID: 7010
2025-08-31 12:19:08 [pubchem] INFO: 正在处理 CID: 359
2025-08-31 12:19:08 [pubchem] INFO: 正在处理 CID: 5281081
2025-08-31 12:19:08 [pubchem] INFO: 正在处理 CID: 3362
2025-08-31 12:19:08 [pubchem] INFO: 正在处理 CID: 5464105
2025-08-31 12:19:08 [pubchem] INFO: 正在处理 CID: 4659569
2025-08-31 12:19:08 [pubchem] INFO: 正在处理 CID: 3689
2025-08-31 12:19:08 [pubchem] INFO: 正在处理 CID: 656586
2025-08-31 12:19:08 [pubchem] INFO: 正在处理 CID: 3821
2025-08-31 12:19:08 [pubchem] INFO: 正在处理 CID: 15851
2025-08-31 12:19:08 [pubchem] INFO: 正在处理 CID: 2130
2025-08-31 12:19:08 [pubchem] INFO: 正在处理 CID: 64150
2025-08-31 12:19:08 [pubchem] INFO: 正在处理 CID: 4054
2025-08-31 12:19:08 [pubchem] INFO: 正在处理 CID: 181458
2025-08-31 12:19:08 [pubchem] INFO: 正在处理 CID: 71158
2025-08-31 12:19:08 [pubchem] INFO: 正在处理 CID: 155434
2025-08-31 12:19:08 [pubchem] INFO: 正在处理 CID: 4095
2025-08-31 12:19:08 [pubchem] INFO: 正在处理 CID: 14184
2025-08-31 12:19:08 [pubchem] INFO: 正在处理 CID: 22267
2025-08-31 12:19:08 [pubchem] INFO: 正在处理 CID: 22266
2025-08-31 12:19:08 [pubchem] INFO: 正在处理 CID: 5360696
2025-08-31 12:19:08 [pubchem] INFO: 正在处理 CID: 5464025
2025-08-31 12:19:08 [pubchem] INFO: 正在处理 CID: 5464025
2025-08-31 12:19:08 [pubchem] INFO: 正在处理 CID: 197033
2025-08-31 12:19:08 [pubchem] INFO: 正在处理 CID: 23729232
2025-08-31 12:19:08 [pubchem] INFO: 正在处理 CID: 26533
2025-08-31 12:19:08 [pubchem] INFO: 正在处理 CID: 26534
2025-08-31 12:19:08 [pubchem] INFO: 正在处理 CID: 182137
2025-08-31 12:19:08 [pubchem] INFO: 正在处理 CID: 643985
2025-08-31 12:19:08 [pubchem] INFO: 正在处理 CID: 20055402
2025-08-31 12:19:08 [pubchem] INFO: 正在处理 CID: 60839
2025-08-31 12:19:08 [pubchem] INFO: 正在处理 CID: 156328
2025-08-31 12:19:08 [pubchem] INFO: 正在处理 CID: 156420
2025-08-31 12:19:08 [pubchem] INFO: 正在处理 CID: 5464188
2025-08-31 12:19:08 [pubchem] INFO: 正在处理 CID: 6420042
2025-08-31 12:19:08 [pubchem] INFO: 正在处理 CID: 6450546
2025-08-31 12:19:08 [pubchem] INFO: 正在处理 CID: 5486198
2025-08-31 12:19:08 [pubchem] INFO: 正在处理 CID: 11425584
2025-08-31 12:19:08 [pubchem] INFO: 正在处理 CID: 118981713
2025-08-31 12:19:08 [pubchem] INFO: 正在处理 CID: 6918236
2025-08-31 12:19:08 [pubchem] INFO: 正在处理 CID: 9795678
2025-08-31 12:19:08 [pubchem] INFO: 正在处理 CID: 11394238
2025-08-31 12:19:08 [pubchem] INFO: 正在处理 CID: 68736
2025-08-31 12:19:08 [pubchem] INFO: 正在处理 CID: 9826324
2025-08-31 12:19:08 [pubchem] INFO: 正在处理 CID: 9417
2025-08-31 12:19:08 [pubchem] INFO: 正在处理 CID: 71587
2025-08-31 12:19:08 [pubchem] INFO: 正在处理 CID: 6438339
2025-08-31 12:19:08 [pubchem] INFO: 正在处理 CID: 3955
2025-08-31 12:19:08 [pubchem] INFO: 正在处理 CID: 71420
2025-08-31 12:19:08 [pubchem] INFO: 正在处理 CID: 71421
2025-08-31 12:19:08 [pubchem] INFO: 正在处理 CID: 5284603
2025-08-31 12:19:08 [pubchem] INFO: 正在处理 CID: 5462350
2025-08-31 12:19:08 [pubchem] INFO: 正在处理 CID: 23724988
2025-08-31 12:19:08 [pubchem] INFO: 正在处理 CID: 23724882
2025-08-31 12:19:08 [pubchem] INFO: 正在处理 CID: 441278
2025-08-31 12:19:08 [pubchem] INFO: 正在处理 CID: 441277
2025-08-31 12:19:08 [pubchem] INFO: 正在处理 CID: 656697
2025-08-31 12:19:08 [pubchem] INFO: 正在处理 CID: 5361092
2025-08-31 12:19:08 [pubchem] INFO: 正在处理 CID: 5464090
2025-08-31 12:19:08 [pubchem] INFO: 正在处理 CID: 5311304
2025-08-31 12:19:08 [pubchem] INFO: 正在处理 CID: 5360733
2025-08-31 12:19:08 [pubchem] INFO: 正在处理 CID: 3042090
2025-08-31 12:19:08 [pubchem] INFO: 正在处理 CID: 11630995
2025-08-31 12:19:08 [pubchem] INFO: 正在处理 CID: 24794466
2025-08-31 12:19:08 [pubchem] INFO: 正在处理 CID: 91864509
2025-08-31 12:19:08 [pubchem] INFO: 正在处理 CID: 60767
2025-08-31 12:19:08 [pubchem] INFO: 正在处理 CID: 3054741
2025-08-31 12:19:08 [pubchem] INFO: 正在处理 CID: 6918287
2025-08-31 12:19:08 [pubchem] INFO: 正在处理 CID: 5361090
2025-08-31 12:19:08 [pubchem] INFO: 正在处理 CID: 5361873
2025-08-31 12:19:08 [pubchem] INFO: 正在处理 CID: 55651
2025-08-31 12:19:08 [pubchem] INFO: 正在处理 CID: 13505
2025-08-31 12:19:08 [pubchem] INFO: 正在处理 CID: 6432394
2025-08-31 12:19:08 [pubchem] INFO: 正在处理 CID: 3345
2025-08-31 12:19:08 [pubchem] INFO: 正在处理 CID: 13810
2025-08-31 12:19:08 [pubchem] INFO: 正在处理 CID: 83932
2025-08-31 12:19:08 [pubchem] INFO: 正在处理 CID: 51263
2025-08-31 12:19:08 [pubchem] INFO: 正在处理 CID: 64761
2025-08-31 12:19:08 [pubchem] INFO: 正在处理 CID: 41693
2025-08-31 12:19:08 [pubchem] INFO: 正在处理 CID: 65494
2025-08-31 12:19:08 [pubchem] INFO: 正在处理 CID: 60815
2025-08-31 12:19:08 [pubchem] INFO: 正在处理 CID: 60814
2025-08-31 12:19:08 [pubchem] INFO: 正在处理 CID: 5288826
2025-08-31 12:19:08 [pubchem] INFO: 正在处理 CID: 5492889
2025-08-31 12:19:08 [pubchem] INFO: 正在处理 CID: 16051935
2025-08-31 12:19:08 [pubchem] INFO: 正在处理 CID: 5359380
2025-08-31 12:19:08 [pubchem] INFO: 正在处理 CID: 5284570
2025-08-31 12:19:08 [pubchem] INFO: 正在处理 CID: 5462347
2025-08-31 12:19:08 [pubchem] INFO: 正在处理 CID: 5284543
2025-08-31 12:19:08 [pubchem] INFO: 正在处理 CID: 5492624
2025-08-31 12:19:08 [pubchem] INFO: 正在处理 CID: 5493302
2025-08-31 12:19:08 [pubchem] INFO: 正在处理 CID: 46174078
2025-08-31 12:19:08 [pubchem] INFO: 正在处理 CID: 5750
2025-08-31 12:19:08 [pubchem] INFO: 正在处理 CID: 4058
2025-08-31 12:19:08 [pubchem] INFO: 正在处理 CID: 10100
2025-08-31 12:19:08 [pubchem] INFO: 正在处理 CID: 15424
2025-08-31 12:19:08 [pubchem] INFO: 正在处理 CID: 28332
2025-08-31 12:19:08 [pubchem] INFO: 正在处理 CID: 30131
2025-08-31 12:19:08 [pubchem] INFO: 正在处理 CID: 71393
2025-08-31 12:19:08 [pubchem] INFO: 正在处理 CID: 33741
2025-08-31 12:19:08 [pubchem] INFO: 正在处理 CID: 63013
2025-08-31 12:19:08 [pubchem] INFO: 正在处理 CID: 9838022
2025-08-31 12:19:08 [pubchem] INFO: 正在处理 CID: 9838021
2025-08-31 12:19:08 [pubchem] INFO: 正在处理 CID: 4095
2025-08-31 12:19:08 [pubchem] INFO: 正在处理 CID: 14184
2025-08-31 12:19:08 [pubchem] INFO: 正在处理 CID: 15130
2025-08-31 12:19:08 [pubchem] INFO: 正在处理 CID: 39371
2025-08-31 12:19:08 [pubchem] INFO: 正在处理 CID: 22267
2025-08-31 12:19:08 [pubchem] INFO: 正在处理 CID: 22266
2025-08-31 12:19:08 [pubchem] INFO: 正在处理 CID: 9844225
2025-08-31 12:19:08 [pubchem] INFO: 正在处理 CID: 5462328
2025-08-31 12:19:08 [pubchem] INFO: 正在处理 CID: 5359271
2025-08-31 12:19:08 [pubchem] INFO: 正在处理 CID: 5360215
2025-08-31 12:19:08 [pubchem] INFO: 正在处理 CID: 5284569
2025-08-31 12:19:08 [pubchem] INFO: 正在处理 CID: 5463977
2025-08-31 12:19:08 [pubchem] INFO: 正在处理 CID: 12358607
2025-08-31 12:19:08 [pubchem] INFO: 正在处理 CID: 5284569
2025-08-31 12:19:08 [pubchem] INFO: 正在处理 CID: 5284371
2025-08-31 12:19:08 [pubchem] INFO: 正在处理 CID: 5284371
2025-08-31 12:19:08 [pubchem] INFO: 正在处理 CID: 15984075
2025-08-31 12:19:08 [pubchem] INFO: 正在处理 CID: 5359227
2025-08-31 12:19:08 [pubchem] INFO: 正在处理 CID: 5284371
2025-08-31 12:19:08 [pubchem] INFO: 正在处理 CID: 21155870
2025-08-31 12:19:08 [pubchem] INFO: 正在处理 CID: 62156
2025-08-31 12:19:08 [pubchem] INFO: 正在处理 CID: 9851365
2025-08-31 12:19:08 [pubchem] INFO: 正在处理 CID: 5359272
2025-08-31 12:19:08 [pubchem] INFO: 正在处理 CID: 5464027
2025-08-31 12:19:08 [pubchem] INFO: 正在处理 CID: 5284604
2025-08-31 12:19:08 [pubchem] INFO: 正在处理 CID: 5359390
2025-08-31 12:19:08 [pubchem] INFO: 正在处理 CID: 34328
2025-08-31 12:19:08 [pubchem] INFO: 正在处理 CID: 53447387
2025-08-31 12:19:08 [pubchem] INFO: 正在处理 CID: 22308
2025-08-31 12:19:08 [pubchem] INFO: 正在处理 CID: 61119
2025-08-31 12:19:08 [pubchem] INFO: 正在处理 CID: 62709
2025-08-31 12:19:08 [pubchem] INFO: 正在处理 CID: 120738
2025-08-31 12:19:08 [pubchem] INFO: 正在处理 CID: 62516
2025-08-31 12:19:08 [pubchem] INFO: 正在处理 CID: 62710
2025-08-31 12:19:08 [pubchem] INFO: 正在处理 CID: 12218309
2025-08-31 12:19:08 [pubchem] INFO: 正在处理 CID: 10064061
2025-08-31 12:19:08 [pubchem] INFO: 正在处理 CID: 5284516
2025-08-31 12:19:08 [pubchem] INFO: 正在处理 CID: 46174071
2025-08-31 12:19:08 [pubchem] INFO: 正在处理 CID: 62528
2025-08-31 12:19:08 [pubchem] INFO: 正在处理 CID: 62370
2025-08-31 12:19:08 [pubchem] INFO: 正在处理 CID: 13493
2025-08-31 12:19:08 [pubchem] INFO: 正在处理 CID: 61122
2025-08-31 12:19:08 [pubchem] INFO: 正在处理 CID: 61306
2025-08-31 12:19:08 [pubchem] INFO: 正在处理 CID: 5463858
2025-08-31 12:19:08 [pubchem] INFO: 正在处理 CID: 61120
2025-08-31 12:19:08 [pubchem] INFO: 正在处理 CID: 5362449
2025-08-31 12:19:08 [pubchem] INFO: 正在处理 CID: 5362482
2025-08-31 12:19:08 [pubchem] INFO: 正在处理 CID: 65498
2025-08-31 12:19:08 [pubchem] INFO: 正在处理 CID: 10517
2025-08-31 12:19:08 [pubchem] INFO: 正在处理 CID: 5362518
2025-08-31 12:19:08 [pubchem] INFO: 正在处理 CID: 5464303
2025-08-31 12:19:08 [pubchem] INFO: 正在处理 CID: 5359353
2025-08-31 12:19:08 [pubchem] INFO: 正在处理 CID: 60697
2025-08-31 12:19:08 [pubchem] INFO: 正在处理 CID: 61121
2025-08-31 12:19:08 [pubchem] INFO: 正在处理 CID: 5463854
2025-08-31 12:19:08 [pubchem] INFO: 正在处理 CID: 24892857
2025-08-31 12:19:08 [pubchem] INFO: 正在处理 CID: 9931207
2025-08-31 12:19:08 [pubchem] INFO: 正在处理 CID: 8523
2025-08-31 12:19:08 [pubchem] INFO: 正在处理 CID: 5362458
2025-08-31 12:19:08 [pubchem] INFO: 正在处理 CID: 21950
2025-08-31 12:19:08 [pubchem] INFO: 正在处理 CID: 62373
2025-08-31 12:19:08 [pubchem] INFO: 正在处理 CID: 6148
2025-08-31 12:19:08 [pubchem] INFO: 正在处理 CID: 20055090
2025-08-31 12:19:08 [pubchem] INFO: 正在处理 CID: 11848225
2025-08-31 12:19:08 [pubchem] INFO: 正在处理 CID: 19143
2025-08-31 12:19:08 [pubchem] INFO: 正在处理 CID: 11250029
2025-08-31 12:19:08 [pubchem] INFO: 正在处理 CID: 10072
2025-08-31 12:19:08 [pubchem] INFO: 正在处理 CID: 5464183
2025-08-31 12:19:08 [pubchem] INFO: 正在处理 CID: 24847759
2025-08-31 12:19:09 [pubchem] INFO: 正在处理 CID: 44602
2025-08-31 12:19:09 [pubchem] INFO: 正在处理 CID: 11281011
2025-08-31 12:19:09 [pubchem] INFO: 正在处理 CID: 2284
2025-08-31 12:19:09 [pubchem] INFO: 正在处理 CID: 119
2025-08-31 12:19:09 [pubchem] INFO: 正在处理 CID: 3000715
2025-08-31 12:19:09 [pubchem] INFO: 正在处理 CID: 23665410
2025-08-31 12:19:09 [pubchem] INFO: 正在处理 CID: 3038497
2025-08-31 12:19:09 [pubchem] INFO: 正在处理 CID: 4943
2025-08-31 12:19:09 [pubchem] INFO: 正在处理 CID: 4763
2025-08-31 12:19:09 [pubchem] INFO: 正在处理 CID: 46174100
2025-08-31 12:19:09 [pubchem] INFO: 正在处理 CID: 23674889
2025-08-31 12:19:09 [pubchem] INFO: 正在处理 CID: 2712
2025-08-31 12:19:09 [pubchem] INFO: 正在处理 CID: 9916
2025-08-31 12:19:09 [pubchem] INFO: 正在处理 CID: 4041
2025-08-31 12:19:09 [pubchem] INFO: 正在处理 CID: 12207008
2025-08-31 12:19:09 [pubchem] INFO: 正在处理 CID: 4737
2025-08-31 12:19:09 [pubchem] INFO: 正在处理 CID: 656845
2025-08-31 12:19:09 [pubchem] INFO: 正在处理 CID: 23676152
2025-08-31 12:19:09 [pubchem] INFO: 正在处理 CID: 2164
2025-08-31 12:19:09 [pubchem] INFO: 正在处理 CID: 23689390
2025-08-31 12:19:09 [pubchem] INFO: 正在处理 CID: 5193
2025-08-31 12:19:09 [pubchem] INFO: 正在处理 CID: 14148199
2025-08-31 12:19:09 [pubchem] INFO: 正在处理 CID: 3393
2025-08-31 12:19:09 [pubchem] INFO: 正在处理 CID: 14434
2025-08-31 12:19:09 [pubchem] INFO: 正在处理 CID: 14434
2025-08-31 12:19:09 [pubchem] INFO: 正在处理 CID: 4192
2025-08-31 12:19:09 [pubchem] INFO: 正在处理 CID: 43032
2025-08-31 12:19:09 [pubchem] INFO: 正在处理 CID: 5384200
2025-08-31 12:19:09 [pubchem] INFO: 正在处理 CID: 3033860
2025-08-31 12:19:09 [pubchem] INFO: 正在处理 CID: 6917853
2025-08-31 12:19:09 [pubchem] INFO: 正在处理 CID: 5732
2025-08-31 12:19:09 [pubchem] INFO: 正在处理 CID: 441338
2025-08-31 12:19:09 [pubchem] INFO: 正在处理 CID: 5069
2025-08-31 12:19:09 [pubchem] INFO: 正在处理 CID: 135366
2025-08-31 12:19:09 [pubchem] INFO: 正在处理 CID: 3032285
2025-08-31 12:19:09 [pubchem] INFO: 正在处理 CID: 23677058
2025-08-31 12:19:09 [pubchem] INFO: 正在处理 CID: 9867812
2025-08-31 12:19:09 [pubchem] INFO: 正在处理 CID: 23658607
2025-08-31 12:19:09 [pubchem] INFO: 正在处理 CID: 54897
2025-08-31 12:19:09 [pubchem] INFO: 正在处理 CID: 2118
2025-08-31 12:19:09 [pubchem] INFO: 正在处理 CID: 2294
2025-08-31 12:19:09 [pubchem] INFO: 正在处理 CID: 107926
2025-08-31 12:19:09 [pubchem] INFO: 正在处理 CID: 2441
2025-08-31 12:19:09 [pubchem] INFO: 正在处理 CID: 2451
2025-08-31 12:19:09 [pubchem] INFO: 正在处理 CID: 86301664
2025-08-31 12:19:09 [pubchem] INFO: 正在处理 CID: 2789
2025-08-31 12:19:09 [pubchem] INFO: 正在处理 CID: 2802
2025-08-31 12:19:09 [pubchem] INFO: 正在处理 CID: 2811
2025-08-31 12:19:09 [pubchem] INFO: 正在处理 CID: 2816
2025-08-31 12:19:09 [pubchem] INFO: 正在处理 CID: 17925
2025-08-31 12:19:09 [pubchem] INFO: 正在处理 CID: 204105
2025-08-31 12:19:09 [pubchem] INFO: 正在处理 CID: 3016
2025-08-31 12:19:09 [pubchem] INFO: 正在处理 CID: 3261
2025-08-31 12:19:09 [pubchem] INFO: 正在处理 CID: 969472
2025-08-31 12:19:09 [pubchem] INFO: 正在处理 CID: 3299
2025-08-31 12:19:09 [pubchem] INFO: 正在处理 CID: 3307
2025-08-31 12:19:09 [pubchem] INFO: 正在处理 CID: 3369
2025-08-31 12:19:09 [pubchem] INFO: 正在处理 CID: 3380
2025-08-31 12:19:09 [pubchem] INFO: 正在处理 CID: 3398
2025-08-31 12:19:09 [pubchem] INFO: 正在处理 CID: 3400
2025-08-31 12:19:09 [pubchem] INFO: 正在处理 CID: 3448
2025-08-31 12:19:09 [pubchem] INFO: 正在处理 CID: 119
2025-08-31 12:19:09 [pubchem] INFO: 正在处理 CID: 3487
2025-08-31 12:19:09 [pubchem] INFO: 正在处理 CID: 3563
2025-08-31 12:19:09 [pubchem] INFO: 正在处理 CID: 3608
2025-08-31 12:19:09 [pubchem] INFO: 正在处理 CID: 7048810
2025-08-31 12:19:09 [pubchem] INFO: 正在处理 CID: 3958
2025-08-31 12:19:09 [pubchem] INFO: 正在处理 CID: 13314
2025-08-31 12:19:09 [pubchem] INFO: 正在处理 CID: 8271
2025-08-31 12:19:09 [pubchem] INFO: 正在处理 CID: 4064
2025-08-31 12:19:09 [pubchem] INFO: 正在处理 CID: 6292
2025-08-31 12:19:09 [pubchem] INFO: 正在处理 CID: 4177
2025-08-31 12:19:09 [pubchem] INFO: 正在处理 CID: 4496
2025-08-31 12:19:09 [pubchem] INFO: 正在处理 CID: 4506
2025-08-31 12:19:09 [pubchem] INFO: 正在处理 CID: 2997
2025-08-31 12:19:09 [pubchem] INFO: 正在处理 CID: 4617
2025-08-31 12:19:09 [pubchem] INFO: 正在处理 CID: 131664
2025-08-31 12:19:09 [pubchem] INFO: 正在处理 CID: 4890
2025-08-31 12:19:09 [pubchem] INFO: 正在处理 CID: 4999
2025-08-31 12:19:09 [pubchem] INFO: 正在处理 CID: 5391
2025-08-31 12:19:09 [pubchem] INFO: 正在处理 CID: 5502
2025-08-31 12:19:09 [pubchem] INFO: 正在处理 CID: 5556
2025-08-31 12:19:09 [pubchem] INFO: 正在处理 CID: 5735
2025-08-31 12:19:09 [pubchem] INFO: 正在处理 CID: 26757
2025-08-31 12:19:09 [pubchem] INFO: 正在处理 CID: 26758
2025-08-31 12:19:09 [pubchem] INFO: 正在处理 CID: 3052776
2025-08-31 12:19:09 [pubchem] INFO: 正在处理 CID: 3052775
2025-08-31 12:19:09 [pubchem] INFO: 正在处理 CID: 71550735
2025-08-31 12:19:09 [pubchem] INFO: 正在处理 CID: 71307
2025-08-31 12:19:09 [pubchem] INFO: 正在处理 CID: 163727
2025-08-31 12:19:09 [pubchem] INFO: 正在处理 CID: 131682
2025-08-31 12:19:09 [pubchem] INFO: 正在处理 CID: 3038502
2025-08-31 12:19:09 [pubchem] INFO: 正在处理 CID: 53568
2025-08-31 12:19:09 [pubchem] INFO: 正在处理 CID: 6446650
2025-08-31 12:19:09 [pubchem] INFO: 正在处理 CID: 4688
2025-08-31 12:19:09 [pubchem] INFO: 正在处理 CID: 9373
2025-08-31 12:19:09 [pubchem] INFO: 正在处理 CID: 3767
2025-08-31 12:19:09 [pubchem] INFO: 正在处理 CID: 71468
2025-08-31 12:19:09 [pubchem] INFO: 正在处理 CID: 53297476
2025-08-31 12:19:09 [pubchem] INFO: 正在处理 CID: 23724827
2025-08-31 12:19:09 [pubchem] INFO: 正在处理 CID: 3675
2025-08-31 12:19:09 [pubchem] INFO: 正在处理 CID: 61100
2025-08-31 12:19:09 [pubchem] INFO: 正在处理 CID: 19493
2025-08-31 12:19:09 [pubchem] INFO: 正在处理 CID: 11473982
2025-08-31 12:19:09 [pubchem] INFO: 正在处理 CID: 3748
2025-08-31 12:19:09 [pubchem] INFO: 正在处理 CID: 9367
2025-08-31 12:19:09 [pubchem] INFO: 正在处理 CID: 29083
2025-08-31 12:19:09 [pubchem] INFO: 正在处理 CID: 8366
2025-08-31 12:19:09 [pubchem] INFO: 正在处理 CID: 19063
2025-08-31 12:19:09 [pubchem] INFO: 正在处理 CID: 3759
2025-08-31 12:19:09 [pubchem] INFO: 正在处理 CID: 11607225
2025-08-31 12:19:09 [pubchem] INFO: 正在处理 CID: 4472
2025-08-31 12:19:09 [pubchem] INFO: 正在处理 CID: 636399
2025-08-31 12:19:09 [pubchem] INFO: 正在处理 CID: 33254
2025-08-31 12:19:09 [pubchem] INFO: 正在处理 CID: 68802
2025-08-31 12:19:09 [pubchem] INFO: 正在处理 CID: 115141
2025-08-31 12:19:09 [pubchem] INFO: 正在处理 CID: 60824
2025-08-31 12:19:09 [pubchem] INFO: 正在处理 CID: 44571
2025-08-31 12:19:09 [pubchem] INFO: 正在处理 CID: 52542
2025-08-31 12:19:09 [pubchem] INFO: 正在处理 CID: 4380
2025-08-31 12:19:09 [pubchem] INFO: 正在处理 CID: 4235
2025-08-31 12:19:09 [pubchem] INFO: 正在处理 CID: 34521
2025-08-31 12:19:09 [pubchem] INFO: 正在处理 CID: 170361
2025-08-31 12:19:09 [pubchem] INFO: 正在处理 CID: 9906942
2025-08-31 12:19:09 [pubchem] INFO: 正在处理 CID: 10131048
2025-08-31 12:19:09 [pubchem] INFO: 正在处理 CID: 11682800
2025-08-31 12:19:09 [pubchem] INFO: 正在处理 CID: 101616
2025-08-31 12:19:09 [pubchem] INFO: 正在处理 CID: 46202
2025-08-31 12:19:09 [pubchem] INFO: 正在处理 CID: 120636
2025-08-31 12:19:09 [pubchem] INFO: 正在处理 CID: 178052
2025-08-31 12:19:09 [pubchem] INFO: 正在处理 CID: 24906253
2025-08-31 12:19:09 [pubchem] INFO: 正在处理 CID: 9824145
2025-08-31 12:19:09 [pubchem] INFO: 正在处理 CID: 46174135
2025-08-31 12:19:09 [pubchem] INFO: 正在处理 CID: 3446
2025-08-31 12:19:09 [pubchem] INFO: 正在处理 CID: 9883933
2025-08-31 12:19:09 [pubchem] INFO: 正在处理 CID: 5486971
2025-08-31 12:19:09 [pubchem] INFO: 正在处理 CID: 896
2025-08-31 12:19:09 [pubchem] INFO: 正在处理 CID: 208902
2025-08-31 12:19:09 [pubchem] INFO: 正在处理 CID: 10220503
2025-08-31 12:19:09 [pubchem] INFO: 正在处理 CID: 1935
2025-08-31 12:19:09 [pubchem] INFO: 正在处理 CID: 2723754
2025-08-31 12:19:09 [pubchem] INFO: 正在处理 CID: 3152
2025-08-31 12:19:09 [pubchem] INFO: 正在处理 CID: 5741
2025-08-31 12:19:09 [pubchem] INFO: 正在处理 CID: 77991
2025-08-31 12:19:09 [pubchem] INFO: 正在处理 CID: 6918078
2025-08-31 12:19:09 [pubchem] INFO: 正在处理 CID: 9651
2025-08-31 12:19:09 [pubchem] INFO: 正在处理 CID: 121587
2025-08-31 12:19:09 [pubchem] INFO: 正在处理 CID: 4456
2025-08-31 12:19:09 [pubchem] INFO: 正在处理 CID: 8246
2025-08-31 12:19:09 [pubchem] INFO: 正在处理 CID: 5824
2025-08-31 12:19:09 [pubchem] INFO: 正在处理 CID: 4991
2025-08-31 12:19:09 [pubchem] INFO: 正在处理 CID: 7550
2025-08-31 12:19:09 [pubchem] INFO: 正在处理 CID: 3116
2025-08-31 12:19:09 [pubchem] INFO: 正在处理 CID: 27522
2025-08-31 12:19:09 [pubchem] INFO: 正在处理 CID: 2131
2025-08-31 12:19:09 [pubchem] INFO: 正在处理 CID: 10548
2025-08-31 12:19:09 [pubchem] INFO: 正在处理 CID: 10547
2025-08-31 12:19:09 [pubchem] INFO: 正在处理 CID: 5983
2025-08-31 12:19:09 [pubchem] INFO: 正在处理 CID: 657348
2025-08-31 12:19:09 [pubchem] INFO: 正在处理 CID: 6419928
2025-08-31 12:19:09 [pubchem] INFO: 正在处理 CID: 197033
2025-08-31 12:19:09 [pubchem] INFO: 正在处理 CID: 23729232
2025-08-31 12:19:09 [pubchem] INFO: 正在处理 CID: 3792
2025-08-31 12:19:09 [pubchem] INFO: 正在处理 CID: 129791
2025-08-31 12:19:09 [pubchem] INFO: 正在处理 CID: 11249342
2025-08-31 12:19:09 [pubchem] INFO: 正在处理 CID: 134823887
2025-08-31 12:19:09 [pubchem] INFO: 正在处理 CID: 44240142
2025-08-31 12:19:09 [pubchem] INFO: 正在处理 CID: 155491118
2025-08-31 12:19:09 [pubchem] INFO: 正在处理 CID: 9957090
2025-08-31 12:19:09 [pubchem] INFO: 正在处理 CID: 54747
2025-08-31 12:19:09 [pubchem] INFO: 正在处理 CID: 5965
2025-08-31 12:19:09 [pubchem] INFO: 正在处理 CID: 3039
2025-08-31 12:19:09 [pubchem] INFO: 正在处理 CID: 94280
2025-08-31 12:19:09 [pubchem] INFO: 正在处理 CID: 8307
2025-08-31 12:19:09 [pubchem] INFO: 正在处理 CID: 135462830
2025-08-31 12:19:09 [pubchem] INFO: 正在处理 CID: 6917941
2025-08-31 12:19:09 [pubchem] INFO: 正在处理 CID: 5936
2025-08-31 12:19:09 [pubchem] INFO: 正在处理 CID: 11607225
2025-08-31 12:19:09 [pubchem] INFO: 正在处理 CID: 4004
2025-08-31 12:19:09 [pubchem] INFO: 正在处理 CID: 5853
2025-08-31 12:19:09 [pubchem] INFO: 正在处理 CID: 77991
2025-08-31 12:19:09 [pubchem] INFO: 正在处理 CID: 6918078
2025-08-31 12:19:09 [pubchem] INFO: 正在处理 CID: 3792
2025-08-31 12:19:09 [pubchem] INFO: 正在处理 CID: 129791
2025-08-31 12:19:09 [pubchem] INFO: 正在处理 CID: 5936
2025-08-31 12:19:09 [pubchem] INFO: 正在处理 CID: 5656
2025-08-31 12:19:09 [pubchem] INFO: 正在处理 CID: 87460500
2025-08-31 12:19:09 [pubchem] INFO: 正在处理 CID: 62923
2025-08-31 12:19:09 [pubchem] INFO: 正在处理 CID: 65833
2025-08-31 12:19:09 [pubchem] INFO: 正在处理 CID: 163701
2025-08-31 12:19:09 [pubchem] INFO: 正在处理 CID: 60835
2025-08-31 12:19:09 [pubchem] INFO: 正在处理 CID: 60834
2025-08-31 12:19:09 [pubchem] INFO: 正在处理 CID: 125017
2025-08-31 12:19:09 [pubchem] INFO: 正在处理 CID: 9800068
2025-08-31 12:19:09 [pubchem] INFO: 正在处理 CID: 9800068
2025-08-31 12:19:09 [pubchem] INFO: 正在处理 CID: 3386
2025-08-31 12:19:09 [pubchem] INFO: 正在处理 CID: 62857
2025-08-31 12:19:09 [pubchem] INFO: 正在处理 CID: 2771
2025-08-31 12:19:09 [pubchem] INFO: 正在处理 CID: 77995
2025-08-31 12:19:09 [pubchem] INFO: 正在处理 CID: 3020376
2025-08-31 12:19:09 [pubchem] INFO: 正在处理 CID: 43815
2025-08-31 12:19:09 [pubchem] INFO: 正在处理 CID: 62878
2025-08-31 12:19:09 [pubchem] INFO: 正在处理 CID: 5282487
2025-08-31 12:19:09 [pubchem] INFO: 正在处理 CID: 9845306
2025-08-31 12:19:09 [pubchem] INFO: 正在处理 CID: 68617
2025-08-31 12:19:09 [pubchem] INFO: 正在处理 CID: 63009
2025-08-31 12:19:09 [pubchem] INFO: 正在处理 CID: 5324346
2025-08-31 12:19:09 [pubchem] INFO: 正在处理 CID: 9560989
2025-08-31 12:19:09 [pubchem] INFO: 正在处理 CID: 146570
2025-08-31 12:19:09 [pubchem] INFO: 正在处理 CID: 146571
2025-08-31 12:19:09 [pubchem] INFO: 正在处理 CID: 2081
2025-08-31 12:19:09 [pubchem] INFO: 正在处理 CID: 71352
2025-08-31 12:19:09 [pubchem] INFO: 正在处理 CID: 65472
2025-08-31 12:19:09 [pubchem] INFO: 正在处理 CID: 3047850
2025-08-31 12:19:09 [pubchem] INFO: 正在处理 CID: 6420041
2025-08-31 12:19:09 [pubchem] INFO: 正在处理 CID: 4456
2025-08-31 12:19:09 [pubchem] INFO: 正在处理 CID: 8246
2025-08-31 12:19:09 [pubchem] INFO: 正在处理 CID: 5824
2025-08-31 12:19:09 [pubchem] INFO: 正在处理 CID: 4991
2025-08-31 12:19:09 [pubchem] INFO: 正在处理 CID: 7550
2025-08-31 12:19:09 [pubchem] INFO: 正在处理 CID: 3116
2025-08-31 12:19:09 [pubchem] INFO: 正在处理 CID: 27522
2025-08-31 12:19:09 [pubchem] INFO: 正在处理 CID: 2131
2025-08-31 12:19:09 [pubchem] INFO: 正在处理 CID: 2370
2025-08-31 12:19:09 [pubchem] INFO: 正在处理 CID: 11548
2025-08-31 12:19:09 [pubchem] INFO: 正在处理 CID: 46174106
2025-08-31 12:19:09 [pubchem] INFO: 正在处理 CID: 5909
2025-08-31 12:19:09 [pubchem] INFO: 正在处理 CID: 83898
2025-08-31 12:19:09 [pubchem] INFO: 正在处理 CID: 22083401
2025-08-31 12:19:09 [pubchem] INFO: 正在处理 CID: 5831
2025-08-31 12:19:09 [pubchem] INFO: 正在处理 CID: 657272
2025-08-31 12:19:09 [pubchem] INFO: 正在处理 CID: 2995
2025-08-31 12:19:09 [pubchem] INFO: 正在处理 CID: 65327
2025-08-31 12:19:09 [pubchem] INFO: 正在处理 CID: 3696
2025-08-31 12:19:09 [pubchem] INFO: 正在处理 CID: 8228
2025-08-31 12:19:09 [pubchem] INFO: 正在处理 CID: 24904
2025-08-31 12:19:09 [pubchem] INFO: 正在处理 CID: 2801
2025-08-31 12:19:09 [pubchem] INFO: 正在处理 CID: 68539
2025-08-31 12:19:09 [pubchem] INFO: 正在处理 CID: 9417
2025-08-31 12:19:09 [pubchem] INFO: 正在处理 CID: 71587
2025-08-31 12:19:09 [pubchem] INFO: 正在处理 CID: 5584
2025-08-31 12:19:09 [pubchem] INFO: 正在处理 CID: 5282318
2025-08-31 12:19:09 [pubchem] INFO: 正在处理 CID: 3947
2025-08-31 12:19:09 [pubchem] INFO: 正在处理 CID: 33611
2025-08-31 12:19:09 [pubchem] INFO: 正在处理 CID: 9419
2025-08-31 12:19:09 [pubchem] INFO: 正在处理 CID: 443945
2025-08-31 12:19:09 [pubchem] INFO: 正在处理 CID: 2160
2025-08-31 12:19:09 [pubchem] INFO: 正在处理 CID: 11065
2025-08-31 12:19:09 [pubchem] INFO: 正在处理 CID: 4543
2025-08-31 12:19:09 [pubchem] INFO: 正在处理 CID: 441358
2025-08-31 12:19:09 [pubchem] INFO: 正在处理 CID: 4976
2025-08-31 12:19:09 [pubchem] INFO: 正在处理 CID: 6603149
2025-08-31 12:19:09 [pubchem] INFO: 正在处理 CID: 667477
2025-08-31 12:19:09 [pubchem] INFO: 正在处理 CID: 6419921
2025-08-31 12:19:09 [pubchem] INFO: 正在处理 CID: 25382
2025-08-31 12:19:09 [pubchem] INFO: 正在处理 CID: 25381
2025-08-31 12:19:09 [pubchem] INFO: 正在处理 CID: 21772
2025-08-31 12:19:09 [pubchem] INFO: 正在处理 CID: 11954319
2025-08-31 12:19:09 [pubchem] INFO: 正在处理 CID: 5284550
2025-08-31 12:19:09 [pubchem] INFO: 正在处理 CID: 9884029
2025-08-31 12:19:09 [pubchem] INFO: 正在处理 CID: 65589
2025-08-31 12:19:09 [pubchem] INFO: 正在处理 CID: 21116382
2025-08-31 12:19:09 [pubchem] INFO: 正在处理 CID: 34870
2025-08-31 12:19:09 [pubchem] INFO: 正在处理 CID: 2170
2025-08-31 12:19:09 [pubchem] INFO: 正在处理 CID: 65467
2025-08-31 12:19:09 [pubchem] INFO: 正在处理 CID: 5281088
2025-08-31 12:19:09 [pubchem] INFO: 正在处理 CID: 94280
2025-08-31 12:19:09 [pubchem] INFO: 正在处理 CID: 71396
2025-08-31 12:19:09 [pubchem] INFO: 正在处理 CID: 21722
2025-08-31 12:19:09 [pubchem] INFO: 正在处理 CID: 20057006
2025-08-31 12:19:09 [pubchem] INFO: 正在处理 CID: 40028
2025-08-31 12:19:09 [pubchem] INFO: 正在处理 CID: 93154
2025-08-31 12:19:09 [pubchem] INFO: 正在处理 CID: 6450479
2025-08-31 12:19:09 [pubchem] INFO: 正在处理 CID: 4011
2025-08-31 12:19:09 [pubchem] INFO: 正在处理 CID: 71478
2025-08-31 12:19:09 [pubchem] INFO: 正在处理 CID: 4184
2025-08-31 12:19:09 [pubchem] INFO: 正在处理 CID: 68551
2025-08-31 12:19:09 [pubchem] INFO: 正在处理 CID: 4205
2025-08-31 12:19:09 [pubchem] INFO: 正在处理 CID: 9882242
2025-08-31 12:19:09 [pubchem] INFO: 正在处理 CID: 6435156
2025-08-31 12:19:09 [pubchem] INFO: 正在处理 CID: 166560
2025-08-31 12:19:09 [pubchem] INFO: 正在处理 CID: 38206
2025-08-31 12:19:09 [pubchem] INFO: 正在处理 CID: 2995
2025-08-31 12:19:09 [pubchem] INFO: 正在处理 CID: 65327
2025-08-31 12:19:09 [pubchem] INFO: 正在处理 CID: 3696
2025-08-31 12:19:09 [pubchem] INFO: 正在处理 CID: 8228
2025-08-31 12:19:09 [pubchem] INFO: 正在处理 CID: 24904
2025-08-31 12:19:09 [pubchem] INFO: 正在处理 CID: 2801
2025-08-31 12:19:09 [pubchem] INFO: 正在处理 CID: 68539
2025-08-31 12:19:09 [pubchem] INFO: 正在处理 CID: 9417
2025-08-31 12:19:09 [pubchem] INFO: 正在处理 CID: 71587
2025-08-31 12:19:09 [pubchem] INFO: 正在处理 CID: 5584
2025-08-31 12:19:09 [pubchem] INFO: 正在处理 CID: 5282318
2025-08-31 12:19:09 [pubchem] INFO: 正在处理 CID: 3947
2025-08-31 12:19:09 [pubchem] INFO: 正在处理 CID: 33611
2025-08-31 12:19:09 [pubchem] INFO: 正在处理 CID: 9419
2025-08-31 12:19:09 [pubchem] INFO: 正在处理 CID: 443945
2025-08-31 12:19:09 [pubchem] INFO: 正在处理 CID: 2160
2025-08-31 12:19:09 [pubchem] INFO: 正在处理 CID: 11065
2025-08-31 12:19:09 [pubchem] INFO: 正在处理 CID: 4543
2025-08-31 12:19:09 [pubchem] INFO: 正在处理 CID: 441358
2025-08-31 12:19:09 [pubchem] INFO: 正在处理 CID: 4976
2025-08-31 12:19:09 [pubchem] INFO: 正在处理 CID: 6603149
2025-08-31 12:19:09 [pubchem] INFO: 正在处理 CID: 667477
2025-08-31 12:19:09 [pubchem] INFO: 正在处理 CID: 6419921
2025-08-31 12:19:09 [pubchem] INFO: 正在处理 CID: 25382
2025-08-31 12:19:09 [pubchem] INFO: 正在处理 CID: 25381
2025-08-31 12:19:09 [pubchem] INFO: 正在处理 CID: 21772
2025-08-31 12:19:09 [pubchem] INFO: 正在处理 CID: 11954319
2025-08-31 12:19:09 [pubchem] INFO: 正在处理 CID: 5284550
2025-08-31 12:19:09 [pubchem] INFO: 正在处理 CID: 9884029
2025-08-31 12:19:09 [pubchem] INFO: 正在处理 CID: 4011
2025-08-31 12:19:09 [pubchem] INFO: 正在处理 CID: 71478
2025-08-31 12:19:09 [pubchem] INFO: 正在处理 CID: 34870
2025-08-31 12:19:09 [pubchem] INFO: 正在处理 CID: 2170
2025-08-31 12:19:09 [pubchem] INFO: 正在处理 CID: 94280
2025-08-31 12:19:09 [pubchem] INFO: 正在处理 CID: 21722
2025-08-31 12:19:09 [pubchem] INFO: 正在处理 CID: 93154
2025-08-31 12:19:09 [pubchem] INFO: 正在处理 CID: 3393
2025-08-31 12:19:09 [pubchem] INFO: 正在处理 CID: 14434
2025-08-31 12:19:09 [pubchem] INFO: 正在处理 CID: 14434
2025-08-31 12:19:09 [pubchem] INFO: 正在处理 CID: 4192
2025-08-31 12:19:09 [pubchem] INFO: 正在处理 CID: 43032
2025-08-31 12:19:09 [pubchem] INFO: 正在处理 CID: 5384200
2025-08-31 12:19:09 [pubchem] INFO: 正在处理 CID: 6917853
2025-08-31 12:19:09 [pubchem] INFO: 正在处理 CID: 5069
2025-08-31 12:19:09 [pubchem] INFO: 正在处理 CID: 135366
2025-08-31 12:19:09 [pubchem] INFO: 正在处理 CID: 135412795
2025-08-31 12:19:09 [pubchem] INFO: 正在处理 CID: 2451
2025-08-31 12:19:09 [pubchem] INFO: 正在处理 CID: 3033621
2025-08-31 12:19:09 [pubchem] INFO: 正在处理 CID: 68790
2025-08-31 12:19:09 [pubchem] INFO: 正在处理 CID: 27452
2025-08-31 12:19:09 [pubchem] INFO: 正在处理 CID: 13756
2025-08-31 12:19:09 [pubchem] INFO: 正在处理 CID: 3016
2025-08-31 12:19:09 [pubchem] INFO: 正在处理 CID: 38668
2025-08-31 12:19:09 [pubchem] INFO: 正在处理 CID: 3261
2025-08-31 12:19:09 [pubchem] INFO: 正在处理 CID: 3380
2025-08-31 12:19:09 [pubchem] INFO: 正在处理 CID: 3398
2025-08-31 12:19:09 [pubchem] INFO: 正在处理 CID: 37114
2025-08-31 12:19:09 [pubchem] INFO: 正在处理 CID: 3563
2025-08-31 12:19:09 [pubchem] INFO: 正在处理 CID: 13314
2025-08-31 12:19:09 [pubchem] INFO: 正在处理 CID: 4177
2025-08-31 12:19:09 [pubchem] INFO: 正在处理 CID: 4496
2025-08-31 12:19:09 [pubchem] INFO: 正在处理 CID: 4506
2025-08-31 12:19:09 [pubchem] INFO: 正在处理 CID: 4999
2025-08-31 12:19:09 [pubchem] INFO: 正在处理 CID: 3052777
2025-08-31 12:19:09 [pubchem] INFO: 正在处理 CID: 5391
2025-08-31 12:19:09 [pubchem] INFO: 正在处理 CID: 5556
2025-08-31 12:19:09 [pubchem] INFO: 正在处理 CID: 5732
2025-08-31 12:19:09 [pubchem] INFO: 正在处理 CID: 441338
2025-08-31 12:19:09 [pubchem] INFO: 正在处理 CID: 11198924
2025-08-31 12:19:09 [pubchem] INFO: 正在处理 CID: 54897
2025-08-31 12:19:09 [pubchem] INFO: 正在处理 CID: 969472
2025-08-31 12:19:09 [pubchem] INFO: 正在处理 CID: 6450813
2025-08-31 12:19:09 [pubchem] INFO: 正在处理 CID: 131664
2025-08-31 12:19:09 [pubchem] INFO: 正在处理 CID: 59743
2025-08-31 12:19:09 [pubchem] INFO: 正在处理 CID: 53696
2025-08-31 12:19:09 [pubchem] INFO: 正在处理 CID: 5719
2025-08-31 12:19:09 [pubchem] INFO: 正在处理 CID: 5735
2025-08-31 12:19:09 [pubchem] INFO: 正在处理 CID: 9034
2025-08-31 12:19:09 [pubchem] INFO: 正在处理 CID: 23690443
2025-08-31 12:19:09 [pubchem] INFO: 正在处理 CID: 3000715
2025-08-31 12:19:09 [pubchem] INFO: 正在处理 CID: 23665410
2025-08-31 12:19:09 [pubchem] INFO: 正在处理 CID: 4737
2025-08-31 12:19:09 [pubchem] INFO: 正在处理 CID: 656845
2025-08-31 12:19:09 [pubchem] INFO: 正在处理 CID: 23676152
2025-08-31 12:19:09 [pubchem] INFO: 正在处理 CID: 2164
2025-08-31 12:19:09 [pubchem] INFO: 正在处理 CID: 23689390
2025-08-31 12:19:09 [pubchem] INFO: 正在处理 CID: 5193
2025-08-31 12:19:09 [pubchem] INFO: 正在处理 CID: 14148199
2025-08-31 12:19:09 [pubchem] INFO: 正在处理 CID: 5838
2025-08-31 12:19:09 [pubchem] INFO: 正在处理 CID: 13293232
2025-08-31 12:19:09 [pubchem] INFO: 正在处理 CID: 2479
2025-08-31 12:19:09 [pubchem] INFO: 正在处理 CID: 23690439
2025-08-31 12:19:09 [pubchem] INFO: 正在处理 CID: 3032285
2025-08-31 12:19:09 [pubchem] INFO: 正在处理 CID: 23677058
2025-08-31 12:19:09 [pubchem] INFO: 正在处理 CID: 5842
2025-08-31 12:19:09 [pubchem] INFO: 正在处理 CID: 6464
2025-08-31 12:19:09 [pubchem] INFO: 正在处理 CID: 2294
2025-08-31 12:19:09 [pubchem] INFO: 正在处理 CID: 2481
2025-08-31 12:19:09 [pubchem] INFO: 正在处理 CID: 6473
2025-08-31 12:19:09 [pubchem] INFO: 正在处理 CID: 3608
2025-08-31 12:19:09 [pubchem] INFO: 正在处理 CID: 8271
2025-08-31 12:19:09 [pubchem] INFO: 正在处理 CID: 17336
2025-08-31 12:19:09 [pubchem] INFO: 正在处理 CID: 8275
2025-08-31 12:19:09 [pubchem] INFO: 正在处理 CID: 5284636
2025-08-31 12:19:09 [pubchem] INFO: 正在处理 CID: 72135
2025-08-31 12:19:09 [pubchem] INFO: 正在处理 CID: 2712
2025-08-31 12:19:09 [pubchem] INFO: 正在处理 CID: 9916
2025-08-31 12:19:09 [pubchem] INFO: 正在处理 CID: 4041
2025-08-31 12:19:09 [pubchem] INFO: 正在处理 CID: 12207008
2025-08-31 12:19:09 [pubchem] INFO: 正在处理 CID: 37632
2025-08-31 12:19:09 [pubchem] INFO: 正在处理 CID: 42611
2025-08-31 12:19:09 [pubchem] INFO: 正在处理 CID: 2809
2025-08-31 12:19:09 [pubchem] INFO: 正在处理 CID: 167305
2025-08-31 12:19:09 [pubchem] INFO: 正在处理 CID: 23691043
2025-08-31 12:19:09 [pubchem] INFO: 正在处理 CID: 2118
2025-08-31 12:19:09 [pubchem] INFO: 正在处理 CID: 135412795
2025-08-31 12:19:09 [pubchem] INFO: 正在处理 CID: 2441
2025-08-31 12:19:09 [pubchem] INFO: 正在处理 CID: 37367
2025-08-31 12:19:09 [pubchem] INFO: 正在处理 CID: 2789
2025-08-31 12:19:09 [pubchem] INFO: 正在处理 CID: 2811
2025-08-31 12:19:09 [pubchem] INFO: 正在处理 CID: 2816
2025-08-31 12:19:09 [pubchem] INFO: 正在处理 CID: 17925
2025-08-31 12:19:09 [pubchem] INFO: 正在处理 CID: 204105
2025-08-31 12:19:09 [pubchem] INFO: 正在处理 CID: 3016
2025-08-31 12:19:09 [pubchem] INFO: 正在处理 CID: 3299
2025-08-31 12:19:09 [pubchem] INFO: 正在处理 CID: 3307
2025-08-31 12:19:09 [pubchem] INFO: 正在处理 CID: 3369
2025-08-31 12:19:09 [pubchem] INFO: 正在处理 CID: 3398
2025-08-31 12:19:09 [pubchem] INFO: 正在处理 CID: 3400
2025-08-31 12:19:09 [pubchem] INFO: 正在处理 CID: 31640
2025-08-31 12:19:09 [pubchem] INFO: 正在处理 CID: 33746
2025-08-31 12:19:09 [pubchem] INFO: 正在处理 CID: 7048810
2025-08-31 12:19:09 [pubchem] INFO: 正在处理 CID: 3958
2025-08-31 12:19:09 [pubchem] INFO: 正在处理 CID: 4177
2025-08-31 12:19:09 [pubchem] INFO: 正在处理 CID: 2997
2025-08-31 12:19:09 [pubchem] INFO: 正在处理 CID: 4616
2025-08-31 12:19:09 [pubchem] INFO: 正在处理 CID: 4617
2025-08-31 12:19:09 [pubchem] INFO: 正在处理 CID: 40391
2025-08-31 12:19:09 [pubchem] INFO: 正在处理 CID: 4890
2025-08-31 12:19:09 [pubchem] INFO: 正在处理 CID: 17931
2025-08-31 12:19:09 [pubchem] INFO: 正在处理 CID: 5502
2025-08-31 12:19:09 [pubchem] INFO: 正在处理 CID: 31157
2025-08-31 12:19:09 [pubchem] INFO: 正在处理 CID: 8226
2025-08-31 12:19:09 [pubchem] INFO: 正在处理 CID: 5281072
2025-08-31 12:19:09 [pubchem] INFO: 正在处理 CID: 443884
2025-08-31 12:19:09 [pubchem] INFO: 正在处理 CID: 6437065
2025-08-31 12:19:09 [pubchem] INFO: 正在处理 CID: 31101
2025-08-31 12:19:09 [pubchem] INFO: 正在处理 CID: 31100
2025-08-31 12:19:09 [pubchem] INFO: 正在处理 CID: 3086401
2025-08-31 12:19:09 [pubchem] INFO: 正在处理 CID: 3086400
2025-08-31 12:19:09 [pubchem] INFO: 正在处理 CID: 47811
2025-08-31 12:19:09 [pubchem] INFO: 正在处理 CID: 47812
2025-08-31 12:19:09 [pubchem] INFO: 正在处理 CID: 6918447
2025-08-31 12:19:09 [pubchem] INFO: 正在处理 CID: 20055399
2025-08-31 12:19:09 [pubchem] INFO: 正在处理 CID: 114948
2025-08-31 12:19:09 [pubchem] INFO: 正在处理 CID: 159729
2025-08-31 12:19:09 [pubchem] INFO: 正在处理 CID: 34040
2025-08-31 12:19:09 [pubchem] INFO: 正在处理 CID: 46174096
2025-08-31 12:19:09 [pubchem] INFO: 正在处理 CID: 107715
2025-08-31 12:19:09 [pubchem] INFO: 正在处理 CID: 444034
2025-08-31 12:19:09 [pubchem] INFO: 正在处理 CID: 6420006
2025-08-31 12:19:09 [pubchem] INFO: 正在处理 CID: 592735
2025-08-31 12:19:09 [pubchem] INFO: 正在处理 CID: 28693
2025-08-31 12:19:09 [pubchem] INFO: 正在处理 CID: 28864
2025-08-31 12:19:09 [pubchem] INFO: 正在处理 CID: 5282421
2025-08-31 12:19:09 [pubchem] INFO: 正在处理 CID: 10531
2025-08-31 12:19:09 [pubchem] INFO: 正在处理 CID: 71171
2025-08-31 12:19:09 [pubchem] INFO: 正在处理 CID: 3037136
2025-08-31 12:19:09 [pubchem] INFO: 正在处理 CID: 8223
2025-08-31 12:19:09 [pubchem] INFO: 正在处理 CID: 9787
2025-08-31 12:19:09 [pubchem] INFO: 正在处理 CID: 9681
2025-08-31 12:19:09 [pubchem] INFO: 正在处理 CID: 5281073
2025-08-31 12:19:09 [pubchem] INFO: 正在处理 CID: 6435752
2025-08-31 12:19:09 [pubchem] INFO: 正在处理 CID: 9821951
2025-08-31 12:19:09 [pubchem] INFO: 正在处理 CID: 54746
2025-08-31 12:19:09 [pubchem] INFO: 正在处理 CID: 443951
2025-08-31 12:19:09 [pubchem] INFO: 正在处理 CID: 31101
2025-08-31 12:19:09 [pubchem] INFO: 正在处理 CID: 31100
2025-08-31 12:19:09 [pubchem] INFO: 正在处理 CID: 6005
2025-08-31 12:19:09 [pubchem] INFO: 正在处理 CID: 107882
2025-08-31 12:19:09 [pubchem] INFO: 正在处理 CID: 5572
2025-08-31 12:19:09 [pubchem] INFO: 正在处理 CID: 66007
2025-08-31 12:19:09 [pubchem] INFO: 正在处理 CID: 2381
2025-08-31 12:19:09 [pubchem] INFO: 正在处理 CID: 92151
2025-08-31 12:19:09 [pubchem] INFO: 正在处理 CID: 197083
2025-08-31 12:19:09 [pubchem] INFO: 正在处理 CID: 118984411
2025-08-31 12:19:09 [pubchem] INFO: 正在处理 CID: 11954326
2025-08-31 12:19:09 [pubchem] INFO: 正在处理 CID: 2130
2025-08-31 12:19:09 [pubchem] INFO: 正在处理 CID: 64150
2025-08-31 12:19:09 [pubchem] INFO: 正在处理 CID: 47811
2025-08-31 12:19:09 [pubchem] INFO: 正在处理 CID: 47812
2025-08-31 12:19:09 [pubchem] INFO: 正在处理 CID: 5095
2025-08-31 12:19:09 [pubchem] INFO: 正在处理 CID: 68727
2025-08-31 12:19:09 [pubchem] INFO: 正在处理 CID: 119570
2025-08-31 12:19:09 [pubchem] INFO: 正在处理 CID: 119569
2025-08-31 12:19:09 [pubchem] INFO: 正在处理 CID: 26757
2025-08-31 12:19:09 [pubchem] INFO: 正在处理 CID: 26758
2025-08-31 12:19:09 [pubchem] INFO: 正在处理 CID: 3052776
2025-08-31 12:19:09 [pubchem] INFO: 正在处理 CID: 3052775
2025-08-31 12:19:09 [pubchem] INFO: 正在处理 CID: 71550735
2025-08-31 12:19:09 [pubchem] INFO: 正在处理 CID: 131682
2025-08-31 12:19:09 [pubchem] INFO: 正在处理 CID: 3038502
2025-08-31 12:19:09 [pubchem] INFO: 正在处理 CID: 4854
2025-08-31 12:19:09 [pubchem] INFO: 正在处理 CID: 27844
2025-08-31 12:19:09 [pubchem] INFO: 正在处理 CID: 60949
2025-08-31 12:19:09 [pubchem] INFO: 正在处理 CID: 5311037
2025-08-31 12:19:09 [pubchem] INFO: 正在处理 CID: 5281081
2025-08-31 12:19:09 [pubchem] INFO: 正在处理 CID: 135565903
2025-08-31 12:19:09 [pubchem] INFO: 正在处理 CID: 4659569
2025-08-31 12:19:09 [pubchem] INFO: 正在处理 CID: 121288738
2025-08-31 12:19:09 [pubchem] INFO: 正在处理 CID: 34359
2025-08-31 12:19:09 [pubchem] INFO: 正在处理 CID: 92974
2025-08-31 12:19:09 [pubchem] INFO: 正在处理 CID: 127766
2025-08-31 12:19:09 [pubchem] INFO: 正在处理 CID: 6047
2025-08-31 12:19:09 [pubchem] INFO: 正在处理 CID: 3152
2025-08-31 12:19:09 [pubchem] INFO: 正在处理 CID: 5741
2025-08-31 12:19:09 [pubchem] INFO: 正在处理 CID: 77991
2025-08-31 12:19:09 [pubchem] INFO: 正在处理 CID: 6918078
2025-08-31 12:19:09 [pubchem] INFO: 正在处理 CID: 9651
2025-08-31 12:19:09 [pubchem] INFO: 正在处理 CID: 121587
2025-08-31 12:19:09 [pubchem] INFO: 正在处理 CID: 4054
2025-08-31 12:19:09 [pubchem] INFO: 正在处理 CID: 181458
2025-08-31 12:19:09 [pubchem] INFO: 正在处理 CID: 44240142
2025-08-31 12:19:09 [pubchem] INFO: 正在处理 CID: 155491118
2025-08-31 12:19:09 [pubchem] INFO: 正在处理 CID: 51712
2025-08-31 12:19:09 [pubchem] INFO: 正在处理 CID: 3050410
2025-08-31 12:19:09 [pubchem] INFO: 正在处理 CID: 51711
2025-08-31 12:19:09 [pubchem] INFO: 正在处理 CID: 2196
2025-08-31 12:19:09 [pubchem] INFO: 正在处理 CID: 10198262
2025-08-31 12:19:09 [pubchem] INFO: 正在处理 CID: 4626
2025-08-31 12:19:09 [pubchem] INFO: 正在处理 CID: 4843
2025-08-31 12:19:09 [pubchem] INFO: 正在处理 CID: 90467376
2025-08-31 12:19:09 [pubchem] INFO: 正在处理 CID: 10836
2025-08-31 12:19:09 [pubchem] INFO: 正在处理 CID: 66124
2025-08-31 12:19:09 [pubchem] INFO: 正在处理 CID: 9690109
2025-08-31 12:19:09 [pubchem] INFO: 正在处理 CID: 9280
2025-08-31 12:19:09 [pubchem] INFO: 正在处理 CID: 4236
2025-08-31 12:19:09 [pubchem] INFO: 正在处理 CID: 4723
2025-08-31 12:19:09 [pubchem] INFO: 正在处理 CID: 6526
2025-08-31 12:19:09 [pubchem] INFO: 正在处理 CID: 6151
2025-08-31 12:19:09 [pubchem] INFO: 正在处理 CID: 4064
2025-08-31 12:19:09 [pubchem] INFO: 正在处理 CID: 996
2025-08-31 12:19:09 [pubchem] INFO: 正在处理 CID: 6420040
2025-08-31 12:19:09 [pubchem] INFO: 正在处理 CID: 4633
2025-08-31 12:19:09 [pubchem] INFO: 正在处理 CID: 3180
2025-08-31 12:19:09 [pubchem] INFO: 正在处理 CID: 68304
2025-08-31 12:19:09 [pubchem] INFO: 正在处理 CID: 517321
2025-08-31 12:19:09 [pubchem] INFO: 正在处理 CID: 4935
2025-08-31 12:19:09 [pubchem] INFO: 正在处理 CID: 3676
2025-08-31 12:19:09 [pubchem] INFO: 正在处理 CID: 6314
2025-08-31 12:19:09 [pubchem] INFO: 正在处理 CID: 16219577
2025-08-31 12:19:09 [pubchem] INFO: 正在处理 CID: 3025
2025-08-31 12:19:09 [pubchem] INFO: 正在处理 CID: 521951
2025-08-31 12:19:09 [pubchem] INFO: 正在处理 CID: 84105
2025-08-31 12:19:09 [pubchem] INFO: 正在处理 CID: 4621
2025-08-31 12:19:09 [pubchem] INFO: 正在处理 CID: 2474
2025-08-31 12:19:09 [pubchem] INFO: 正在处理 CID: 64737
2025-08-31 12:19:09 [pubchem] INFO: 正在处理 CID: 4062
2025-08-31 12:19:09 [pubchem] INFO: 正在处理 CID: 66070
2025-08-31 12:19:09 [pubchem] INFO: 正在处理 CID: 4906
2025-08-31 12:19:09 [pubchem] INFO: 正在处理 CID: 92163
2025-08-31 12:19:09 [pubchem] INFO: 正在处理 CID: 37497
2025-08-31 12:19:09 [pubchem] INFO: 正在处理 CID: 9796823
2025-08-31 12:19:09 [pubchem] INFO: 正在处理 CID: 32170
2025-08-31 12:19:09 [pubchem] INFO: 正在处理 CID: 32169
2025-08-31 12:19:09 [pubchem] INFO: 正在处理 CID: 175805
2025-08-31 12:19:09 [pubchem] INFO: 正在处理 CID: 175804
2025-08-31 12:19:09 [pubchem] INFO: 正在处理 CID: 92253
2025-08-31 12:19:09 [pubchem] INFO: 正在处理 CID: 117965
2025-08-31 12:19:09 [pubchem] INFO: 正在处理 CID: 12028
2025-08-31 12:19:09 [pubchem] INFO: 正在处理 CID: 2843496
2025-08-31 12:19:09 [pubchem] INFO: 正在处理 CID: 22379
2025-08-31 12:19:09 [pubchem] INFO: 正在处理 CID: 3032799
2025-08-31 12:19:09 [pubchem] INFO: 正在处理 CID: 24361
2025-08-31 12:19:09 [pubchem] INFO: 正在处理 CID: 71441
2025-08-31 12:19:09 [pubchem] INFO: 正在处理 CID: 197869
2025-08-31 12:19:09 [pubchem] INFO: 正在处理 CID: 5411
2025-08-31 12:19:09 [pubchem] INFO: 正在处理 CID: 8695
2025-08-31 12:19:09 [pubchem] INFO: 正在处理 CID: 4914
2025-08-31 12:19:09 [pubchem] INFO: 正在处理 CID: 5795
2025-08-31 12:19:09 [pubchem] INFO: 正在处理 CID: 23663628
2025-08-31 12:19:09 [pubchem] INFO: 正在处理 CID: 517441
2025-08-31 12:19:09 [pubchem] INFO: 正在处理 CID: 978
2025-08-31 12:19:09 [pubchem] INFO: 正在处理 CID: 2337
2025-08-31 12:19:09 [pubchem] INFO: 正在处理 CID: 8612
2025-08-31 12:19:09 [pubchem] INFO: 正在处理 CID: 441348
2025-08-31 12:19:09 [pubchem] INFO: 正在处理 CID: 446220
2025-08-31 12:19:09 [pubchem] INFO: 正在处理 CID: 656832
2025-08-31 12:19:09 [pubchem] INFO: 正在处理 CID: 11115
2025-08-31 12:19:09 [pubchem] INFO: 正在处理 CID: 1548943
2025-08-31 12:19:09 [pubchem] INFO: 正在处理 CID: 6337
2025-08-31 12:19:09 [pubchem] INFO: 正在处理 CID: 9949359
2025-08-31 12:19:09 [pubchem] INFO: 正在处理 CID: 3821
2025-08-31 12:19:09 [pubchem] INFO: 正在处理 CID: 15851
2025-08-31 12:19:09 [pubchem] INFO: 正在处理 CID: 3038497
2025-08-31 12:19:09 [pubchem] INFO: 正在处理 CID: 4943
2025-08-31 12:19:09 [pubchem] INFO: 正在处理 CID: 10413
2025-08-31 12:19:09 [pubchem] INFO: 正在处理 CID: 23663870
2025-08-31 12:19:09 [pubchem] INFO: 正在处理 CID: 9034
2025-08-31 12:19:09 [pubchem] INFO: 正在处理 CID: 23690443
2025-08-31 12:19:09 [pubchem] INFO: 正在处理 CID: 3000715
2025-08-31 12:19:09 [pubchem] INFO: 正在处理 CID: 23665410
2025-08-31 12:19:09 [pubchem] INFO: 正在处理 CID: 3032285
2025-08-31 12:19:09 [pubchem] INFO: 正在处理 CID: 23677058
2025-08-31 12:19:09 [pubchem] INFO: 正在处理 CID: 3608
2025-08-31 12:19:09 [pubchem] INFO: 正在处理 CID: 3345
2025-08-31 12:19:09 [pubchem] INFO: 正在处理 CID: 13810
2025-08-31 12:19:09 [pubchem] INFO: 正在处理 CID: 83932
2025-08-31 12:19:09 [pubchem] INFO: 正在处理 CID: 51263
2025-08-31 12:19:09 [pubchem] INFO: 正在处理 CID: 64761
2025-08-31 12:19:09 [pubchem] INFO: 正在处理 CID: 41693
2025-08-31 12:19:09 [pubchem] INFO: 正在处理 CID: 65494
2025-08-31 12:19:09 [pubchem] INFO: 正在处理 CID: 8944
2025-08-31 12:19:09 [pubchem] INFO: 正在处理 CID: 31338
2025-08-31 12:19:09 [pubchem] INFO: 正在处理 CID: 60815
2025-08-31 12:19:09 [pubchem] INFO: 正在处理 CID: 60814
2025-08-31 12:19:09 [pubchem] INFO: 正在处理 CID: 159600
2025-08-31 12:19:09 [pubchem] INFO: 正在处理 CID: 11226
2025-08-31 12:19:09 [pubchem] INFO: 正在处理 CID: 41967
2025-08-31 12:19:09 [pubchem] INFO: 正在处理 CID: 42113
2025-08-31 12:19:09 [pubchem] INFO: 正在处理 CID: 3226
2025-08-31 12:19:09 [pubchem] INFO: 正在处理 CID: 9844
2025-08-31 12:19:09 [pubchem] INFO: 正在处理 CID: 3562
2025-08-31 12:19:09 [pubchem] INFO: 正在处理 CID: 3763
2025-08-31 12:19:09 [pubchem] INFO: 正在处理 CID: 4116
2025-08-31 12:19:09 [pubchem] INFO: 正在处理 CID: 13129
2025-08-31 12:19:09 [pubchem] INFO: 正在处理 CID: 12676
2025-08-31 12:19:09 [pubchem] INFO: 正在处理 CID: 5206
2025-08-31 12:19:09 [pubchem] INFO: 正在处理 CID: 31300
2025-08-31 12:19:09 [pubchem] INFO: 正在处理 CID: 3283
2025-08-31 12:19:09 [pubchem] INFO: 正在处理 CID: 948
2025-08-31 12:19:09 [pubchem] INFO: 正在处理 CID: 104845
2025-08-31 12:19:09 [pubchem] INFO: 正在处理 CID: 667484
2025-08-31 12:19:09 [pubchem] INFO: 正在处理 CID: 15004
2025-08-31 12:19:09 [pubchem] INFO: 正在处理 CID: 115237
2025-08-31 12:19:09 [pubchem] INFO: 正在处理 CID: 9852746
2025-08-31 12:19:09 [pubchem] INFO: 正在处理 CID: 71360
2025-08-31 12:19:09 [pubchem] INFO: 正在处理 CID: 5073
2025-08-31 12:19:09 [pubchem] INFO: 正在处理 CID: 5736
2025-08-31 12:19:09 [pubchem] INFO: 正在处理 CID: 5533
2025-08-31 12:19:09 [pubchem] INFO: 正在处理 CID: 62935
2025-08-31 12:19:09 [pubchem] INFO: 正在处理 CID: 444
2025-08-31 12:19:09 [pubchem] INFO: 正在处理 CID: 11984562
2025-08-31 12:19:09 [pubchem] INFO: 正在处理 CID: 62884
2025-08-31 12:19:09 [pubchem] INFO: 正在处理 CID: 16095349
2025-08-31 12:19:09 [pubchem] INFO: 正在处理 CID: 68943792
2025-08-31 12:19:09 [pubchem] INFO: 正在处理 CID: 9947999
2025-08-31 12:19:09 [pubchem] INFO: 正在处理 CID: 25192248
2025-08-31 12:19:09 [pubchem] INFO: 正在处理 CID: 10130337
2025-08-31 12:19:09 [pubchem] INFO: 正在处理 CID: 67583702
2025-08-31 12:19:09 [pubchem] INFO: 正在处理 CID: 14372
2025-08-31 12:19:09 [pubchem] INFO: 正在处理 CID: 9838996
2025-08-31 12:19:09 [pubchem] INFO: 正在处理 CID: 5205
2025-08-31 12:19:09 [pubchem] INFO: 正在处理 CID: 5282470
2025-08-31 12:19:09 [pubchem] INFO: 正在处理 CID: 4205
2025-08-31 12:19:09 [pubchem] INFO: 正在处理 CID: 9882242
2025-08-31 12:19:09 [pubchem] INFO: 正在处理 CID: 6435156
2025-08-31 12:19:09 [pubchem] INFO: 正在处理 CID: 6451144
2025-08-31 12:19:09 [pubchem] INFO: 正在处理 CID: 4184
2025-08-31 12:19:09 [pubchem] INFO: 正在处理 CID: 3518
2025-08-31 12:19:09 [pubchem] INFO: 正在处理 CID: 86471
2025-08-31 12:19:09 [pubchem] INFO: 正在处理 CID: 65328
2025-08-31 12:19:09 [pubchem] INFO: 正在处理 CID: 5666
2025-08-31 12:19:09 [pubchem] INFO: 正在处理 CID: 71424
2025-08-31 12:19:09 [pubchem] INFO: 正在处理 CID: 127151
2025-08-31 12:19:09 [pubchem] INFO: 正在处理 CID: 127150
2025-08-31 12:19:09 [pubchem] INFO: 正在处理 CID: 5826
2025-08-31 12:19:09 [pubchem] INFO: 正在处理 CID: 5825
2025-08-31 12:19:09 [pubchem] INFO: 正在处理 CID: 54841
2025-08-31 12:19:09 [pubchem] INFO: 正在处理 CID: 54840
2025-08-31 12:19:09 [pubchem] INFO: 正在处理 CID: 65856
2025-08-31 12:19:09 [pubchem] INFO: 正在处理 CID: 24754241
2025-08-31 12:19:09 [pubchem] INFO: 正在处理 CID: 11186829
2025-08-31 12:19:09 [pubchem] INFO: 正在处理 CID: 56841862
2025-08-31 12:19:09 [pubchem] INFO: 正在处理 CID: 30487
2025-08-31 12:19:09 [pubchem] INFO: 正在处理 CID: 6437591
2025-08-31 12:19:09 [pubchem] INFO: 正在处理 CID: 120608
2025-08-31 12:19:09 [pubchem] INFO: 正在处理 CID: 9377
2025-08-31 12:19:09 [pubchem] INFO: 正在处理 CID: 70695665
2025-08-31 12:19:09 [pubchem] INFO: 正在处理 CID: 15029915
2025-08-31 12:19:09 [pubchem] INFO: 正在处理 CID: 4500
2025-08-31 12:19:09 [pubchem] INFO: 正在处理 CID: 5358907
2025-08-31 12:19:09 [pubchem] INFO: 正在处理 CID: 38206
2025-08-31 12:19:09 [pubchem] INFO: 正在处理 CID: 71176
2025-08-31 12:19:09 [pubchem] INFO: 正在处理 CID: 6450479
2025-08-31 12:19:09 [pubchem] INFO: 正在处理 CID: 65474
2025-08-31 12:19:09 [pubchem] INFO: 正在处理 CID: 4192
2025-08-31 12:19:09 [pubchem] INFO: 正在处理 CID: 43032
2025-08-31 12:19:09 [pubchem] INFO: 正在处理 CID: 5384200
2025-08-31 12:19:09 [pubchem] INFO: 正在处理 CID: 9924495
2025-08-31 12:19:09 [pubchem] INFO: 正在处理 CID: 70679123
2025-08-31 12:19:09 [pubchem] INFO: 正在处理 CID: 127894
2025-08-31 12:19:09 [pubchem] INFO: 正在处理 CID: 5284627
2025-08-31 12:19:09 [pubchem] INFO: 正在处理 CID: 148200
2025-08-31 12:19:09 [pubchem] INFO: 正在处理 CID: 4763
2025-08-31 12:19:09 [pubchem] INFO: 正在处理 CID: 46174100
2025-08-31 12:19:09 [pubchem] INFO: 正在处理 CID: 23674889
2025-08-31 12:19:09 [pubchem] INFO: 正在处理 CID: 71196
2025-08-31 12:19:09 [pubchem] INFO: 正在处理 CID: 33925
2025-08-31 12:19:09 [pubchem] INFO: 正在处理 CID: 8271
2025-08-31 12:19:09 [pubchem] INFO: 正在处理 CID: 4099
2025-08-31 12:19:09 [pubchem] INFO: 正在处理 CID: 4909
2025-08-31 12:19:09 [pubchem] INFO: 正在处理 CID: 1775
2025-08-31 12:19:09 [pubchem] INFO: 正在处理 CID: 657302
2025-08-31 12:19:09 [pubchem] INFO: 正在处理 CID: 56339
2025-08-31 12:19:09 [pubchem] INFO: 正在处理 CID: 56338
2025-08-31 12:19:09 [pubchem] INFO: 正在处理 CID: 46174075
2025-08-31 12:19:09 [pubchem] INFO: 正在处理 CID: 3032361
2025-08-31 12:19:09 [pubchem] INFO: 正在处理 CID: 3292
2025-08-31 12:19:09 [pubchem] INFO: 正在处理 CID: 4060
2025-08-31 12:19:09 [pubchem] INFO: 正在处理 CID: 21908
2025-08-31 12:19:09 [pubchem] INFO: 正在处理 CID: 3081
2025-08-31 12:19:09 [pubchem] INFO: 正在处理 CID: 8280
2025-08-31 12:19:09 [pubchem] INFO: 正在处理 CID: 5576
2025-08-31 12:19:09 [pubchem] INFO: 正在处理 CID: 3291
2025-08-31 12:19:09 [pubchem] INFO: 正在处理 CID: 6476
2025-08-31 12:19:09 [pubchem] INFO: 正在处理 CID: 6839
2025-08-31 12:19:09 [pubchem] INFO: 正在处理 CID: 9881504
2025-08-31 12:19:09 [pubchem] INFO: 正在处理 CID: 179344
2025-08-31 12:19:09 [pubchem] INFO: 正在处理 CID: 2554
2025-08-31 12:19:09 [pubchem] INFO: 正在处理 CID: 34312
2025-08-31 12:19:09 [pubchem] INFO: 正在处理 CID: 129228
2025-08-31 12:19:09 [pubchem] INFO: 正在处理 CID: 86480
2025-08-31 12:19:09 [pubchem] INFO: 正在处理 CID: 23663956
2025-08-31 12:19:09 [pubchem] INFO: 正在处理 CID: 16760703
2025-08-31 12:19:09 [pubchem] INFO: 正在处理 CID: 3121
2025-08-31 12:19:09 [pubchem] INFO: 正在处理 CID: 10930
2025-08-31 12:19:09 [pubchem] INFO: 正在处理 CID: 53568
2025-08-31 12:19:09 [pubchem] INFO: 正在处理 CID: 71113
2025-08-31 12:19:09 [pubchem] INFO: 正在处理 CID: 6918293
2025-08-31 12:19:09 [pubchem] INFO: 正在处理 CID: 2789
2025-08-31 12:19:09 [pubchem] INFO: 正在处理 CID: 2802
2025-08-31 12:19:09 [pubchem] INFO: 正在处理 CID: 4506
2025-08-31 12:19:09 [pubchem] INFO: 正在处理 CID: 60648
2025-08-31 12:19:09 [pubchem] INFO: 正在处理 CID: 91274
2025-08-31 12:19:09 [pubchem] INFO: 正在处理 CID: 3446
2025-08-31 12:19:09 [pubchem] INFO: 正在处理 CID: 9883933
2025-08-31 12:19:09 [pubchem] INFO: 正在处理 CID: 121892
2025-08-31 12:19:09 [pubchem] INFO: 正在处理 CID: 119
2025-08-31 12:19:09 [pubchem] INFO: 正在处理 CID: 5486971
2025-08-31 12:19:09 [pubchem] INFO: 正在处理 CID: 44115
2025-08-31 12:19:09 [pubchem] INFO: 正在处理 CID: 3086240
2025-08-31 12:19:09 [pubchem] INFO: 正在处理 CID: 5665
2025-08-31 12:19:09 [pubchem] INFO: 正在处理 CID: 9837243
2025-08-31 12:19:09 [pubchem] INFO: 正在处理 CID: 5284583
2025-08-31 12:19:09 [pubchem] INFO: 正在处理 CID: 9942725
2025-08-31 12:19:09 [pubchem] INFO: 正在处理 CID: 1999
2025-08-31 12:19:09 [pubchem] INFO: 正在处理 CID: 3016
2025-08-31 12:19:09 [pubchem] INFO: 正在处理 CID: 219078
2025-08-31 12:19:09 [pubchem] INFO: 正在处理 CID: 3878
2025-08-31 12:19:09 [pubchem] INFO: 正在处理 CID: 3958
2025-08-31 12:19:09 [pubchem] INFO: 正在处理 CID: 253877
2025-08-31 12:19:09 [pubchem] INFO: 正在处理 CID: 253881
2025-08-31 12:19:09 [pubchem] INFO: 正在处理 CID: 5311454
2025-08-31 12:19:09 [pubchem] INFO: 正在处理 CID: 5356
2025-08-31 12:19:09 [pubchem] INFO: 正在处理 CID: 5734
2025-08-31 12:19:09 [pubchem] INFO: 正在处理 CID: 2726
2025-08-31 12:19:09 [pubchem] INFO: 正在处理 CID: 6431825
2025-08-31 12:19:09 [pubchem] INFO: 正在处理 CID: 6240
2025-08-31 12:19:09 [pubchem] INFO: 正在处理 CID: 23724898
2025-08-31 12:19:09 [pubchem] INFO: 正在处理 CID: 165411865
2025-08-31 12:19:09 [pubchem] INFO: 正在处理 CID: 11954230
2025-08-31 12:19:09 [pubchem] INFO: 正在处理 CID: 72287
2025-08-31 12:19:09 [pubchem] INFO: 正在处理 CID: 4926
2025-08-31 12:19:09 [pubchem] INFO: 正在处理 CID: 5887
2025-08-31 12:19:09 [pubchem] INFO: 正在处理 CID: 6077
2025-08-31 12:19:09 [pubchem] INFO: 正在处理 CID: 6420038
2025-08-31 12:19:09 [pubchem] INFO: 正在处理 CID: 5568
2025-08-31 12:19:09 [pubchem] INFO: 正在处理 CID: 66069
2025-08-31 12:19:09 [pubchem] INFO: 正在处理 CID: 62865
2025-08-31 12:19:09 [pubchem] INFO: 正在处理 CID: 24892868
2025-08-31 12:19:09 [pubchem] INFO: 正在处理 CID: 65750
2025-08-31 12:19:09 [pubchem] INFO: 正在处理 CID: 71829
2025-08-31 12:19:09 [pubchem] INFO: 正在处理 CID: 3372
2025-08-31 12:19:09 [pubchem] INFO: 正在处理 CID: 3388
2025-08-31 12:19:09 [pubchem] INFO: 正在处理 CID: 3389
2025-08-31 12:19:09 [pubchem] INFO: 正在处理 CID: 67356
2025-08-31 12:19:09 [pubchem] INFO: 正在处理 CID: 5282479
2025-08-31 12:19:09 [pubchem] INFO: 正在处理 CID: 4748
2025-08-31 12:19:09 [pubchem] INFO: 正在处理 CID: 62873
2025-08-31 12:19:09 [pubchem] INFO: 正在处理 CID: 62871
2025-08-31 12:19:09 [pubchem] INFO: 正在处理 CID: 91936843
2025-08-31 12:19:09 [pubchem] INFO: 正在处理 CID: 168090
2025-08-31 12:19:09 [pubchem] INFO: 正在处理 CID: 6444477
2025-08-31 12:19:09 [pubchem] INFO: 正在处理 CID: 4917
2025-08-31 12:19:09 [pubchem] INFO: 正在处理 CID: 91499
2025-08-31 12:19:09 [pubchem] INFO: 正在处理 CID: 5281032
2025-08-31 12:19:09 [pubchem] INFO: 正在处理 CID: 125791
2025-08-31 12:19:09 [pubchem] INFO: 正在处理 CID: 5566
2025-08-31 12:19:09 [pubchem] INFO: 正在处理 CID: 66064
2025-08-31 12:19:09 [pubchem] INFO: 正在处理 CID: 5282418
2025-08-31 12:19:09 [pubchem] INFO: 正在处理 CID: 17676
2025-08-31 12:19:09 [pubchem] INFO: 正在处理 CID: 5281082
2025-08-31 12:19:09 [pubchem] INFO: 正在处理 CID: 9429
2025-08-31 12:19:09 [pubchem] INFO: 正在处理 CID: 12598
2025-08-31 12:19:09 [pubchem] INFO: 正在处理 CID: 6433234
2025-08-31 12:19:09 [pubchem] INFO: 正在处理 CID: 167166
2025-08-31 12:19:09 [pubchem] INFO: 正在处理 CID: 11983191
2025-08-31 12:19:09 [pubchem] INFO: 正在处理 CID: 5282417
2025-08-31 12:19:09 [pubchem] INFO: 正在处理 CID: 5452
2025-08-31 12:19:09 [pubchem] INFO: 正在处理 CID: 66062
2025-08-31 12:19:09 [pubchem] INFO: 正在处理 CID: 4078
2025-08-31 12:19:09 [pubchem] INFO: 正在处理 CID: 36207
2025-08-31 12:19:09 [pubchem] INFO: 正在处理 CID: 62867
2025-08-31 12:19:09 [pubchem] INFO: 正在处理 CID: 37767
2025-08-31 12:19:09 [pubchem] INFO: 正在处理 CID: 5440
2025-08-31 12:19:09 [pubchem] INFO: 正在处理 CID: 11954258
2025-08-31 12:19:09 [pubchem] INFO: 正在处理 CID: 5282398
2025-08-31 12:19:09 [pubchem] INFO: 正在处理 CID: 6433356
2025-08-31 12:19:09 [pubchem] INFO: 正在处理 CID: 168895
2025-08-31 12:19:09 [pubchem] INFO: 正在处理 CID: 17182
2025-08-31 12:19:09 [pubchem] INFO: 正在处理 CID: 2834213
2025-08-31 12:19:09 [pubchem] INFO: 正在处理 CID: 6433365
2025-08-31 12:19:09 [pubchem] INFO: 正在处理 CID: 19675
2025-08-31 12:19:09 [pubchem] INFO: 正在处理 CID: 4747
2025-08-31 12:19:09 [pubchem] INFO: 正在处理 CID: 6762
2025-08-31 12:19:09 [pubchem] INFO: 正在处理 CID: 3559
2025-08-31 12:19:09 [pubchem] INFO: 正在处理 CID: 52919
2025-08-31 12:19:09 [pubchem] INFO: 正在处理 CID: 16051968
2025-08-31 12:19:09 [pubchem] INFO: 正在处理 CID: 5567
2025-08-31 12:19:09 [pubchem] INFO: 正在处理 CID: 11647992
2025-08-31 12:19:09 [pubchem] INFO: 正在处理 CID: 15387
2025-08-31 12:19:09 [pubchem] INFO: 正在处理 CID: 9926325
2025-08-31 12:19:09 [pubchem] INFO: 正在处理 CID: 4249
2025-08-31 12:19:09 [pubchem] INFO: 正在处理 CID: 443870
2025-08-31 12:19:09 [pubchem] INFO: 正在处理 CID: 4830
2025-08-31 12:19:09 [pubchem] INFO: 正在处理 CID: 11705034
2025-08-31 12:19:09 [pubchem] INFO: 正在处理 CID: 2448
2025-08-31 12:19:09 [pubchem] INFO: 正在处理 CID: 156321
2025-08-31 12:19:09 [pubchem] INFO: 正在处理 CID: 15443
2025-08-31 12:19:09 [pubchem] INFO: 正在处理 CID: 16363
2025-08-31 12:19:09 [pubchem] INFO: 正在处理 CID: 41535
2025-08-31 12:19:09 [pubchem] INFO: 正在处理 CID: 71744
2025-08-31 12:19:09 [pubchem] INFO: 正在处理 CID: 3168
2025-08-31 12:19:09 [pubchem] INFO: 正在处理 CID: 12404417
2025-08-31 12:19:09 [pubchem] INFO: 正在处理 CID: 15139
2025-08-31 12:19:09 [pubchem] INFO: 正在处理 CID: 32593
2025-08-31 12:19:09 [pubchem] INFO: 正在处理 CID: 65489
2025-08-31 12:19:09 [pubchem] INFO: 正在处理 CID: 4847
2025-08-31 12:19:09 [pubchem] INFO: 正在处理 CID: 68604
2025-08-31 12:19:09 [pubchem] INFO: 正在处理 CID: 5265
2025-08-31 12:19:09 [pubchem] INFO: 正在处理 CID: 3033151
2025-08-31 12:19:09 [pubchem] INFO: 正在处理 CID: 5357
2025-08-31 12:19:09 [pubchem] INFO: 正在处理 CID: 3082221
2025-08-31 12:19:09 [pubchem] INFO: 正在处理 CID: 5467
2025-08-31 12:19:09 [pubchem] INFO: 正在处理 CID: 5702214
2025-08-31 12:19:09 [pubchem] INFO: 正在处理 CID: 54477
2025-08-31 12:19:09 [pubchem] INFO: 正在处理 CID: 2159
2025-08-31 12:19:09 [pubchem] INFO: 正在处理 CID: 688272
2025-08-31 12:19:09 [pubchem] INFO: 正在处理 CID: 156333
2025-08-31 12:19:09 [pubchem] INFO: 正在处理 CID: 5355
2025-08-31 12:19:09 [pubchem] INFO: 正在处理 CID: 47979
2025-08-31 12:19:09 [pubchem] INFO: 正在处理 CID: 4257
2025-08-31 12:19:09 [pubchem] INFO: 正在处理 CID: 656595
2025-08-31 12:19:09 [pubchem] INFO: 正在处理 CID: 2580
2025-08-31 12:19:09 [pubchem] INFO: 正在处理 CID: 23476
2025-08-31 12:19:09 [pubchem] INFO: 正在处理 CID: 23724520
2025-08-31 12:19:09 [pubchem] INFO: 正在处理 CID: 2793
2025-08-31 12:19:09 [pubchem] INFO: 正在处理 CID: 71300452
2025-08-31 12:19:09 [pubchem] INFO: 正在处理 CID: 135398745
2025-08-31 12:19:09 [pubchem] INFO: 正在处理 CID: 135566032
2025-08-31 12:19:09 [pubchem] INFO: 正在处理 CID: 5002
2025-08-31 12:19:09 [pubchem] INFO: 正在处理 CID: 5281025
2025-08-31 12:19:09 [pubchem] INFO: 正在处理 CID: 60795
2025-08-31 12:19:09 [pubchem] INFO: 正在处理 CID: 49831462
2025-08-31 12:19:09 [pubchem] INFO: 正在处理 CID: 11408688
2025-08-31 12:19:09 [pubchem] INFO: 正在处理 CID: 49831411
2025-08-31 12:19:09 [pubchem] INFO: 正在处理 CID: 115237
2025-08-31 12:19:09 [pubchem] INFO: 正在处理 CID: 9852746
2025-08-31 12:19:09 [pubchem] INFO: 正在处理 CID: 125564
2025-08-31 12:19:09 [pubchem] INFO: 正在处理 CID: 135398737
2025-08-31 12:19:09 [pubchem] INFO: 正在处理 CID: 71360
2025-08-31 12:19:09 [pubchem] INFO: 正在处理 CID: 5282504
2025-08-31 12:19:09 [pubchem] INFO: 正在处理 CID: 5073
2025-08-31 12:19:09 [pubchem] INFO: 正在处理 CID: 3393
2025-08-31 12:19:09 [pubchem] INFO: 正在处理 CID: 14434
2025-08-31 12:19:09 [pubchem] INFO: 正在处理 CID: 14434
2025-08-31 12:19:09 [pubchem] INFO: 正在处理 CID: 5732
2025-08-31 12:19:09 [pubchem] INFO: 正在处理 CID: 441338
2025-08-31 12:19:09 [pubchem] INFO: 正在处理 CID: 5069
2025-08-31 12:19:09 [pubchem] INFO: 正在处理 CID: 135366
2025-08-31 12:19:09 [pubchem] INFO: 正在处理 CID: 2451
2025-08-31 12:19:09 [pubchem] INFO: 正在处理 CID: 3261
2025-08-31 12:19:09 [pubchem] INFO: 正在处理 CID: 969472
2025-08-31 12:19:09 [pubchem] INFO: 正在处理 CID: 3307
2025-08-31 12:19:09 [pubchem] INFO: 正在处理 CID: 3380
2025-08-31 12:19:09 [pubchem] INFO: 正在处理 CID: 3563
2025-08-31 12:19:09 [pubchem] INFO: 正在处理 CID: 56944144
2025-08-31 12:19:09 [pubchem] INFO: 正在处理 CID: 13314
2025-08-31 12:19:09 [pubchem] INFO: 正在处理 CID: 4506
2025-08-31 12:19:09 [pubchem] INFO: 正在处理 CID: 4999
2025-08-31 12:19:09 [pubchem] INFO: 正在处理 CID: 208902
2025-08-31 12:19:09 [pubchem] INFO: 正在处理 CID: 24965990
2025-08-31 12:19:09 [pubchem] INFO: 正在处理 CID: 5391
2025-08-31 12:19:09 [pubchem] INFO: 正在处理 CID: 5556
2025-08-31 12:19:09 [pubchem] INFO: 正在处理 CID: 5719
2025-08-31 12:19:09 [pubchem] INFO: 正在处理 CID: 5735
2025-08-31 12:19:09 [pubchem] INFO: 正在处理 CID: 91801202
2025-08-31 12:19:09 [pubchem] INFO: 正在处理 CID: 91809208
2025-08-31 12:19:09 [pubchem] INFO: 正在处理 CID: 23727689
2025-08-31 12:19:09 [pubchem] INFO: 正在处理 CID: 25128145
2025-08-31 12:19:09 [pubchem] INFO: 正在处理 CID: 56944144
2025-08-31 12:19:09 [pubchem] INFO: 正在处理 CID: 67116280
2025-08-31 12:19:09 [pubchem] INFO: 正在处理 CID: 24965990
2025-08-31 12:19:09 [pubchem] INFO: 正在处理 CID: 142515361
2025-08-31 12:19:09 [pubchem] INFO: 正在处理 CID: 3518
2025-08-31 12:19:09 [pubchem] INFO: 正在处理 CID: 86471
2025-08-31 12:19:09 [pubchem] INFO: 正在处理 CID: 65328
2025-08-31 12:19:09 [pubchem] INFO: 正在处理 CID: 33624
2025-08-31 12:19:09 [pubchem] INFO: 正在处理 CID: 33624
2025-08-31 12:19:09 [pubchem] INFO: 正在处理 CID: 5281056
2025-08-31 12:19:09 [pubchem] INFO: 正在处理 CID: 2583
2025-08-31 12:19:09 [pubchem] INFO: 正在处理 CID: 40127
2025-08-31 12:19:09 [pubchem] INFO: 正在处理 CID: 2369
2025-08-31 12:19:09 [pubchem] INFO: 正在处理 CID: 107952
2025-08-31 12:19:09 [pubchem] INFO: 正在处理 CID: 2435
2025-08-31 12:19:09 [pubchem] INFO: 正在处理 CID: 54405
2025-08-31 12:19:09 [pubchem] INFO: 正在处理 CID: 46174106
2025-08-31 12:19:09 [pubchem] INFO: 正在处理 CID: 5909
2025-08-31 12:19:09 [pubchem] INFO: 正在处理 CID: 3105
2025-08-31 12:19:09 [pubchem] INFO: 正在处理 CID: 71486
2025-08-31 12:19:09 [pubchem] INFO: 正在处理 CID: 2216
2025-08-31 12:19:09 [pubchem] INFO: 正在处理 CID: 51763
2025-08-31 12:19:09 [pubchem] INFO: 正在处理 CID: 10548
2025-08-31 12:19:09 [pubchem] INFO: 正在处理 CID: 10547
2025-08-31 12:19:09 [pubchem] INFO: 正在处理 CID: 5983
2025-08-31 12:19:09 [pubchem] INFO: 正在处理 CID: 657348
2025-08-31 12:19:09 [pubchem] INFO: 正在处理 CID: 6419928
2025-08-31 12:19:09 [pubchem] INFO: 正在处理 CID: 187
2025-08-31 12:19:09 [pubchem] INFO: 正在处理 CID: 6060
2025-08-31 12:19:09 [pubchem] INFO: 正在处理 CID: 1986
2025-08-31 12:19:09 [pubchem] INFO: 正在处理 CID: 13290219
2025-08-31 12:19:09 [pubchem] INFO: 正在处理 CID: 5284549
2025-08-31 12:19:09 [pubchem] INFO: 正在处理 CID: 6918132
2025-08-31 12:19:09 [pubchem] INFO: 正在处理 CID: 39468
2025-08-31 12:19:09 [pubchem] INFO: 正在处理 CID: 5284409
2025-08-31 12:19:09 [pubchem] INFO: 正在处理 CID: 31477
2025-08-31 12:19:09 [pubchem] INFO: 正在处理 CID: 656682
2025-08-31 12:19:09 [pubchem] INFO: 正在处理 CID: 2309
2025-08-31 12:19:09 [pubchem] INFO: 正在处理 CID: 38286
2025-08-31 12:19:09 [pubchem] INFO: 正在处理 CID: 5282175
2025-08-31 12:19:09 [pubchem] INFO: 正在处理 CID: 5311236
2025-08-31 12:19:09 [pubchem] INFO: 正在处理 CID: 3033538
2025-08-31 12:19:09 [pubchem] INFO: 正在处理 CID: 6917787
2025-08-31 12:19:09 [pubchem] INFO: 正在处理 CID: 2472
2025-08-31 12:19:09 [pubchem] INFO: 正在处理 CID: 115305
2025-08-31 12:19:09 [pubchem] INFO: 正在处理 CID: 66599893
2025-08-31 12:19:09 [pubchem] INFO: 正在处理 CID: 90410375
2025-08-31 12:19:09 [pubchem] INFO: 正在处理 CID: 44230575
2025-08-31 12:19:09 [pubchem] INFO: 正在处理 CID: 44230999
2025-08-31 12:19:09 [pubchem] INFO: 正在处理 CID: 11387895
2025-08-31 12:19:09 [pubchem] INFO: 正在处理 CID: 56841571
2025-08-31 12:19:09 [pubchem] INFO: 正在处理 CID: 5311027
2025-08-31 12:19:09 [pubchem] INFO: 正在处理 CID: 44462739
2025-08-31 12:19:09 [pubchem] INFO: 正在处理 CID: 1979
2025-08-31 12:19:09 [pubchem] INFO: 正在处理 CID: 68844
2025-08-31 12:19:09 [pubchem] INFO: 正在处理 CID: 5831
2025-08-31 12:19:09 [pubchem] INFO: 正在处理 CID: 5965
2025-08-31 12:19:09 [pubchem] INFO: 正在处理 CID: 3038
2025-08-31 12:19:09 [pubchem] INFO: 正在处理 CID: 27522
2025-08-31 12:19:09 [pubchem] INFO: 正在处理 CID: 5936
2025-08-31 12:19:09 [pubchem] INFO: 正在处理 CID: 5311221
2025-08-31 12:19:09 [pubchem] INFO: 正在处理 CID: 11156438
2025-08-31 12:19:09 [pubchem] INFO: 正在处理 CID: 4100
2025-08-31 12:19:09 [pubchem] INFO: 正在处理 CID: 118984471
2025-08-31 12:19:09 [pubchem] INFO: 正在处理 CID: 72006
2025-08-31 12:19:09 [pubchem] INFO: 正在处理 CID: 9395
2025-08-31 12:19:09 [pubchem] INFO: 正在处理 CID: 11625386
2025-08-31 12:19:09 [pubchem] INFO: 正在处理 CID: 9868491
2025-08-31 12:19:09 [pubchem] INFO: 正在处理 CID: 5282226
2025-08-31 12:19:09 [pubchem] INFO: 正在处理 CID: 3103
2025-08-31 12:19:09 [pubchem] INFO: 正在处理 CID: 66063
2025-08-31 12:19:09 [pubchem] INFO: 正在处理 CID: 71640
2025-08-31 12:19:09 [pubchem] INFO: 正在处理 CID: 2153
2025-08-31 12:19:09 [pubchem] INFO: 正在处理 CID: 2153
2025-08-31 12:19:09 [pubchem] INFO: 正在处理 CID: 10221451
2025-08-31 12:19:09 [pubchem] INFO: 正在处理 CID: 23663537
2025-08-31 12:19:09 [pubchem] INFO: 正在处理 CID: 9433
2025-08-31 12:19:09 [pubchem] INFO: 正在处理 CID: 20848874
2025-08-31 12:19:09 [pubchem] INFO: 正在处理 CID: 16218860
2025-08-31 12:19:09 [pubchem] INFO: 正在处理 CID: 28329
2025-08-31 12:19:09 [pubchem] INFO: 正在处理 CID: 28328
2025-08-31 12:19:09 [pubchem] INFO: 正在处理 CID: 16229
2025-08-31 12:19:09 [pubchem] INFO: 正在处理 CID: 68549
2025-08-31 12:19:09 [pubchem] INFO: 正在处理 CID: 76959346
2025-08-31 12:19:09 [pubchem] INFO: 正在处理 CID: 21850
2025-08-31 12:19:09 [pubchem] INFO: 正在处理 CID: 166553
2025-08-31 12:19:09 [pubchem] INFO: 正在处理 CID: 50942
2025-08-31 12:19:09 [pubchem] INFO: 正在处理 CID: 3182
2025-08-31 12:19:09 [pubchem] INFO: 正在处理 CID: 1676
2025-08-31 12:19:09 [pubchem] INFO: 正在处理 CID: 656652
2025-08-31 12:19:09 [pubchem] INFO: 正在处理 CID: 4977
2025-08-31 12:19:09 [pubchem] INFO: 正在处理 CID: 6918044
2025-08-31 12:19:09 [pubchem] INFO: 正在处理 CID: 5429
2025-08-31 12:19:09 [pubchem] INFO: 正在处理 CID: 47845
2025-08-31 12:19:09 [pubchem] INFO: 正在处理 CID: 5489638
2025-08-31 12:19:09 [pubchem] INFO: 正在处理 CID: 1892
2025-08-31 12:19:09 [pubchem] INFO: 正在处理 CID: 71857
2025-08-31 12:19:09 [pubchem] INFO: 正在处理 CID: 102710
2025-08-31 12:19:09 [pubchem] INFO: 正在处理 CID: 19527
2025-08-31 12:19:09 [pubchem] INFO: 正在处理 CID: 2519
2025-08-31 12:19:09 [pubchem] INFO: 正在处理 CID: 6241
2025-08-31 12:19:09 [pubchem] INFO: 正在处理 CID: 64119
2025-08-31 12:19:09 [pubchem] INFO: 正在处理 CID: 4938
2025-08-31 12:19:09 [pubchem] INFO: 正在处理 CID: 9841075
2025-08-31 12:19:09 [pubchem] INFO: 正在处理 CID: 70569
2025-08-31 12:19:09 [pubchem] INFO: 正在处理 CID: 4740
2025-08-31 12:19:09 [pubchem] INFO: 正在处理 CID: 64627
2025-08-31 12:19:09 [pubchem] INFO: 正在处理 CID: 216466
2025-08-31 12:19:09 [pubchem] INFO: 正在处理 CID: 9912
2025-08-31 12:19:09 [pubchem] INFO: 正在处理 CID: 71356
2025-08-31 12:19:09 [pubchem] INFO: 正在处理 CID: 10660
2025-08-31 12:19:09 [pubchem] INFO: 正在处理 CID: 501254
2025-08-31 12:19:09 [pubchem] INFO: 正在处理 CID: 11806
2025-08-31 12:19:09 [pubchem] INFO: 正在处理 CID: 76962804
2025-08-31 12:19:09 [pubchem] INFO: 正在处理 CID: 135398735
2025-08-31 12:19:09 [pubchem] INFO: 正在处理 CID: 1775
2025-08-31 12:19:09 [pubchem] INFO: 正在处理 CID: 657302
2025-08-31 12:19:09 [pubchem] INFO: 正在处理 CID: 56339
2025-08-31 12:19:09 [pubchem] INFO: 正在处理 CID: 56338
2025-08-31 12:19:09 [pubchem] INFO: 正在处理 CID: 46174075
2025-08-31 12:19:09 [pubchem] INFO: 正在处理 CID: 24872560
2025-08-31 12:19:09 [pubchem] INFO: 正在处理 CID: 2554
2025-08-31 12:19:09 [pubchem] INFO: 正在处理 CID: 71731823
2025-08-31 12:19:09 [pubchem] INFO: 正在处理 CID: 24872560
2025-08-31 12:19:09 [pubchem] INFO: 正在处理 CID: 24872560
2025-08-31 12:19:09 [pubchem] INFO: 正在处理 CID: 208898
2025-08-31 12:19:09 [pubchem] INFO: 正在处理 CID: 219025
2025-08-31 12:19:09 [pubchem] INFO: 正在处理 CID: 2585
2025-08-31 12:19:09 [pubchem] INFO: 正在处理 CID: 11954344
2025-08-31 12:19:09 [pubchem] INFO: 正在处理 CID: 2520
2025-08-31 12:19:09 [pubchem] INFO: 正在处理 CID: 62969
2025-08-31 12:19:09 [pubchem] INFO: 正在处理 CID: 9918244
2025-08-31 12:19:09 [pubchem] INFO: 正在处理 CID: 12560
2025-08-31 12:19:09 [pubchem] INFO: 正在处理 CID: 5284554
2025-08-31 12:19:09 [pubchem] INFO: 正在处理 CID: 441371
2025-08-31 12:19:09 [pubchem] INFO: 正在处理 CID: 443953
2025-08-31 12:19:09 [pubchem] INFO: 正在处理 CID: 16051953
2025-08-31 12:19:09 [pubchem] INFO: 正在处理 CID: 71469
2025-08-31 12:19:09 [pubchem] INFO: 正在处理 CID: 71277
2025-08-31 12:19:09 [pubchem] INFO: 正在处理 CID: 20055320
2025-08-31 12:19:09 [pubchem] INFO: 正在处理 CID: 12559
2025-08-31 12:19:09 [pubchem] INFO: 正在处理 CID: 71276
2025-08-31 12:19:09 [pubchem] INFO: 正在处理 CID: 83938
2025-08-31 12:19:09 [pubchem] INFO: 正在处理 CID: 84029
2025-08-31 12:19:09 [pubchem] INFO: 正在处理 CID: 178265
2025-08-31 12:19:09 [pubchem] INFO: 正在处理 CID: 447043
2025-08-31 12:19:09 [pubchem] INFO: 正在处理 CID: 447043
2025-08-31 12:19:09 [pubchem] INFO: 正在处理 CID: 441190
2025-08-31 12:19:09 [pubchem] INFO: 正在处理 CID: 3386
2025-08-31 12:19:09 [pubchem] INFO: 正在处理 CID: 62857
2025-08-31 12:19:09 [pubchem] INFO: 正在处理 CID: 24873435
2025-08-31 12:19:09 [pubchem] INFO: 正在处理 CID: 46866715
2025-08-31 12:19:09 [pubchem] INFO: 正在处理 CID: 11671467
2025-08-31 12:19:09 [pubchem] INFO: 正在处理 CID: 25008120
2025-08-31 12:19:09 [pubchem] INFO: 正在处理 CID: 6918606
2025-08-31 12:19:09 [pubchem] INFO: 正在处理 CID: 72196309
2025-08-31 12:19:09 [pubchem] INFO: 正在处理 CID: 9939892
2025-08-31 12:19:09 [pubchem] INFO: 正在处理 CID: 121494007
2025-08-31 12:19:09 [pubchem] INFO: 正在处理 CID: 162533924
2025-08-31 12:19:09 [pubchem] INFO: 正在处理 CID: 162623410
2025-08-31 12:19:09 [pubchem] INFO: 正在处理 CID: 16076883
2025-08-31 12:19:09 [pubchem] INFO: 正在处理 CID: 86583336
2025-08-31 12:19:09 [pubchem] INFO: 正在处理 CID: 24812758
2025-08-31 12:19:09 [pubchem] INFO: 正在处理 CID: 11626560
2025-08-31 12:19:09 [pubchem] INFO: 正在处理 CID: 5284373
2025-08-31 12:19:09 [pubchem] INFO: 正在处理 CID: 57327017
2025-08-31 12:19:09 [pubchem] INFO: 正在处理 CID: 71661251
2025-08-31 12:19:09 [pubchem] INFO: 正在处理 CID: 67462786
2025-08-31 12:19:09 [pubchem] INFO: 正在处理 CID: 193962
2025-08-31 12:19:09 [pubchem] INFO: 正在处理 CID: 121892
2025-08-31 12:19:09 [pubchem] INFO: 正在处理 CID: 10034073
2025-08-31 12:19:09 [pubchem] INFO: 正在处理 CID: 85471918
2025-08-31 12:19:09 [pubchem] INFO: 正在处理 CID: 5311037
2025-08-31 12:19:09 [pubchem] INFO: 正在处理 CID: 55283
2025-08-31 12:19:09 [pubchem] INFO: 正在处理 CID: 47576
2025-08-31 12:19:09 [pubchem] INFO: 正在处理 CID: 148195
2025-08-31 12:19:09 [pubchem] INFO: 正在处理 CID: 9865528
2025-08-31 12:19:09 [pubchem] INFO: 正在处理 CID: 129269915
2025-08-31 12:19:09 [pubchem] INFO: 正在处理 CID: 6436173
2025-08-31 12:19:09 [pubchem] INFO: 正在处理 CID: 91885554
2025-08-31 12:19:09 [pubchem] INFO: 正在处理 CID: 24965990
2025-08-31 12:19:09 [pubchem] INFO: 正在处理 CID: 3010818
2025-08-31 12:19:09 [pubchem] INFO: 正在处理 CID: 9871419
2025-08-31 12:19:09 [pubchem] INFO: 正在处理 CID: 216237
2025-08-31 12:19:09 [pubchem] INFO: 正在处理 CID: 42611257
2025-08-31 12:19:09 [pubchem] INFO: 正在处理 CID: 24873435
2025-08-31 12:19:09 [pubchem] INFO: 正在处理 CID: 46866715
2025-08-31 12:19:09 [pubchem] INFO: 正在处理 CID: 11671467
2025-08-31 12:19:09 [pubchem] INFO: 正在处理 CID: 25008120
2025-08-31 12:19:09 [pubchem] INFO: 正在处理 CID: 11319217
2025-08-31 12:19:09 [pubchem] INFO: 正在处理 CID: 46892186
2025-08-31 12:19:09 [pubchem] INFO: 正在处理 CID: 11317439
2025-08-31 12:19:09 [pubchem] INFO: 正在处理 CID: 44603531
2025-08-31 12:19:09 [pubchem] INFO: 正在处理 CID: 44603531
2025-08-31 12:19:09 [pubchem] INFO: 正在处理 CID: 162533924
2025-08-31 12:19:09 [pubchem] INFO: 正在处理 CID: 162623410
2025-08-31 12:19:09 [pubchem] INFO: 正在处理 CID: 86583336
2025-08-31 12:19:09 [pubchem] INFO: 正在处理 CID: 57327017
2025-08-31 12:19:09 [pubchem] INFO: 正在处理 CID: 71661251
2025-08-31 12:19:09 [pubchem] INFO: 正在处理 CID: 85471918
2025-08-31 12:19:09 [pubchem] INFO: 正在处理 CID: 45138674
2025-08-31 12:19:09 [pubchem] INFO: 正在处理 CID: 78357807
2025-08-31 12:19:09 [pubchem] INFO: 正在处理 CID: 129269915
2025-08-31 12:19:09 [pubchem] INFO: 正在处理 CID: 11256664
2025-08-31 12:19:09 [pubchem] INFO: 正在处理 CID: 91885554
2025-08-31 12:19:09 [pubchem] INFO: 正在处理 CID: 3001055
2025-08-31 12:19:09 [pubchem] INFO: 正在处理 CID: 3033887
2025-08-31 12:19:09 [pubchem] INFO: 正在处理 CID: 3033332
2025-08-31 12:19:09 [pubchem] INFO: 正在处理 CID: 54726191
2025-08-31 12:19:09 [pubchem] INFO: 正在处理 CID: 46216142
2025-08-31 12:19:09 [pubchem] INFO: 正在处理 CID: 2678
2025-08-31 12:19:09 [pubchem] INFO: 正在处理 CID: 55182
2025-08-31 12:19:09 [pubchem] INFO: 正在处理 CID: 6918606
2025-08-31 12:19:09 [pubchem] INFO: 正在处理 CID: 72196309
2025-08-31 12:19:09 [pubchem] INFO: 正在处理 CID: 358641
2025-08-31 12:19:09 [pubchem] INFO: 正在处理 CID: 11626560
2025-08-31 12:19:09 [pubchem] INFO: 正在处理 CID: 67462786
2025-08-31 12:19:09 [pubchem] INFO: 正在处理 CID: 5702160
2025-08-31 12:19:09 [pubchem] INFO: 正在处理 CID: 54726191
2025-08-31 12:19:09 [pubchem] INFO: 正在处理 CID: 46216142
2025-08-31 12:19:09 [pubchem] INFO: 正在处理 CID: 6918606
2025-08-31 12:19:09 [pubchem] INFO: 正在处理 CID: 72196309
2025-08-31 12:19:09 [pubchem] INFO: 正在处理 CID: 66558664
2025-08-31 12:19:09 [pubchem] INFO: 正在处理 CID: 71761627
2025-08-31 12:19:09 [pubchem] INFO: 正在处理 CID: 148195
2025-08-31 12:19:09 [pubchem] INFO: 正在处理 CID: 67501411
2025-08-31 12:19:09 [pubchem] INFO: 正在处理 CID: 76962804
2025-08-31 12:19:09 [pubchem] INFO: 正在处理 CID: 135398735
2025-08-31 12:19:09 [pubchem] INFO: 正在处理 CID: 24873435
2025-08-31 12:19:09 [pubchem] INFO: 正在处理 CID: 46866715
2025-08-31 12:19:09 [pubchem] INFO: 正在处理 CID: 11319217
2025-08-31 12:19:09 [pubchem] INFO: 正在处理 CID: 46892186
2025-08-31 12:19:09 [pubchem] INFO: 正在处理 CID: 11317439
2025-08-31 12:19:09 [pubchem] INFO: 正在处理 CID: 162533924
2025-08-31 12:19:09 [pubchem] INFO: 正在处理 CID: 162623410
2025-08-31 12:19:09 [pubchem] INFO: 正在处理 CID: 16076883
2025-08-31 12:19:09 [pubchem] INFO: 正在处理 CID: 86583336
2025-08-31 12:19:09 [pubchem] INFO: 正在处理 CID: 57327017
2025-08-31 12:19:09 [pubchem] INFO: 正在处理 CID: 3463
2025-08-31 12:19:09 [pubchem] INFO: 正在处理 CID: 85471918
2025-08-31 12:19:09 [pubchem] INFO: 正在处理 CID: 45138674
2025-08-31 12:19:09 [pubchem] INFO: 正在处理 CID: 6436173
2025-08-31 12:19:09 [pubchem] INFO: 正在处理 CID: 11256664
2025-08-31 12:19:09 [pubchem] INFO: 正在处理 CID: 91885554
2025-08-31 12:19:09 [pubchem] INFO: 正在处理 CID: 3010818
2025-08-31 12:19:09 [pubchem] INFO: 正在处理 CID: 3033
2025-08-31 12:19:09 [pubchem] INFO: 正在处理 CID: 13239661
2025-08-31 12:19:09 [pubchem] INFO: 正在处理 CID: 115087
2025-08-31 12:19:09 [pubchem] INFO: 正在处理 CID: 114753
2025-08-31 12:19:09 [pubchem] INFO: 正在处理 CID: 23667642
2025-08-31 12:19:09 [pubchem] INFO: 正在处理 CID: 5018304
2025-08-31 12:19:09 [pubchem] INFO: 正在处理 CID: 71651
2025-08-31 12:19:09 [pubchem] INFO: 正在处理 CID: 121892
2025-08-31 12:19:09 [pubchem] INFO: 正在处理 CID: 115355
2025-08-31 12:19:09 [pubchem] INFO: 正在处理 CID: 23663939
2025-08-31 12:19:09 [pubchem] INFO: 正在处理 CID: 5770
2025-08-31 12:19:09 [pubchem] INFO: 正在处理 CID: 4893
2025-08-31 12:19:09 [pubchem] INFO: 正在处理 CID: 68546
2025-08-31 12:19:09 [pubchem] INFO: 正在处理 CID: 5702160
2025-08-31 12:19:09 [pubchem] INFO: 正在处理 CID: 1548972
2025-08-31 12:19:09 [pubchem] INFO: 正在处理 CID: 23679527
2025-08-31 12:19:09 [pubchem] INFO: 正在处理 CID: 23676225
2025-08-31 12:19:09 [pubchem] INFO: 正在处理 CID: 3825
2025-08-31 12:19:09 [pubchem] INFO: 正在处理 CID: 9843941
2025-08-31 12:19:09 [pubchem] INFO: 正在处理 CID: 23684815
2025-08-31 12:19:09 [pubchem] INFO: 正在处理 CID: 338
2025-08-31 12:19:09 [pubchem] INFO: 正在处理 CID: 71651
2025-08-31 12:19:09 [pubchem] INFO: 正在处理 CID: 115355
2025-08-31 12:19:09 [pubchem] INFO: 正在处理 CID: 23663939
2025-08-31 12:19:09 [pubchem] INFO: 正在处理 CID: 76962804
2025-08-31 12:19:09 [pubchem] INFO: 正在处理 CID: 135398735
2025-08-31 12:19:09 [pubchem] INFO: 正在处理 CID: 11319217
2025-08-31 12:19:09 [pubchem] INFO: 正在处理 CID: 46892186
2025-08-31 12:19:09 [pubchem] INFO: 正在处理 CID: 11317439
2025-08-31 12:19:09 [pubchem] INFO: 正在处理 CID: 162623410
2025-08-31 12:19:09 [pubchem] INFO: 正在处理 CID: 16076883
2025-08-31 12:19:09 [pubchem] INFO: 正在处理 CID: 86583336
2025-08-31 12:19:09 [pubchem] INFO: 正在处理 CID: 57327017
2025-08-31 12:19:09 [pubchem] INFO: 正在处理 CID: 85471918
2025-08-31 12:19:09 [pubchem] INFO: 正在处理 CID: 45138674
2025-08-31 12:19:09 [pubchem] INFO: 正在处理 CID: 6436173
2025-08-31 12:19:09 [pubchem] INFO: 正在处理 CID: 91885554
2025-08-31 12:19:09 [pubchem] INFO: 正在处理 CID: 11626560
2025-08-31 12:19:09 [pubchem] INFO: 正在处理 CID: 6436173
2025-08-31 12:19:09 [pubchem] INFO: 正在处理 CID: 66558664
2025-08-31 12:19:09 [pubchem] INFO: 正在处理 CID: 71761627
2025-08-31 12:19:09 [pubchem] INFO: 正在处理 CID: 67501411
2025-08-31 12:19:09 [pubchem] INFO: 正在处理 CID: 3955
2025-08-31 12:19:09 [pubchem] INFO: 正在处理 CID: 71420
2025-08-31 12:19:09 [pubchem] INFO: 正在处理 CID: 71421
2025-08-31 12:19:09 [pubchem] INFO: 正在处理 CID: 23652731
2025-08-31 12:19:09 [pubchem] INFO: 正在处理 CID: 52918379
2025-08-31 12:19:09 [pubchem] INFO: 正在处理 CID: 216210
2025-08-31 12:19:09 [pubchem] INFO: 正在处理 CID: 135565674
2025-08-31 12:19:09 [pubchem] INFO: 正在处理 CID: 135566083
2025-08-31 12:19:09 [pubchem] INFO: 正在处理 CID: 443946
2025-08-31 12:19:09 [pubchem] INFO: 正在处理 CID: 443946
2025-08-31 12:19:09 [pubchem] INFO: 正在处理 CID: 56959
2025-08-31 12:19:09 [pubchem] INFO: 正在处理 CID: 71279
2025-08-31 12:19:09 [pubchem] INFO: 正在处理 CID: 2520
2025-08-31 12:19:09 [pubchem] INFO: 正在处理 CID: 62969
2025-08-31 12:19:09 [pubchem] INFO: 正在处理 CID: 5493444
2025-08-31 12:19:09 [pubchem] INFO: 正在处理 CID: 6918427
2025-08-31 12:19:09 [pubchem] INFO: 正在处理 CID: 60823
2025-08-31 12:19:09 [pubchem] INFO: 正在处理 CID: 656846
2025-08-31 12:19:09 [pubchem] INFO: 正在处理 CID: 60822
2025-08-31 12:19:09 [pubchem] INFO: 正在处理 CID: 51039411
2025-08-31 12:19:09 [pubchem] INFO: 正在处理 CID: 447043
2025-08-31 12:19:09 [pubchem] INFO: 正在处理 CID: 447043
2025-08-31 12:19:09 [pubchem] INFO: 正在处理 CID: 441190
2025-08-31 12:19:09 [pubchem] INFO: 正在处理 CID: 441243
2025-08-31 12:19:09 [pubchem] INFO: 正在处理 CID: 60934
2025-08-31 12:19:09 [pubchem] INFO: 正在处理 CID: 644241
2025-08-31 12:19:09 [pubchem] INFO: 正在处理 CID: 166451396
2025-08-31 12:19:09 [pubchem] INFO: 正在处理 CID: 67323320
2025-08-31 12:19:09 [pubchem] INFO: 正在处理 CID: 16757572
2025-08-31 12:19:09 [pubchem] INFO: 正在处理 CID: 146473444
2025-08-31 12:19:09 [pubchem] INFO: 正在处理 CID: 10184653
2025-08-31 12:19:09 [pubchem] INFO: 正在处理 CID: 15606394
2025-08-31 12:19:09 [pubchem] INFO: 正在处理 CID: 11167602
2025-08-31 12:19:09 [pubchem] INFO: 正在处理 CID: 24768591
2025-08-31 12:19:09 [pubchem] INFO: 正在处理 CID: 60700
2025-08-31 12:19:09 [pubchem] INFO: 正在处理 CID: 60699
2025-08-31 12:19:09 [pubchem] INFO: 正在处理 CID: 2771
2025-08-31 12:19:09 [pubchem] INFO: 正在处理 CID: 77995
2025-08-31 12:19:09 [pubchem] INFO: 正在处理 CID: 3020376
2025-08-31 12:19:09 [pubchem] INFO: 正在处理 CID: 4095
2025-08-31 12:19:09 [pubchem] INFO: 正在处理 CID: 14184
2025-08-31 12:19:09 [pubchem] INFO: 正在处理 CID: 3034034
2025-08-31 12:19:09 [pubchem] INFO: 正在处理 CID: 56840788
2025-08-31 12:19:09 [pubchem] INFO: 正在处理 CID: 91429
2025-08-31 12:19:09 [pubchem] INFO: 正在处理 CID: 6975516
2025-08-31 12:19:09 [pubchem] INFO: 正在处理 CID: 91558
2025-08-31 12:19:09 [pubchem] INFO: 正在处理 CID: 16051948
2025-08-31 12:19:09 [pubchem] INFO: 正在处理 CID: 6918554
2025-08-31 12:19:09 [pubchem] INFO: 正在处理 CID: 24178422
2025-08-31 12:19:09 [pubchem] INFO: 正在处理 CID: 9827599
2025-08-31 12:19:09 [pubchem] INFO: 正在处理 CID: 2678
2025-08-31 12:19:09 [pubchem] INFO: 正在处理 CID: 55182
2025-08-31 12:19:09 [pubchem] INFO: 正在处理 CID: 24873435
2025-08-31 12:19:09 [pubchem] INFO: 正在处理 CID: 46866715
2025-08-31 12:19:09 [pubchem] INFO: 正在处理 CID: 9823820
2025-08-31 12:19:09 [pubchem] INFO: 正在处理 CID: 11237762
2025-08-31 12:19:09 [pubchem] INFO: 正在处理 CID: 135423438
2025-08-31 12:19:09 [pubchem] INFO: 正在处理 CID: 135476717
2025-08-31 12:19:09 [pubchem] INFO: 正在处理 CID: 10280735
2025-08-31 12:19:09 [pubchem] INFO: 正在处理 CID: 25022378
2025-08-31 12:19:09 [pubchem] INFO: 正在处理 CID: 44610678
2025-08-31 12:19:09 [pubchem] INFO: 正在处理 CID: 130881
2025-08-31 12:19:09 [pubchem] INFO: 正在处理 CID: 25154714
2025-08-31 12:19:09 [pubchem] INFO: 正在处理 CID: 25154713
2025-08-31 12:19:09 [pubchem] INFO: 正在处理 CID: 11319217
2025-08-31 12:19:09 [pubchem] INFO: 正在处理 CID: 46892186
2025-08-31 12:19:09 [pubchem] INFO: 正在处理 CID: 11317439
2025-08-31 12:19:09 [pubchem] INFO: 正在处理 CID: 49803313
2025-08-31 12:19:09 [pubchem] INFO: 正在处理 CID: 76970819
2025-08-31 12:19:09 [pubchem] INFO: 正在处理 CID: 66558664
2025-08-31 12:19:09 [pubchem] INFO: 正在处理 CID: 71761627
2025-08-31 12:19:09 [pubchem] INFO: 正在处理 CID: 44603531
2025-08-31 12:19:09 [pubchem] INFO: 正在处理 CID: 44603531
2025-08-31 12:19:09 [pubchem] INFO: 正在处理 CID: 137528262
2025-08-31 12:19:09 [pubchem] INFO: 正在处理 CID: 139030242
2025-08-31 12:19:09 [pubchem] INFO: 正在处理 CID: 133082658
2025-08-31 12:19:09 [pubchem] INFO: 正在处理 CID: 153435888
2025-08-31 12:19:09 [pubchem] INFO: 正在处理 CID: 10153627
2025-08-31 12:19:09 [pubchem] INFO: 正在处理 CID: 10182969
2025-08-31 12:19:09 [pubchem] INFO: 正在处理 CID: 16076883
2025-08-31 12:19:09 [pubchem] INFO: 正在处理 CID: 44205240
2025-08-31 12:19:09 [pubchem] INFO: 正在处理 CID: 24812758
2025-08-31 12:19:09 [pubchem] INFO: 正在处理 CID: 644019
2025-08-31 12:19:09 [pubchem] INFO: 正在处理 CID: 6167
2025-08-31 12:19:09 [pubchem] INFO: 正在处理 CID: 189821
2025-08-31 12:19:09 [pubchem] INFO: 正在处理 CID: 441207
2025-08-31 12:19:09 [pubchem] INFO: 正在处理 CID: 2724385
2025-08-31 12:19:09 [pubchem] INFO: 正在处理 CID: 71661251
2025-08-31 12:19:09 [pubchem] INFO: 正在处理 CID: 11949646
2025-08-31 12:19:09 [pubchem] INFO: 正在处理 CID: 85364159
2025-08-31 12:19:09 [pubchem] INFO: 正在处理 CID: 90469070
2025-08-31 12:19:09 [pubchem] INFO: 正在处理 CID: 67462786
2025-08-31 12:19:09 [pubchem] INFO: 正在处理 CID: 6442177
2025-08-31 12:19:09 [pubchem] INFO: 正在处理 CID: 150311
2025-08-31 12:19:09 [pubchem] INFO: 正在处理 CID: 85471918
2025-08-31 12:19:09 [pubchem] INFO: 正在处理 CID: 6321424
2025-08-31 12:19:09 [pubchem] INFO: 正在处理 CID: 72734365
2025-08-31 12:19:09 [pubchem] INFO: 正在处理 CID: 148195
2025-08-31 12:19:09 [pubchem] INFO: 正在处理 CID: 468595
2025-08-31 12:19:09 [pubchem] INFO: 正在处理 CID: 10348973
2025-08-31 12:19:09 [pubchem] INFO: 正在处理 CID: 6436173
2025-08-31 12:19:09 [pubchem] INFO: 正在处理 CID: 11304743
2025-08-31 12:19:09 [pubchem] INFO: 正在处理 CID: 9875401
2025-08-31 12:19:09 [pubchem] INFO: 正在处理 CID: 5284616
2025-08-31 12:19:09 [pubchem] INFO: 正在处理 CID: 45375808
2025-08-31 12:19:09 [pubchem] INFO: 正在处理 CID: 91885554
2025-08-31 12:19:09 [pubchem] INFO: 正在处理 CID: 9574768
2025-08-31 12:19:09 [pubchem] INFO: 正在处理 CID: 71492247
2025-08-31 12:19:09 [pubchem] INFO: 正在处理 CID: 9871419
2025-08-31 12:19:09 [pubchem] INFO: 正在处理 CID: 216237
2025-08-31 12:19:09 [pubchem] INFO: 正在处理 CID: 44472635
2025-08-31 12:19:09 [pubchem] INFO: 正在处理 CID: 60823
2025-08-31 12:19:09 [pubchem] INFO: 正在处理 CID: 656846
2025-08-31 12:19:09 [pubchem] INFO: 正在处理 CID: 60822
2025-08-31 12:19:09 [pubchem] INFO: 正在处理 CID: 51039411
2025-08-31 12:19:09 [pubchem] INFO: 正在处理 CID: 446157
2025-08-31 12:19:10 [pubchem] INFO: 正在处理 CID: 5282455
2025-08-31 12:19:10 [pubchem] INFO: 正在处理 CID: 4212
2025-08-31 12:19:10 [pubchem] INFO: 正在处理 CID: 51082
2025-08-31 12:19:10 [pubchem] INFO: 正在处理 CID: 11167602
2025-08-31 12:19:10 [pubchem] INFO: 正在处理 CID: 24768591
2025-08-31 12:19:10 [pubchem] INFO: 正在处理 CID: 60700
2025-08-31 12:19:10 [pubchem] INFO: 正在处理 CID: 60699
2025-08-31 12:19:10 [pubchem] INFO: 正在处理 CID: 130881
2025-08-31 12:19:10 [pubchem] INFO: 正在处理 CID: 11319217
2025-08-31 12:19:10 [pubchem] INFO: 正在处理 CID: 46892186
2025-08-31 12:19:10 [pubchem] INFO: 正在处理 CID: 11317439
2025-08-31 12:19:10 [pubchem] INFO: 正在处理 CID: 137528262
2025-08-31 12:19:10 [pubchem] INFO: 正在处理 CID: 139030242
2025-08-31 12:19:10 [pubchem] INFO: 正在处理 CID: 10182969
2025-08-31 12:19:10 [pubchem] INFO: 正在处理 CID: 44205240
2025-08-31 12:19:10 [pubchem] INFO: 正在处理 CID: 11949646
2025-08-31 12:19:10 [pubchem] INFO: 正在处理 CID: 85364159
2025-08-31 12:19:10 [pubchem] INFO: 正在处理 CID: 85471918
2025-08-31 12:19:10 [pubchem] INFO: 正在处理 CID: 72734365
2025-08-31 12:19:10 [pubchem] INFO: 正在处理 CID: 11304743
2025-08-31 12:19:10 [pubchem] INFO: 正在处理 CID: 9875401
2025-08-31 12:19:10 [pubchem] INFO: 正在处理 CID: 11256664
2025-08-31 12:19:10 [pubchem] INFO: 正在处理 CID: 54454
2025-08-31 12:19:10 [pubchem] INFO: 正在处理 CID: 45375808
2025-08-31 12:19:10 [pubchem] INFO: 正在处理 CID: 91885554
2025-08-31 12:19:10 [pubchem] INFO: 正在处理 CID: 5339
2025-08-31 12:19:10 [pubchem] INFO: 正在处理 CID: 9574768
2025-08-31 12:19:10 [pubchem] INFO: 正在处理 CID: 71492247
2025-08-31 12:19:10 [pubchem] INFO: 正在处理 CID: 3001055
2025-08-31 12:19:10 [pubchem] INFO: 正在处理 CID: 3033887
2025-08-31 12:19:10 [pubchem] INFO: 正在处理 CID: 3033332
2025-08-31 12:19:10 [pubchem] INFO: 正在处理 CID: 4913
2025-08-31 12:19:10 [pubchem] INFO: 正在处理 CID: 66068
2025-08-31 12:19:10 [pubchem] INFO: 正在处理 CID: 681
2025-08-31 12:19:10 [pubchem] INFO: 正在处理 CID: 65340
2025-08-31 12:19:10 [pubchem] INFO: 正在处理 CID: 2130
2025-08-31 12:19:10 [pubchem] INFO: 正在处理 CID: 64150
2025-08-31 12:19:10 [pubchem] INFO: 正在处理 CID: 4054
2025-08-31 12:19:10 [pubchem] INFO: 正在处理 CID: 181458
2025-08-31 12:19:10 [pubchem] INFO: 正在处理 CID: 2678
2025-08-31 12:19:10 [pubchem] INFO: 正在处理 CID: 55182
2025-08-31 12:19:10 [pubchem] INFO: 正在处理 CID: 5460033
2025-08-31 12:19:10 [pubchem] INFO: 正在处理 CID: 5702160
2025-08-31 12:19:10 [pubchem] INFO: 正在处理 CID: 9887053
2025-08-31 12:19:10 [pubchem] INFO: 正在处理 CID: 4828
2025-08-31 12:19:10 [pubchem] INFO: 正在处理 CID: 54687
2025-08-31 12:19:10 [pubchem] INFO: 正在处理 CID: 16759173
2025-08-31 12:19:10 [pubchem] INFO: 正在处理 CID: 1548972
2025-08-31 12:19:10 [pubchem] INFO: 正在处理 CID: 23679527
2025-08-31 12:19:10 [pubchem] INFO: 正在处理 CID: 60823
2025-08-31 12:19:10 [pubchem] INFO: 正在处理 CID: 656846
2025-08-31 12:19:10 [pubchem] INFO: 正在处理 CID: 60822
2025-08-31 12:19:10 [pubchem] INFO: 正在处理 CID: 51039411
2025-08-31 12:19:10 [pubchem] INFO: 正在处理 CID: 446157
2025-08-31 12:19:10 [pubchem] INFO: 正在处理 CID: 5282455
2025-08-31 12:19:10 [pubchem] INFO: 正在处理 CID: 6282
2025-08-31 12:19:10 [pubchem] INFO: 正在处理 CID: 5345
2025-08-31 12:19:10 [pubchem] INFO: 正在处理 CID: 24873435
2025-08-31 12:19:10 [pubchem] INFO: 正在处理 CID: 46866715
2025-08-31 12:19:10 [pubchem] INFO: 正在处理 CID: 44603531
2025-08-31 12:19:10 [pubchem] INFO: 正在处理 CID: 44603531
2025-08-31 12:19:10 [pubchem] INFO: 正在处理 CID: 16076883
2025-08-31 12:19:10 [pubchem] INFO: 正在处理 CID: 9872780
2025-08-31 12:19:10 [pubchem] INFO: 正在处理 CID: 9832423
2025-08-31 12:19:10 [pubchem] INFO: 正在处理 CID: 85471918
2025-08-31 12:19:10 [pubchem] INFO: 正在处理 CID: 45138674
2025-08-31 12:19:10 [pubchem] INFO: 正在处理 CID: 11526038
2025-08-31 12:19:10 [pubchem] INFO: 正在处理 CID: 121304016
2025-08-31 12:19:10 [pubchem] INFO: 正在处理 CID: 6436173
2025-08-31 12:19:10 [pubchem] INFO: 正在处理 CID: 11256664
2025-08-31 12:19:10 [pubchem] INFO: 正在处理 CID: 54454
2025-08-31 12:19:10 [pubchem] INFO: 正在处理 CID: 60846
2025-08-31 12:19:10 [pubchem] INFO: 正在处理 CID: 24765256
2025-08-31 12:19:10 [pubchem] INFO: 正在处理 CID: 149096
2025-08-31 12:19:10 [pubchem] INFO: 正在处理 CID: 149096
2025-08-31 12:19:10 [pubchem] INFO: 正在处理 CID: 6282
2025-08-31 12:19:10 [pubchem] INFO: 正在处理 CID: 5345
2025-08-31 12:19:10 [pubchem] INFO: 正在处理 CID: 6436173
2025-08-31 12:19:10 [pubchem] INFO: 正在处理 CID: 4913
2025-08-31 12:19:10 [pubchem] INFO: 正在处理 CID: 66068
2025-08-31 12:19:10 [pubchem] INFO: 正在处理 CID: 135398513
2025-08-31 12:19:10 [pubchem] INFO: 正在处理 CID: 23665721
2025-08-31 12:19:10 [pubchem] INFO: 正在处理 CID: 9887053
2025-08-31 12:19:10 [pubchem] INFO: 正在处理 CID: 3440
2025-08-31 12:19:10 [pubchem] INFO: 正在处理 CID: 46174084
2025-08-31 12:19:10 [pubchem] INFO: 正在处理 CID: 23673593
2025-08-31 12:19:10 [pubchem] INFO: 正在处理 CID: 135398513
2025-08-31 12:19:10 [pubchem] INFO: 正在处理 CID: 23665721
2025-08-31 12:19:10 [pubchem] INFO: 正在处理 CID: 443971
2025-08-31 12:19:10 [pubchem] INFO: 正在处理 CID: 2148
2025-08-31 12:19:10 [pubchem] INFO: 正在处理 CID: 60825
2025-08-31 12:19:10 [pubchem] INFO: 正在处理 CID: 11256664
2025-08-31 12:19:10 [pubchem] INFO: 正在处理 CID: 24066
2025-08-31 12:19:10 [pubchem] INFO: 正在处理 CID: 35370
2025-08-31 12:19:10 [pubchem] INFO: 正在处理 CID: 3440
2025-08-31 12:19:10 [pubchem] INFO: 正在处理 CID: 46174084
2025-08-31 12:19:10 [pubchem] INFO: 正在处理 CID: 23673593
2025-08-31 12:19:10 [pubchem] INFO: 正在处理 CID: 135398513
2025-08-31 12:19:10 [pubchem] INFO: 正在处理 CID: 23665721
2025-08-31 12:19:10 [pubchem] INFO: 正在处理 CID: 44205240
2025-08-31 12:19:10 [pubchem] INFO: 正在处理 CID: 5904
2025-08-31 12:19:10 [pubchem] INFO: 正在处理 CID: 2471
2025-08-31 12:19:10 [pubchem] INFO: 正在处理 CID: 6533629
2025-08-31 12:19:10 [pubchem] INFO: 正在处理 CID: 23663938
2025-08-31 12:19:10 [pubchem] INFO: 正在处理 CID: 60877
2025-08-31 12:19:10 [pubchem] INFO: 正在处理 CID: 5702160
2025-08-31 12:19:10 [pubchem] INFO: 正在处理 CID: 23664709
2025-08-31 12:19:10 [pubchem] INFO: 正在处理 CID: 23668834
2025-08-31 12:19:10 [pubchem] INFO: 正在处理 CID: 11256664
2025-08-31 12:19:10 [pubchem] INFO: 正在处理 CID: 35370
2025-08-31 12:19:10 [pubchem] INFO: 正在处理 CID: 54687
2025-08-31 12:19:10 [pubchem] INFO: 正在处理 CID: 16759173
2025-08-31 12:19:10 [pubchem] INFO: 正在处理 CID: 4212
2025-08-31 12:19:10 [pubchem] INFO: 正在处理 CID: 51082
2025-08-31 12:19:10 [pubchem] INFO: 正在处理 CID: 130881
2025-08-31 12:19:10 [pubchem] INFO: 正在处理 CID: 60846
2025-08-31 12:19:10 [pubchem] INFO: 正在处理 CID: 3440
2025-08-31 12:19:10 [pubchem] INFO: 正在处理 CID: 46174084
2025-08-31 12:19:10 [pubchem] INFO: 正在处理 CID: 23673593
2025-08-31 12:19:10 [pubchem] INFO: 正在处理 CID: 60700
2025-08-31 12:19:10 [pubchem] INFO: 正在处理 CID: 60699
2025-08-31 12:19:10 [pubchem] INFO: 正在处理 CID: 60823
2025-08-31 12:19:10 [pubchem] INFO: 正在处理 CID: 656846
2025-08-31 12:19:10 [pubchem] INFO: 正在处理 CID: 60822
2025-08-31 12:19:10 [pubchem] INFO: 正在处理 CID: 51039411
2025-08-31 12:19:10 [pubchem] INFO: 正在处理 CID: 6282
2025-08-31 12:19:10 [pubchem] INFO: 正在处理 CID: 5345
2025-08-31 12:19:10 [pubchem] INFO: 正在处理 CID: 9872780
2025-08-31 12:19:10 [pubchem] INFO: 正在处理 CID: 85471918
2025-08-31 12:19:10 [pubchem] INFO: 正在处理 CID: 45138674
2025-08-31 12:19:10 [pubchem] INFO: 正在处理 CID: 11526038
2025-08-31 12:19:10 [pubchem] INFO: 正在处理 CID: 121304016
2025-08-31 12:19:10 [pubchem] INFO: 正在处理 CID: 6436173
2025-08-31 12:19:10 [pubchem] INFO: 正在处理 CID: 60846
2025-08-31 12:19:10 [pubchem] INFO: 正在处理 CID: 24765256
2025-08-31 12:19:10 [pubchem] INFO: 正在处理 CID: 54687
2025-08-31 12:19:10 [pubchem] INFO: 正在处理 CID: 16759173
2025-08-31 12:19:10 [pubchem] INFO: 正在处理 CID: 6282
2025-08-31 12:19:10 [pubchem] INFO: 正在处理 CID: 5345
2025-08-31 12:19:10 [pubchem] INFO: 正在处理 CID: 4913
2025-08-31 12:19:10 [pubchem] INFO: 正在处理 CID: 66068
2025-08-31 12:19:10 [pubchem] INFO: 正在处理 CID: 90469070
2025-08-31 12:19:10 [pubchem] INFO: 正在处理 CID: 4913
2025-08-31 12:19:10 [pubchem] INFO: 正在处理 CID: 66068
2025-08-31 12:19:10 [pubchem] INFO: 正在处理 CID: 44205240
2025-08-31 12:19:10 [pubchem] INFO: 正在处理 CID: 71481097
2025-08-31 12:19:10 [pubchem] INFO: 正在处理 CID: 6918606
2025-08-31 12:19:10 [pubchem] INFO: 正在处理 CID: 72196309
2025-08-31 12:19:10 [pubchem] INFO: 正在处理 CID: 9294
2025-08-31 12:19:10 [pubchem] INFO: 正在处理 CID: 65326
2025-08-31 12:19:10 [pubchem] INFO: 正在处理 CID: 5359318
2025-08-31 12:19:10 [pubchem] INFO: 正在处理 CID: 9837297
2025-08-31 12:19:10 [pubchem] INFO: 正在处理 CID: 24764487
2025-08-31 12:19:10 [pubchem] INFO: 正在处理 CID: 145720531
2025-08-31 12:19:10 [pubchem] INFO: 正在处理 CID: 76955630
2025-08-31 12:19:10 [pubchem] INFO: 正在处理 CID: 121397587
2025-08-31 12:19:10 [pubchem] INFO: 正在处理 CID: 117752163
2025-08-31 12:19:10 [pubchem] INFO: 正在处理 CID: 14017587
2025-08-31 12:19:10 [pubchem] INFO: 正在处理 CID: 122706913
2025-08-31 12:19:10 [pubchem] INFO: 正在处理 CID: 9915743
2025-08-31 12:19:10 [pubchem] INFO: 正在处理 CID: 67307512
2025-08-31 12:19:10 [pubchem] INFO: 正在处理 CID: 3062316
2025-08-31 12:19:10 [pubchem] INFO: 正在处理 CID: 3062316
2025-08-31 12:19:10 [pubchem] INFO: 正在处理 CID: 146048051
2025-08-31 12:19:10 [pubchem] INFO: 正在处理 CID: 123606
2025-08-31 12:19:10 [pubchem] INFO: 正在处理 CID: 123607
2025-08-31 12:19:10 [pubchem] INFO: 正在处理 CID: 11949652
2025-08-31 12:19:10 [pubchem] INFO: 正在处理 CID: 11996485
2025-08-31 12:19:10 [pubchem] INFO: 正在处理 CID: 53297474
2025-08-31 12:19:10 [pubchem] INFO: 正在处理 CID: 3792
2025-08-31 12:19:10 [pubchem] INFO: 正在处理 CID: 129791
2025-08-31 12:19:10 [pubchem] INFO: 正在处理 CID: 16722836
2025-08-31 12:19:10 [pubchem] INFO: 正在处理 CID: 67517580
2025-08-31 12:19:10 [pubchem] INFO: 正在处理 CID: 118513932
2025-08-31 12:19:10 [pubchem] INFO: 正在处理 CID: 11949652
2025-08-31 12:19:10 [pubchem] INFO: 正在处理 CID: 11996485
2025-08-31 12:19:10 [pubchem] INFO: 正在处理 CID: 53297474
2025-08-31 12:19:10 [pubchem] INFO: 正在处理 CID: 3792
2025-08-31 12:19:10 [pubchem] INFO: 正在处理 CID: 129791
2025-08-31 12:19:10 [pubchem] INFO: 正在处理 CID: 118513932
2025-08-31 12:19:10 [pubchem] INFO: 正在处理 CID: 117947097
2025-08-31 12:19:10 [pubchem] INFO: 正在处理 CID: 155214362
2025-08-31 12:19:10 [pubchem] INFO: 正在处理 CID: 89683805
2025-08-31 12:19:10 [pubchem] INFO: 正在处理 CID: 90480031
2025-08-31 12:19:10 [pubchem] INFO: 正在处理 CID: 117817422
2025-08-31 12:19:10 [pubchem] INFO: 正在处理 CID: 146171209
2025-08-31 12:19:10 [pubchem] INFO: 正在处理 CID: 135125140
2025-08-31 12:19:10 [pubchem] INFO: 正在处理 CID: 169490794
2025-08-31 12:19:10 [pubchem] INFO: 正在处理 CID: 71657455
2025-08-31 12:19:10 [pubchem] INFO: 正在处理 CID: 118955396
2025-08-31 12:19:10 [pubchem] INFO: 正在处理 CID: 53465279
2025-08-31 12:19:10 [pubchem] INFO: 正在处理 CID: 56928182
2025-08-31 12:19:10 [pubchem] INFO: 正在处理 CID: 2333
2025-08-31 12:19:10 [pubchem] INFO: 正在处理 CID: 51349053
2025-08-31 12:19:10 [pubchem] INFO: 正在处理 CID: 140959988
2025-08-31 12:19:10 [pubchem] INFO: 正在处理 CID: 54767229
2025-08-31 12:19:10 [pubchem] INFO: 正在处理 CID: 24978538
2025-08-31 12:19:10 [pubchem] INFO: 正在处理 CID: 46937443
2025-08-31 12:19:10 [pubchem] INFO: 正在处理 CID: 16681698
2025-08-31 12:19:10 [pubchem] INFO: 正在处理 CID: 149553242
2025-08-31 12:19:10 [pubchem] INFO: 正在处理 CID: 169450714
2025-08-31 12:19:10 [pubchem] INFO: 正在处理 CID: 49846579
2025-08-31 12:19:10 [pubchem] INFO: 正在处理 CID: 4118151
2025-08-31 12:19:10 [pubchem] INFO: 正在处理 CID: 9889366
2025-08-31 12:19:10 [pubchem] INFO: 正在处理 CID: 56655833
2025-08-31 12:19:10 [pubchem] INFO: 正在处理 CID: 49853967
2025-08-31 12:19:10 [pubchem] INFO: 正在处理 CID: 5362417
2025-08-31 12:19:10 [pubchem] INFO: 正在处理 CID: 443380
2025-08-31 12:19:10 [pubchem] INFO: 正在处理 CID: 60561
2025-08-31 12:19:10 [pubchem] INFO: 正在处理 CID: 656629
2025-08-31 12:19:10 [pubchem] INFO: 正在处理 CID: 107751
2025-08-31 12:19:10 [pubchem] INFO: 正在处理 CID: 9811834
2025-08-31 12:19:10 [pubchem] INFO: 正在处理 CID: 162533924
2025-08-31 12:19:10 [pubchem] INFO: 正在处理 CID: 162623410
2025-08-31 12:19:10 [pubchem] INFO: 正在处理 CID: 166157331
2025-08-31 12:19:10 [pubchem] INFO: 正在处理 CID: 166157330
2025-08-31 12:19:10 [pubchem] INFO: 正在处理 CID: 163362000
2025-08-31 12:19:10 [pubchem] INFO: 正在处理 CID: 154699467
2025-08-31 12:19:10 [pubchem] INFO: 正在处理 CID: 155903259
2025-08-31 12:19:10 [pubchem] INFO: 正在处理 CID: 162396309
2025-08-31 12:19:10 [pubchem] INFO: 正在处理 CID: 163373364
2025-08-31 12:19:10 [pubchem] INFO: 正在处理 CID: 216326
2025-08-31 12:19:10 [pubchem] INFO: 正在处理 CID: 46220375
2025-08-31 12:19:10 [pubchem] INFO: 正在处理 CID: 24967599
2025-08-31 12:19:10 [pubchem] INFO: 正在处理 CID: 60199173
2025-08-31 12:19:10 [pubchem] INFO: 正在处理 CID: 67335295
2025-08-31 12:19:10 [pubchem] INFO: 正在处理 CID: 72793904
2025-08-31 12:19:10 [pubchem] INFO: 正在处理 CID: 146195299
2025-08-31 12:19:10 [pubchem] INFO: 正在处理 CID: 163203519
2025-08-31 12:19:10 [pubchem] INFO: 正在处理 CID: 137379043
2025-08-31 12:19:10 [pubchem] INFO: 正在处理 CID: 66362
2025-08-31 12:19:10 [pubchem] INFO: 正在处理 CID: 134780
2025-08-31 12:19:10 [pubchem] INFO: 正在处理 CID: 5426
2025-08-31 12:19:10 [pubchem] INFO: 正在处理 CID: 146559796
2025-08-31 12:19:10 [pubchem] INFO: 正在处理 CID: 638034
2025-08-31 12:19:10 [pubchem] INFO: 正在处理 CID: 5280531
2025-08-31 12:19:10 [pubchem] INFO: 正在处理 CID: 6394572
2025-08-31 12:19:10 [pubchem] INFO: 正在处理 CID: 445354
2025-08-31 12:19:10 [pubchem] INFO: 正在处理 CID: 444795
2025-08-31 12:19:10 [pubchem] INFO: 正在处理 CID: 5282180
2025-08-31 12:19:10 [pubchem] INFO: 正在处理 CID: 5282379
2025-08-31 12:19:10 [pubchem] INFO: 正在处理 CID: 15029724
2025-08-31 12:19:10 [pubchem] INFO: 正在处理 CID: 5284513
2025-08-31 12:19:10 [pubchem] INFO: 正在处理 CID: 60164
2025-08-31 12:19:10 [pubchem] INFO: 正在处理 CID: 449171
2025-08-31 12:19:10 [pubchem] INFO: 正在处理 CID: 82146
2025-08-31 12:19:10 [pubchem] INFO: 正在处理 CID: 6435712
2025-08-31 12:19:10 [pubchem] INFO: 正在处理 CID: 5282375
2025-08-31 12:19:10 [pubchem] INFO: 正在处理 CID: 5288209
2025-08-31 12:19:10 [pubchem] INFO: 正在处理 CID: 6314185
2025-08-31 12:19:10 [pubchem] INFO: 正在处理 CID: 10295295
2025-08-31 12:19:10 [pubchem] INFO: 正在处理 CID: 6435504
2025-08-31 12:19:10 [pubchem] INFO: 正在处理 CID: 6437836
2025-08-31 12:19:10 [pubchem] INFO: 正在处理 CID: 5381
2025-08-31 12:19:10 [pubchem] INFO: 正在处理 CID: 11518241
2025-08-31 12:19:10 [pubchem] INFO: 正在处理 CID: 5852
2025-08-31 12:19:10 [pubchem] INFO: 正在处理 CID: 92173
2025-08-31 12:19:10 [pubchem] INFO: 正在处理 CID: 71942
2025-08-31 12:19:10 [pubchem] INFO: 正在处理 CID: 636371
2025-08-31 12:19:10 [pubchem] INFO: 正在处理 CID: 6093170
2025-08-31 12:19:10 [pubchem] INFO: 正在处理 CID: 6093170
2025-08-31 12:19:10 [pubchem] INFO: 正在处理 CID: 6093170
2025-08-31 12:19:10 [pubchem] INFO: 正在处理 CID: 16156
2025-08-31 12:19:10 [pubchem] INFO: 正在处理 CID: 636371
2025-08-31 12:19:10 [pubchem] INFO: 正在处理 CID: 6144
2025-08-31 12:19:10 [pubchem] INFO: 正在处理 CID: 9008
2025-08-31 12:19:10 [pubchem] INFO: 正在处理 CID: 6049
2025-08-31 12:19:10 [pubchem] INFO: 正在处理 CID: 2973
2025-08-31 12:19:10 [pubchem] INFO: 正在处理 CID: 62880
2025-08-31 12:19:10 [pubchem] INFO: 正在处理 CID: 62881
2025-08-31 12:19:10 [pubchem] INFO: 正在处理 CID: 135565672
2025-08-31 12:19:10 [pubchem] INFO: 正在处理 CID: 135566057
2025-08-31 12:19:10 [pubchem] INFO: 正在处理 CID: 214348
2025-08-31 12:19:10 [pubchem] INFO: 正在处理 CID: 2972
2025-08-31 12:19:10 [pubchem] INFO: 正在处理 CID: 135413558
2025-08-31 12:19:10 [pubchem] INFO: 正在处理 CID: 71433
2025-08-31 12:19:10 [pubchem] INFO: 正在处理 CID: 71434
2025-08-31 12:19:10 [pubchem] INFO: 正在处理 CID: 18442052
2025-08-31 12:19:10 [pubchem] INFO: 正在处理 CID: 15251598
2025-08-31 12:19:10 [pubchem] INFO: 正在处理 CID: 4660425
2025-08-31 12:19:10 [pubchem] INFO: 正在处理 CID: 25513
2025-08-31 12:19:10 [scrapy.core.engine] INFO: Closing spider (shutdown)
