https://patents.google.com/patent/EP0554436A4/en?oq=EP0554436A4:
<!DOCTYPE html>
<html lang="en">
<head>
<title>EP0554436A4 -  - Google Patents</title>
<meta content="width=device-width, initial-scale=1" name="viewport"/>
<meta charset="utf-8"/>
<meta content="origin-when-crossorigin" name="referrer"/>
<link href="https://patents.google.com/patent/EP0554436A4/en" rel="canonical"/>
<meta content="
     Method, compositions, and compounds for modulating brain excitability to alleviate stress, anxiety, insomnia and seizure activity using certain steroid derivatives that act at a newly identified site on the gamma-aminobutyric acid receptor-chloride ionophore (GR) complex. 
   
   " name="description"/>
<meta content="patent" name="DC.type"/>
<meta content="" name="DC.title"/>
<meta content="1992-08-10" name="DC.date" scheme="dateSubmitted"/>
<meta content="
     Method, compositions, and compounds for modulating brain excitability to alleviate stress, anxiety, insomnia and seizure activity using certain steroid derivatives that act at a newly identified site on the gamma-aminobutyric acid receptor-chloride ionophore (GR) complex. 
   
   " name="DC.description"/>
<meta content="EP:19920918471" name="citation_patent_application_number"/>
<meta content="EP:0554436:A4" name="citation_patent_publication_number"/>
<meta content="1994-01-12" name="DC.date"/>
<meta content="Michael Bruce Bolger" name="DC.contributor" scheme="inventor"/>
<meta content="Kelvin Wellman Gee" name="DC.contributor" scheme="inventor"/>
<meta content="Nancy Tsai-Yun Lan" name="DC.contributor" scheme="inventor"/>
<meta content="Delia Belelli" name="DC.contributor" scheme="inventor"/>
<meta content="Syed Mirsadeghi" name="DC.contributor" scheme="inventor"/>
<meta content="Robert Hyde Purdy" name="DC.contributor" scheme="inventor"/>
<meta content="Sayed Hasan Tahir" name="DC.contributor" scheme="inventor"/>
<meta content="Ravindra B. Upasani" name="DC.contributor" scheme="inventor"/>
<meta content="Cocensys Inc" name="DC.contributor" scheme="assignee"/>
<meta content="WO:1989002272:A1" name="DC.relation" scheme="references"/>
<meta content="WO:1991016897:A1" name="DC.relation" scheme="references"/>
<meta content='D. BELELLI ET AL: "Anticonvulsant profile of the progesterone metabolite 5a-pregnan-3a-ol-20-one.", EUR. J. PHARMACOL., vol. 166, no. 2, 1989, pages 325 - 329' name="citation_reference" scheme="references"/>
<meta content='R.H. PURDY ET AL: "Synthesis, metabolism and pharmacological activity of 3a-hydroxy steroids which potenriate GABA-receptor-mediated chloride ion uptake in rat cerebral cortical synaptoneurosomes.", J. MED. CHEM., vol. 33, no. 6, 1990, pages 1572 - 1581' name="citation_reference" scheme="references"/>
<link href="https://fonts.googleapis.com/css?family=Roboto:400,400italic,500,500italic,700" rel="stylesheet"/>
<link href="https://fonts.googleapis.com/css?family=Product+Sans" rel="stylesheet"/>
<link href="https://fonts.googleapis.com/css2?family=Google+Sans:wght@400;500;700" rel="stylesheet"/>
<style>
      
      #gb { top: 15px; left: auto; right: 0; width: auto; min-width: 135px !important; }   
      body { transition: none; }
    </style>
<script></script>
<script>
      window.version = 'patent-search.search_20250707_RC00';

      function sendFeedback() {
        userfeedback.api.startFeedback({
          'productId': '713680',
          'bucket': 'patent-search-web',
          'productVersion': window.version,
        });
      }

      window.experiments = {};
      window.experiments.patentCountries = "ae,ag,al,am,ao,ap,ar,at,au,aw,az,ba,bb,bd,be,bf,bg,bh,bj,bn,bo,br,bw,bx,by,bz,ca,cf,cg,ch,ci,cl,cm,cn,co,cr,cs,cu,cy,cz,dd,de,dj,dk,dm,do,dz,ea,ec,ee,eg,em,ep,es,fi,fr,ga,gb,gc,gd,ge,gh,gm,gn,gq,gr,gt,gw,hk,hn,hr,hu,ib,id,ie,il,in,ir,is,it,jo,jp,ke,kg,kh,km,kn,kp,kr,kw,kz,la,lc,li,lk,lr,ls,lt,lu,lv,ly,ma,mc,md,me,mg,mk,ml,mn,mo,mr,mt,mw,mx,my,mz,na,ne,ng,ni,nl,no,nz,oa,om,pa,pe,pg,ph,pl,pt,py,qa,ro,rs,ru,rw,sa,sc,sd,se,sg,si,sk,sl,sm,sn,st,su,sv,sy,sz,td,tg,th,tj,tm,tn,tr,tt,tw,tz,ua,ug,us,uy,uz,vc,ve,vn,wo,yu,za,zm,zw";
      
      
      window.experiments.keywordWizard = true;
      
      
      
      window.experiments.definitions = true;
      window.experiments.plogs = true;

      window.Polymer = {
        dom: 'shady',
        lazyRegister: true,
      };
    </script>
<script src="//www.gstatic.com/patent-search/frontend/patent-search.search_20250707_RC00/scs/compiled_dir/webcomponentsjs/webcomponents-lite.min.js"></script>
<link href="//www.gstatic.com/patent-search/frontend/patent-search.search_20250707_RC00/scs/compiled_dir/search-app-vulcanized.html" rel="import"/>
</head>
<body unresolved="">
<script></script>
<script src="//www.gstatic.com/patent-search/frontend/patent-search.search_20250707_RC00/scs/compiled_dir/search-app-vulcanized.js"></script>
<search-app>
<article class="result" itemscope="" itemtype="http://schema.org/ScholarlyArticle">
<h1 itemprop="pageTitle">EP0554436A4 -  - Google Patents</h1>
<span itemprop="title"></span>
<meta content="patent" itemprop="type"/>
<h2>Info</h2>
<dl>
<dt>Publication number</dt>
<dd itemprop="publicationNumber">EP0554436A4</dd>
<meta content="0554436" itemprop="numberWithoutCodes"/>
<meta content="A4" itemprop="kindCode"/>
<meta content="Separately published supplemental search report" itemprop="publicationDescription"/>
<span>EP0554436A4</span>
<span>EP19920918471</span>
<span>EP92918471A</span>
<span>EP0554436A4</span>
<span>EP 0554436 A4</span>
<span>EP0554436 A4</span>
<span>EP 0554436A4</span>
<span>EP 19920918471 </span>
<span>EP19920918471 </span>
<span>EP 19920918471</span>
<span>EP 92918471 A</span>
<span>EP92918471 A</span>
<span>EP 92918471A</span>
<span>EP 0554436 A4</span>
<span>EP0554436 A4</span>
<span>EP 0554436A4</span>
<dt>Authority</dt>
<dd itemprop="countryCode">EP</dd>
<dd itemprop="countryName">European Patent Office</dd>
<dt>Prior art keywords</dt>
<dd itemprop="priorArtKeywords" repeat="">insomnia</dd>
<dd itemprop="priorArtKeywords" repeat="">anxiety</dd>
<dd itemprop="priorArtKeywords" repeat="">gamma</dd>
<dd itemprop="priorArtKeywords" repeat="">compositions</dd>
<dd itemprop="priorArtKeywords" repeat="">act</dd>
<dt>Prior art date</dt>
<dd><time datetime="1991-08-13" itemprop="priorArtDate">1991-08-13</time></dd>
<dt>Legal status (The legal status is an assumption and is not a legal conclusion. Google has not performed a legal analysis and makes no representation as to the accuracy of the status listed.)</dt>
<dd itemprop="legalStatusIfi" itemscope="">
<span itemprop="status">Granted</span>
</dd>
</dl>
<dt>Application number</dt>
<dd itemprop="applicationNumber">EP19920918471</dd>
<dt>Other versions</dt>
<dd itemprop="directAssociations" itemscope="" repeat="">
<a href="/patent/EP0554436B1/en">
<span itemprop="publicationNumber">EP0554436B1</span>
      (<span itemprop="primaryLanguage">en</span>
</a>
</dd>
<dd itemprop="directAssociations" itemscope="" repeat="">
<a href="/patent/EP0554436A1/en">
<span itemprop="publicationNumber">EP0554436A1</span>
      (<span itemprop="primaryLanguage">en</span>
</a>
</dd>
<dt>Inventor</dt>
<dd itemprop="inventor" repeat="">Michael Bruce Bolger</dd>
<dd itemprop="inventor" repeat="">Kelvin Wellman Gee</dd>
<dd itemprop="inventor" repeat="">Nancy Tsai-Yun Lan</dd>
<dd itemprop="inventor" repeat="">Delia Belelli</dd>
<dd itemprop="inventor" repeat="">Syed Mirsadeghi</dd>
<dd itemprop="inventor" repeat="">Robert Hyde Purdy</dd>
<dd itemprop="inventor" repeat="">Sayed Hasan Tahir</dd>
<dd itemprop="inventor" repeat="">Ravindra B. Upasani</dd>
<dt>Current Assignee (The listed assignees may be inaccurate. Google has not performed a legal analysis and makes no representation or warranty as to the accuracy of the list.)</dt>
<dd itemprop="assigneeCurrent" repeat="">
    Euro Celtique SA
  </dd>
<dt>Original Assignee</dt>
<dd itemprop="assigneeOriginal" repeat="">Cocensys Inc</dd>
<dt>Priority date (The priority date is an assumption and is not a legal conclusion. Google has not performed a legal analysis and makes no representation as to the accuracy of the date listed.)</dt>
<dd><time datetime="1991-08-13" itemprop="priorityDate">1991-08-13</time></dd>
<dt>Filing date</dt>
<dd><time datetime="1992-08-10" itemprop="filingDate">1992-08-10</time></dd>
<dt>Publication date</dt>
<dd><time datetime="1994-01-12" itemprop="publicationDate">1994-01-12</time></dd>
<dd itemprop="events" itemscope="" repeat="">
<time datetime="1992-08-10" itemprop="date">1992-08-10</time>
<span itemprop="title">Application filed by Cocensys Inc</span>
<span itemprop="type">filed</span>
<span bool="" content="true" itemprop="critical">Critical</span>
<span itemprop="assigneeSearch">Cocensys Inc</span>
</dd>
<dd itemprop="events" itemscope="" repeat="">
<time datetime="1993-08-11" itemprop="date">1993-08-11</time>
<span itemprop="title">Publication of EP0554436A1</span>
<span itemprop="type">publication</span>
<span bool="" content="true" itemprop="critical">Critical</span>
<span itemprop="documentId">patent/EP0554436A1/en</span>
</dd>
<dd itemprop="events" itemscope="" repeat="">
<time datetime="1994-01-12" itemprop="date">1994-01-12</time>
<span itemprop="title">Publication of EP0554436A4</span>
<span itemprop="type">publication</span>
<span bool="" content="true" itemprop="critical">Critical</span>
<span itemprop="documentId">patent/EP0554436A4/xx</span>
</dd>
<dd itemprop="events" itemscope="" repeat="">
<time datetime="2000-07-05" itemprop="date">2000-07-05</time>
<span itemprop="title">Application granted</span>
<span itemprop="type">granted</span>
<span bool="" content="true" itemprop="critical">Critical</span>
</dd>
<dd itemprop="events" itemscope="" repeat="">
<time datetime="2000-07-05" itemprop="date">2000-07-05</time>
<span itemprop="title">Publication of EP0554436B1</span>
<span itemprop="type">publication</span>
<span bool="" content="true" itemprop="critical">Critical</span>
<span itemprop="documentId">patent/EP0554436B1/en</span>
</dd>
<dd itemprop="events" itemscope="" repeat="">
<time datetime="2012-08-10" itemprop="date">2012-08-10</time>
<span itemprop="title">Anticipated expiration</span>
<span itemprop="type">legal-status</span>
<span bool="" content="true" itemprop="critical">Critical</span>
</dd>
<dd itemprop="events" itemscope="" repeat="">
<time itemprop="date">Status</time>
<span itemprop="title">Expired - Lifetime</span>
<span itemprop="type">legal-status</span>
<span bool="" content="true" itemprop="critical">Critical</span>
<span bool="" content="true" itemprop="current">Current</span>
</dd>
<h2>Links</h2>
<ul>
<li itemprop="links" itemscope="" repeat="">
<meta content="espacenetLink" itemprop="id"/>
<a href="https://worldwide.espacenet.com/publicationDetails/biblio?CC=EP&amp;NR=0554436A4&amp;KC=A4&amp;FT=D" itemprop="url" target="_blank"><span itemprop="text">Espacenet</span></a>
</li>
<li itemprop="links" itemscope="" repeat="">
<meta content="gpiLink" itemprop="id"/>
<a href="https://data.epo.org/gpi/EP0554436A4" itemprop="url" target="_blank"><span itemprop="text">EPO GPI</span></a>
</li>
<li itemprop="links" itemscope="" repeat="">
<meta content="epRegisterLink" itemprop="id"/>
<a href="https://register.epo.org/espacenet/application?number=EP92918471" itemprop="url" target="_blank"><span itemprop="text">EP Register</span></a>
</li>
<li itemprop="links" itemscope="" repeat="">
<meta content="globalDossierLink" itemprop="id"/>
<a href="https://globaldossier.uspto.gov/result/application/EP/92918471/1" itemprop="url" target="_blank"><span itemprop="text">Global Dossier</span></a>
</li>
<li itemprop="links" itemscope="" repeat="">
<meta content="stackexchangeLink" itemprop="id"/>
<a href="https://patents.stackexchange.com/questions/tagged/EP0554436A4" itemprop="url"><span itemprop="text">Discuss</span></a>
</li>
</ul>
<ul itemprop="concept" itemscope="">
<li itemprop="match" itemscope="" repeat="">
<span itemprop="id">BTCSSZJGUNDROE-UHFFFAOYSA-N</span>
<span itemprop="name">gamma-aminobutyric acid</span>
<span itemprop="domain">Chemical compound</span>
<span itemprop="svg_large"></span>
<span itemprop="svg_small"></span>
<span itemprop="smiles">NCCCC(O)=O</span>
<span itemprop="inchi_key">BTCSSZJGUNDROE-UHFFFAOYSA-N</span>
<span itemprop="similarity">0.000</span>
<span itemprop="sections" repeat="">abstract</span>
<span itemprop="count">2</span>
</li>
<li itemprop="match" itemscope="" repeat="">
<span itemprop="id">OGNSCSPNOLGXSM-UHFFFAOYSA-N</span>
<span itemprop="name">(+/-)-DABA</span>
<span itemprop="domain">Natural products</span>
<span itemprop="svg_large"></span>
<span itemprop="svg_small"></span>
<span itemprop="smiles">NCCC(N)C(O)=O</span>
<span itemprop="inchi_key">OGNSCSPNOLGXSM-UHFFFAOYSA-N</span>
<span itemprop="similarity">0.000</span>
<span itemprop="sections" repeat="">abstract</span>
<span itemprop="count">1</span>
</li>
<li itemprop="match" itemscope="" repeat="">
<span itemprop="id">206010001497</span>
<span itemprop="name">Agitation</span>
<span itemprop="domain">Diseases</span>
<span itemprop="svg_large"></span>
<span itemprop="svg_small"></span>
<span itemprop="smiles"></span>
<span itemprop="inchi_key"></span>
<span itemprop="similarity">0.000</span>
<span itemprop="sections" repeat="">abstract</span>
<span itemprop="count">1</span>
</li>
<li itemprop="match" itemscope="" repeat="">
<span itemprop="id">208000019901</span>
<span itemprop="name">Anxiety disease</span>
<span itemprop="domain">Diseases</span>
<span itemprop="svg_large"></span>
<span itemprop="svg_small"></span>
<span itemprop="smiles"></span>
<span itemprop="inchi_key"></span>
<span itemprop="similarity">0.000</span>
<span itemprop="sections" repeat="">abstract</span>
<span itemprop="count">1</span>
</li>
<li itemprop="match" itemscope="" repeat="">
<span itemprop="id">206010010904</span>
<span itemprop="name">Convulsion</span>
<span itemprop="domain">Diseases</span>
<span itemprop="svg_large"></span>
<span itemprop="svg_small"></span>
<span itemprop="smiles"></span>
<span itemprop="inchi_key"></span>
<span itemprop="similarity">0.000</span>
<span itemprop="sections" repeat="">abstract</span>
<span itemprop="count">1</span>
</li>
<li itemprop="match" itemscope="" repeat="">
<span itemprop="id">208000013738</span>
<span itemprop="name">Sleep Initiation and Maintenance disease</span>
<span itemprop="domain">Diseases</span>
<span itemprop="svg_large"></span>
<span itemprop="svg_small"></span>
<span itemprop="smiles"></span>
<span itemprop="inchi_key"></span>
<span itemprop="similarity">0.000</span>
<span itemprop="sections" repeat="">abstract</span>
<span itemprop="count">1</span>
</li>
<li itemprop="match" itemscope="" repeat="">
<span itemprop="id">230000036506</span>
<span itemprop="name">anxiety</span>
<span itemprop="domain">Effects</span>
<span itemprop="svg_large"></span>
<span itemprop="svg_small"></span>
<span itemprop="smiles"></span>
<span itemprop="inchi_key"></span>
<span itemprop="similarity">0.000</span>
<span itemprop="sections" repeat="">abstract</span>
<span itemprop="count">1</span>
</li>
<li itemprop="match" itemscope="" repeat="">
<span itemprop="id">210000004556</span>
<span itemprop="name">brain</span>
<span itemprop="domain">Anatomy</span>
<span itemprop="svg_large"></span>
<span itemprop="svg_small"></span>
<span itemprop="smiles"></span>
<span itemprop="inchi_key"></span>
<span itemprop="similarity">0.000</span>
<span itemprop="sections" repeat="">abstract</span>
<span itemprop="count">1</span>
</li>
<li itemprop="match" itemscope="" repeat="">
<span itemprop="id">150000001875</span>
<span itemprop="name">compounds</span>
<span itemprop="domain">Chemical class</span>
<span itemprop="svg_large"></span>
<span itemprop="svg_small"></span>
<span itemprop="smiles"></span>
<span itemprop="inchi_key"></span>
<span itemprop="similarity">0.000</span>
<span itemprop="sections" repeat="">abstract</span>
<span itemprop="count">1</span>
</li>
<li itemprop="match" itemscope="" repeat="">
<span itemprop="id">230000000694</span>
<span itemprop="name">effects</span>
<span itemprop="domain">Effects</span>
<span itemprop="svg_large"></span>
<span itemprop="svg_small"></span>
<span itemprop="smiles"></span>
<span itemprop="inchi_key"></span>
<span itemprop="similarity">0.000</span>
<span itemprop="sections" repeat="">abstract</span>
<span itemprop="count">1</span>
</li>
<li itemprop="match" itemscope="" repeat="">
<span itemprop="id">229960003692</span>
<span itemprop="name">gamma aminobutyric acid</span>
<span itemprop="domain">Drugs</span>
<span itemprop="svg_large"></span>
<span itemprop="svg_small"></span>
<span itemprop="smiles"></span>
<span itemprop="inchi_key"></span>
<span itemprop="similarity">0.000</span>
<span itemprop="sections" repeat="">abstract</span>
<span itemprop="count">1</span>
</li>
<li itemprop="match" itemscope="" repeat="">
<span itemprop="id">206010022437</span>
<span itemprop="name">insomnia</span>
<span itemprop="domain">Diseases</span>
<span itemprop="svg_large"></span>
<span itemprop="svg_small"></span>
<span itemprop="smiles"></span>
<span itemprop="inchi_key"></span>
<span itemprop="similarity">0.000</span>
<span itemprop="sections" repeat="">abstract</span>
<span itemprop="count">1</span>
</li>
<li itemprop="match" itemscope="" repeat="">
<span itemprop="id">239000002555</span>
<span itemprop="name">ionophore</span>
<span itemprop="domain">Substances</span>
<span itemprop="svg_large"></span>
<span itemprop="svg_small"></span>
<span itemprop="smiles"></span>
<span itemprop="inchi_key"></span>
<span itemprop="similarity">0.000</span>
<span itemprop="sections" repeat="">abstract</span>
<span itemprop="count">1</span>
</li>
<li itemprop="match" itemscope="" repeat="">
<span itemprop="id">230000000236</span>
<span itemprop="name">ionophoric effect</span>
<span itemprop="domain">Effects</span>
<span itemprop="svg_large"></span>
<span itemprop="svg_small"></span>
<span itemprop="smiles"></span>
<span itemprop="inchi_key"></span>
<span itemprop="similarity">0.000</span>
<span itemprop="sections" repeat="">abstract</span>
<span itemprop="count">1</span>
</li>
<li itemprop="match" itemscope="" repeat="">
<span itemprop="id">239000000203</span>
<span itemprop="name">mixture</span>
<span itemprop="domain">Substances</span>
<span itemprop="svg_large"></span>
<span itemprop="svg_small"></span>
<span itemprop="smiles"></span>
<span itemprop="inchi_key"></span>
<span itemprop="similarity">0.000</span>
<span itemprop="sections" repeat="">abstract</span>
<span itemprop="count">1</span>
</li>
<li itemprop="match" itemscope="" repeat="">
<span itemprop="id">150000003431</span>
<span itemprop="name">steroids</span>
<span itemprop="domain">Chemical class</span>
<span itemprop="svg_large"></span>
<span itemprop="svg_small"></span>
<span itemprop="smiles"></span>
<span itemprop="inchi_key"></span>
<span itemprop="similarity">0.000</span>
<span itemprop="sections" repeat="">abstract</span>
<span itemprop="count">1</span>
</li>
</ul>
<section>
<h2>Classifications</h2>
<ul>
<li>
<ul itemprop="classifications" itemscope="" repeat="">
<li itemprop="classifications" itemscope="" repeat="">
<span itemprop="Code">A</span>—<span itemprop="Description">HUMAN NECESSITIES</span>
<meta content="true" itemprop="IsCPC"/>
</li>
<li itemprop="classifications" itemscope="" repeat="">
<span itemprop="Code">A61</span>—<span itemprop="Description">MEDICAL OR VETERINARY SCIENCE; HYGIENE</span>
<meta content="true" itemprop="IsCPC"/>
</li>
<li itemprop="classifications" itemscope="" repeat="">
<span itemprop="Code">A61K</span>—<span itemprop="Description">PREPARATIONS FOR MEDICAL, DENTAL OR TOILETRY PURPOSES</span>
<meta content="true" itemprop="IsCPC"/>
</li>
<li itemprop="classifications" itemscope="" repeat="">
<span itemprop="Code">A61K31/00</span>—<span itemprop="Description">Medicinal preparations containing organic active ingredients</span>
<meta content="true" itemprop="IsCPC"/>
</li>
<li itemprop="classifications" itemscope="" repeat="">
<span itemprop="Code">A61K31/56</span>—<span itemprop="Description">Compounds containing cyclopenta[a]hydrophenanthrene ring systems; Derivatives thereof, e.g. steroids</span>
<meta content="true" itemprop="Leaf"/><meta content="true" itemprop="FirstCode"/><meta content="true" itemprop="IsCPC"/>
</li>
</ul>
</li>
<li>
<ul itemprop="classifications" itemscope="" repeat="">
<li itemprop="classifications" itemscope="" repeat="">
<span itemprop="Code">A</span>—<span itemprop="Description">HUMAN NECESSITIES</span>
<meta content="true" itemprop="IsCPC"/>
</li>
<li itemprop="classifications" itemscope="" repeat="">
<span itemprop="Code">A61</span>—<span itemprop="Description">MEDICAL OR VETERINARY SCIENCE; HYGIENE</span>
<meta content="true" itemprop="IsCPC"/>
</li>
<li itemprop="classifications" itemscope="" repeat="">
<span itemprop="Code">A61K</span>—<span itemprop="Description">PREPARATIONS FOR MEDICAL, DENTAL OR TOILETRY PURPOSES</span>
<meta content="true" itemprop="IsCPC"/>
</li>
<li itemprop="classifications" itemscope="" repeat="">
<span itemprop="Code">A61K31/00</span>—<span itemprop="Description">Medicinal preparations containing organic active ingredients</span>
<meta content="true" itemprop="IsCPC"/>
</li>
<li itemprop="classifications" itemscope="" repeat="">
<span itemprop="Code">A61K31/56</span>—<span itemprop="Description">Compounds containing cyclopenta[a]hydrophenanthrene ring systems; Derivatives thereof, e.g. steroids</span>
<meta content="true" itemprop="IsCPC"/>
</li>
<li itemprop="classifications" itemscope="" repeat="">
<span itemprop="Code">A61K31/565</span>—<span itemprop="Description">Compounds containing cyclopenta[a]hydrophenanthrene ring systems; Derivatives thereof, e.g. steroids not substituted in position 17 beta by a carbon atom, e.g. estrane, estradiol</span>
<meta content="true" itemprop="IsCPC"/>
</li>
<li itemprop="classifications" itemscope="" repeat="">
<span itemprop="Code">A61K31/568</span>—<span itemprop="Description">Compounds containing cyclopenta[a]hydrophenanthrene ring systems; Derivatives thereof, e.g. steroids not substituted in position 17 beta by a carbon atom, e.g. estrane, estradiol substituted in positions 10 and 13 by a chain having at least one carbon atom, e.g. androstanes, e.g. testosterone</span>
<meta content="true" itemprop="Leaf"/><meta content="true" itemprop="FirstCode"/><meta content="true" itemprop="IsCPC"/>
</li>
</ul>
</li>
<li>
<ul itemprop="classifications" itemscope="" repeat="">
<li itemprop="classifications" itemscope="" repeat="">
<span itemprop="Code">A</span>—<span itemprop="Description">HUMAN NECESSITIES</span>
<meta content="true" itemprop="IsCPC"/>
</li>
<li itemprop="classifications" itemscope="" repeat="">
<span itemprop="Code">A61</span>—<span itemprop="Description">MEDICAL OR VETERINARY SCIENCE; HYGIENE</span>
<meta content="true" itemprop="IsCPC"/>
</li>
<li itemprop="classifications" itemscope="" repeat="">
<span itemprop="Code">A61K</span>—<span itemprop="Description">PREPARATIONS FOR MEDICAL, DENTAL OR TOILETRY PURPOSES</span>
<meta content="true" itemprop="IsCPC"/>
</li>
<li itemprop="classifications" itemscope="" repeat="">
<span itemprop="Code">A61K31/00</span>—<span itemprop="Description">Medicinal preparations containing organic active ingredients</span>
<meta content="true" itemprop="IsCPC"/>
</li>
<li itemprop="classifications" itemscope="" repeat="">
<span itemprop="Code">A61K31/56</span>—<span itemprop="Description">Compounds containing cyclopenta[a]hydrophenanthrene ring systems; Derivatives thereof, e.g. steroids</span>
<meta content="true" itemprop="IsCPC"/>
</li>
<li itemprop="classifications" itemscope="" repeat="">
<span itemprop="Code">A61K31/565</span>—<span itemprop="Description">Compounds containing cyclopenta[a]hydrophenanthrene ring systems; Derivatives thereof, e.g. steroids not substituted in position 17 beta by a carbon atom, e.g. estrane, estradiol</span>
<meta content="true" itemprop="Leaf"/><meta content="true" itemprop="IsCPC"/>
</li>
</ul>
</li>
<li>
<ul itemprop="classifications" itemscope="" repeat="">
<li itemprop="classifications" itemscope="" repeat="">
<span itemprop="Code">A</span>—<span itemprop="Description">HUMAN NECESSITIES</span>
<meta content="true" itemprop="IsCPC"/>
</li>
<li itemprop="classifications" itemscope="" repeat="">
<span itemprop="Code">A61</span>—<span itemprop="Description">MEDICAL OR VETERINARY SCIENCE; HYGIENE</span>
<meta content="true" itemprop="IsCPC"/>
</li>
<li itemprop="classifications" itemscope="" repeat="">
<span itemprop="Code">A61K</span>—<span itemprop="Description">PREPARATIONS FOR MEDICAL, DENTAL OR TOILETRY PURPOSES</span>
<meta content="true" itemprop="IsCPC"/>
</li>
<li itemprop="classifications" itemscope="" repeat="">
<span itemprop="Code">A61K31/00</span>—<span itemprop="Description">Medicinal preparations containing organic active ingredients</span>
<meta content="true" itemprop="IsCPC"/>
</li>
<li itemprop="classifications" itemscope="" repeat="">
<span itemprop="Code">A61K31/56</span>—<span itemprop="Description">Compounds containing cyclopenta[a]hydrophenanthrene ring systems; Derivatives thereof, e.g. steroids</span>
<meta content="true" itemprop="IsCPC"/>
</li>
<li itemprop="classifications" itemscope="" repeat="">
<span itemprop="Code">A61K31/57</span>—<span itemprop="Description">Compounds containing cyclopenta[a]hydrophenanthrene ring systems; Derivatives thereof, e.g. steroids substituted in position 17 beta by a chain of two carbon atoms, e.g. pregnane or progesterone</span>
<meta content="true" itemprop="Leaf"/><meta content="true" itemprop="IsCPC"/>
</li>
</ul>
</li>
<li>
<ul itemprop="classifications" itemscope="" repeat="">
<li itemprop="classifications" itemscope="" repeat="">
<span itemprop="Code">A</span>—<span itemprop="Description">HUMAN NECESSITIES</span>
<meta content="true" itemprop="IsCPC"/>
</li>
<li itemprop="classifications" itemscope="" repeat="">
<span itemprop="Code">A61</span>—<span itemprop="Description">MEDICAL OR VETERINARY SCIENCE; HYGIENE</span>
<meta content="true" itemprop="IsCPC"/>
</li>
<li itemprop="classifications" itemscope="" repeat="">
<span itemprop="Code">A61K</span>—<span itemprop="Description">PREPARATIONS FOR MEDICAL, DENTAL OR TOILETRY PURPOSES</span>
<meta content="true" itemprop="IsCPC"/>
</li>
<li itemprop="classifications" itemscope="" repeat="">
<span itemprop="Code">A61K31/00</span>—<span itemprop="Description">Medicinal preparations containing organic active ingredients</span>
<meta content="true" itemprop="IsCPC"/>
</li>
<li itemprop="classifications" itemscope="" repeat="">
<span itemprop="Code">A61K31/56</span>—<span itemprop="Description">Compounds containing cyclopenta[a]hydrophenanthrene ring systems; Derivatives thereof, e.g. steroids</span>
<meta content="true" itemprop="IsCPC"/>
</li>
<li itemprop="classifications" itemscope="" repeat="">
<span itemprop="Code">A61K31/57</span>—<span itemprop="Description">Compounds containing cyclopenta[a]hydrophenanthrene ring systems; Derivatives thereof, e.g. steroids substituted in position 17 beta by a chain of two carbon atoms, e.g. pregnane or progesterone</span>
<meta content="true" itemprop="IsCPC"/>
</li>
<li itemprop="classifications" itemscope="" repeat="">
<span itemprop="Code">A61K31/573</span>—<span itemprop="Description">Compounds containing cyclopenta[a]hydrophenanthrene ring systems; Derivatives thereof, e.g. steroids substituted in position 17 beta by a chain of two carbon atoms, e.g. pregnane or progesterone substituted in position 21, e.g. cortisone, dexamethasone, prednisone or aldosterone</span>
<meta content="true" itemprop="Leaf"/><meta content="true" itemprop="IsCPC"/>
</li>
</ul>
</li>
<li>
<ul itemprop="classifications" itemscope="" repeat="">
<li itemprop="classifications" itemscope="" repeat="">
<span itemprop="Code">A</span>—<span itemprop="Description">HUMAN NECESSITIES</span>
<meta content="true" itemprop="IsCPC"/>
</li>
<li itemprop="classifications" itemscope="" repeat="">
<span itemprop="Code">A61</span>—<span itemprop="Description">MEDICAL OR VETERINARY SCIENCE; HYGIENE</span>
<meta content="true" itemprop="IsCPC"/>
</li>
<li itemprop="classifications" itemscope="" repeat="">
<span itemprop="Code">A61K</span>—<span itemprop="Description">PREPARATIONS FOR MEDICAL, DENTAL OR TOILETRY PURPOSES</span>
<meta content="true" itemprop="IsCPC"/>
</li>
<li itemprop="classifications" itemscope="" repeat="">
<span itemprop="Code">A61K31/00</span>—<span itemprop="Description">Medicinal preparations containing organic active ingredients</span>
<meta content="true" itemprop="IsCPC"/>
</li>
<li itemprop="classifications" itemscope="" repeat="">
<span itemprop="Code">A61K31/56</span>—<span itemprop="Description">Compounds containing cyclopenta[a]hydrophenanthrene ring systems; Derivatives thereof, e.g. steroids</span>
<meta content="true" itemprop="IsCPC"/>
</li>
<li itemprop="classifications" itemscope="" repeat="">
<span itemprop="Code">A61K31/58</span>—<span itemprop="Description">Compounds containing cyclopenta[a]hydrophenanthrene ring systems; Derivatives thereof, e.g. steroids containing heterocyclic rings, e.g. danazol, stanozolol, pancuronium or digitogenin</span>
<meta content="true" itemprop="Leaf"/><meta content="true" itemprop="IsCPC"/>
</li>
</ul>
</li>
<li>
<ul itemprop="classifications" itemscope="" repeat="">
<li itemprop="classifications" itemscope="" repeat="">
<span itemprop="Code">A</span>—<span itemprop="Description">HUMAN NECESSITIES</span>
<meta content="true" itemprop="IsCPC"/>
</li>
<li itemprop="classifications" itemscope="" repeat="">
<span itemprop="Code">A61</span>—<span itemprop="Description">MEDICAL OR VETERINARY SCIENCE; HYGIENE</span>
<meta content="true" itemprop="IsCPC"/>
</li>
<li itemprop="classifications" itemscope="" repeat="">
<span itemprop="Code">A61K</span>—<span itemprop="Description">PREPARATIONS FOR MEDICAL, DENTAL OR TOILETRY PURPOSES</span>
<meta content="true" itemprop="IsCPC"/>
</li>
<li itemprop="classifications" itemscope="" repeat="">
<span itemprop="Code">A61K31/00</span>—<span itemprop="Description">Medicinal preparations containing organic active ingredients</span>
<meta content="true" itemprop="IsCPC"/>
</li>
<li itemprop="classifications" itemscope="" repeat="">
<span itemprop="Code">A61K31/56</span>—<span itemprop="Description">Compounds containing cyclopenta[a]hydrophenanthrene ring systems; Derivatives thereof, e.g. steroids</span>
<meta content="true" itemprop="IsCPC"/>
</li>
<li itemprop="classifications" itemscope="" repeat="">
<span itemprop="Code">A61K31/58</span>—<span itemprop="Description">Compounds containing cyclopenta[a]hydrophenanthrene ring systems; Derivatives thereof, e.g. steroids containing heterocyclic rings, e.g. danazol, stanozolol, pancuronium or digitogenin</span>
<meta content="true" itemprop="IsCPC"/>
</li>
<li itemprop="classifications" itemscope="" repeat="">
<span itemprop="Code">A61K31/585</span>—<span itemprop="Description">Compounds containing cyclopenta[a]hydrophenanthrene ring systems; Derivatives thereof, e.g. steroids containing heterocyclic rings, e.g. danazol, stanozolol, pancuronium or digitogenin containing lactone rings, e.g. oxandrolone, bufalin</span>
<meta content="true" itemprop="Leaf"/><meta content="true" itemprop="IsCPC"/>
</li>
</ul>
</li>
<li>
<ul itemprop="classifications" itemscope="" repeat="">
<li itemprop="classifications" itemscope="" repeat="">
<span itemprop="Code">A</span>—<span itemprop="Description">HUMAN NECESSITIES</span>
<meta content="true" itemprop="IsCPC"/>
</li>
<li itemprop="classifications" itemscope="" repeat="">
<span itemprop="Code">A61</span>—<span itemprop="Description">MEDICAL OR VETERINARY SCIENCE; HYGIENE</span>
<meta content="true" itemprop="IsCPC"/>
</li>
<li itemprop="classifications" itemscope="" repeat="">
<span itemprop="Code">A61P</span>—<span itemprop="Description">SPECIFIC THERAPEUTIC ACTIVITY OF CHEMICAL COMPOUNDS OR MEDICINAL PREPARATIONS</span>
<meta content="true" itemprop="IsCPC"/>
</li>
<li itemprop="classifications" itemscope="" repeat="">
<span itemprop="Code">A61P25/00</span>—<span itemprop="Description">Drugs for disorders of the nervous system</span>
<meta content="true" itemprop="IsCPC"/>
</li>
<li itemprop="classifications" itemscope="" repeat="">
<span itemprop="Code">A61P25/18</span>—<span itemprop="Description">Antipsychotics, i.e. neuroleptics; Drugs for mania or schizophrenia</span>
<meta content="true" itemprop="Leaf"/><meta content="true" itemprop="IsCPC"/>
</li>
</ul>
</li>
<li>
<ul itemprop="classifications" itemscope="" repeat="">
<li itemprop="classifications" itemscope="" repeat="">
<span itemprop="Code">A</span>—<span itemprop="Description">HUMAN NECESSITIES</span>
<meta content="true" itemprop="IsCPC"/>
</li>
<li itemprop="classifications" itemscope="" repeat="">
<span itemprop="Code">A61</span>—<span itemprop="Description">MEDICAL OR VETERINARY SCIENCE; HYGIENE</span>
<meta content="true" itemprop="IsCPC"/>
</li>
<li itemprop="classifications" itemscope="" repeat="">
<span itemprop="Code">A61P</span>—<span itemprop="Description">SPECIFIC THERAPEUTIC ACTIVITY OF CHEMICAL COMPOUNDS OR MEDICINAL PREPARATIONS</span>
<meta content="true" itemprop="IsCPC"/>
</li>
<li itemprop="classifications" itemscope="" repeat="">
<span itemprop="Code">A61P25/00</span>—<span itemprop="Description">Drugs for disorders of the nervous system</span>
<meta content="true" itemprop="IsCPC"/>
</li>
<li itemprop="classifications" itemscope="" repeat="">
<span itemprop="Code">A61P25/20</span>—<span itemprop="Description">Hypnotics; Sedatives</span>
<meta content="true" itemprop="Leaf"/><meta content="true" itemprop="IsCPC"/>
</li>
</ul>
</li>
<li>
<ul itemprop="classifications" itemscope="" repeat="">
<li itemprop="classifications" itemscope="" repeat="">
<span itemprop="Code">A</span>—<span itemprop="Description">HUMAN NECESSITIES</span>
<meta content="true" itemprop="IsCPC"/>
</li>
<li itemprop="classifications" itemscope="" repeat="">
<span itemprop="Code">A61</span>—<span itemprop="Description">MEDICAL OR VETERINARY SCIENCE; HYGIENE</span>
<meta content="true" itemprop="IsCPC"/>
</li>
<li itemprop="classifications" itemscope="" repeat="">
<span itemprop="Code">A61P</span>—<span itemprop="Description">SPECIFIC THERAPEUTIC ACTIVITY OF CHEMICAL COMPOUNDS OR MEDICINAL PREPARATIONS</span>
<meta content="true" itemprop="IsCPC"/>
</li>
<li itemprop="classifications" itemscope="" repeat="">
<span itemprop="Code">A61P25/00</span>—<span itemprop="Description">Drugs for disorders of the nervous system</span>
<meta content="true" itemprop="IsCPC"/>
</li>
<li itemprop="classifications" itemscope="" repeat="">
<span itemprop="Code">A61P25/22</span>—<span itemprop="Description">Anxiolytics</span>
<meta content="true" itemprop="Leaf"/><meta content="true" itemprop="IsCPC"/>
</li>
</ul>
</li>
<li>
<ul itemprop="classifications" itemscope="" repeat="">
<li itemprop="classifications" itemscope="" repeat="">
<span itemprop="Code">A</span>—<span itemprop="Description">HUMAN NECESSITIES</span>
<meta content="true" itemprop="IsCPC"/>
</li>
<li itemprop="classifications" itemscope="" repeat="">
<span itemprop="Code">A61</span>—<span itemprop="Description">MEDICAL OR VETERINARY SCIENCE; HYGIENE</span>
<meta content="true" itemprop="IsCPC"/>
</li>
<li itemprop="classifications" itemscope="" repeat="">
<span itemprop="Code">A61P</span>—<span itemprop="Description">SPECIFIC THERAPEUTIC ACTIVITY OF CHEMICAL COMPOUNDS OR MEDICINAL PREPARATIONS</span>
<meta content="true" itemprop="IsCPC"/>
</li>
<li itemprop="classifications" itemscope="" repeat="">
<span itemprop="Code">A61P25/00</span>—<span itemprop="Description">Drugs for disorders of the nervous system</span>
<meta content="true" itemprop="IsCPC"/>
</li>
<li itemprop="classifications" itemscope="" repeat="">
<span itemprop="Code">A61P25/24</span>—<span itemprop="Description">Antidepressants</span>
<meta content="true" itemprop="Leaf"/><meta content="true" itemprop="IsCPC"/>
</li>
</ul>
</li>
<li>
<ul itemprop="classifications" itemscope="" repeat="">
<li itemprop="classifications" itemscope="" repeat="">
<span itemprop="Code">A</span>—<span itemprop="Description">HUMAN NECESSITIES</span>
<meta content="true" itemprop="IsCPC"/>
</li>
<li itemprop="classifications" itemscope="" repeat="">
<span itemprop="Code">A61</span>—<span itemprop="Description">MEDICAL OR VETERINARY SCIENCE; HYGIENE</span>
<meta content="true" itemprop="IsCPC"/>
</li>
<li itemprop="classifications" itemscope="" repeat="">
<span itemprop="Code">A61P</span>—<span itemprop="Description">SPECIFIC THERAPEUTIC ACTIVITY OF CHEMICAL COMPOUNDS OR MEDICINAL PREPARATIONS</span>
<meta content="true" itemprop="IsCPC"/>
</li>
<li itemprop="classifications" itemscope="" repeat="">
<span itemprop="Code">A61P25/00</span>—<span itemprop="Description">Drugs for disorders of the nervous system</span>
<meta content="true" itemprop="IsCPC"/>
</li>
<li itemprop="classifications" itemscope="" repeat="">
<span itemprop="Code">A61P25/26</span>—<span itemprop="Description">Psychostimulants, e.g. nicotine, cocaine</span>
<meta content="true" itemprop="Leaf"/><meta content="true" itemprop="IsCPC"/>
</li>
</ul>
</li>
<li>
<ul itemprop="classifications" itemscope="" repeat="">
<li itemprop="classifications" itemscope="" repeat="">
<span itemprop="Code">C</span>—<span itemprop="Description">CHEMISTRY; METALLURGY</span>
<meta content="true" itemprop="IsCPC"/>
</li>
<li itemprop="classifications" itemscope="" repeat="">
<span itemprop="Code">C07</span>—<span itemprop="Description">ORGANIC CHEMISTRY</span>
<meta content="true" itemprop="IsCPC"/>
</li>
<li itemprop="classifications" itemscope="" repeat="">
<span itemprop="Code">C07J</span>—<span itemprop="Description">STEROIDS</span>
<meta content="true" itemprop="IsCPC"/>
</li>
<li itemprop="classifications" itemscope="" repeat="">
<span itemprop="Code">C07J1/00</span>—<span itemprop="Description">Normal steroids containing carbon, hydrogen, halogen or oxygen, not substituted in position 17 beta by a carbon atom, e.g. estrane, androstane</span>
<meta content="true" itemprop="IsCPC"/>
</li>
<li itemprop="classifications" itemscope="" repeat="">
<span itemprop="Code">C07J1/0003</span>—<span itemprop="Description">Androstane derivatives</span>
<meta content="true" itemprop="IsCPC"/>
</li>
<li itemprop="classifications" itemscope="" repeat="">
<span itemprop="Code">C07J1/0018</span>—<span itemprop="Description">Androstane derivatives substituted in position 17 beta, not substituted in position 17 alfa</span>
<meta content="true" itemprop="IsCPC"/>
</li>
<li itemprop="classifications" itemscope="" repeat="">
<span itemprop="Code">C07J1/0022</span>—<span itemprop="Description">Androstane derivatives substituted in position 17 beta, not substituted in position 17 alfa the substituent being an OH group free esterified or etherified</span>
<meta content="true" itemprop="Leaf"/><meta content="true" itemprop="IsCPC"/>
</li>
</ul>
</li>
<li>
<ul itemprop="classifications" itemscope="" repeat="">
<li itemprop="classifications" itemscope="" repeat="">
<span itemprop="Code">C</span>—<span itemprop="Description">CHEMISTRY; METALLURGY</span>
<meta content="true" itemprop="IsCPC"/>
</li>
<li itemprop="classifications" itemscope="" repeat="">
<span itemprop="Code">C07</span>—<span itemprop="Description">ORGANIC CHEMISTRY</span>
<meta content="true" itemprop="IsCPC"/>
</li>
<li itemprop="classifications" itemscope="" repeat="">
<span itemprop="Code">C07J</span>—<span itemprop="Description">STEROIDS</span>
<meta content="true" itemprop="IsCPC"/>
</li>
<li itemprop="classifications" itemscope="" repeat="">
<span itemprop="Code">C07J13/00</span>—<span itemprop="Description">Normal steroids containing carbon, hydrogen, halogen or oxygen having a carbon-to-carbon double bond from or to position 17</span>
<meta content="true" itemprop="IsCPC"/>
</li>
<li itemprop="classifications" itemscope="" repeat="">
<span itemprop="Code">C07J13/005</span>—<span itemprop="Description">Normal steroids containing carbon, hydrogen, halogen or oxygen having a carbon-to-carbon double bond from or to position 17 with double bond in position 16 (17)</span>
<meta content="true" itemprop="Leaf"/><meta content="true" itemprop="IsCPC"/>
</li>
</ul>
</li>
<li>
<ul itemprop="classifications" itemscope="" repeat="">
<li itemprop="classifications" itemscope="" repeat="">
<span itemprop="Code">C</span>—<span itemprop="Description">CHEMISTRY; METALLURGY</span>
<meta content="true" itemprop="IsCPC"/>
</li>
<li itemprop="classifications" itemscope="" repeat="">
<span itemprop="Code">C07</span>—<span itemprop="Description">ORGANIC CHEMISTRY</span>
<meta content="true" itemprop="IsCPC"/>
</li>
<li itemprop="classifications" itemscope="" repeat="">
<span itemprop="Code">C07J</span>—<span itemprop="Description">STEROIDS</span>
<meta content="true" itemprop="IsCPC"/>
</li>
<li itemprop="classifications" itemscope="" repeat="">
<span itemprop="Code">C07J13/00</span>—<span itemprop="Description">Normal steroids containing carbon, hydrogen, halogen or oxygen having a carbon-to-carbon double bond from or to position 17</span>
<meta content="true" itemprop="IsCPC"/>
</li>
<li itemprop="classifications" itemscope="" repeat="">
<span itemprop="Code">C07J13/007</span>—<span itemprop="Description">Normal steroids containing carbon, hydrogen, halogen or oxygen having a carbon-to-carbon double bond from or to position 17 with double bond in position 17 (20)</span>
<meta content="true" itemprop="Leaf"/><meta content="true" itemprop="IsCPC"/>
</li>
</ul>
</li>
<li>
<ul itemprop="classifications" itemscope="" repeat="">
<li itemprop="classifications" itemscope="" repeat="">
<span itemprop="Code">C</span>—<span itemprop="Description">CHEMISTRY; METALLURGY</span>
<meta content="true" itemprop="IsCPC"/>
</li>
<li itemprop="classifications" itemscope="" repeat="">
<span itemprop="Code">C07</span>—<span itemprop="Description">ORGANIC CHEMISTRY</span>
<meta content="true" itemprop="IsCPC"/>
</li>
<li itemprop="classifications" itemscope="" repeat="">
<span itemprop="Code">C07J</span>—<span itemprop="Description">STEROIDS</span>
<meta content="true" itemprop="IsCPC"/>
</li>
<li itemprop="classifications" itemscope="" repeat="">
<span itemprop="Code">C07J17/00</span>—<span itemprop="Description">Normal steroids containing carbon, hydrogen, halogen or oxygen, having an oxygen-containing hetero ring not condensed with the cyclopenta(a)hydrophenanthrene skeleton</span>
<meta content="true" itemprop="Leaf"/><meta content="true" itemprop="IsCPC"/>
</li>
</ul>
</li>
<li>
<ul itemprop="classifications" itemscope="" repeat="">
<li itemprop="classifications" itemscope="" repeat="">
<span itemprop="Code">C</span>—<span itemprop="Description">CHEMISTRY; METALLURGY</span>
<meta content="true" itemprop="IsCPC"/>
</li>
<li itemprop="classifications" itemscope="" repeat="">
<span itemprop="Code">C07</span>—<span itemprop="Description">ORGANIC CHEMISTRY</span>
<meta content="true" itemprop="IsCPC"/>
</li>
<li itemprop="classifications" itemscope="" repeat="">
<span itemprop="Code">C07J</span>—<span itemprop="Description">STEROIDS</span>
<meta content="true" itemprop="IsCPC"/>
</li>
<li itemprop="classifications" itemscope="" repeat="">
<span itemprop="Code">C07J21/00</span>—<span itemprop="Description">Normal steroids containing carbon, hydrogen, halogen or oxygen having an oxygen-containing hetero ring spiro-condensed with the cyclopenta(a)hydrophenanthrene skeleton</span>
<meta content="true" itemprop="Leaf"/><meta content="true" itemprop="IsCPC"/>
</li>
</ul>
</li>
<li>
<ul itemprop="classifications" itemscope="" repeat="">
<li itemprop="classifications" itemscope="" repeat="">
<span itemprop="Code">C</span>—<span itemprop="Description">CHEMISTRY; METALLURGY</span>
<meta content="true" itemprop="IsCPC"/>
</li>
<li itemprop="classifications" itemscope="" repeat="">
<span itemprop="Code">C07</span>—<span itemprop="Description">ORGANIC CHEMISTRY</span>
<meta content="true" itemprop="IsCPC"/>
</li>
<li itemprop="classifications" itemscope="" repeat="">
<span itemprop="Code">C07J</span>—<span itemprop="Description">STEROIDS</span>
<meta content="true" itemprop="IsCPC"/>
</li>
<li itemprop="classifications" itemscope="" repeat="">
<span itemprop="Code">C07J21/00</span>—<span itemprop="Description">Normal steroids containing carbon, hydrogen, halogen or oxygen having an oxygen-containing hetero ring spiro-condensed with the cyclopenta(a)hydrophenanthrene skeleton</span>
<meta content="true" itemprop="IsCPC"/>
</li>
<li itemprop="classifications" itemscope="" repeat="">
<span itemprop="Code">C07J21/005</span>—<span itemprop="Description">Ketals</span>
<meta content="true" itemprop="Leaf"/><meta content="true" itemprop="IsCPC"/>
</li>
</ul>
</li>
<li>
<ul itemprop="classifications" itemscope="" repeat="">
<li itemprop="classifications" itemscope="" repeat="">
<span itemprop="Code">C</span>—<span itemprop="Description">CHEMISTRY; METALLURGY</span>
<meta content="true" itemprop="IsCPC"/>
</li>
<li itemprop="classifications" itemscope="" repeat="">
<span itemprop="Code">C07</span>—<span itemprop="Description">ORGANIC CHEMISTRY</span>
<meta content="true" itemprop="IsCPC"/>
</li>
<li itemprop="classifications" itemscope="" repeat="">
<span itemprop="Code">C07J</span>—<span itemprop="Description">STEROIDS</span>
<meta content="true" itemprop="IsCPC"/>
</li>
<li itemprop="classifications" itemscope="" repeat="">
<span itemprop="Code">C07J3/00</span>—<span itemprop="Description">Normal steroids containing carbon, hydrogen, halogen or oxygen, substituted in position 17 beta by one carbon atom</span>
<meta content="true" itemprop="IsCPC"/>
</li>
<li itemprop="classifications" itemscope="" repeat="">
<span itemprop="Code">C07J3/005</span>—<span itemprop="Description">Normal steroids containing carbon, hydrogen, halogen or oxygen, substituted in position 17 beta by one carbon atom the carbon atom being part of a carboxylic function</span>
<meta content="true" itemprop="Leaf"/><meta content="true" itemprop="IsCPC"/>
</li>
</ul>
</li>
<li>
<ul itemprop="classifications" itemscope="" repeat="">
<li itemprop="classifications" itemscope="" repeat="">
<span itemprop="Code">C</span>—<span itemprop="Description">CHEMISTRY; METALLURGY</span>
<meta content="true" itemprop="IsCPC"/>
</li>
<li itemprop="classifications" itemscope="" repeat="">
<span itemprop="Code">C07</span>—<span itemprop="Description">ORGANIC CHEMISTRY</span>
<meta content="true" itemprop="IsCPC"/>
</li>
<li itemprop="classifications" itemscope="" repeat="">
<span itemprop="Code">C07J</span>—<span itemprop="Description">STEROIDS</span>
<meta content="true" itemprop="IsCPC"/>
</li>
<li itemprop="classifications" itemscope="" repeat="">
<span itemprop="Code">C07J41/00</span>—<span itemprop="Description">Normal steroids containing one or more nitrogen atoms not belonging to a hetero ring</span>
<meta content="true" itemprop="IsCPC"/>
</li>
<li itemprop="classifications" itemscope="" repeat="">
<span itemprop="Code">C07J41/0033</span>—<span itemprop="Description">Normal steroids containing one or more nitrogen atoms not belonging to a hetero ring not covered by C07J41/0005</span>
<meta content="true" itemprop="IsCPC"/>
</li>
<li itemprop="classifications" itemscope="" repeat="">
<span itemprop="Code">C07J41/005</span>—<span itemprop="Description">Normal steroids containing one or more nitrogen atoms not belonging to a hetero ring not covered by C07J41/0005 the 17-beta position being substituted by an uninterrupted chain of only two carbon atoms, e.g. pregnane derivatives</span>
<meta content="true" itemprop="Leaf"/><meta content="true" itemprop="IsCPC"/>
</li>
</ul>
</li>
<li>
<ul itemprop="classifications" itemscope="" repeat="">
<li itemprop="classifications" itemscope="" repeat="">
<span itemprop="Code">C</span>—<span itemprop="Description">CHEMISTRY; METALLURGY</span>
<meta content="true" itemprop="IsCPC"/>
</li>
<li itemprop="classifications" itemscope="" repeat="">
<span itemprop="Code">C07</span>—<span itemprop="Description">ORGANIC CHEMISTRY</span>
<meta content="true" itemprop="IsCPC"/>
</li>
<li itemprop="classifications" itemscope="" repeat="">
<span itemprop="Code">C07J</span>—<span itemprop="Description">STEROIDS</span>
<meta content="true" itemprop="IsCPC"/>
</li>
<li itemprop="classifications" itemscope="" repeat="">
<span itemprop="Code">C07J43/00</span>—<span itemprop="Description">Normal steroids having a nitrogen-containing hetero ring spiro-condensed or not condensed with the cyclopenta(a)hydrophenanthrene skeleton</span>
<meta content="true" itemprop="IsCPC"/>
</li>
<li itemprop="classifications" itemscope="" repeat="">
<span itemprop="Code">C07J43/003</span>—<span itemprop="Description">Normal steroids having a nitrogen-containing hetero ring spiro-condensed or not condensed with the cyclopenta(a)hydrophenanthrene skeleton not condensed</span>
<meta content="true" itemprop="Leaf"/><meta content="true" itemprop="IsCPC"/>
</li>
</ul>
</li>
<li>
<ul itemprop="classifications" itemscope="" repeat="">
<li itemprop="classifications" itemscope="" repeat="">
<span itemprop="Code">C</span>—<span itemprop="Description">CHEMISTRY; METALLURGY</span>
<meta content="true" itemprop="IsCPC"/>
</li>
<li itemprop="classifications" itemscope="" repeat="">
<span itemprop="Code">C07</span>—<span itemprop="Description">ORGANIC CHEMISTRY</span>
<meta content="true" itemprop="IsCPC"/>
</li>
<li itemprop="classifications" itemscope="" repeat="">
<span itemprop="Code">C07J</span>—<span itemprop="Description">STEROIDS</span>
<meta content="true" itemprop="IsCPC"/>
</li>
<li itemprop="classifications" itemscope="" repeat="">
<span itemprop="Code">C07J5/00</span>—<span itemprop="Description">Normal steroids containing carbon, hydrogen, halogen or oxygen, substituted in position 17 beta by a chain of two carbon atoms, e.g. pregnane and substituted in position 21 by only one singly bound oxygen atom, i.e. only one oxygen bound to position 21 by a single bond</span>
<meta content="true" itemprop="IsCPC"/>
</li>
<li itemprop="classifications" itemscope="" repeat="">
<span itemprop="Code">C07J5/0007</span>—<span itemprop="Description">Normal steroids containing carbon, hydrogen, halogen or oxygen, substituted in position 17 beta by a chain of two carbon atoms, e.g. pregnane and substituted in position 21 by only one singly bound oxygen atom, i.e. only one oxygen bound to position 21 by a single bond not substituted in position 17 alfa</span>
<meta content="true" itemprop="IsCPC"/>
</li>
<li itemprop="classifications" itemscope="" repeat="">
<span itemprop="Code">C07J5/0015</span>—<span itemprop="Description">Normal steroids containing carbon, hydrogen, halogen or oxygen, substituted in position 17 beta by a chain of two carbon atoms, e.g. pregnane and substituted in position 21 by only one singly bound oxygen atom, i.e. only one oxygen bound to position 21 by a single bond not substituted in position 17 alfa not substituted in position 16</span>
<meta content="true" itemprop="Leaf"/><meta content="true" itemprop="IsCPC"/>
</li>
</ul>
</li>
<li>
<ul itemprop="classifications" itemscope="" repeat="">
<li itemprop="classifications" itemscope="" repeat="">
<span itemprop="Code">C</span>—<span itemprop="Description">CHEMISTRY; METALLURGY</span>
<meta content="true" itemprop="IsCPC"/>
</li>
<li itemprop="classifications" itemscope="" repeat="">
<span itemprop="Code">C07</span>—<span itemprop="Description">ORGANIC CHEMISTRY</span>
<meta content="true" itemprop="IsCPC"/>
</li>
<li itemprop="classifications" itemscope="" repeat="">
<span itemprop="Code">C07J</span>—<span itemprop="Description">STEROIDS</span>
<meta content="true" itemprop="IsCPC"/>
</li>
<li itemprop="classifications" itemscope="" repeat="">
<span itemprop="Code">C07J5/00</span>—<span itemprop="Description">Normal steroids containing carbon, hydrogen, halogen or oxygen, substituted in position 17 beta by a chain of two carbon atoms, e.g. pregnane and substituted in position 21 by only one singly bound oxygen atom, i.e. only one oxygen bound to position 21 by a single bond</span>
<meta content="true" itemprop="IsCPC"/>
</li>
<li itemprop="classifications" itemscope="" repeat="">
<span itemprop="Code">C07J5/0046</span>—<span itemprop="Description">Normal steroids containing carbon, hydrogen, halogen or oxygen, substituted in position 17 beta by a chain of two carbon atoms, e.g. pregnane and substituted in position 21 by only one singly bound oxygen atom, i.e. only one oxygen bound to position 21 by a single bond substituted in position 17 alfa</span>
<meta content="true" itemprop="IsCPC"/>
</li>
<li itemprop="classifications" itemscope="" repeat="">
<span itemprop="Code">C07J5/0053</span>—<span itemprop="Description">Normal steroids containing carbon, hydrogen, halogen or oxygen, substituted in position 17 beta by a chain of two carbon atoms, e.g. pregnane and substituted in position 21 by only one singly bound oxygen atom, i.e. only one oxygen bound to position 21 by a single bond substituted in position 17 alfa not substituted in position 16</span>
<meta content="true" itemprop="Leaf"/><meta content="true" itemprop="IsCPC"/>
</li>
</ul>
</li>
<li>
<ul itemprop="classifications" itemscope="" repeat="">
<li itemprop="classifications" itemscope="" repeat="">
<span itemprop="Code">C</span>—<span itemprop="Description">CHEMISTRY; METALLURGY</span>
<meta content="true" itemprop="IsCPC"/>
</li>
<li itemprop="classifications" itemscope="" repeat="">
<span itemprop="Code">C07</span>—<span itemprop="Description">ORGANIC CHEMISTRY</span>
<meta content="true" itemprop="IsCPC"/>
</li>
<li itemprop="classifications" itemscope="" repeat="">
<span itemprop="Code">C07J</span>—<span itemprop="Description">STEROIDS</span>
<meta content="true" itemprop="IsCPC"/>
</li>
<li itemprop="classifications" itemscope="" repeat="">
<span itemprop="Code">C07J51/00</span>—<span itemprop="Description">Normal steroids with unmodified cyclopenta(a)hydrophenanthrene skeleton not provided for in groups C07J1/00 - C07J43/00</span>
<meta content="true" itemprop="Leaf"/><meta content="true" itemprop="IsCPC"/>
</li>
</ul>
</li>
<li>
<ul itemprop="classifications" itemscope="" repeat="">
<li itemprop="classifications" itemscope="" repeat="">
<span itemprop="Code">C</span>—<span itemprop="Description">CHEMISTRY; METALLURGY</span>
<meta content="true" itemprop="IsCPC"/>
</li>
<li itemprop="classifications" itemscope="" repeat="">
<span itemprop="Code">C07</span>—<span itemprop="Description">ORGANIC CHEMISTRY</span>
<meta content="true" itemprop="IsCPC"/>
</li>
<li itemprop="classifications" itemscope="" repeat="">
<span itemprop="Code">C07J</span>—<span itemprop="Description">STEROIDS</span>
<meta content="true" itemprop="IsCPC"/>
</li>
<li itemprop="classifications" itemscope="" repeat="">
<span itemprop="Code">C07J7/00</span>—<span itemprop="Description">Normal steroids containing carbon, hydrogen, halogen or oxygen substituted in position 17 beta by a chain of two carbon atoms</span>
<meta content="true" itemprop="IsCPC"/>
</li>
<li itemprop="classifications" itemscope="" repeat="">
<span itemprop="Code">C07J7/0005</span>—<span itemprop="Description">Normal steroids containing carbon, hydrogen, halogen or oxygen substituted in position 17 beta by a chain of two carbon atoms not substituted in position 21</span>
<meta content="true" itemprop="IsCPC"/>
</li>
<li itemprop="classifications" itemscope="" repeat="">
<span itemprop="Code">C07J7/001</span>—<span itemprop="Description">Normal steroids containing carbon, hydrogen, halogen or oxygen substituted in position 17 beta by a chain of two carbon atoms not substituted in position 21 substituted in position 20 by a keto group</span>
<meta content="true" itemprop="IsCPC"/>
</li>
<li itemprop="classifications" itemscope="" repeat="">
<span itemprop="Code">C07J7/0015</span>—<span itemprop="Description">Normal steroids containing carbon, hydrogen, halogen or oxygen substituted in position 17 beta by a chain of two carbon atoms not substituted in position 21 substituted in position 20 by a keto group not substituted in position 17 alfa</span>
<meta content="true" itemprop="IsCPC"/>
</li>
<li itemprop="classifications" itemscope="" repeat="">
<span itemprop="Code">C07J7/002</span>—<span itemprop="Description">Normal steroids containing carbon, hydrogen, halogen or oxygen substituted in position 17 beta by a chain of two carbon atoms not substituted in position 21 substituted in position 20 by a keto group not substituted in position 17 alfa not substituted in position 16</span>
<meta content="true" itemprop="Leaf"/><meta content="true" itemprop="IsCPC"/>
</li>
</ul>
</li>
<li>
<ul itemprop="classifications" itemscope="" repeat="">
<li itemprop="classifications" itemscope="" repeat="">
<span itemprop="Code">C</span>—<span itemprop="Description">CHEMISTRY; METALLURGY</span>
<meta content="true" itemprop="IsCPC"/>
</li>
<li itemprop="classifications" itemscope="" repeat="">
<span itemprop="Code">C07</span>—<span itemprop="Description">ORGANIC CHEMISTRY</span>
<meta content="true" itemprop="IsCPC"/>
</li>
<li itemprop="classifications" itemscope="" repeat="">
<span itemprop="Code">C07J</span>—<span itemprop="Description">STEROIDS</span>
<meta content="true" itemprop="IsCPC"/>
</li>
<li itemprop="classifications" itemscope="" repeat="">
<span itemprop="Code">C07J7/00</span>—<span itemprop="Description">Normal steroids containing carbon, hydrogen, halogen or oxygen substituted in position 17 beta by a chain of two carbon atoms</span>
<meta content="true" itemprop="IsCPC"/>
</li>
<li itemprop="classifications" itemscope="" repeat="">
<span itemprop="Code">C07J7/0005</span>—<span itemprop="Description">Normal steroids containing carbon, hydrogen, halogen or oxygen substituted in position 17 beta by a chain of two carbon atoms not substituted in position 21</span>
<meta content="true" itemprop="IsCPC"/>
</li>
<li itemprop="classifications" itemscope="" repeat="">
<span itemprop="Code">C07J7/0065</span>—<span itemprop="Description">Normal steroids containing carbon, hydrogen, halogen or oxygen substituted in position 17 beta by a chain of two carbon atoms not substituted in position 21 substituted in position 20 by an OH group free esterified or etherified</span>
<meta content="true" itemprop="Leaf"/><meta content="true" itemprop="IsCPC"/>
</li>
</ul>
</li>
<li>
<ul itemprop="classifications" itemscope="" repeat="">
<li itemprop="classifications" itemscope="" repeat="">
<span itemprop="Code">C</span>—<span itemprop="Description">CHEMISTRY; METALLURGY</span>
<meta content="true" itemprop="IsCPC"/>
</li>
<li itemprop="classifications" itemscope="" repeat="">
<span itemprop="Code">C07</span>—<span itemprop="Description">ORGANIC CHEMISTRY</span>
<meta content="true" itemprop="IsCPC"/>
</li>
<li itemprop="classifications" itemscope="" repeat="">
<span itemprop="Code">C07J</span>—<span itemprop="Description">STEROIDS</span>
<meta content="true" itemprop="IsCPC"/>
</li>
<li itemprop="classifications" itemscope="" repeat="">
<span itemprop="Code">C07J71/00</span>—<span itemprop="Description">Steroids in which the cyclopenta(a)hydrophenanthrene skeleton is condensed with a heterocyclic ring</span>
<meta content="true" itemprop="IsCPC"/>
</li>
<li itemprop="classifications" itemscope="" repeat="">
<span itemprop="Code">C07J71/0005</span>—<span itemprop="Description">Oxygen-containing hetero ring</span>
<meta content="true" itemprop="IsCPC"/>
</li>
<li itemprop="classifications" itemscope="" repeat="">
<span itemprop="Code">C07J71/001</span>—<span itemprop="Description">Oxiranes</span>
<meta content="true" itemprop="Leaf"/><meta content="true" itemprop="IsCPC"/>
</li>
</ul>
</li>
<li>
<ul itemprop="classifications" itemscope="" repeat="">
<li itemprop="classifications" itemscope="" repeat="">
<span itemprop="Code">C</span>—<span itemprop="Description">CHEMISTRY; METALLURGY</span>
<meta content="true" itemprop="IsCPC"/>
</li>
<li itemprop="classifications" itemscope="" repeat="">
<span itemprop="Code">C07</span>—<span itemprop="Description">ORGANIC CHEMISTRY</span>
<meta content="true" itemprop="IsCPC"/>
</li>
<li itemprop="classifications" itemscope="" repeat="">
<span itemprop="Code">C07J</span>—<span itemprop="Description">STEROIDS</span>
<meta content="true" itemprop="IsCPC"/>
</li>
<li itemprop="classifications" itemscope="" repeat="">
<span itemprop="Code">C07J9/00</span>—<span itemprop="Description">Normal steroids containing carbon, hydrogen, halogen or oxygen substituted in position 17 beta by a chain of more than two carbon atoms, e.g. cholane, cholestane, coprostane</span>
<meta content="true" itemprop="Leaf"/><meta content="true" itemprop="IsCPC"/>
</li>
</ul>
</li>
</ul>
</section>
<section>
<h2>Landscapes</h2>
<ul>
<li itemprop="landscapes" itemscope="" repeat="">
<span itemprop="name">Health &amp; Medical Sciences</span>
        (<span itemprop="type">AREA</span>)
      </li>
<li itemprop="landscapes" itemscope="" repeat="">
<span itemprop="name">Chemical &amp; Material Sciences</span>
        (<span itemprop="type">AREA</span>)
      </li>
<li itemprop="landscapes" itemscope="" repeat="">
<span itemprop="name">Organic Chemistry</span>
        (<span itemprop="type">AREA</span>)
      </li>
<li itemprop="landscapes" itemscope="" repeat="">
<span itemprop="name">General Health &amp; Medical Sciences</span>
        (<span itemprop="type">AREA</span>)
      </li>
<li itemprop="landscapes" itemscope="" repeat="">
<span itemprop="name">Veterinary Medicine</span>
        (<span itemprop="type">AREA</span>)
      </li>
<li itemprop="landscapes" itemscope="" repeat="">
<span itemprop="name">Pharmacology &amp; Pharmacy</span>
        (<span itemprop="type">AREA</span>)
      </li>
<li itemprop="landscapes" itemscope="" repeat="">
<span itemprop="name">Public Health</span>
        (<span itemprop="type">AREA</span>)
      </li>
<li itemprop="landscapes" itemscope="" repeat="">
<span itemprop="name">Animal Behavior &amp; Ethology</span>
        (<span itemprop="type">AREA</span>)
      </li>
<li itemprop="landscapes" itemscope="" repeat="">
<span itemprop="name">Life Sciences &amp; Earth Sciences</span>
        (<span itemprop="type">AREA</span>)
      </li>
<li itemprop="landscapes" itemscope="" repeat="">
<span itemprop="name">Medicinal Chemistry</span>
        (<span itemprop="type">AREA</span>)
      </li>
<li itemprop="landscapes" itemscope="" repeat="">
<span itemprop="name">Epidemiology</span>
        (<span itemprop="type">AREA</span>)
      </li>
<li itemprop="landscapes" itemscope="" repeat="">
<span itemprop="name">Engineering &amp; Computer Science</span>
        (<span itemprop="type">AREA</span>)
      </li>
<li itemprop="landscapes" itemscope="" repeat="">
<span itemprop="name">Bioinformatics &amp; Cheminformatics</span>
        (<span itemprop="type">AREA</span>)
      </li>
<li itemprop="landscapes" itemscope="" repeat="">
<span itemprop="name">Chemical Kinetics &amp; Catalysis</span>
        (<span itemprop="type">AREA</span>)
      </li>
<li itemprop="landscapes" itemscope="" repeat="">
<span itemprop="name">Nuclear Medicine, Radiotherapy &amp; Molecular Imaging</span>
        (<span itemprop="type">AREA</span>)
      </li>
<li itemprop="landscapes" itemscope="" repeat="">
<span itemprop="name">General Chemical &amp; Material Sciences</span>
        (<span itemprop="type">AREA</span>)
      </li>
<li itemprop="landscapes" itemscope="" repeat="">
<span itemprop="name">Neurosurgery</span>
        (<span itemprop="type">AREA</span>)
      </li>
<li itemprop="landscapes" itemscope="" repeat="">
<span itemprop="name">Neurology</span>
        (<span itemprop="type">AREA</span>)
      </li>
<li itemprop="landscapes" itemscope="" repeat="">
<span itemprop="name">Biomedical Technology</span>
        (<span itemprop="type">AREA</span>)
      </li>
<li itemprop="landscapes" itemscope="" repeat="">
<span itemprop="name">Psychiatry</span>
        (<span itemprop="type">AREA</span>)
      </li>
<li itemprop="landscapes" itemscope="" repeat="">
<span itemprop="name">Pain &amp; Pain Management</span>
        (<span itemprop="type">AREA</span>)
      </li>
<li itemprop="landscapes" itemscope="" repeat="">
<span itemprop="name">Anesthesiology</span>
        (<span itemprop="type">AREA</span>)
      </li>
<li itemprop="landscapes" itemscope="" repeat="">
<span itemprop="name">Steroid Compounds</span>
        (<span itemprop="type">AREA</span>)
      </li>
<li itemprop="landscapes" itemscope="" repeat="">
<span itemprop="name">Pharmaceuticals Containing Other Organic And Inorganic Compounds</span>
        (<span itemprop="type">AREA</span>)
      </li>
<li itemprop="landscapes" itemscope="" repeat="">
<span itemprop="name">Acyclic And Carbocyclic Compounds In Medicinal Compositions</span>
        (<span itemprop="type">AREA</span>)
      </li>
</ul>
</section>
<section itemprop="abstract" itemscope="">
<h2>Abstract</h2>
<div html="" itemprop="content"><abstract lang="EN" load-source="docdb" mxw-id="PA626991709" source="national office">
<div class="abstract">Method, compositions, and compounds for modulating brain excitability to alleviate stress, anxiety, insomnia and seizure activity using certain steroid derivatives that act at a newly identified site on the gamma-aminobutyric acid receptor-chloride ionophore (GR) complex.</div>
</abstract>
</div>
</section>
<section itemprop="application" itemscope="">
<section itemprop="metadata" itemscope="">
<span itemprop="applicationNumber">EP92918471A</span>
<span itemprop="priorityDate">1991-08-13</span>
<span itemprop="filingDate">1992-08-10</span>
<span itemprop="title">Gaba receptor modulators 
       </span>
<span itemprop="ifiStatus">Expired - Lifetime</span>
<a href="/patent/EP0554436B1/en">
<span itemprop="representativePublication">EP0554436B1</span>
        (<span itemprop="primaryLanguage">en</span>)
      </a>
</section>
<h2>Applications Claiming Priority (3)</h2>
<table>
<thead>
<tr>
<th>Application Number</th>
<th>Priority Date</th>
<th>Filing Date</th>
<th>Title</th>
</tr>
</thead>
<tbody>
<tr itemprop="appsClaimingPriority" itemscope="" repeat="">
<td>
<span itemprop="applicationNumber">US07/745,216</span>
<a href="/patent/US5232917A/en">
<span itemprop="representativePublication">US5232917A</span>
                (<span itemprop="primaryLanguage">en</span>)
            </a>
</td>
<td itemprop="priorityDate">1987-08-25</td>
<td itemprop="filingDate">1991-08-13</td>
<td itemprop="title">Methods, compositions, and compounds for allosteric modulation of the GABA receptor by members of the androstane and pregnane series 
       </td>
</tr>
<tr itemprop="appsClaimingPriority" itemscope="" repeat="">
<td>
<span itemprop="applicationNumber">US745216</span>
</td>
<td itemprop="priorityDate"></td>
<td itemprop="filingDate">1991-08-13</td>
<td itemprop="title"></td>
</tr>
<tr itemprop="appsClaimingPriority" itemscope="" repeat="">
<td>
<span itemprop="applicationNumber">PCT/US1992/006699</span>
<a href="/patent/WO1993003732A1/en">
<span itemprop="representativePublication">WO1993003732A1</span>
                (<span itemprop="primaryLanguage">en</span>)
            </a>
</td>
<td itemprop="priorityDate">1991-08-13</td>
<td itemprop="filingDate">1992-08-10</td>
<td itemprop="title">Gaba receptor modulators 
       </td>
</tr>
</tbody>
</table>
<h2>Publications (3)</h2>
<table>
<thead>
<tr>
<th>Publication Number</th>
<th>Publication Date</th>
</tr>
</thead>
<tbody>
<tr itemprop="pubs" itemscope="" repeat="">
<td>
<span itemprop="publicationNumber">EP0554436A1</span>
<a href="/patent/EP0554436A1/en">
              EP0554436A1
              (<span itemprop="primaryLanguage">en</span>)
            </a>
</td>
<td itemprop="publicationDate">1993-08-11</td>
</tr>
<tr itemprop="pubs" itemscope="" repeat="">
<td>
<span itemprop="publicationNumber">EP0554436A4</span>
<span itemprop="thisPatent">true</span>
<a href="/patent/EP0554436A4/en">
              EP0554436A4
              (<span itemprop="primaryLanguage">en</span>)
            </a>
</td>
<td itemprop="publicationDate">1994-01-12</td>
</tr>
<tr itemprop="pubs" itemscope="" repeat="">
<td>
<span itemprop="publicationNumber">EP0554436B1</span>
<a href="/patent/EP0554436B1/en">
              EP0554436B1
              (<span itemprop="primaryLanguage">en</span>)
            </a>
</td>
<td itemprop="publicationDate">2000-07-05</td>
</tr>
</tbody>
</table>
</section>
<section itemprop="family" itemscope="">
<h1>Family</h1>
<h2>ID=24995739</h2>
<h2>Family Applications (1)</h2>
<table>
<thead>
<tr>
<th>Application Number</th>
<th>Title</th>
<th>Priority Date</th>
<th>Filing Date</th>
</tr>
</thead>
<tbody>
<tr itemprop="applications" itemscope="" repeat="">
<td>
<span itemprop="applicationNumber">EP92918471A</span>
<span itemprop="ifiStatus">Expired - Lifetime</span>
<a href="/patent/EP0554436B1/en">
<span itemprop="representativePublication">EP0554436B1</span>
                (<span itemprop="primaryLanguage">en</span>)
            </a>
</td>
<td itemprop="priorityDate">1991-08-13</td>
<td itemprop="filingDate">1992-08-10</td>
<td itemprop="title">Gaba receptor modulators 
       </td>
</tr>
</tbody>
</table>
<h2>Country Status (13)</h2>
<table>
<thead>
<tr>
<th>Country</th>
<th>Link</th>
</tr>
</thead>
<tbody>
<tr itemprop="countryStatus" itemscope="" repeat="">
<td>
<span itemprop="countryCode">US</span>
            (<span itemprop="num">2</span>)
            
          </td>
<td>
<a href="/patent/US5232917A/en">
<span itemprop="representativePublication">US5232917A</span>
              (<span itemprop="primaryLanguage">en</span>)
            </a>
</td>
</tr>
<tr itemprop="countryStatus" itemscope="" repeat="">
<td>
<span itemprop="countryCode">EP</span>
            (<span itemprop="num">1</span>)
            <meta content="true" itemprop="thisCountry"/>
</td>
<td>
<a href="/patent/EP0554436B1/en">
<span itemprop="representativePublication">EP0554436B1</span>
              (<span itemprop="primaryLanguage">en</span>)
            </a>
</td>
</tr>
<tr itemprop="countryStatus" itemscope="" repeat="">
<td>
<span itemprop="countryCode">JP</span>
            (<span itemprop="num">1</span>)
            
          </td>
<td>
<a href="/patent/JP3710470B2/en">
<span itemprop="representativePublication">JP3710470B2</span>
              (<span itemprop="primaryLanguage">en</span>)
            </a>
</td>
</tr>
<tr itemprop="countryStatus" itemscope="" repeat="">
<td>
<span itemprop="countryCode">KR</span>
            (<span itemprop="num">1</span>)
            
          </td>
<td>
<a href="/patent/KR100287629B1/en">
<span itemprop="representativePublication">KR100287629B1</span>
              (<span itemprop="primaryLanguage">en</span>)
            </a>
</td>
</tr>
<tr itemprop="countryStatus" itemscope="" repeat="">
<td>
<span itemprop="countryCode">AT</span>
            (<span itemprop="num">1</span>)
            
          </td>
<td>
<a href="/patent/ATE194287T1/en">
<span itemprop="representativePublication">ATE194287T1</span>
              (<span itemprop="primaryLanguage">en</span>)
            </a>
</td>
</tr>
<tr itemprop="countryStatus" itemscope="" repeat="">
<td>
<span itemprop="countryCode">AU</span>
            (<span itemprop="num">1</span>)
            
          </td>
<td>
<a href="/patent/AU668880B2/en">
<span itemprop="representativePublication">AU668880B2</span>
              (<span itemprop="primaryLanguage">en</span>)
            </a>
</td>
</tr>
<tr itemprop="countryStatus" itemscope="" repeat="">
<td>
<span itemprop="countryCode">CA</span>
            (<span itemprop="num">1</span>)
            
          </td>
<td>
<a href="/patent/CA2093808C/en">
<span itemprop="representativePublication">CA2093808C</span>
              (<span itemprop="primaryLanguage">en</span>)
            </a>
</td>
</tr>
<tr itemprop="countryStatus" itemscope="" repeat="">
<td>
<span itemprop="countryCode">DE</span>
            (<span itemprop="num">1</span>)
            
          </td>
<td>
<a href="/patent/DE69231221T2/en">
<span itemprop="representativePublication">DE69231221T2</span>
              (<span itemprop="primaryLanguage">en</span>)
            </a>
</td>
</tr>
<tr itemprop="countryStatus" itemscope="" repeat="">
<td>
<span itemprop="countryCode">DK</span>
            (<span itemprop="num">1</span>)
            
          </td>
<td>
<a href="/patent/DK0554436T3/en">
<span itemprop="representativePublication">DK0554436T3</span>
              (<span itemprop="primaryLanguage">en</span>)
            </a>
</td>
</tr>
<tr itemprop="countryStatus" itemscope="" repeat="">
<td>
<span itemprop="countryCode">ES</span>
            (<span itemprop="num">1</span>)
            
          </td>
<td>
<a href="/patent/ES2150917T3/en">
<span itemprop="representativePublication">ES2150917T3</span>
              (<span itemprop="primaryLanguage">en</span>)
            </a>
</td>
</tr>
<tr itemprop="countryStatus" itemscope="" repeat="">
<td>
<span itemprop="countryCode">GR</span>
            (<span itemprop="num">1</span>)
            
          </td>
<td>
<a href="/patent/GR3034486T3/en">
<span itemprop="representativePublication">GR3034486T3</span>
              (<span itemprop="primaryLanguage">en</span>)
            </a>
</td>
</tr>
<tr itemprop="countryStatus" itemscope="" repeat="">
<td>
<span itemprop="countryCode">NO</span>
            (<span itemprop="num">1</span>)
            
          </td>
<td>
<a href="/patent/NO308252B1/en">
<span itemprop="representativePublication">NO308252B1</span>
              (<span itemprop="primaryLanguage">en</span>)
            </a>
</td>
</tr>
<tr itemprop="countryStatus" itemscope="" repeat="">
<td>
<span itemprop="countryCode">WO</span>
            (<span itemprop="num">1</span>)
            
          </td>
<td>
<a href="/patent/WO1993003732A1/en">
<span itemprop="representativePublication">WO1993003732A1</span>
              (<span itemprop="primaryLanguage">en</span>)
            </a>
</td>
</tr>
</tbody>
</table>
<h2>Families Citing this family (133)</h2>
<table>
<caption>* Cited by examiner, † Cited by third party</caption>
<thead>
<tr>
<th>Publication number</th>
<th>Priority date</th>
<th>Publication date</th>
<th>Assignee</th>
<th>Title</th>
</tr>
</thead>
<tbody>
<tr itemprop="forwardReferencesFamily" itemscope="" repeat="">
<td>
<a href="/patent/US5232917A/en">
<span itemprop="publicationNumber">US5232917A</span>
              (<span itemprop="primaryLanguage">en</span>)
            </a>
<span itemprop="examinerCited">*</span>
</td>
<td itemprop="priorityDate">1987-08-25</td>
<td itemprop="publicationDate">1993-08-03</td>
<td><span itemprop="assigneeOriginal">University Of Southern California</span></td>
<td itemprop="title">Methods, compositions, and compounds for allosteric modulation of the GABA receptor by members of the androstane and pregnane series 
       </td>
</tr>
<tr itemprop="forwardReferencesFamily" itemscope="" repeat="">
<td>
<a href="/patent/US5319115A/en">
<span itemprop="publicationNumber">US5319115A</span>
              (<span itemprop="primaryLanguage">en</span>)
            </a>
<span itemprop="examinerCited">*</span>
</td>
<td itemprop="priorityDate">1987-08-25</td>
<td itemprop="publicationDate">1994-06-07</td>
<td><span itemprop="assigneeOriginal">Cocensys Inc.</span></td>
<td itemprop="title">Method for making 3α-hydroxy, 3β-substituted-pregnanes 
       </td>
</tr>
<tr itemprop="forwardReferencesFamily" itemscope="" repeat="">
<td>
<a href="/patent/US5407927A/en">
<span itemprop="publicationNumber">US5407927A</span>
              (<span itemprop="primaryLanguage">en</span>)
            </a>
<span itemprop="examinerCited">*</span>
</td>
<td itemprop="priorityDate">1993-04-16</td>
<td itemprop="publicationDate">1995-04-18</td>
<td><span itemprop="assigneeOriginal">The Regents Of The University Of California</span></td>
<td itemprop="title">Treatment of mild depression and restoration of IGF-I levels in aging by dehydroepiandrosterone 
       </td>
</tr>
<tr itemprop="forwardReferencesFamily" itemscope="" repeat="">
<td>
<a href="/patent/DE69435286D1/en">
<span itemprop="publicationNumber">DE69435286D1</span>
              (<span itemprop="primaryLanguage">en</span>)
            </a>
<span itemprop="examinerCited">*</span>
</td>
<td itemprop="priorityDate">1993-05-24</td>
<td itemprop="publicationDate">2010-05-20</td>
<td><span itemprop="assigneeOriginal">Purdue Pharma Ltd</span></td>
<td itemprop="title">
  METHOD AND COMPOSITIONS FOR EFFECTING SLEEP
 
     </td>
</tr>
<tr itemprop="forwardReferencesFamily" itemscope="" repeat="">
<td>
<a href="/patent/ES2210243T3/en">
<span itemprop="publicationNumber">ES2210243T3</span>
              (<span itemprop="primaryLanguage">en</span>)
            </a>
<span itemprop="examinerCited">*</span>
</td>
<td itemprop="priorityDate">1993-06-15</td>
<td itemprop="publicationDate">2004-07-01</td>
<td><span itemprop="assigneeOriginal">Pherin Corporation</span></td>
<td itemprop="title">
        ANDROSTAN STEROIDS USEFUL AS INITIATORS OF CHANGE OF HUMAN HYPOTALAMIC FUNCTION, PHARMACEUTICAL COMPOSITIONS AND ASSOCIATED PROCEDURES.
       
     </td>
</tr>
<tr itemprop="forwardReferencesFamily" itemscope="" repeat="">
<td>
<a href="/patent/NZ271363A/en">
<span itemprop="publicationNumber">NZ271363A</span>
              (<span itemprop="primaryLanguage">en</span>)
            </a>
<span itemprop="examinerCited">*</span>
</td>
<td itemprop="priorityDate">1993-08-04</td>
<td itemprop="publicationDate">1999-06-29</td>
<td><span itemprop="assigneeOriginal">Akzo Nobel Nv</span></td>
<td itemprop="title">Use of antiglucocorticoid steroids to treat anxiety disorders 
     </td>
</tr>
<tr itemprop="forwardReferencesFamily" itemscope="" repeat="">
<td>
<a href="/patent/DE69417248T2/en">
<span itemprop="publicationNumber">DE69417248T2</span>
              (<span itemprop="primaryLanguage">en</span>)
            </a>
<span itemprop="examinerCited">*</span>
</td>
<td itemprop="priorityDate">1993-10-27</td>
<td itemprop="publicationDate">1999-08-19</td>
<td><span itemprop="assigneeOriginal">Merrell Pharmaceuticals Inc.</span></td>
<td itemprop="title">
        DELTA 16 UNSATURATED C17 HETEROCYCLIC STEROIDS FOR USE AS STEROID C17-20 LYASE INHIBITORS
       
     </td>
</tr>
<tr itemprop="forwardReferencesFamily" itemscope="" repeat="">
<td>
<a href="/patent/CA2139549A1/en">
<span itemprop="publicationNumber">CA2139549A1</span>
              (<span itemprop="primaryLanguage">en</span>)
            </a>
<span itemprop="examinerCited">*</span>
</td>
<td itemprop="priorityDate">1994-01-28</td>
<td itemprop="publicationDate">1995-07-29</td>
<td><span itemprop="assigneeOriginal">Kazumi Ogata</span></td>
<td itemprop="title">Corticoid derivatives and pharmaceutical and cosmetic compositions 
       </td>
</tr>
<tr itemprop="forwardReferencesFamily" itemscope="" repeat="">
<td>
<a href="/patent/BR9506779A/en">
<span itemprop="publicationNumber">BR9506779A</span>
              (<span itemprop="primaryLanguage">en</span>)
            </a>
<span itemprop="examinerCited">*</span>
</td>
<td itemprop="priorityDate">1994-02-14</td>
<td itemprop="publicationDate">1997-10-14</td>
<td><span itemprop="assigneeOriginal">Cocensys Inc</span></td>
<td itemprop="title">
        Compound pharmaceutical composition method for modulating the gaba-chloride receptor ionophore complex in an animal patient by binding to the neurosteroid site in said complex method to treat or prevent stress or anxiety in an animal patient method to relieve or prevent pms or pnd isonia in an animal patient method for treating or avoiding mood disturbances in an animal patient and method for inducing anesthesia in an animal patient
       
     </td>
</tr>
<tr itemprop="forwardReferencesFamily" itemscope="" repeat="">
<td>
<a href="/patent/US5939545A/en">
<span itemprop="publicationNumber">US5939545A</span>
              (<span itemprop="primaryLanguage">en</span>)
            </a>
<span itemprop="examinerCited">*</span>
</td>
<td itemprop="priorityDate">1994-02-14</td>
<td itemprop="publicationDate">1999-08-17</td>
<td><span itemprop="assigneeOriginal">Cocensys, Inc.</span></td>
<td itemprop="title">Method, compositions, and compounds for allosteric modulation of the gaba receptor by members of the androstane and pregnane series 
       </td>
</tr>
<tr itemprop="forwardReferencesFamily" itemscope="" repeat="">
<td>
<a href="/patent/US5449795A/en">
<span itemprop="publicationNumber">US5449795A</span>
              (<span itemprop="primaryLanguage">en</span>)
            </a>
<span itemprop="examinerCited">*</span>
</td>
<td itemprop="priorityDate">1994-02-14</td>
<td itemprop="publicationDate">1995-09-12</td>
<td><span itemprop="assigneeOriginal">Cocensys, Inc.</span></td>
<td itemprop="title">Process for synthesis of steroidal allylic tert. alcohols 
       </td>
</tr>
<tr itemprop="forwardReferencesFamily" itemscope="" repeat="">
<td>
<a href="/patent/US5994333A/en">
<span itemprop="publicationNumber">US5994333A</span>
              (<span itemprop="primaryLanguage">en</span>)
            </a>
<span itemprop="examinerCited">*</span>
</td>
<td itemprop="priorityDate">1994-08-04</td>
<td itemprop="publicationDate">1999-11-30</td>
<td><span itemprop="assigneeOriginal">Pherin Corporation</span></td>
<td itemprop="title">Pregnane and cholane steroids as neurochemical initiators of change in human hypothalamic function and related pharmaceutical compositions and methods 
       </td>
</tr>
<tr itemprop="forwardReferencesFamily" itemscope="" repeat="">
<td>
<a href="/patent/US5767117A/en">
<span itemprop="publicationNumber">US5767117A</span>
              (<span itemprop="primaryLanguage">en</span>)
            </a>
<span itemprop="examinerCited">*</span>
</td>
<td itemprop="priorityDate">1994-11-18</td>
<td itemprop="publicationDate">1998-06-16</td>
<td><span itemprop="assigneeOriginal">The General Hospital Corporation</span></td>
<td itemprop="title">Method for treating vascular headaches 
       </td>
</tr>
<tr itemprop="forwardReferencesFamily" itemscope="" repeat="">
<td>
<a href="/patent/BR9509764A/en">
<span itemprop="publicationNumber">BR9509764A</span>
              (<span itemprop="primaryLanguage">en</span>)
            </a>
<span itemprop="examinerCited">*</span>
</td>
<td itemprop="priorityDate">1994-11-23</td>
<td itemprop="publicationDate">1998-07-07</td>
<td><span itemprop="assigneeOriginal">Cocensys Inc</span></td>
<td itemprop="title">
        Androstane and pregnane series for allosteric modulation of gaba receptor
       
     </td>
</tr>
<tr itemprop="forwardReferencesFamily" itemscope="" repeat="">
<td>
<a href="/patent/US6780853B1/en">
<span itemprop="publicationNumber">US6780853B1</span>
              (<span itemprop="primaryLanguage">en</span>)
            </a>
<span itemprop="examinerCited">*</span>
</td>
<td itemprop="priorityDate">1995-06-06</td>
<td itemprop="publicationDate">2004-08-24</td>
<td><span itemprop="assigneeOriginal">Euro-Celtique S.A.</span></td>
<td itemprop="title">Neuroactive steroids of the androstane and pregnane series 
       </td>
</tr>
<tr itemprop="forwardReferencesFamily" itemscope="" repeat="">
<td>
<a href="/patent/CZ394197A3/en">
<span itemprop="publicationNumber">CZ394197A3</span>
              (<span itemprop="primaryLanguage">en</span>)
            </a>
<span itemprop="examinerCited">*</span>
</td>
<td itemprop="priorityDate">1995-06-06</td>
<td itemprop="publicationDate">1998-06-17</td>
<td><span itemprop="assigneeOriginal">Cocensys, Inc.</span></td>
<td itemprop="title">Neuroactive steroids of androstane and pregnane series 
       </td>
</tr>
<tr itemprop="forwardReferencesFamily" itemscope="" repeat="">
<td>
<a href="/patent/US5736537A/en">
<span itemprop="publicationNumber">US5736537A</span>
              (<span itemprop="primaryLanguage">en</span>)
            </a>
</td>
<td itemprop="priorityDate">1995-09-12</td>
<td itemprop="publicationDate">1998-04-07</td>
<td><span itemprop="assigneeOriginal">Estee Lauder, Inc.</span></td>
<td itemprop="title">Dehydroep:androsterone sailcylate useful against skin atrophy 
       </td>
</tr>
<tr itemprop="forwardReferencesFamily" itemscope="" repeat="">
<td>
<a href="/patent/US5912266A/en">
<span itemprop="publicationNumber">US5912266A</span>
              (<span itemprop="primaryLanguage">en</span>)
            </a>
<span itemprop="examinerCited">*</span>
</td>
<td itemprop="priorityDate">1996-08-21</td>
<td itemprop="publicationDate">1999-06-15</td>
<td><span itemprop="assigneeOriginal">American Home Products Corporation</span></td>
<td itemprop="title">Beta2 integrin cell adhesion molecule inhibitors 
       </td>
</tr>
<tr itemprop="forwardReferencesFamily" itemscope="" repeat="">
<td>
<a href="/patent/US6787530B1/en">
<span itemprop="publicationNumber">US6787530B1</span>
              (<span itemprop="primaryLanguage">en</span>)
            </a>
</td>
<td itemprop="priorityDate">1996-08-23</td>
<td itemprop="publicationDate">2004-09-07</td>
<td><span itemprop="assigneeOriginal">Monash University</span></td>
<td itemprop="title">Use of pregnane-diones as analgesic agents 
       </td>
</tr>
<tr itemprop="forwardReferencesFamily" itemscope="" repeat="">
<td>
<a href="/patent/US5929058A/en">
<span itemprop="publicationNumber">US5929058A</span>
              (<span itemprop="primaryLanguage">en</span>)
            </a>
<span itemprop="examinerCited">*</span>
</td>
<td itemprop="priorityDate">1996-12-24</td>
<td itemprop="publicationDate">1999-07-27</td>
<td><span itemprop="assigneeOriginal">Zymogenetics, Inc.</span></td>
<td itemprop="title">Treatment agents and methods for treating type II diabetes and symptoms of type II diabetes 
       </td>
</tr>
<tr itemprop="forwardReferencesFamily" itemscope="" repeat="">
<td>
<a href="/patent/US20010051599A1/en">
<span itemprop="publicationNumber">US20010051599A1</span>
              (<span itemprop="primaryLanguage">en</span>)
            </a>
</td>
<td itemprop="priorityDate">1997-05-02</td>
<td itemprop="publicationDate">2001-12-13</td>
<td><span itemprop="assigneeOriginal">Michael Z. Kagan</span></td>
<td itemprop="title">Pregnan-3-ol-20-ones 
       </td>
</tr>
<tr itemprop="forwardReferencesFamily" itemscope="" repeat="">
<td>
<a href="/patent/DE69927960T2/en">
<span itemprop="publicationNumber">DE69927960T2</span>
              (<span itemprop="primaryLanguage">en</span>)
            </a>
<span itemprop="examinerCited">*</span>
</td>
<td itemprop="priorityDate">1998-03-11</td>
<td itemprop="publicationDate">2006-07-20</td>
<td><span itemprop="assigneeOriginal">Torbjörn Backström</span></td>
<td itemprop="title">
  EPIALLOPREGNANOLONE FOR THE TREATMENT OF DISEASES OF THE CNS
 
     </td>
</tr>
<tr itemprop="forwardReferencesFamily" itemscope="" repeat="">
<td>
<a href="/patent/US6667299B1/en">
<span itemprop="publicationNumber">US6667299B1</span>
              (<span itemprop="primaryLanguage">en</span>)
            </a>
<span itemprop="examinerCited">*</span>
</td>
<td itemprop="priorityDate">2000-03-16</td>
<td itemprop="publicationDate">2003-12-23</td>
<td><span itemprop="assigneeOriginal">Hollis-Eden Pharmaceuticals, Inc.</span></td>
<td itemprop="title">Pharmaceutical compositions and treatment methods 
       </td>
</tr>
<tr itemprop="forwardReferencesFamily" itemscope="" repeat="">
<td>
<a href="/patent/EP1177206A1/en">
<span itemprop="publicationNumber">EP1177206A1</span>
              (<span itemprop="primaryLanguage">en</span>)
            </a>
<span itemprop="examinerCited">*</span>
</td>
<td itemprop="priorityDate">1999-04-29</td>
<td itemprop="publicationDate">2002-02-06</td>
<td><span itemprop="assigneeOriginal">Purdue Pharma Ltd.</span></td>
<td itemprop="title">3alpha-hydroxy-3beta methoxymethyl-21-heterocycle substituted steroids with anaesthetic activity 
       </td>
</tr>
<tr itemprop="forwardReferencesFamily" itemscope="" repeat="">
<td>
<a href="/patent/US20020034772A1/en">
<span itemprop="publicationNumber">US20020034772A1</span>
              (<span itemprop="primaryLanguage">en</span>)
            </a>
<span itemprop="examinerCited">*</span>
</td>
<td itemprop="priorityDate">1999-06-29</td>
<td itemprop="publicationDate">2002-03-21</td>
<td><span itemprop="assigneeOriginal">Orlow Seth J.</span></td>
<td itemprop="title">Methods and compositions that affect melanogenesis 
       </td>
</tr>
<tr itemprop="forwardReferencesFamily" itemscope="" repeat="">
<td>
<a href="/patent/US8771740B2/en">
<span itemprop="publicationNumber">US8771740B2</span>
              (<span itemprop="primaryLanguage">en</span>)
            </a>
<span itemprop="examinerCited">*</span>
</td>
<td itemprop="priorityDate">1999-12-20</td>
<td itemprop="publicationDate">2014-07-08</td>
<td><span itemprop="assigneeOriginal">Nicholas J. Kerkhof</span></td>
<td itemprop="title">Process for producing nanoparticles by spray drying 
       </td>
</tr>
<tr itemprop="forwardReferencesFamily" itemscope="" repeat="">
<td>
<a href="/patent/CA2395129C/en">
<span itemprop="publicationNumber">CA2395129C</span>
              (<span itemprop="primaryLanguage">en</span>)
            </a>
<span itemprop="examinerCited">*</span>
</td>
<td itemprop="priorityDate">1999-12-20</td>
<td itemprop="publicationDate">2008-12-16</td>
<td><span itemprop="assigneeOriginal">Nicholas J. Kerkhof</span></td>
<td itemprop="title">Process for producing nanometer particles by fluid bed spray-drying 
     </td>
</tr>
<tr itemprop="forwardReferencesFamily" itemscope="" repeat="">
<td>
<a href="/patent/GB9930562D0/en">
<span itemprop="publicationNumber">GB9930562D0</span>
              (<span itemprop="primaryLanguage">en</span>)
            </a>
<span itemprop="examinerCited">*</span>
</td>
<td itemprop="priorityDate">1999-12-23</td>
<td itemprop="publicationDate">2000-02-16</td>
<td><span itemprop="assigneeOriginal">Boc Group Plc</span></td>
<td itemprop="title">Partial oxidation of hydrogen sulphide 
     </td>
</tr>
<tr itemprop="forwardReferencesFamily" itemscope="" repeat="">
<td>
<a href="/patent/US20020061339A1/en">
<span itemprop="publicationNumber">US20020061339A1</span>
              (<span itemprop="primaryLanguage">en</span>)
            </a>
<span itemprop="examinerCited">*</span>
</td>
<td itemprop="priorityDate">2000-09-28</td>
<td itemprop="publicationDate">2002-05-23</td>
<td><span itemprop="assigneeOriginal">Martin Stogniew</span></td>
<td itemprop="title">Compositions and methods for use of extracts of rutaceae plants 
       </td>
</tr>
<tr itemprop="forwardReferencesFamily" itemscope="" repeat="">
<td>
<a href="/patent/US20020072509A1/en">
<span itemprop="publicationNumber">US20020072509A1</span>
              (<span itemprop="primaryLanguage">en</span>)
            </a>
<span itemprop="examinerCited">*</span>
</td>
<td itemprop="priorityDate">2000-10-11</td>
<td itemprop="publicationDate">2002-06-13</td>
<td><span itemprop="assigneeOriginal">Stein Donald Gerald</span></td>
<td itemprop="title">Methods for the treatment of a traumatic central nervous system injury 
       </td>
</tr>
<tr itemprop="forwardReferencesFamily" itemscope="" repeat="">
<td>
<a href="/patent/SE0104423D0/en">
<span itemprop="publicationNumber">SE0104423D0</span>
              (<span itemprop="primaryLanguage">en</span>)
            </a>
</td>
<td itemprop="priorityDate">2001-12-27</td>
<td itemprop="publicationDate">2001-12-27</td>
<td><span itemprop="assigneeOriginal">Umecrine Ab</span></td>
<td itemprop="title">
  Pregnane steroids and their use in the treatment of CNS disorders
 
     </td>
</tr>
<tr itemprop="forwardReferencesFamily" itemscope="" repeat="">
<td>
<a href="/patent/EP2316468A1/en">
<span itemprop="publicationNumber">EP2316468A1</span>
              (<span itemprop="primaryLanguage">en</span>)
            </a>
</td>
<td itemprop="priorityDate">2002-02-22</td>
<td itemprop="publicationDate">2011-05-04</td>
<td><span itemprop="assigneeOriginal">Shire LLC</span></td>
<td itemprop="title">Delivery system and methods for protecting and administering dextroamphetamine 
       </td>
</tr>
<tr itemprop="forwardReferencesFamily" itemscope="" repeat="">
<td>
<a href="/patent/US9150605B2/en">
<span itemprop="publicationNumber">US9150605B2</span>
              (<span itemprop="primaryLanguage">en</span>)
            </a>
<span itemprop="examinerCited">*</span>
</td>
<td itemprop="priorityDate">2002-11-05</td>
<td itemprop="publicationDate">2015-10-06</td>
<td><span itemprop="assigneeOriginal">Isis Pharmaceuticals, Inc.</span></td>
<td itemprop="title">Compositions comprising alternating 2′-modified nucleosides for use in gene modulation 
       </td>
</tr>
<tr itemprop="forwardReferencesFamily" itemscope="" repeat="">
<td>
<a href="/patent/WO2005105822A2/en">
<span itemprop="publicationNumber">WO2005105822A2</span>
              (<span itemprop="primaryLanguage">en</span>)
            </a>
<span itemprop="examinerCited">*</span>
</td>
<td itemprop="priorityDate">2004-04-23</td>
<td itemprop="publicationDate">2005-11-10</td>
<td><span itemprop="assigneeOriginal">Euro-Celtique S.A.</span></td>
<td itemprop="title">3-alpha-hydroxy 21-n- heteroaryl-pregnane derivatives for modulation of brain excitability and a process for the production thereof 
     </td>
</tr>
<tr itemprop="forwardReferencesFamily" itemscope="" repeat="">
<td>
<a href="/patent/CA2582231A1/en">
<span itemprop="publicationNumber">CA2582231A1</span>
              (<span itemprop="primaryLanguage">en</span>)
            </a>
<span itemprop="examinerCited">*</span>
</td>
<td itemprop="priorityDate">2004-09-29</td>
<td itemprop="publicationDate">2006-10-19</td>
<td><span itemprop="assigneeOriginal">Hollis-Eden Pharmaceuticals, Inc.</span></td>
<td itemprop="title">Steroid analogs and uses 
     </td>
</tr>
<tr itemprop="forwardReferencesFamily" itemscope="" repeat="">
<td>
<a href="/patent/ES2392454T3/en">
<span itemprop="publicationNumber">ES2392454T3</span>
              (<span itemprop="primaryLanguage">en</span>)
            </a>
</td>
<td itemprop="priorityDate">2005-03-24</td>
<td itemprop="publicationDate">2012-12-10</td>
<td><span itemprop="assigneeOriginal">Emory University</span></td>
<td itemprop="title">
        Dosage regimen for the treatment of a traumatic brain injury with progesterone
       
     </td>
</tr>
<tr itemprop="forwardReferencesFamily" itemscope="" repeat="">
<td>
<a href="/patent/US7473687B2/en">
<span itemprop="publicationNumber">US7473687B2</span>
              (<span itemprop="primaryLanguage">en</span>)
            </a>
<span itemprop="examinerCited">*</span>
</td>
<td itemprop="priorityDate">2005-03-24</td>
<td itemprop="publicationDate">2009-01-06</td>
<td><span itemprop="assigneeOriginal">Emory University</span></td>
<td itemprop="title">Methods for the treatment of a traumatic central nervous system injury 
       </td>
</tr>
<tr itemprop="forwardReferencesFamily" itemscope="" repeat="">
<td>
<a href="/patent/CA2620333A1/en">
<span itemprop="publicationNumber">CA2620333A1</span>
              (<span itemprop="primaryLanguage">en</span>)
            </a>
</td>
<td itemprop="priorityDate">2005-08-26</td>
<td itemprop="publicationDate">2007-03-01</td>
<td><span itemprop="assigneeOriginal">Braincells, Inc.</span></td>
<td itemprop="title">Neurogenesis by muscarinic receptor modulation 
       </td>
</tr>
<tr itemprop="forwardReferencesFamily" itemscope="" repeat="">
<td>
<a href="/patent/EP2258357A3/en">
<span itemprop="publicationNumber">EP2258357A3</span>
              (<span itemprop="primaryLanguage">en</span>)
            </a>
</td>
<td itemprop="priorityDate">2005-08-26</td>
<td itemprop="publicationDate">2011-04-06</td>
<td><span itemprop="assigneeOriginal">Braincells, Inc.</span></td>
<td itemprop="title">Neurogenesis with acetylcholinesterase inhibitor 
       </td>
</tr>
<tr itemprop="forwardReferencesFamily" itemscope="" repeat="">
<td>
<a href="/patent/US7985756B2/en">
<span itemprop="publicationNumber">US7985756B2</span>
              (<span itemprop="primaryLanguage">en</span>)
            </a>
</td>
<td itemprop="priorityDate">2005-10-21</td>
<td itemprop="publicationDate">2011-07-26</td>
<td><span itemprop="assigneeOriginal">Braincells Inc.</span></td>
<td itemprop="title">Modulation of neurogenesis by PDE inhibition 
       </td>
</tr>
<tr itemprop="forwardReferencesFamily" itemscope="" repeat="">
<td>
<a href="/patent/EP1942879A1/en">
<span itemprop="publicationNumber">EP1942879A1</span>
              (<span itemprop="primaryLanguage">en</span>)
            </a>
</td>
<td itemprop="priorityDate">2005-10-31</td>
<td itemprop="publicationDate">2008-07-16</td>
<td><span itemprop="assigneeOriginal">Braincells, Inc.</span></td>
<td itemprop="title">Gaba receptor mediated modulation of neurogenesis 
       </td>
</tr>
<tr itemprop="forwardReferencesFamily" itemscope="" repeat="">
<td>
<a href="/patent/US20100216734A1/en">
<span itemprop="publicationNumber">US20100216734A1</span>
              (<span itemprop="primaryLanguage">en</span>)
            </a>
</td>
<td itemprop="priorityDate">2006-03-08</td>
<td itemprop="publicationDate">2010-08-26</td>
<td><span itemprop="assigneeOriginal">Braincells, Inc.</span></td>
<td itemprop="title">Modulation of neurogenesis by nootropic agents 
       </td>
</tr>
<tr itemprop="forwardReferencesFamily" itemscope="" repeat="">
<td>
<a href="/patent/WO2007104035A1/en">
<span itemprop="publicationNumber">WO2007104035A1</span>
              (<span itemprop="primaryLanguage">en</span>)
            </a>
<span itemprop="examinerCited">*</span>
</td>
<td itemprop="priorityDate">2006-03-08</td>
<td itemprop="publicationDate">2007-09-13</td>
<td><span itemprop="assigneeOriginal">Braincells, Inc.</span></td>
<td itemprop="title">Modulation of neurogenesis by nootropic agents 
       </td>
</tr>
<tr itemprop="forwardReferencesFamily" itemscope="" repeat="">
<td>
<a href="/patent/JP2009536669A/en">
<span itemprop="publicationNumber">JP2009536669A</span>
              (<span itemprop="primaryLanguage">en</span>)
            </a>
</td>
<td itemprop="priorityDate">2006-05-09</td>
<td itemprop="publicationDate">2009-10-15</td>
<td><span itemprop="assigneeOriginal">ブレインセルス，インコーポレイティド</span></td>
<td itemprop="title">
  Neurogenesis by angiotensin regulation
 
     </td>
</tr>
<tr itemprop="forwardReferencesFamily" itemscope="" repeat="">
<td>
<a href="/patent/US20100009983A1/en">
<span itemprop="publicationNumber">US20100009983A1</span>
              (<span itemprop="primaryLanguage">en</span>)
            </a>
<span itemprop="examinerCited">*</span>
</td>
<td itemprop="priorityDate">2006-05-09</td>
<td itemprop="publicationDate">2010-01-14</td>
<td><span itemprop="assigneeOriginal">Braincells, Inc.</span></td>
<td itemprop="title">5 ht receptor mediated neurogenesis 
       </td>
</tr>
<tr itemprop="forwardReferencesFamily" itemscope="" repeat="">
<td>
<a href="/patent/MX2008014320A/en">
<span itemprop="publicationNumber">MX2008014320A</span>
              (<span itemprop="primaryLanguage">en</span>)
            </a>
</td>
<td itemprop="priorityDate">2006-05-09</td>
<td itemprop="publicationDate">2009-03-25</td>
<td><span itemprop="assigneeOriginal">Braincells Inc</span></td>
<td itemprop="title">5 ht receptor mediated neurogenesis. 
       </td>
</tr>
<tr itemprop="forwardReferencesFamily" itemscope="" repeat="">
<td>
<a href="/patent/JP2010502722A/en">
<span itemprop="publicationNumber">JP2010502722A</span>
              (<span itemprop="primaryLanguage">en</span>)
            </a>
</td>
<td itemprop="priorityDate">2006-09-08</td>
<td itemprop="publicationDate">2010-01-28</td>
<td><span itemprop="assigneeOriginal">ブレインセルス，インコーポレイティド</span></td>
<td itemprop="title">
  Combinations containing 4-acylaminopyridine derivatives
 
       </td>
</tr>
<tr itemprop="forwardReferencesFamily" itemscope="" repeat="">
<td>
<a href="/patent/AU2007299920A1/en">
<span itemprop="publicationNumber">AU2007299920A1</span>
              (<span itemprop="primaryLanguage">en</span>)
            </a>
<span itemprop="examinerCited">*</span>
</td>
<td itemprop="priorityDate">2006-09-19</td>
<td itemprop="publicationDate">2008-03-27</td>
<td><span itemprop="assigneeOriginal">Braincells, Inc.</span></td>
<td itemprop="title">PPAR Mediated Modulation of Neurogenesis 
     </td>
</tr>
<tr itemprop="forwardReferencesFamily" itemscope="" repeat="">
<td>
<a href="/patent/US20100184806A1/en">
<span itemprop="publicationNumber">US20100184806A1</span>
              (<span itemprop="primaryLanguage">en</span>)
            </a>
</td>
<td itemprop="priorityDate">2006-09-19</td>
<td itemprop="publicationDate">2010-07-22</td>
<td><span itemprop="assigneeOriginal">Braincells, Inc.</span></td>
<td itemprop="title">Modulation of neurogenesis by ppar agents 
     </td>
</tr>
<tr itemprop="forwardReferencesFamily" itemscope="" repeat="">
<td>
<a href="/patent/DK2792681T3/en">
<span itemprop="publicationNumber">DK2792681T3</span>
              (<span itemprop="primaryLanguage">en</span>)
            </a>
<span itemprop="examinerCited">*</span>
</td>
<td itemprop="priorityDate">2006-11-21</td>
<td itemprop="publicationDate">2017-01-23</td>
<td><span itemprop="assigneeOriginal">Umecrine Ab</span></td>
<td itemprop="title">
  Use of Pregnancy and Androstan Steroids in the Preparation of a Pharmaceutical Composition for the Treatment of CNS Disorders.
 
     </td>
</tr>
<tr itemprop="forwardReferencesFamily" itemscope="" repeat="">
<td>
<a href="/patent/US8575375B2/en">
<span itemprop="publicationNumber">US8575375B2</span>
              (<span itemprop="primaryLanguage">en</span>)
            </a>
<span itemprop="examinerCited">*</span>
</td>
<td itemprop="priorityDate">2007-06-15</td>
<td itemprop="publicationDate">2013-11-05</td>
<td><span itemprop="assigneeOriginal">Research Triangle Institute</span></td>
<td itemprop="title">Androstane and pregnane steroids with potent allosteric GABA receptor chloride ionophore modulating properties 
       </td>
</tr>
<tr itemprop="forwardReferencesFamily" itemscope="" repeat="">
<td>
<a href="/patent/US20080318870A1/en">
<span itemprop="publicationNumber">US20080318870A1</span>
              (<span itemprop="primaryLanguage">en</span>)
            </a>
</td>
<td itemprop="priorityDate">2007-06-19</td>
<td itemprop="publicationDate">2008-12-25</td>
<td><span itemprop="assigneeOriginal">Kythera Biopharmaceuticals, Inc.</span></td>
<td itemprop="title">Synthetic bile acid compositions and methods 
       </td>
</tr>
<tr itemprop="forwardReferencesFamily" itemscope="" repeat="">
<td>
<a href="/patent/US8242294B2/en">
<span itemprop="publicationNumber">US8242294B2</span>
              (<span itemprop="primaryLanguage">en</span>)
            </a>
</td>
<td itemprop="priorityDate">2007-06-19</td>
<td itemprop="publicationDate">2012-08-14</td>
<td><span itemprop="assigneeOriginal">Kythera Biopharmaceuticals, Inc.</span></td>
<td itemprop="title">Synthetic bile acid compositions and methods 
       </td>
</tr>
<tr itemprop="forwardReferencesFamily" itemscope="" repeat="">
<td>
<a href="/patent/JOP20180077A1/en">
<span itemprop="publicationNumber">JOP20180077A1</span>
              (<span itemprop="primaryLanguage">en</span>)
            </a>
</td>
<td itemprop="priorityDate">2007-06-19</td>
<td itemprop="publicationDate">2019-01-30</td>
<td><span itemprop="assigneeOriginal">Kythera Biopharmaceuticals Inc</span></td>
<td itemprop="title">Synthetic bile acid compositions and methods 
       </td>
</tr>
<tr itemprop="forwardReferencesFamily" itemscope="" repeat="">
<td>
<a href="/patent/EP2260052A4/en">
<span itemprop="publicationNumber">EP2260052A4</span>
              (<span itemprop="primaryLanguage">en</span>)
            </a>
<span itemprop="examinerCited">*</span>
</td>
<td itemprop="priorityDate">2008-02-26</td>
<td itemprop="publicationDate">2013-01-16</td>
<td><span itemprop="assigneeOriginal">Univ Emory</span></td>
<td itemprop="title">
        STEROID ANALOGUES USED IN NEUROPROTECTION
       
       </td>
</tr>
<tr itemprop="forwardReferencesFamily" itemscope="" repeat="">
<td>
<a href="/patent/US20100048913A1/en">
<span itemprop="publicationNumber">US20100048913A1</span>
              (<span itemprop="primaryLanguage">en</span>)
            </a>
</td>
<td itemprop="priorityDate">2008-03-14</td>
<td itemprop="publicationDate">2010-02-25</td>
<td><span itemprop="assigneeOriginal">Angela Brodie</span></td>
<td itemprop="title">Novel C-17-Heteroaryl Steroidal CYP17 Inhibitors/Antiandrogens;Synthesis In Vitro Biological Activities, Pharmacokinetics and Antitumor Activity 
       </td>
</tr>
<tr itemprop="forwardReferencesFamily" itemscope="" repeat="">
<td>
<a href="/patent/GB2460350B/en">
<span itemprop="publicationNumber">GB2460350B</span>
              (<span itemprop="primaryLanguage">en</span>)
            </a>
<span itemprop="examinerCited">*</span>
</td>
<td itemprop="priorityDate">2008-04-25</td>
<td itemprop="publicationDate">2011-04-06</td>
<td><span itemprop="assigneeOriginal">Kythera Biopharmaceuticals Inc</span></td>
<td itemprop="title">Intermediates for the preparation of bile acids 
       </td>
</tr>
<tr itemprop="forwardReferencesFamily" itemscope="" repeat="">
<td>
<a href="/patent/CN101585862B/en">
<span itemprop="publicationNumber">CN101585862B</span>
              (<span itemprop="primaryLanguage">en</span>)
            </a>
<span itemprop="examinerCited">*</span>
</td>
<td itemprop="priorityDate">2008-05-20</td>
<td itemprop="publicationDate">2014-12-17</td>
<td><span itemprop="assigneeOriginal">梅克芳股份公司</span></td>
<td itemprop="title">
        Steroids
       
       </td>
</tr>
<tr itemprop="forwardReferencesFamily" itemscope="" repeat="">
<td>
<a href="/patent/CN103819525A/en">
<span itemprop="publicationNumber">CN103819525A</span>
              (<span itemprop="primaryLanguage">en</span>)
            </a>
<span itemprop="examinerCited">*</span>
</td>
<td itemprop="priorityDate">2008-05-20</td>
<td itemprop="publicationDate">2014-05-28</td>
<td><span itemprop="assigneeOriginal">梅克芳股份公司</span></td>
<td itemprop="title">Steroid compound 
       </td>
</tr>
<tr itemprop="forwardReferencesFamily" itemscope="" repeat="">
<td>
<a href="/patent/JP2012516900A/en">
<span itemprop="publicationNumber">JP2012516900A</span>
              (<span itemprop="primaryLanguage">en</span>)
            </a>
</td>
<td itemprop="priorityDate">2009-02-05</td>
<td itemprop="publicationDate">2012-07-26</td>
<td><span itemprop="assigneeOriginal">トーカイ  ファーマシューティカルズ，インク．</span></td>
<td itemprop="title">
  Steroidal CYP17 inhibitor / new prodrug of antiandrogen
 
       </td>
</tr>
<tr itemprop="forwardReferencesFamily" itemscope="" repeat="">
<td>
<a href="/patent/US20100216805A1/en">
<span itemprop="publicationNumber">US20100216805A1</span>
              (<span itemprop="primaryLanguage">en</span>)
            </a>
</td>
<td itemprop="priorityDate">2009-02-25</td>
<td itemprop="publicationDate">2010-08-26</td>
<td><span itemprop="assigneeOriginal">Braincells, Inc.</span></td>
<td itemprop="title">Modulation of neurogenesis using d-cycloserine combinations 
     </td>
</tr>
<tr itemprop="forwardReferencesFamily" itemscope="" repeat="">
<td>
<a href="/patent/CZ302050B6/en">
<span itemprop="publicationNumber">CZ302050B6</span>
              (<span itemprop="primaryLanguage">en</span>)
            </a>
<span itemprop="examinerCited">*</span>
</td>
<td itemprop="priorityDate">2009-08-04</td>
<td itemprop="publicationDate">2010-09-15</td>
<td><span itemprop="assigneeOriginal">Ústav organické chemie a biochemie, Akademie ved CR, v.v.i.</span></td>
<td itemprop="title">3alpha-Hydroxy-21xi, 22-oxide-21-homo-5alpha-pregnan-20-one, process if its preparation and its use 
       </td>
</tr>
<tr itemprop="forwardReferencesFamily" itemscope="" repeat="">
<td>
<a href="/patent/KR101778603B1/en">
<span itemprop="publicationNumber">KR101778603B1</span>
              (<span itemprop="primaryLanguage">en</span>)
            </a>
<span itemprop="examinerCited">*</span>
</td>
<td itemprop="priorityDate">2009-08-13</td>
<td itemprop="publicationDate">2017-09-14</td>
<td><span itemprop="assigneeOriginal">마리누스 파마슈티컬스</span></td>
<td itemprop="title">METHOD FOR MAKING 3α-HYDROXY, 3β- METHYL-5α-PREGNAN-20-ONE (GANAXOLONE) 
       </td>
</tr>
<tr itemprop="forwardReferencesFamily" itemscope="" repeat="">
<td>
<a href="/patent/CA2786330C/en">
<span itemprop="publicationNumber">CA2786330C</span>
              (<span itemprop="primaryLanguage">en</span>)
            </a>
</td>
<td itemprop="priorityDate">2010-01-14</td>
<td itemprop="publicationDate">2013-11-19</td>
<td><span itemprop="assigneeOriginal">Umecrine Mood Ab</span></td>
<td itemprop="title">A pharmaceutical composition comprising 3-beta-hydroxy-5-alpha-pregnan-20-one with improved storage and solubility properties 
     </td>
</tr>
<tr itemprop="forwardReferencesFamily" itemscope="" repeat="">
<td>
<a href="/patent/US9127036B2/en">
<span itemprop="publicationNumber">US9127036B2</span>
              (<span itemprop="primaryLanguage">en</span>)
            </a>
</td>
<td itemprop="priorityDate">2010-08-12</td>
<td itemprop="publicationDate">2015-09-08</td>
<td><span itemprop="assigneeOriginal">Kythera Biopharmaceuticals, Inc.</span></td>
<td itemprop="title">Synthetic bile acid compositions and methods 
       </td>
</tr>
<tr itemprop="forwardReferencesFamily" itemscope="" repeat="">
<td>
<a href="/patent/FR2973031B1/en">
<span itemprop="publicationNumber">FR2973031B1</span>
              (<span itemprop="primaryLanguage">en</span>)
            </a>
<span itemprop="examinerCited">*</span>
</td>
<td itemprop="priorityDate">2011-03-23</td>
<td itemprop="publicationDate">2013-11-29</td>
<td><span itemprop="assigneeOriginal">Univ Strasbourg</span></td>
<td itemprop="title">
        DERIVATIVES OF ALLOPREGNANOLONE AND EPIALLOPREGNANOLONE AND USES THEREOF FOR TREATING A NEUROPATHOLOGICAL CONDITION
       
     </td>
</tr>
<tr itemprop="forwardReferencesFamily" itemscope="" repeat="">
<td>
<a href="/patent/WO2012129673A1/en">
<span itemprop="publicationNumber">WO2012129673A1</span>
              (<span itemprop="primaryLanguage">en</span>)
            </a>
<span itemprop="examinerCited">*</span>
</td>
<td itemprop="priorityDate">2011-03-25</td>
<td itemprop="publicationDate">2012-10-04</td>
<td><span itemprop="assigneeOriginal">Universite Laval</span></td>
<td itemprop="title">INHIBITORS OF 17ß-HSD1, 17ß-HSD3 AND 17ß-HSD10 
       </td>
</tr>
<tr itemprop="forwardReferencesFamily" itemscope="" repeat="">
<td>
<a href="/patent/DK3170501T3/en">
<span itemprop="publicationNumber">DK3170501T3</span>
              (<span itemprop="primaryLanguage">en</span>)
            </a>
</td>
<td itemprop="priorityDate">2011-05-20</td>
<td itemprop="publicationDate">2020-09-28</td>
<td><span itemprop="assigneeOriginal">Inst Nat Sante Rech Med</span></td>
<td itemprop="title">
  ANTAGONISTS OF CB1 RECEPTOR
 
     </td>
</tr>
<tr itemprop="forwardReferencesFamily" itemscope="" repeat="">
<td>
<a href="/patent/CA2848212C/en">
<span itemprop="publicationNumber">CA2848212C</span>
              (<span itemprop="primaryLanguage">en</span>)
            </a>
</td>
<td itemprop="priorityDate">2011-09-08</td>
<td itemprop="publicationDate">2022-03-29</td>
<td><span itemprop="assigneeOriginal">Sage Therapeutics, Inc.</span></td>
<td itemprop="title">Neuroactive steroids, compositions, and uses thereof 
     </td>
</tr>
<tr itemprop="forwardReferencesFamily" itemscope="" repeat="">
<td>
<a href="/patent/WO2013043985A1/en">
<span itemprop="publicationNumber">WO2013043985A1</span>
              (<span itemprop="primaryLanguage">en</span>)
            </a>
</td>
<td itemprop="priorityDate">2011-09-23</td>
<td itemprop="publicationDate">2013-03-28</td>
<td><span itemprop="assigneeOriginal">The Regents Of The University Of California</span></td>
<td itemprop="title">Edible oils to enhance delivery of orally administered steroids 
       </td>
</tr>
<tr itemprop="forwardReferencesFamily" itemscope="" repeat="">
<td>
<a href="/patent/CA3152410A1/en">
<span itemprop="publicationNumber">CA3152410A1</span>
              (<span itemprop="primaryLanguage">en</span>)
            </a>
</td>
<td itemprop="priorityDate">2011-10-14</td>
<td itemprop="publicationDate">2013-04-18</td>
<td><span itemprop="assigneeOriginal">Sage Therapeutics, Inc.</span></td>
<td itemprop="title">3,3-disubstituted 19-nor pregnane compounds, compositions, and uses thereof for the treatment of cns related disorders 
     </td>
</tr>
<tr itemprop="forwardReferencesFamily" itemscope="" repeat="">
<td>
<a href="/patent/WO2013112605A2/en">
<span itemprop="publicationNumber">WO2013112605A2</span>
              (<span itemprop="primaryLanguage">en</span>)
            </a>
</td>
<td itemprop="priorityDate">2012-01-23</td>
<td itemprop="publicationDate">2013-08-01</td>
<td><span itemprop="assigneeOriginal">Sage Therapeutics, Inc.</span></td>
<td itemprop="title">Neuroactive steroid formulations and methods of treating cns disorders 
       </td>
</tr>
<tr itemprop="forwardReferencesFamily" itemscope="" repeat="">
<td>
<a href="/patent/CN102702126B/en">
<span itemprop="publicationNumber">CN102702126B</span>
              (<span itemprop="primaryLanguage">en</span>)
            </a>
<span itemprop="examinerCited">*</span>
</td>
<td itemprop="priorityDate">2012-04-26</td>
<td itemprop="publicationDate">2014-08-06</td>
<td><span itemprop="assigneeOriginal">四川大学华西医院</span></td>
<td itemprop="title">
        a compound used as an anesthetic
       
       </td>
</tr>
<tr itemprop="forwardReferencesFamily" itemscope="" repeat="">
<td>
<a href="/patent/BR112015003747A2/en">
<span itemprop="publicationNumber">BR112015003747A2</span>
              (<span itemprop="primaryLanguage">en</span>)
            </a>
</td>
<td itemprop="priorityDate">2012-08-21</td>
<td itemprop="publicationDate">2017-07-04</td>
<td><span itemprop="assigneeOriginal">Sage Therapeutics Inc</span></td>
<td itemprop="title">
        Treatment methods of epilepsy or status epilepticus
       
     </td>
</tr>
<tr itemprop="forwardReferencesFamily" itemscope="" repeat="">
<td>
<a href="/patent/CA2889977A1/en">
<span itemprop="publicationNumber">CA2889977A1</span>
              (<span itemprop="primaryLanguage">en</span>)
            </a>
<span itemprop="examinerCited">*</span>
</td>
<td itemprop="priorityDate">2012-10-29</td>
<td itemprop="publicationDate">2014-05-08</td>
<td><span itemprop="assigneeOriginal">Allergan, Inc.</span></td>
<td itemprop="title">Phosphate esters of bimatoprost and the prostamides 
     </td>
</tr>
<tr itemprop="forwardReferencesFamily" itemscope="" repeat="">
<td>
<a href="/patent/EP3176176A1/en">
<span itemprop="publicationNumber">EP3176176A1</span>
              (<span itemprop="primaryLanguage">en</span>)
            </a>
</td>
<td itemprop="priorityDate">2012-11-28</td>
<td itemprop="publicationDate">2017-06-07</td>
<td><span itemprop="assigneeOriginal">INSERM (Institut National de la Santé et de la Recherche Médicale)</span></td>
<td itemprop="title">3-(4'-substituted)-benzyl-ether derivatives of pregnenolone 
       </td>
</tr>
<tr itemprop="forwardReferencesFamily" itemscope="" repeat="">
<td>
<a href="/patent/EP2925327B1/en">
<span itemprop="publicationNumber">EP2925327B1</span>
              (<span itemprop="primaryLanguage">en</span>)
            </a>
</td>
<td itemprop="priorityDate">2012-11-30</td>
<td itemprop="publicationDate">2024-01-10</td>
<td><span itemprop="assigneeOriginal">The Regents of The University of California</span></td>
<td itemprop="title">Allopregnanolone for treating, reducing or mitigating symptoms of post-partum depression 
       </td>
</tr>
<tr itemprop="forwardReferencesFamily" itemscope="" repeat="">
<td>
<a href="/patent/PT3392260T/en">
<span itemprop="publicationNumber">PT3392260T</span>
              (<span itemprop="primaryLanguage">en</span>)
            </a>
</td>
<td itemprop="priorityDate">2012-12-18</td>
<td itemprop="publicationDate">2022-12-27</td>
<td><span itemprop="assigneeOriginal">Washington University St Louis</span></td>
<td itemprop="title">Neuroactive 19-alkoxy-17-substituted steroids, useful in methods of treatment 
       </td>
</tr>
<tr itemprop="forwardReferencesFamily" itemscope="" repeat="">
<td>
<a href="/patent/US20160009755A1/en">
<span itemprop="publicationNumber">US20160009755A1</span>
              (<span itemprop="primaryLanguage">en</span>)
            </a>
<span itemprop="examinerCited">*</span>
</td>
<td itemprop="priorityDate">2013-03-01</td>
<td itemprop="publicationDate">2016-01-14</td>
<td><span itemprop="assigneeOriginal">Revlon Consumer Products Corporation</span></td>
<td itemprop="title">Cyrrhetinic alkyl esters and protected derivatives thereof 
       </td>
</tr>
<tr itemprop="forwardReferencesFamily" itemscope="" repeat="">
<td>
<a href="/patent/HRP20181994T1/en">
<span itemprop="publicationNumber">HRP20181994T1</span>
              (<span itemprop="primaryLanguage">en</span>)
            </a>
</td>
<td itemprop="priorityDate">2013-03-13</td>
<td itemprop="publicationDate">2019-03-08</td>
<td><span itemprop="assigneeOriginal">Sage Therapeutics, Inc.</span></td>
<td itemprop="title">
        NEUROACTIVE STEROIDS AND PROCEDURES FOR THEIR USE
       
       </td>
</tr>
<tr itemprop="forwardReferencesFamily" itemscope="" repeat="">
<td>
<a href="/patent/EP2968370A4/en">
<span itemprop="publicationNumber">EP2968370A4</span>
              (<span itemprop="primaryLanguage">en</span>)
            </a>
</td>
<td itemprop="priorityDate">2013-03-14</td>
<td itemprop="publicationDate">2016-09-21</td>
<td><span itemprop="assigneeOriginal">Univ Maryland</span></td>
<td itemprop="title">
        ANDROGEN RECEPTOR DECREASING AGENTS AND USES THEREOF
       
       </td>
</tr>
<tr itemprop="forwardReferencesFamily" itemscope="" repeat="">
<td>
<a href="/patent/JP6239091B2/en">
<span itemprop="publicationNumber">JP6239091B2</span>
              (<span itemprop="primaryLanguage">en</span>)
            </a>
<span itemprop="examinerCited">*</span>
</td>
<td itemprop="priorityDate">2013-04-17</td>
<td itemprop="publicationDate">2017-11-29</td>
<td><span itemprop="assigneeOriginal">セージ セラピューティクス， インコーポレイテッド</span></td>
<td itemprop="title">
        19-nor neurostimulatory steroids and methods of use thereof
       
     </td>
</tr>
<tr itemprop="forwardReferencesFamily" itemscope="" repeat="">
<td>
<a href="/patent/IL310348A/en">
<span itemprop="publicationNumber">IL310348A</span>
              (<span itemprop="primaryLanguage">en</span>)
            </a>
</td>
<td itemprop="priorityDate">2013-04-17</td>
<td itemprop="publicationDate">2024-03-01</td>
<td><span itemprop="assigneeOriginal">Sage Therapeutics Inc</span></td>
<td itemprop="title">19-nor c3,3-disubstituted c21-n-pyrazolyl steroids and methods of use thereof 
       </td>
</tr>
<tr itemprop="forwardReferencesFamily" itemscope="" repeat="">
<td>
<a href="/patent/WO2014169836A1/en">
<span itemprop="publicationNumber">WO2014169836A1</span>
              (<span itemprop="primaryLanguage">en</span>)
            </a>
</td>
<td itemprop="priorityDate">2013-04-17</td>
<td itemprop="publicationDate">2014-10-23</td>
<td><span itemprop="assigneeOriginal">Sage Therapeutics, Inc.</span></td>
<td itemprop="title">19-nor neuroactive steroids and methods of use thereof 
       </td>
</tr>
<tr itemprop="forwardReferencesFamily" itemscope="" repeat="">
<td>
<a href="/patent/US9725481B2/en">
<span itemprop="publicationNumber">US9725481B2</span>
              (<span itemprop="primaryLanguage">en</span>)
            </a>
</td>
<td itemprop="priorityDate">2013-04-17</td>
<td itemprop="publicationDate">2017-08-08</td>
<td><span itemprop="assigneeOriginal">Sage Therapeutics, Inc.</span></td>
<td itemprop="title">19-nor C3, 3-disubstituted C21-C-bound heteroaryl steroids and methods of use thereof 
       </td>
</tr>
<tr itemprop="forwardReferencesFamily" itemscope="" repeat="">
<td>
<a href="/patent/HRP20210610T1/en">
<span itemprop="publicationNumber">HRP20210610T1</span>
              (<span itemprop="primaryLanguage">en</span>)
            </a>
<span itemprop="examinerCited">*</span>
</td>
<td itemprop="priorityDate">2013-07-19</td>
<td itemprop="publicationDate">2021-05-28</td>
<td><span itemprop="assigneeOriginal">Sage Therapeutics, Inc.</span></td>
<td itemprop="title">
        NEUROACTIVE STEROIDS, PREPARATIONS AND THEIR USES
       
       </td>
</tr>
<tr itemprop="forwardReferencesFamily" itemscope="" repeat="">
<td>
<a href="/patent/JP2016528252A/en">
<span itemprop="publicationNumber">JP2016528252A</span>
              (<span itemprop="primaryLanguage">en</span>)
            </a>
</td>
<td itemprop="priorityDate">2013-08-12</td>
<td itemprop="publicationDate">2016-09-15</td>
<td><span itemprop="assigneeOriginal">トーカイ ファーマシューティカルズ， インコーポレイテッド</span></td>
<td itemprop="title">
  Biomarkers for the treatment of neoplastic disorders using androgen targeted therapy
 
     </td>
</tr>
<tr itemprop="forwardReferencesFamily" itemscope="" repeat="">
<td>
<a href="/patent/CN105579043B/en">
<span itemprop="publicationNumber">CN105579043B</span>
              (<span itemprop="primaryLanguage">en</span>)
            </a>
</td>
<td itemprop="priorityDate">2013-08-23</td>
<td itemprop="publicationDate">2021-09-14</td>
<td><span itemprop="assigneeOriginal">萨奇治疗股份有限公司</span></td>
<td itemprop="title">Neuroactive steroids, compositions and uses thereof 
       </td>
</tr>
<tr itemprop="forwardReferencesFamily" itemscope="" repeat="">
<td>
<a href="/patent/US9629853B2/en">
<span itemprop="publicationNumber">US9629853B2</span>
              (<span itemprop="primaryLanguage">en</span>)
            </a>
</td>
<td itemprop="priorityDate">2014-05-21</td>
<td itemprop="publicationDate">2017-04-25</td>
<td><span itemprop="assigneeOriginal">Wisconsin Alumni Research Foundation</span></td>
<td itemprop="title">Uses of ganaxolone 
       </td>
</tr>
<tr itemprop="forwardReferencesFamily" itemscope="" repeat="">
<td>
<a href="/patent/PH12021550762A1/en">
<span itemprop="publicationNumber">PH12021550762A1</span>
              (<span itemprop="primaryLanguage">en</span>)
            </a>
</td>
<td itemprop="priorityDate">2014-05-29</td>
<td itemprop="publicationDate">2023-07-17</td>
<td><span itemprop="assigneeOriginal">Sage Therapeutics Inc</span></td>
<td itemprop="title">Neuroactive steroids, compositions, and uses thereof 
     </td>
</tr>
<tr itemprop="forwardReferencesFamily" itemscope="" repeat="">
<td>
<a href="/patent/ES2970222T3/en">
<span itemprop="publicationNumber">ES2970222T3</span>
              (<span itemprop="primaryLanguage">en</span>)
            </a>
</td>
<td itemprop="priorityDate">2014-06-18</td>
<td itemprop="publicationDate">2024-05-27</td>
<td><span itemprop="assigneeOriginal">Sage Therapeutics Inc</span></td>
<td itemprop="title">
        Oxysterols and procedures for their use
       
     </td>
</tr>
<tr itemprop="forwardReferencesFamily" itemscope="" repeat="">
<td>
<a href="/patent/WO2015195962A1/en">
<span itemprop="publicationNumber">WO2015195962A1</span>
              (<span itemprop="primaryLanguage">en</span>)
            </a>
</td>
<td itemprop="priorityDate">2014-06-18</td>
<td itemprop="publicationDate">2015-12-23</td>
<td><span itemprop="assigneeOriginal">Sage Therapeutics, Inc.</span></td>
<td itemprop="title">Neuroactive steroids, compositions, and uses thereof 
       </td>
</tr>
<tr itemprop="forwardReferencesFamily" itemscope="" repeat="">
<td>
<a href="/patent/EP3188734A4/en">
<span itemprop="publicationNumber">EP3188734A4</span>
              (<span itemprop="primaryLanguage">en</span>)
            </a>
</td>
<td itemprop="priorityDate">2014-09-02</td>
<td itemprop="publicationDate">2018-01-10</td>
<td><span itemprop="assigneeOriginal">The Texas A&amp;M University System</span></td>
<td itemprop="title">Method of treating organophosphate intoxication 
       </td>
</tr>
<tr itemprop="forwardReferencesFamily" itemscope="" repeat="">
<td>
<a href="/patent/JOP20200195A1/en">
<span itemprop="publicationNumber">JOP20200195A1</span>
              (<span itemprop="primaryLanguage">en</span>)
            </a>
</td>
<td itemprop="priorityDate">2014-09-08</td>
<td itemprop="publicationDate">2017-06-16</td>
<td><span itemprop="assigneeOriginal">Sage Therapeutics Inc</span></td>
<td itemprop="title">
        Neuroactive steroids and formulations, and their uses
       
       </td>
</tr>
<tr itemprop="forwardReferencesFamily" itemscope="" repeat="">
<td>
<a href="/patent/CN118344423A/en">
<span itemprop="publicationNumber">CN118344423A</span>
              (<span itemprop="primaryLanguage">en</span>)
            </a>
</td>
<td itemprop="priorityDate">2014-10-16</td>
<td itemprop="publicationDate">2024-07-16</td>
<td><span itemprop="assigneeOriginal">萨奇治疗股份有限公司</span></td>
<td itemprop="title">Compositions and methods for targeting CNS disorders 
       </td>
</tr>
<tr itemprop="forwardReferencesFamily" itemscope="" repeat="">
<td>
<a href="/patent/AU2015331597B2/en">
<span itemprop="publicationNumber">AU2015331597B2</span>
              (<span itemprop="primaryLanguage">en</span>)
            </a>
</td>
<td itemprop="priorityDate">2014-10-16</td>
<td itemprop="publicationDate">2020-04-30</td>
<td><span itemprop="assigneeOriginal">Sage Therapeutics, Inc.</span></td>
<td itemprop="title">Compositions and methods for treating CNS disorders 
       </td>
</tr>
<tr itemprop="forwardReferencesFamily" itemscope="" repeat="">
<td>
<a href="/patent/ES2793237T3/en">
<span itemprop="publicationNumber">ES2793237T3</span>
              (<span itemprop="primaryLanguage">en</span>)
            </a>
</td>
<td itemprop="priorityDate">2014-11-27</td>
<td itemprop="publicationDate">2020-11-13</td>
<td><span itemprop="assigneeOriginal">Sage Therapeutics Inc</span></td>
<td itemprop="title">
  Compositions and methods for treating CNS disorders
 
     </td>
</tr>
<tr itemprop="forwardReferencesFamily" itemscope="" repeat="">
<td>
<a href="/patent/AR103384A1/en">
<span itemprop="publicationNumber">AR103384A1</span>
              (<span itemprop="primaryLanguage">en</span>)
            </a>
</td>
<td itemprop="priorityDate">2015-01-12</td>
<td itemprop="publicationDate">2017-05-03</td>
<td><span itemprop="assigneeOriginal">Umecrine Cognition Ab</span></td>
<td itemprop="title">
  3a-ETINILO, 3b-HIDROXI, 5a-PREGNAN-20-OXIMA AS GABA MODULATOR
 
     </td>
</tr>
<tr itemprop="forwardReferencesFamily" itemscope="" repeat="">
<td>
<a href="/patent/EP3250210B1/en">
<span itemprop="publicationNumber">EP3250210B1</span>
              (<span itemprop="primaryLanguage">en</span>)
            </a>
</td>
<td itemprop="priorityDate">2015-01-26</td>
<td itemprop="publicationDate">2020-12-02</td>
<td><span itemprop="assigneeOriginal">Sage Therapeutics, Inc.</span></td>
<td itemprop="title">Compositions and methods for treating cns disorders 
       </td>
</tr>
<tr itemprop="forwardReferencesFamily" itemscope="" repeat="">
<td>
<a href="/patent/DK3258939T3/en">
<span itemprop="publicationNumber">DK3258939T3</span>
              (<span itemprop="primaryLanguage">en</span>)
            </a>
</td>
<td itemprop="priorityDate">2015-02-20</td>
<td itemprop="publicationDate">2022-12-12</td>
<td><span itemprop="assigneeOriginal">Sage Therapeutics Inc</span></td>
<td itemprop="title">
  NEUROACTIVE STEROIDS, COMPOSITIONS AND USES THEREOF
 
     </td>
</tr>
<tr itemprop="forwardReferencesFamily" itemscope="" repeat="">
<td>
<a href="/patent/WO2016164763A1/en">
<span itemprop="publicationNumber">WO2016164763A1</span>
              (<span itemprop="primaryLanguage">en</span>)
            </a>
</td>
<td itemprop="priorityDate">2015-04-10</td>
<td itemprop="publicationDate">2016-10-13</td>
<td><span itemprop="assigneeOriginal">Sage Therapeutics, Inc.</span></td>
<td itemprop="title">Compositions and methods for treating cns disorders 
       </td>
</tr>
<tr itemprop="forwardReferencesFamily" itemscope="" repeat="">
<td>
<a href="/patent/CN104926916B/en">
<span itemprop="publicationNumber">CN104926916B</span>
              (<span itemprop="primaryLanguage">en</span>)
            </a>
<span itemprop="examinerCited">*</span>
</td>
<td itemprop="priorityDate">2015-06-05</td>
<td itemprop="publicationDate">2016-08-24</td>
<td><span itemprop="assigneeOriginal">郑祖兰</span></td>
<td itemprop="title">Steroidal compounds, containing its pharmaceutical composition and its preparation method and application 
       </td>
</tr>
<tr itemprop="forwardReferencesFamily" itemscope="" repeat="">
<td>
<a href="/patent/MA45276A/en">
<span itemprop="publicationNumber">MA45276A</span>
              (<span itemprop="primaryLanguage">en</span>)
            </a>
</td>
<td itemprop="priorityDate">2015-06-18</td>
<td itemprop="publicationDate">2018-04-25</td>
<td><span itemprop="assigneeOriginal">Sage Therapeutics Inc</span></td>
<td itemprop="title">
        NEUROACTIVE STEROID SOLUTIONS AND THEIR METHODS OF USE
       
     </td>
</tr>
<tr itemprop="forwardReferencesFamily" itemscope="" repeat="">
<td>
<a href="/patent/PT3319612T/en">
<span itemprop="publicationNumber">PT3319612T</span>
              (<span itemprop="primaryLanguage">en</span>)
            </a>
</td>
<td itemprop="priorityDate">2015-07-06</td>
<td itemprop="publicationDate">2021-08-24</td>
<td><span itemprop="assigneeOriginal">Sage Therapeutics Inc</span></td>
<td itemprop="title">
        OXISTEROLS AND METHODS OF USE THEREOF
       
       </td>
</tr>
<tr itemprop="forwardReferencesFamily" itemscope="" repeat="">
<td>
<a href="/patent/CN108135912B/en">
<span itemprop="publicationNumber">CN108135912B</span>
              (<span itemprop="primaryLanguage">en</span>)
            </a>
</td>
<td itemprop="priorityDate">2015-07-06</td>
<td itemprop="publicationDate">2021-07-02</td>
<td><span itemprop="assigneeOriginal">萨奇治疗股份有限公司</span></td>
<td itemprop="title">
        Progesterone and methods of using the same
       
       </td>
</tr>
<tr itemprop="forwardReferencesFamily" itemscope="" repeat="">
<td>
<a href="/patent/US9637514B1/en">
<span itemprop="publicationNumber">US9637514B1</span>
              (<span itemprop="primaryLanguage">en</span>)
            </a>
</td>
<td itemprop="priorityDate">2015-10-26</td>
<td itemprop="publicationDate">2017-05-02</td>
<td><span itemprop="assigneeOriginal">MAX BioPharma, Inc.</span></td>
<td itemprop="title">Oxysterols and hedgehog signaling 
       </td>
</tr>
<tr itemprop="forwardReferencesFamily" itemscope="" repeat="">
<td>
<a href="/patent/CA3017172C/en">
<span itemprop="publicationNumber">CA3017172C</span>
              (<span itemprop="primaryLanguage">en</span>)
            </a>
</td>
<td itemprop="priorityDate">2016-03-08</td>
<td itemprop="publicationDate">2023-03-14</td>
<td><span itemprop="assigneeOriginal">Sage Therapeutics, Inc.</span></td>
<td itemprop="title">Neuroactive steroids, compositions, and uses thereof 
       </td>
</tr>
<tr itemprop="forwardReferencesFamily" itemscope="" repeat="">
<td>
<a href="/patent/PL3436022T3/en">
<span itemprop="publicationNumber">PL3436022T3</span>
              (<span itemprop="primaryLanguage">en</span>)
            </a>
</td>
<td itemprop="priorityDate">2016-04-01</td>
<td itemprop="publicationDate">2022-08-08</td>
<td><span itemprop="assigneeOriginal">Sage Therapeutics, Inc.</span></td>
<td itemprop="title">Oxysterols and methods of use thereof 
       </td>
</tr>
<tr itemprop="forwardReferencesFamily" itemscope="" repeat="">
<td>
<a href="/patent/US10752653B2/en">
<span itemprop="publicationNumber">US10752653B2</span>
              (<span itemprop="primaryLanguage">en</span>)
            </a>
</td>
<td itemprop="priorityDate">2016-05-06</td>
<td itemprop="publicationDate">2020-08-25</td>
<td><span itemprop="assigneeOriginal">Sage Therapeutics, Inc.</span></td>
<td itemprop="title">Oxysterols and methods of use thereof 
       </td>
</tr>
<tr itemprop="forwardReferencesFamily" itemscope="" repeat="">
<td>
<a href="/patent/EP3481846B1/en">
<span itemprop="publicationNumber">EP3481846B1</span>
              (<span itemprop="primaryLanguage">en</span>)
            </a>
</td>
<td itemprop="priorityDate">2016-07-07</td>
<td itemprop="publicationDate">2021-05-12</td>
<td><span itemprop="assigneeOriginal">Sage Therapeutics, Inc.</span></td>
<td itemprop="title">11-substituted 24-hydroxysterols for use in the treatment of nmda related conditions 
       </td>
</tr>
<tr itemprop="forwardReferencesFamily" itemscope="" repeat="">
<td>
<a href="/patent/US11396525B2/en">
<span itemprop="publicationNumber">US11396525B2</span>
              (<span itemprop="primaryLanguage">en</span>)
            </a>
<span itemprop="examinerCited">*</span>
</td>
<td itemprop="priorityDate">2016-07-11</td>
<td itemprop="publicationDate">2022-07-26</td>
<td><span itemprop="assigneeOriginal">Sage Therapeutics, Inc.</span></td>
<td itemprop="title">C17, C20, and C21 substituted neuroactive steroids and their methods of use 
       </td>
</tr>
<tr itemprop="forwardReferencesFamily" itemscope="" repeat="">
<td>
<a href="/patent/US20190233465A1/en">
<span itemprop="publicationNumber">US20190233465A1</span>
              (<span itemprop="primaryLanguage">en</span>)
            </a>
</td>
<td itemprop="priorityDate">2016-07-11</td>
<td itemprop="publicationDate">2019-08-01</td>
<td><span itemprop="assigneeOriginal">Sage Therapeutics, Inc.</span></td>
<td itemprop="title">C7, c12, and c16 substituted neuroactive steroids and their methods of use 
     </td>
</tr>
<tr itemprop="forwardReferencesFamily" itemscope="" repeat="">
<td>
<a href="/patent/US11149056B2/en">
<span itemprop="publicationNumber">US11149056B2</span>
              (<span itemprop="primaryLanguage">en</span>)
            </a>
</td>
<td itemprop="priorityDate">2016-09-30</td>
<td itemprop="publicationDate">2021-10-19</td>
<td><span itemprop="assigneeOriginal">Sage Therapeutics, Inc.</span></td>
<td itemprop="title">C7 substituted oxysterols and methods of use thereof 
       </td>
</tr>
<tr itemprop="forwardReferencesFamily" itemscope="" repeat="">
<td>
<a href="/patent/CA3041088C/en">
<span itemprop="publicationNumber">CA3041088C</span>
              (<span itemprop="primaryLanguage">en</span>)
            </a>
</td>
<td itemprop="priorityDate">2016-10-18</td>
<td itemprop="publicationDate">2024-05-21</td>
<td><span itemprop="assigneeOriginal">Sage Therapeutics, Inc.</span></td>
<td itemprop="title">Oxysterols and methods of use thereof 
       </td>
</tr>
<tr itemprop="forwardReferencesFamily" itemscope="" repeat="">
<td>
<a href="/patent/KR102521573B1/en">
<span itemprop="publicationNumber">KR102521573B1</span>
              (<span itemprop="primaryLanguage">en</span>)
            </a>
</td>
<td itemprop="priorityDate">2016-10-18</td>
<td itemprop="publicationDate">2023-04-14</td>
<td><span itemprop="assigneeOriginal">세이지 테라퓨틱스, 인크.</span></td>
<td itemprop="title">
        Oxysterols and methods of their use
       
       </td>
</tr>
<tr itemprop="forwardReferencesFamily" itemscope="" repeat="">
<td>
<a href="/patent/WO2018147791A1/en">
<span itemprop="publicationNumber">WO2018147791A1</span>
              (<span itemprop="primaryLanguage">en</span>)
            </a>
</td>
<td itemprop="priorityDate">2017-02-10</td>
<td itemprop="publicationDate">2018-08-16</td>
<td><span itemprop="assigneeOriginal">Asarina Pharma Ab</span></td>
<td itemprop="title">3-beta-hydroxy-5-alpha-pregnan-20-one for use in treatment of essential tremor 
       </td>
</tr>
<tr itemprop="forwardReferencesFamily" itemscope="" repeat="">
<td>
<a href="/patent/AU2018218823B2/en">
<span itemprop="publicationNumber">AU2018218823B2</span>
              (<span itemprop="primaryLanguage">en</span>)
            </a>
</td>
<td itemprop="priorityDate">2017-02-10</td>
<td itemprop="publicationDate">2022-12-22</td>
<td><span itemprop="assigneeOriginal">Relmada Therapeutics, Inc.</span></td>
<td itemprop="title">3-beta-hydroxy-5-alpha-pregnan-20-one for use in medical treatment 
       </td>
</tr>
<tr itemprop="forwardReferencesFamily" itemscope="" repeat="">
<td>
<a href="/patent/WO2019154257A1/en">
<span itemprop="publicationNumber">WO2019154257A1</span>
              (<span itemprop="primaryLanguage">en</span>)
            </a>
<span itemprop="examinerCited">*</span>
</td>
<td itemprop="priorityDate">2018-02-11</td>
<td itemprop="publicationDate">2019-08-15</td>
<td><span itemprop="assigneeOriginal">江苏豪森药业集团有限公司</span></td>
<td itemprop="title">Steroid derivative regulators, method for preparing the same, and uses thereof 
       </td>
</tr>
<tr itemprop="forwardReferencesFamily" itemscope="" repeat="">
<td>
<a href="/patent/EP3773599A1/en">
<span itemprop="publicationNumber">EP3773599A1</span>
              (<span itemprop="primaryLanguage">en</span>)
            </a>
</td>
<td itemprop="priorityDate">2018-04-05</td>
<td itemprop="publicationDate">2021-02-17</td>
<td><span itemprop="assigneeOriginal">Asarina Pharma ApS</span></td>
<td itemprop="title">Gaba-a antagonists for treating substance withdrawal disorders 
       </td>
</tr>
<tr itemprop="forwardReferencesFamily" itemscope="" repeat="">
<td>
<a href="/patent/US11542296B2/en">
<span itemprop="publicationNumber">US11542296B2</span>
              (<span itemprop="primaryLanguage">en</span>)
            </a>
</td>
<td itemprop="priorityDate">2018-04-23</td>
<td itemprop="publicationDate">2023-01-03</td>
<td><span itemprop="assigneeOriginal">The Texas A&amp;M University System</span></td>
<td itemprop="title">Neurosteroid compounds and methods for their preparation and use in treating central nervous system disorders 
       </td>
</tr>
<tr itemprop="forwardReferencesFamily" itemscope="" repeat="">
<td>
<a href="/patent/CA3099089A1/en">
<span itemprop="publicationNumber">CA3099089A1</span>
              (<span itemprop="primaryLanguage">en</span>)
            </a>
<span itemprop="examinerCited">*</span>
</td>
<td itemprop="priorityDate">2018-05-04</td>
<td itemprop="publicationDate">2019-11-07</td>
<td><span itemprop="assigneeOriginal">Acerus Pharmaceuticals Corporation</span></td>
<td itemprop="title">Neurosteroid derivatives and uses thereof 
       </td>
</tr>
<tr itemprop="forwardReferencesFamily" itemscope="" repeat="">
<td>
<a href="/patent/AU2019406803B2/en">
<span itemprop="publicationNumber">AU2019406803B2</span>
              (<span itemprop="primaryLanguage">en</span>)
            </a>
</td>
<td itemprop="priorityDate">2018-12-17</td>
<td itemprop="publicationDate">2025-04-24</td>
<td><span itemprop="assigneeOriginal">Intra-Cellular Therapies, Inc.</span></td>
<td itemprop="title">Organic compounds 
       </td>
</tr>
<tr itemprop="forwardReferencesFamily" itemscope="" repeat="">
<td>
<a href="/patent/CA3124703C/en">
<span itemprop="publicationNumber">CA3124703C</span>
              (<span itemprop="primaryLanguage">en</span>)
            </a>
</td>
<td itemprop="priorityDate">2019-01-14</td>
<td itemprop="publicationDate">2023-10-17</td>
<td><span itemprop="assigneeOriginal">Beijing Xuanyi Pharmasciences Co., Ltd.</span></td>
<td itemprop="title">Tetrazolone substituted steroids and use thereof 
     </td>
</tr>
<tr itemprop="forwardReferencesFamily" itemscope="" repeat="">
<td>
<a href="/patent/EP3712161A1/en">
<span itemprop="publicationNumber">EP3712161A1</span>
              (<span itemprop="primaryLanguage">en</span>)
            </a>
<span itemprop="examinerCited">*</span>
</td>
<td itemprop="priorityDate">2019-03-19</td>
<td itemprop="publicationDate">2020-09-23</td>
<td><span itemprop="assigneeOriginal">Bionice, S.L.U.</span></td>
<td itemprop="title">Process for preparing high puritiy allopregnanolone and intermediates thereof 
       </td>
</tr>
<tr itemprop="forwardReferencesFamily" itemscope="" repeat="">
<td>
<a href="/patent/AU2020284110A1/en">
<span itemprop="publicationNumber">AU2020284110A1</span>
              (<span itemprop="primaryLanguage">en</span>)
            </a>
</td>
<td itemprop="priorityDate">2019-05-31</td>
<td itemprop="publicationDate">2021-11-25</td>
<td><span itemprop="assigneeOriginal">Sage Therapeutics, Inc.</span></td>
<td itemprop="title">Neuroactive steroids and compositions thereof 
     </td>
</tr>
<tr itemprop="forwardReferencesFamily" itemscope="" repeat="">
<td>
<a href="/patent/EP4011897A4/en">
<span itemprop="publicationNumber">EP4011897A4</span>
              (<span itemprop="primaryLanguage">en</span>)
            </a>
<span itemprop="examinerCited">*</span>
</td>
<td itemprop="priorityDate">2019-08-07</td>
<td itemprop="publicationDate">2024-02-21</td>
<td><span itemprop="assigneeOriginal">Shanghai Hansoh Biomedical Co., Ltd.</span></td>
<td itemprop="title">
        SALT AND CRYSTAL FORM OF A STEROID DERIVATIVE REGULATOR
       
       </td>
</tr>
<tr itemprop="forwardReferencesFamily" itemscope="" repeat="">
<td>
<a href="/patent/CN112341511A/en">
<span itemprop="publicationNumber">CN112341511A</span>
              (<span itemprop="primaryLanguage">en</span>)
            </a>
<span itemprop="examinerCited">*</span>
</td>
<td itemprop="priorityDate">2019-08-09</td>
<td itemprop="publicationDate">2021-02-09</td>
<td><span itemprop="assigneeOriginal">南京诺瑞特医药科技有限公司</span></td>
<td itemprop="title">
        3-Hydroxy-5-pregnane-20-one derivatives and uses thereof
       
       </td>
</tr>
<tr itemprop="forwardReferencesFamily" itemscope="" repeat="">
<td>
<a href="/patent/WO2022040545A1/en">
<span itemprop="publicationNumber">WO2022040545A1</span>
              (<span itemprop="primaryLanguage">en</span>)
            </a>
<span itemprop="examinerCited">*</span>
</td>
<td itemprop="priorityDate">2020-08-20</td>
<td itemprop="publicationDate">2022-02-24</td>
<td><span itemprop="assigneeOriginal">Intra-Cellular Therapies, Inc.</span></td>
<td itemprop="title">Organic compounds 
       </td>
</tr>
<tr itemprop="forwardReferencesFamily" itemscope="" repeat="">
<td>
<a href="/patent/IT202000021316A1/en">
<span itemprop="publicationNumber">IT202000021316A1</span>
              (<span itemprop="primaryLanguage">en</span>)
            </a>
<span itemprop="examinerCited">*</span>
</td>
<td itemprop="priorityDate">2020-09-09</td>
<td itemprop="publicationDate">2022-03-09</td>
<td><span itemprop="assigneeOriginal">Ind Chimica Srl</span></td>
<td itemprop="title">
  PROCESS FOR THE PREPARATION OF (3α,5α)-3-HYDROXY-3-METHYL-PREGNAN-20-ONE (GANAXOLONE)
 
       </td>
</tr>
<tr itemprop="forwardReferencesFamily" itemscope="" repeat="">
<td>
<a href="/patent/WO2023060067A1/en">
<span itemprop="publicationNumber">WO2023060067A1</span>
              (<span itemprop="primaryLanguage">en</span>)
            </a>
</td>
<td itemprop="priorityDate">2021-10-04</td>
<td itemprop="publicationDate">2023-04-13</td>
<td><span itemprop="assigneeOriginal">Marinus Pharmaceuticals, Inc.</span></td>
<td itemprop="title">Amorphous solid dispersion ganaxolone formulation 
       </td>
</tr>
<tr itemprop="forwardReferencesFamily" itemscope="" repeat="">
<td>
<a href="/patent/EP4429669A1/en">
<span itemprop="publicationNumber">EP4429669A1</span>
              (<span itemprop="primaryLanguage">en</span>)
            </a>
</td>
<td itemprop="priorityDate">2021-11-10</td>
<td itemprop="publicationDate">2024-09-18</td>
<td><span itemprop="assigneeOriginal">Umecrine AB</span></td>
<td itemprop="title">Steroid as a modulator of gabaa receptor 
     </td>
</tr>
<tr itemprop="forwardReferencesFamily" itemscope="" repeat="">
<td>
<a href="/patent/EP4430057A1/en">
<span itemprop="publicationNumber">EP4430057A1</span>
              (<span itemprop="primaryLanguage">en</span>)
            </a>
</td>
<td itemprop="priorityDate">2021-11-10</td>
<td itemprop="publicationDate">2024-09-18</td>
<td><span itemprop="assigneeOriginal">Umecrine AB</span></td>
<td itemprop="title">3.alpha.-substituted 3.beta.-hydroxy 17-oximated androstane compound for modulation of the alpha-3 subtype of the gaba-a receptor 
       </td>
</tr>
<tr itemprop="forwardReferencesFamily" itemscope="" repeat="">
<td>
<a href="/patent/EP4430056A1/en">
<span itemprop="publicationNumber">EP4430056A1</span>
              (<span itemprop="primaryLanguage">en</span>)
            </a>
</td>
<td itemprop="priorityDate">2021-11-10</td>
<td itemprop="publicationDate">2024-09-18</td>
<td><span itemprop="assigneeOriginal">Umecrine AB</span></td>
<td itemprop="title">3.beta.-hydroxy, 3.alpha.-ethyl steroids for modulation of the alpha-3 subtype of the gaba-a receptor 
       </td>
</tr>
</tbody>
</table>
<h2>Citations (2)</h2>
<table>
<caption>* Cited by examiner, † Cited by third party</caption>
<thead>
<tr>
<th>Publication number</th>
<th>Priority date</th>
<th>Publication date</th>
<th>Assignee</th>
<th>Title</th>
</tr>
</thead>
<tbody>
<tr itemprop="backwardReferencesOrig" itemscope="" repeat="">
<td>
<a href="/patent/WO1989002272A1/en">
<span itemprop="publicationNumber">WO1989002272A1</span>
              (<span itemprop="primaryLanguage">en</span>)
            </a>
<span itemprop="examinerCited">*</span>
</td>
<td itemprop="priorityDate">1987-08-25</td>
<td itemprop="publicationDate">1989-03-23</td>
<td>
<span itemprop="assigneeOriginal">Gee Kelvin W</span>
</td>
<td itemprop="title">Compositions and methods for alleviating stress, anxiety and seizure activity 
       </td>
</tr>
<tr itemprop="backwardReferencesOrig" itemscope="" repeat="">
<td>
<a href="/patent/WO1991016897A1/en">
<span itemprop="publicationNumber">WO1991016897A1</span>
              (<span itemprop="primaryLanguage">en</span>)
            </a>
<span itemprop="examinerCited">*</span>
</td>
<td itemprop="priorityDate">1990-05-10</td>
<td itemprop="publicationDate">1991-11-14</td>
<td>
<span itemprop="assigneeOriginal">Kelvin Wellman Gee</span>
</td>
<td itemprop="title">Method, compositions, and compounds for modulating brain excitability 
       </td>
</tr>
</tbody>
</table>
<h2>Family Cites Families (48)</h2>
<table>
<caption>* Cited by examiner, † Cited by third party</caption>
<thead>
<tr>
<th>Publication number</th>
<th>Priority date</th>
<th>Publication date</th>
<th>Assignee</th>
<th>Title</th>
</tr>
</thead>
<tbody>
<tr itemprop="backwardReferencesFamily" itemscope="" repeat="">
<td>
<a href="/patent/US2306635A/en">
<span itemprop="publicationNumber">US2306635A</span>
              (<span itemprop="primaryLanguage">en</span>)
            </a>
<span itemprop="examinerCited">*</span>
</td>
<td itemprop="priorityDate">1940-08-03</td>
<td itemprop="publicationDate">1942-12-29</td>
<td><span itemprop="assigneeOriginal">Parke Davis &amp; Co</span></td>
<td itemprop="title">Method for the preparation of steroidal carbinols 
     </td>
</tr>
<tr itemprop="backwardReferencesFamily" itemscope="" repeat="">
<td>
<a href="/patent/DE1046039B/en">
<span itemprop="publicationNumber">DE1046039B</span>
              (<span itemprop="primaryLanguage">en</span>)
            </a>
<span itemprop="examinerCited">*</span>
</td>
<td itemprop="priorityDate">1957-09-07</td>
<td itemprop="publicationDate">1958-12-11</td>
<td><span itemprop="assigneeOriginal">Schering Ag</span></td>
<td itemprop="title">
  Process for the production of haloform addition products of 3-ketosteroids
 
     </td>
</tr>
<tr itemprop="backwardReferencesFamily" itemscope="" repeat="">
<td>
<a href="/patent/US3061606A/en">
<span itemprop="publicationNumber">US3061606A</span>
              (<span itemprop="primaryLanguage">en</span>)
            </a>
<span itemprop="examinerCited">*</span>
</td>
<td itemprop="priorityDate">1958-03-14</td>
<td itemprop="publicationDate">1962-10-30</td>
<td><span itemprop="assigneeOriginal">Worcester Found Ex Biology</span></td>
<td itemprop="title">Delta-4-pregnenolones and method 
       </td>
</tr>
<tr itemprop="backwardReferencesFamily" itemscope="" repeat="">
<td>
<a href="/patent/US3139445A/en">
<span itemprop="publicationNumber">US3139445A</span>
              (<span itemprop="primaryLanguage">en</span>)
            </a>
<span itemprop="examinerCited">*</span>
</td>
<td itemprop="priorityDate">1958-05-23</td>
<td itemprop="publicationDate">1964-06-30</td>
<td><span itemprop="assigneeOriginal">Schering Ag</span></td>
<td itemprop="title">Haloform addition products of 17-formyl steroids 
       </td>
</tr>
<tr itemprop="backwardReferencesFamily" itemscope="" repeat="">
<td>
<a href="/patent/IT1051705B/en">
<span itemprop="publicationNumber">IT1051705B</span>
              (<span itemprop="primaryLanguage">en</span>)
            </a>
<span itemprop="examinerCited">*</span>
</td>
<td itemprop="priorityDate">1962-05-12</td>
<td itemprop="publicationDate">1981-05-20</td>
<td><span itemprop="assigneeOriginal">Vismara Spa F</span></td>
<td itemprop="title">
  METHOD FOR THE PREPARATION OF STEROID INTERMEDIATES
 
     </td>
</tr>
<tr itemprop="backwardReferencesFamily" itemscope="" repeat="">
<td>
<a href="/patent/US3132160A/en">
<span itemprop="publicationNumber">US3132160A</span>
              (<span itemprop="primaryLanguage">en</span>)
            </a>
<span itemprop="examinerCited">*</span>
</td>
<td itemprop="priorityDate">1963-02-04</td>
<td itemprop="publicationDate">1964-05-05</td>
<td><span itemprop="assigneeOriginal">Upjohn Co</span></td>
<td itemprop="title">3, 11-dioxygenated-17-desoxy-5beta-androstanes and processes therefor 
       </td>
</tr>
<tr itemprop="backwardReferencesFamily" itemscope="" repeat="">
<td>
<a href="/patent/US3385849A/en">
<span itemprop="publicationNumber">US3385849A</span>
              (<span itemprop="primaryLanguage">en</span>)
            </a>
<span itemprop="examinerCited">*</span>
</td>
<td itemprop="priorityDate">1965-07-01</td>
<td itemprop="publicationDate">1968-05-28</td>
<td><span itemprop="assigneeOriginal">Hoffmann La Roche</span></td>
<td itemprop="title">Process for the preparation of 17beta-pregnanes from 17-oxo-steroids 
       </td>
</tr>
<tr itemprop="backwardReferencesFamily" itemscope="" repeat="">
<td>
<a href="/patent/GB1159434A/en">
<span itemprop="publicationNumber">GB1159434A</span>
              (<span itemprop="primaryLanguage">en</span>)
            </a>
<span itemprop="examinerCited">*</span>
</td>
<td itemprop="priorityDate">1965-08-16</td>
<td itemprop="publicationDate">1969-07-23</td>
<td><span itemprop="assigneeOriginal">Glaxo Lab Ltd</span></td>
<td itemprop="title">11beta&amp;;-Fluoro-19-nor-Steroids 
     </td>
</tr>
<tr itemprop="backwardReferencesFamily" itemscope="" repeat="">
<td>
<a href="/patent/US3665021A/en">
<span itemprop="publicationNumber">US3665021A</span>
              (<span itemprop="primaryLanguage">en</span>)
            </a>
<span itemprop="examinerCited">*</span>
</td>
<td itemprop="priorityDate">1966-07-29</td>
<td itemprop="publicationDate">1972-05-23</td>
<td><span itemprop="assigneeOriginal">Glaxo Lab Ltd</span></td>
<td itemprop="title">9alpha-unsubstituted-11beta-chloro-l9 nos-steroids 
     </td>
</tr>
<tr itemprop="backwardReferencesFamily" itemscope="" repeat="">
<td>
<a href="/patent/US3494943A/en">
<span itemprop="publicationNumber">US3494943A</span>
              (<span itemprop="primaryLanguage">en</span>)
            </a>
<span itemprop="examinerCited">*</span>
</td>
<td itemprop="priorityDate">1967-12-29</td>
<td itemprop="publicationDate">1970-02-10</td>
<td><span itemprop="assigneeOriginal">Rachelle Lab Inc</span></td>
<td itemprop="title">Novel 9alpha-fluoro-11beta,17alpha,21-tri-hydroxy-16-hydroxymethyl - 6-(dihydroxy) methyl-1,4-pregnadiene-3,20-diones and derivatives thereof 
       </td>
</tr>
<tr itemprop="backwardReferencesFamily" itemscope="" repeat="">
<td>
<a href="/patent/US3637670A/en">
<span itemprop="publicationNumber">US3637670A</span>
              (<span itemprop="primaryLanguage">en</span>)
            </a>
<span itemprop="examinerCited">*</span>
</td>
<td itemprop="priorityDate">1969-09-02</td>
<td itemprop="publicationDate">1972-01-25</td>
<td><span itemprop="assigneeOriginal">Syntex Corp</span></td>
<td itemprop="title">Intermediates and process for preparing useful 17alpha-hydroxy-20-keto and 17alpha 21-dihydroxy-20-keto pregnanes and derivatives thereof 
     </td>
</tr>
<tr itemprop="backwardReferencesFamily" itemscope="" repeat="">
<td>
<a href="/patent/CA895860A/en">
<span itemprop="publicationNumber">CA895860A</span>
              (<span itemprop="primaryLanguage">en</span>)
            </a>
<span itemprop="examinerCited">*</span>
</td>
<td itemprop="priorityDate">1969-11-05</td>
<td itemprop="publicationDate">1972-03-21</td>
<td><span itemprop="assigneeOriginal">Kruger Gunther</span></td>
<td itemprop="title">PROCESS FOR THE PREPARATION OF 3.alpha.-HYDROXY-5.beta.-PREGNAN-20-ONE 
     </td>
</tr>
<tr itemprop="backwardReferencesFamily" itemscope="" repeat="">
<td>
<a href="/patent/US3816624A/en">
<span itemprop="publicationNumber">US3816624A</span>
              (<span itemprop="primaryLanguage">en</span>)
            </a>
<span itemprop="examinerCited">*</span>
</td>
<td itemprop="priorityDate">1970-06-17</td>
<td itemprop="publicationDate">1974-06-11</td>
<td><span itemprop="assigneeOriginal">Glaxo Lab Ltd</span></td>
<td itemprop="title">Anaesthetic steroids 
       </td>
</tr>
<tr itemprop="backwardReferencesFamily" itemscope="" repeat="">
<td>
<a href="/patent/US3726864A/en">
<span itemprop="publicationNumber">US3726864A</span>
              (<span itemprop="primaryLanguage">en</span>)
            </a>
<span itemprop="examinerCited">*</span>
</td>
<td itemprop="priorityDate">1970-07-20</td>
<td itemprop="publicationDate">1973-04-10</td>
<td><span itemprop="assigneeOriginal">Glaxo Lab Ltd</span></td>
<td itemprop="title">Novel 11 beta-chloro-19-norpregn-4-ene-3,20 diones and the 3,5-dienol ethers and esters thereof 
     </td>
</tr>
<tr itemprop="backwardReferencesFamily" itemscope="" repeat="">
<td>
<a href="/patent/GB1376892A/en">
<span itemprop="publicationNumber">GB1376892A</span>
              (<span itemprop="primaryLanguage">en</span>)
            </a>
<span itemprop="examinerCited">*</span>
</td>
<td itemprop="priorityDate">1970-11-12</td>
<td itemprop="publicationDate">1974-12-11</td>
<td><span itemprop="assigneeOriginal">Glaxo Lab Ltd</span></td>
<td itemprop="title">2beta-substituted-3alpha-hydroxysteroids and their esters 
     </td>
</tr>
<tr itemprop="backwardReferencesFamily" itemscope="" repeat="">
<td>
<a href="/patent/GB1380246A/en">
<span itemprop="publicationNumber">GB1380246A</span>
              (<span itemprop="primaryLanguage">en</span>)
            </a>
<span itemprop="examinerCited">*</span>
</td>
<td itemprop="priorityDate">1970-12-17</td>
<td itemprop="publicationDate">1975-01-08</td>
<td><span itemprop="assigneeOriginal">Glaxo Lab Ltd</span></td>
<td itemprop="title">3alpha-hydroxy-androstanes and esters thereof 
     </td>
</tr>
<tr itemprop="backwardReferencesFamily" itemscope="" repeat="">
<td>
<a href="/patent/GB1377608A/en">
<span itemprop="publicationNumber">GB1377608A</span>
              (<span itemprop="primaryLanguage">en</span>)
            </a>
<span itemprop="examinerCited">*</span>
</td>
<td itemprop="priorityDate">1970-12-17</td>
<td itemprop="publicationDate">1974-12-18</td>
<td><span itemprop="assigneeOriginal">Glaxo Lab Ltd</span></td>
<td itemprop="title">3alpha-hydroxy or acyloxy pregnene-21-ethers 
     </td>
</tr>
<tr itemprop="backwardReferencesFamily" itemscope="" repeat="">
<td>
<a href="/patent/US3969345A/en">
<span itemprop="publicationNumber">US3969345A</span>
              (<span itemprop="primaryLanguage">en</span>)
            </a>
<span itemprop="examinerCited">*</span>
</td>
<td itemprop="priorityDate">1970-12-17</td>
<td itemprop="publicationDate">1976-07-13</td>
<td><span itemprop="assigneeOriginal">Glaxo Laboratories Limited</span></td>
<td itemprop="title">20β,21-Epoxy-3α-hydroxy-5α-pregnanes and derivatives thereof 
       </td>
</tr>
<tr itemprop="backwardReferencesFamily" itemscope="" repeat="">
<td>
<a href="/patent/US3900561A/en">
<span itemprop="publicationNumber">US3900561A</span>
              (<span itemprop="primaryLanguage">en</span>)
            </a>
<span itemprop="examinerCited">*</span>
</td>
<td itemprop="priorityDate">1970-12-17</td>
<td itemprop="publicationDate">1975-08-19</td>
<td><span itemprop="assigneeOriginal">Glaxo Lab Ltd</span></td>
<td itemprop="title">Pharmaceutical compositions 
       </td>
</tr>
<tr itemprop="backwardReferencesFamily" itemscope="" repeat="">
<td>
<a href="/patent/US3953429A/en">
<span itemprop="publicationNumber">US3953429A</span>
              (<span itemprop="primaryLanguage">en</span>)
            </a>
<span itemprop="examinerCited">*</span>
</td>
<td itemprop="priorityDate">1970-12-17</td>
<td itemprop="publicationDate">1976-04-27</td>
<td><span itemprop="assigneeOriginal">Glaxo Laboratories Limited</span></td>
<td itemprop="title">Anaesthetic steroids of the androstance and pregnane series 
       </td>
</tr>
<tr itemprop="backwardReferencesFamily" itemscope="" repeat="">
<td>
<a href="/patent/US3943124A/en">
<span itemprop="publicationNumber">US3943124A</span>
              (<span itemprop="primaryLanguage">en</span>)
            </a>
<span itemprop="examinerCited">*</span>
</td>
<td itemprop="priorityDate">1970-12-17</td>
<td itemprop="publicationDate">1976-03-09</td>
<td><span itemprop="assigneeOriginal">Gordon Hanley Phillipps</span></td>
<td itemprop="title">Chemical compounds 
       </td>
</tr>
<tr itemprop="backwardReferencesFamily" itemscope="" repeat="">
<td>
<a href="/patent/GB1380248A/en">
<span itemprop="publicationNumber">GB1380248A</span>
              (<span itemprop="primaryLanguage">en</span>)
            </a>
<span itemprop="examinerCited">*</span>
</td>
<td itemprop="priorityDate">1970-12-17</td>
<td itemprop="publicationDate">1975-01-08</td>
<td><span itemprop="assigneeOriginal">Glaxo Lab Ltd</span></td>
<td itemprop="title">3alpha-hydroxy steroids and esters thereof 
     </td>
</tr>
<tr itemprop="backwardReferencesFamily" itemscope="" repeat="">
<td>
<a href="/patent/DE2162555A1/en">
<span itemprop="publicationNumber">DE2162555A1</span>
              (<span itemprop="primaryLanguage">en</span>)
            </a>
<span itemprop="examinerCited">*</span>
</td>
<td itemprop="priorityDate">1970-12-17</td>
<td itemprop="publicationDate">1972-06-22</td>
<td><span itemprop="assigneeOriginal">Glaxo Laboratories Ltd., Greenford, Middlesex (Grossbritannien)</span></td>
<td itemprop="title">
  Anesthetic steroid compounds
 
     </td>
</tr>
<tr itemprop="backwardReferencesFamily" itemscope="" repeat="">
<td>
<a href="/patent/US3763195A/en">
<span itemprop="publicationNumber">US3763195A</span>
              (<span itemprop="primaryLanguage">en</span>)
            </a>
<span itemprop="examinerCited">*</span>
</td>
<td itemprop="priorityDate">1971-02-09</td>
<td itemprop="publicationDate">1973-10-02</td>
<td><span itemprop="assigneeOriginal">Glaxo Lab Ltd</span></td>
<td itemprop="title">Novel 21-acyloxy-3alpha-hydroxy-5alpha-pregnone-11,20-diones 
       </td>
</tr>
<tr itemprop="backwardReferencesFamily" itemscope="" repeat="">
<td>
<a href="/patent/CH563406A5/en">
<span itemprop="publicationNumber">CH563406A5</span>
              (<span itemprop="primaryLanguage">en</span>)
            </a>
<span itemprop="examinerCited">*</span>
</td>
<td itemprop="priorityDate">1971-04-23</td>
<td itemprop="publicationDate">1975-06-30</td>
<td><span itemprop="assigneeOriginal">Ciba Geigy Ag</span></td>
<td itemprop="title"></td>
</tr>
<tr itemprop="backwardReferencesFamily" itemscope="" repeat="">
<td>
<a href="/patent/US3875148A/en">
<span itemprop="publicationNumber">US3875148A</span>
              (<span itemprop="primaryLanguage">en</span>)
            </a>
<span itemprop="examinerCited">*</span>
</td>
<td itemprop="priorityDate">1971-07-09</td>
<td itemprop="publicationDate">1975-04-01</td>
<td><span itemprop="assigneeOriginal">Glaxo Lab Ltd</span></td>
<td itemprop="title">9{60 -unsubstituted-11{62 -bromo-19-norsteroids 
       </td>
</tr>
<tr itemprop="backwardReferencesFamily" itemscope="" repeat="">
<td>
<a href="/patent/US3825565A/en">
<span itemprop="publicationNumber">US3825565A</span>
              (<span itemprop="primaryLanguage">en</span>)
            </a>
<span itemprop="examinerCited">*</span>
</td>
<td itemprop="priorityDate">1971-11-02</td>
<td itemprop="publicationDate">1974-07-23</td>
<td><span itemprop="assigneeOriginal">Glaxo Lab Ltd</span></td>
<td itemprop="title">3alpha-hydroxy-delta4-steroids of the pregnane series and esters thereof 
       </td>
</tr>
<tr itemprop="backwardReferencesFamily" itemscope="" repeat="">
<td>
<a href="/patent/GB1409239A/en">
<span itemprop="publicationNumber">GB1409239A</span>
              (<span itemprop="primaryLanguage">en</span>)
            </a>
<span itemprop="examinerCited">*</span>
</td>
<td itemprop="priorityDate">1971-11-11</td>
<td itemprop="publicationDate">1975-10-08</td>
<td><span itemprop="assigneeOriginal">Glaxo Lab Ltd</span></td>
<td itemprop="title">Process for the preparation of 3alpha-hydroxy-5alpha-steroids 
     </td>
</tr>
<tr itemprop="backwardReferencesFamily" itemscope="" repeat="">
<td>
<a href="/patent/BE791196A/en">
<span itemprop="publicationNumber">BE791196A</span>
              (<span itemprop="primaryLanguage">en</span>)
            </a>
<span itemprop="examinerCited">*</span>
</td>
<td itemprop="priorityDate">1971-11-11</td>
<td itemprop="publicationDate">1973-05-10</td>
<td><span itemprop="assigneeOriginal">Glaxo Lab Ltd</span></td>
<td itemprop="title">
  NEW STEROIDS, THEIR PREPARATION PROCESS AND THEIR APPLICATIONS
 
     </td>
</tr>
<tr itemprop="backwardReferencesFamily" itemscope="" repeat="">
<td>
<a href="/patent/US3983111A/en">
<span itemprop="publicationNumber">US3983111A</span>
              (<span itemprop="primaryLanguage">en</span>)
            </a>
<span itemprop="examinerCited">*</span>
</td>
<td itemprop="priorityDate">1972-05-05</td>
<td itemprop="publicationDate">1976-09-28</td>
<td><span itemprop="assigneeOriginal">Glaxo Laboratories Limited</span></td>
<td itemprop="title">Steroidal anaesthetics of the pregnane and 19-norpregnane series 
       </td>
</tr>
<tr itemprop="backwardReferencesFamily" itemscope="" repeat="">
<td>
<a href="/patent/GB1430942A/en">
<span itemprop="publicationNumber">GB1430942A</span>
              (<span itemprop="primaryLanguage">en</span>)
            </a>
<span itemprop="examinerCited">*</span>
</td>
<td itemprop="priorityDate">1972-05-05</td>
<td itemprop="publicationDate">1976-04-07</td>
<td><span itemprop="assigneeOriginal">Glaxo Lab Ltd</span></td>
<td itemprop="title">21-substituted 3alpha-hydroxy pregnanes 
     </td>
</tr>
<tr itemprop="backwardReferencesFamily" itemscope="" repeat="">
<td>
<a href="/patent/US3959260A/en">
<span itemprop="publicationNumber">US3959260A</span>
              (<span itemprop="primaryLanguage">en</span>)
            </a>
<span itemprop="examinerCited">*</span>
</td>
<td itemprop="priorityDate">1972-05-05</td>
<td itemprop="publicationDate">1976-05-25</td>
<td><span itemprop="assigneeOriginal">Glaxo Laboratories Limited</span></td>
<td itemprop="title">Anaesthetic steroids of the pregnane and 19-norpregnane series having a sulfur-containing group at the 21-position 
       </td>
</tr>
<tr itemprop="backwardReferencesFamily" itemscope="" repeat="">
<td>
<a href="/patent/GB1436324A/en">
<span itemprop="publicationNumber">GB1436324A</span>
              (<span itemprop="primaryLanguage">en</span>)
            </a>
<span itemprop="examinerCited">*</span>
</td>
<td itemprop="priorityDate">1972-05-12</td>
<td itemprop="publicationDate">1976-05-19</td>
<td><span itemprop="assigneeOriginal">Glaxo Lab Ltd</span></td>
<td itemprop="title">Anaesthetic 3alpha-hydroxy pregnanes 
     </td>
</tr>
<tr itemprop="backwardReferencesFamily" itemscope="" repeat="">
<td>
<a href="/patent/US3989686A/en">
<span itemprop="publicationNumber">US3989686A</span>
              (<span itemprop="primaryLanguage">en</span>)
            </a>
<span itemprop="examinerCited">*</span>
</td>
<td itemprop="priorityDate">1972-06-15</td>
<td itemprop="publicationDate">1976-11-02</td>
<td><span itemprop="assigneeOriginal">Glaxo Laboratories Limited</span></td>
<td itemprop="title">Anaesthetic steroids of the androstane series and process for preparing same 
       </td>
</tr>
<tr itemprop="backwardReferencesFamily" itemscope="" repeat="">
<td>
<a href="/patent/DE2438020A1/en">
<span itemprop="publicationNumber">DE2438020A1</span>
              (<span itemprop="primaryLanguage">en</span>)
            </a>
<span itemprop="examinerCited">*</span>
</td>
<td itemprop="priorityDate">1974-08-05</td>
<td itemprop="publicationDate">1976-02-26</td>
<td><span itemprop="assigneeOriginal">Schering Ag</span></td>
<td itemprop="title">
  18-METHYL-19-NOR-20-KETO-PREGNANE AND THE METHOD OF MANUFACTURING IT
 
     </td>
</tr>
<tr itemprop="backwardReferencesFamily" itemscope="" repeat="">
<td>
<a href="/patent/DE2526373C2/en">
<span itemprop="publicationNumber">DE2526373C2</span>
              (<span itemprop="primaryLanguage">en</span>)
            </a>
<span itemprop="examinerCited">*</span>
</td>
<td itemprop="priorityDate">1975-06-11</td>
<td itemprop="publicationDate">1983-11-10</td>
<td><span itemprop="assigneeOriginal">Schering AG, 1000 Berlin und 4709 Bergkamen</span></td>
<td itemprop="title">
  Process for the preparation of Δ → 9 → → (→ → 1 → → 1 → →) → -5? -20-keto steroids
 
     </td>
</tr>
<tr itemprop="backwardReferencesFamily" itemscope="" repeat="">
<td>
<a href="/patent/US4192871A/en">
<span itemprop="publicationNumber">US4192871A</span>
              (<span itemprop="primaryLanguage">en</span>)
            </a>
<span itemprop="examinerCited">*</span>
</td>
<td itemprop="priorityDate">1976-01-06</td>
<td itemprop="publicationDate">1980-03-11</td>
<td><span itemprop="assigneeOriginal">Glaxo Laboratories Limited</span></td>
<td itemprop="title">Chemical compounds 
       </td>
</tr>
<tr itemprop="backwardReferencesFamily" itemscope="" repeat="">
<td>
<a href="/patent/GB1581234A/en">
<span itemprop="publicationNumber">GB1581234A</span>
              (<span itemprop="primaryLanguage">en</span>)
            </a>
<span itemprop="examinerCited">*</span>
</td>
<td itemprop="priorityDate">1976-04-05</td>
<td itemprop="publicationDate">1980-12-10</td>
<td><span itemprop="assigneeOriginal">Glaxo Operations Ltd</span></td>
<td itemprop="title">11a - amino - 3a - hydroxysteroids 
     </td>
</tr>
<tr itemprop="backwardReferencesFamily" itemscope="" repeat="">
<td>
<a href="/patent/US4197296A/en">
<span itemprop="publicationNumber">US4197296A</span>
              (<span itemprop="primaryLanguage">en</span>)
            </a>
<span itemprop="examinerCited">*</span>
</td>
<td itemprop="priorityDate">1977-03-23</td>
<td itemprop="publicationDate">1980-04-08</td>
<td><span itemprop="assigneeOriginal">Glaxo Group Limited</span></td>
<td itemprop="title">Androstanes 
       </td>
</tr>
<tr itemprop="backwardReferencesFamily" itemscope="" repeat="">
<td>
<a href="/patent/GB1581235A/en">
<span itemprop="publicationNumber">GB1581235A</span>
              (<span itemprop="primaryLanguage">en</span>)
            </a>
<span itemprop="examinerCited">*</span>
</td>
<td itemprop="priorityDate">1977-04-04</td>
<td itemprop="publicationDate">1980-12-10</td>
<td><span itemprop="assigneeOriginal">Glaxo Operations Ltd</span></td>
<td itemprop="title">11a-amino-3a-hydroxy-steroids 
     </td>
</tr>
<tr itemprop="backwardReferencesFamily" itemscope="" repeat="">
<td>
<a href="/patent/US4213978A/en">
<span itemprop="publicationNumber">US4213978A</span>
              (<span itemprop="primaryLanguage">en</span>)
            </a>
<span itemprop="examinerCited">*</span>
</td>
<td itemprop="priorityDate">1978-12-05</td>
<td itemprop="publicationDate">1980-07-22</td>
<td><span itemprop="assigneeOriginal">Interx Research Corporation</span></td>
<td itemprop="title">Anti-acne and anti-seborrhea prodrug derivatives of progesterone 
       </td>
</tr>
<tr itemprop="backwardReferencesFamily" itemscope="" repeat="">
<td>
<a href="/patent/US4424218A/en">
<span itemprop="publicationNumber">US4424218A</span>
              (<span itemprop="primaryLanguage">en</span>)
            </a>
<span itemprop="examinerCited">*</span>
</td>
<td itemprop="priorityDate">1979-08-17</td>
<td itemprop="publicationDate">1984-01-03</td>
<td><span itemprop="assigneeOriginal">Roussel Uclaf</span></td>
<td itemprop="title">Novel 3 α-amino steroids 
       </td>
</tr>
<tr itemprop="backwardReferencesFamily" itemscope="" repeat="">
<td>
<a href="/patent/DE2950026C2/en">
<span itemprop="publicationNumber">DE2950026C2</span>
              (<span itemprop="primaryLanguage">en</span>)
            </a>
<span itemprop="examinerCited">*</span>
</td>
<td itemprop="priorityDate">1979-12-10</td>
<td itemprop="publicationDate">1982-05-19</td>
<td><span itemprop="assigneeOriginal">Schering Ag, 1000 Berlin Und 4619 Bergkamen</span></td>
<td itemprop="title">
  Process for the preparation of 11-keto steroids
 
     </td>
</tr>
<tr itemprop="backwardReferencesFamily" itemscope="" repeat="">
<td>
<a href="/patent/US4360470A/en">
<span itemprop="publicationNumber">US4360470A</span>
              (<span itemprop="primaryLanguage">en</span>)
            </a>
<span itemprop="examinerCited">*</span>
</td>
<td itemprop="priorityDate">1980-10-22</td>
<td itemprop="publicationDate">1982-11-23</td>
<td><span itemprop="assigneeOriginal">Hoffmann-La Roche Inc.</span></td>
<td itemprop="title">Process and intermediates for the synthesis of Vitamin D3 metabolites and chenodeoxycholic acid 
       </td>
</tr>
<tr itemprop="backwardReferencesFamily" itemscope="" repeat="">
<td>
<a href="/patent/US5319115A/en">
<span itemprop="publicationNumber">US5319115A</span>
              (<span itemprop="primaryLanguage">en</span>)
            </a>
<span itemprop="examinerCited">*</span>
</td>
<td itemprop="priorityDate">1987-08-25</td>
<td itemprop="publicationDate">1994-06-07</td>
<td><span itemprop="assigneeOriginal">Cocensys Inc.</span></td>
<td itemprop="title">Method for making 3α-hydroxy, 3β-substituted-pregnanes 
       </td>
</tr>
<tr itemprop="backwardReferencesFamily" itemscope="" repeat="">
<td>
<a href="/patent/US5208227A/en">
<span itemprop="publicationNumber">US5208227A</span>
              (<span itemprop="primaryLanguage">en</span>)
            </a>
<span itemprop="examinerCited">*</span>
</td>
<td itemprop="priorityDate">1987-08-25</td>
<td itemprop="publicationDate">1993-05-04</td>
<td><span itemprop="assigneeOriginal">University Of Southern California</span></td>
<td itemprop="title">Method, compositions, and compounds for modulating brain excitability 
       </td>
</tr>
<tr itemprop="backwardReferencesFamily" itemscope="" repeat="">
<td>
<a href="/patent/US5232917A/en">
<span itemprop="publicationNumber">US5232917A</span>
              (<span itemprop="primaryLanguage">en</span>)
            </a>
<span itemprop="examinerCited">*</span>
</td>
<td itemprop="priorityDate">1987-08-25</td>
<td itemprop="publicationDate">1993-08-03</td>
<td><span itemprop="assigneeOriginal">University Of Southern California</span></td>
<td itemprop="title">Methods, compositions, and compounds for allosteric modulation of the GABA receptor by members of the androstane and pregnane series 
       </td>
</tr>
<tr itemprop="backwardReferencesFamily" itemscope="" repeat="">
<td>
<a href="/patent/US5371077A/en">
<span itemprop="publicationNumber">US5371077A</span>
              (<span itemprop="primaryLanguage">en</span>)
            </a>
<span itemprop="examinerCited">*</span>
</td>
<td itemprop="priorityDate">1992-08-03</td>
<td itemprop="publicationDate">1994-12-06</td>
<td><span itemprop="assigneeOriginal">William Marsh Rice University</span></td>
<td itemprop="title">Side chain derivatized 15-oxygenated sterols, methods of using them and a process for preparing them 
       </td>
</tr>
</tbody>
</table>
<ul>
<li itemprop="applicationsByYear" itemscope="" repeat="">
<span itemprop="year">1991</span>
<ul>
<li itemprop="application" itemscope="" repeat="">
<span itemprop="filingDate">1991-08-13</span>
<span itemprop="countryCode">US</span>
<span itemprop="applicationNumber">US07/745,216</span>
<a href="/patent/US5232917A/en"><span itemprop="documentId">patent/US5232917A/en</span></a>
<span itemprop="legalStatusCat">not_active</span>
<span itemprop="legalStatus">Expired - Lifetime</span>
</li>
</ul>
</li>
<li itemprop="applicationsByYear" itemscope="" repeat="">
<span itemprop="year">1992</span>
<ul>
<li itemprop="application" itemscope="" repeat="">
<span itemprop="filingDate">1992-08-10</span>
<span itemprop="countryCode">JP</span>
<span itemprop="applicationNumber">JP50438593A</span>
<a href="/patent/JP3710470B2/en"><span itemprop="documentId">patent/JP3710470B2/en</span></a>
<span itemprop="legalStatusCat">not_active</span>
<span itemprop="legalStatus">Expired - Lifetime</span>
</li>
<li itemprop="application" itemscope="" repeat="">
<span itemprop="filingDate">1992-08-10</span>
<span itemprop="countryCode">WO</span>
<span itemprop="applicationNumber">PCT/US1992/006699</span>
<a href="/patent/WO1993003732A1/en"><span itemprop="documentId">patent/WO1993003732A1/en</span></a>
<span itemprop="legalStatusCat">active</span>
<span itemprop="legalStatus">IP Right Grant</span>
</li>
<li itemprop="application" itemscope="" repeat="">
<span itemprop="filingDate">1992-08-10</span>
<span itemprop="countryCode">EP</span>
<span itemprop="applicationNumber">EP92918471A</span>
<a href="/patent/EP0554436B1/en"><span itemprop="documentId">patent/EP0554436B1/en</span></a>
<span itemprop="legalStatusCat">not_active</span>
<span itemprop="legalStatus">Expired - Lifetime</span>
<span bool="" content="true" itemprop="thisApp"></span>
</li>
<li itemprop="application" itemscope="" repeat="">
<span itemprop="filingDate">1992-08-10</span>
<span itemprop="countryCode">DK</span>
<span itemprop="applicationNumber">DK92918471T</span>
<a href="/patent/DK0554436T3/en"><span itemprop="documentId">patent/DK0554436T3/en</span></a>
<span itemprop="legalStatusCat">active</span>
<span itemprop="legalStatus"></span>
</li>
<li itemprop="application" itemscope="" repeat="">
<span itemprop="filingDate">1992-08-10</span>
<span itemprop="countryCode">AT</span>
<span itemprop="applicationNumber">AT92918471T</span>
<a href="/patent/ATE194287T1/en"><span itemprop="documentId">patent/ATE194287T1/en</span></a>
<span itemprop="legalStatusCat">active</span>
<span itemprop="legalStatus"></span>
</li>
<li itemprop="application" itemscope="" repeat="">
<span itemprop="filingDate">1992-08-10</span>
<span itemprop="countryCode">ES</span>
<span itemprop="applicationNumber">ES92918471T</span>
<a href="/patent/ES2150917T3/en"><span itemprop="documentId">patent/ES2150917T3/en</span></a>
<span itemprop="legalStatusCat">not_active</span>
<span itemprop="legalStatus">Expired - Lifetime</span>
</li>
<li itemprop="application" itemscope="" repeat="">
<span itemprop="filingDate">1992-08-10</span>
<span itemprop="countryCode">DE</span>
<span itemprop="applicationNumber">DE69231221T</span>
<a href="/patent/DE69231221T2/en"><span itemprop="documentId">patent/DE69231221T2/en</span></a>
<span itemprop="legalStatusCat">not_active</span>
<span itemprop="legalStatus">Expired - Lifetime</span>
</li>
<li itemprop="application" itemscope="" repeat="">
<span itemprop="filingDate">1992-08-10</span>
<span itemprop="countryCode">KR</span>
<span itemprop="applicationNumber">KR1019930701113A</span>
<a href="/patent/KR100287629B1/en"><span itemprop="documentId">patent/KR100287629B1/en</span></a>
<span itemprop="legalStatusCat">not_active</span>
<span itemprop="legalStatus">Expired - Lifetime</span>
</li>
<li itemprop="application" itemscope="" repeat="">
<span itemprop="filingDate">1992-08-10</span>
<span itemprop="countryCode">CA</span>
<span itemprop="applicationNumber">CA002093808A</span>
<a href="/patent/CA2093808C/en"><span itemprop="documentId">patent/CA2093808C/en</span></a>
<span itemprop="legalStatusCat">not_active</span>
<span itemprop="legalStatus">Expired - Lifetime</span>
</li>
<li itemprop="application" itemscope="" repeat="">
<span itemprop="filingDate">1992-08-10</span>
<span itemprop="countryCode">AU</span>
<span itemprop="applicationNumber">AU24719/92A</span>
<a href="/patent/AU668880B2/en"><span itemprop="documentId">patent/AU668880B2/en</span></a>
<span itemprop="legalStatusCat">not_active</span>
<span itemprop="legalStatus">Expired</span>
</li>
</ul>
</li>
<li itemprop="applicationsByYear" itemscope="" repeat="">
<span itemprop="year">1993</span>
<ul>
<li itemprop="application" itemscope="" repeat="">
<span itemprop="filingDate">1993-04-06</span>
<span itemprop="countryCode">NO</span>
<span itemprop="applicationNumber">NO931308A</span>
<a href="/patent/NO308252B1/en"><span itemprop="documentId">patent/NO308252B1/en</span></a>
<span itemprop="legalStatusCat">not_active</span>
<span itemprop="legalStatus">IP Right Cessation</span>
</li>
<li itemprop="application" itemscope="" repeat="">
<span itemprop="filingDate">1993-08-02</span>
<span itemprop="countryCode">US</span>
<span itemprop="applicationNumber">US08/101,497</span>
<a href="/patent/US5591733A/en"><span itemprop="documentId">patent/US5591733A/en</span></a>
<span itemprop="legalStatusCat">not_active</span>
<span itemprop="legalStatus">Expired - Lifetime</span>
</li>
</ul>
</li>
<li itemprop="applicationsByYear" itemscope="" repeat="">
<span itemprop="year">2000</span>
<ul>
<li itemprop="application" itemscope="" repeat="">
<span itemprop="filingDate">2000-09-26</span>
<span itemprop="countryCode">GR</span>
<span itemprop="applicationNumber">GR20000402175T</span>
<a href="/patent/GR3034486T3/en"><span itemprop="documentId">patent/GR3034486T3/en</span></a>
<span itemprop="legalStatusCat">unknown</span>
<span itemprop="legalStatus"></span>
</li>
</ul>
</li>
</ul>
</section>
<section>
<h2>Patent Citations (2)</h2>
<table>
<caption>* Cited by examiner, † Cited by third party</caption>
<thead>
<tr>
<th>Publication number</th>
<th>Priority date</th>
<th>Publication date</th>
<th>Assignee</th>
<th>Title</th>
</tr>
</thead>
<tbody>
<tr itemprop="backwardReferences" itemscope="" repeat="">
<td>
<a href="/patent/WO1989002272A1/en">
<span itemprop="publicationNumber">WO1989002272A1</span>
              (<span itemprop="primaryLanguage">en</span>)
            </a>
<span itemprop="examinerCited">*</span>
</td>
<td itemprop="priorityDate">1987-08-25</td>
<td itemprop="publicationDate">1989-03-23</td>
<td><span itemprop="assigneeOriginal">Gee Kelvin W</span></td>
<td itemprop="title">Compositions and methods for alleviating stress, anxiety and seizure activity 
       </td>
</tr>
<tr itemprop="backwardReferences" itemscope="" repeat="">
<td>
<a href="/patent/WO1991016897A1/en">
<span itemprop="publicationNumber">WO1991016897A1</span>
              (<span itemprop="primaryLanguage">en</span>)
            </a>
<span itemprop="examinerCited">*</span>
</td>
<td itemprop="priorityDate">1990-05-10</td>
<td itemprop="publicationDate">1991-11-14</td>
<td><span itemprop="assigneeOriginal">Kelvin Wellman Gee</span></td>
<td itemprop="title">Method, compositions, and compounds for modulating brain excitability 
       </td>
</tr>
</tbody>
</table>
</section>
<section>
<h2>Non-Patent Citations (2)</h2>
<table>
<caption>* Cited by examiner, † Cited by third party</caption>
<thead>
<tr>
<th>Title</th>
</tr>
</thead>
<tbody>
<tr itemprop="detailedNonPatentLiterature" itemscope="" repeat="">
<td>
<span itemprop="title">D. BELELLI ET AL: "<a href='http://scholar.google.com/scholar?q="Anticonvulsant+profile+of+the+progesterone+metabolite+5a-pregnan-3a-ol-20-one."'>Anticonvulsant profile of the progesterone metabolite 5a-pregnan-3a-ol-20-one.</a>", EUR. J. PHARMACOL., vol. 166, no. 2, 1989, pages 325 - 329</span>
<span itemprop="examinerCited">*</span>
</td>
</tr>
<tr itemprop="detailedNonPatentLiterature" itemscope="" repeat="">
<td>
<span itemprop="title">R.H. PURDY ET AL: "<a href='http://scholar.google.com/scholar?q="Synthesis%2C+metabolism+and+pharmacological+activity+of+3a-hydroxy+steroids+which+potenriate+GABA-receptor-mediated+chloride+ion+uptake+in+rat+cerebral+cortical+synaptoneurosomes."'>Synthesis, metabolism and pharmacological activity of 3a-hydroxy steroids which potenriate GABA-receptor-mediated chloride ion uptake in rat cerebral cortical synaptoneurosomes.</a>", J. MED. CHEM., vol. 33, no. 6, 1990, pages 1572 - 1581</span>
<span itemprop="examinerCited">*</span>
</td>
</tr>
</tbody>
</table>
</section>
<section>
<h2>Also Published As</h2>
<table>
<thead>
<tr>
<th>Publication number</th>
<th>Publication date</th>
</tr>
</thead>
<tbody>
<tr itemprop="docdbFamily" itemscope="" repeat="">
<td>
<a href="/patent/AU2471992A/en">
<span itemprop="publicationNumber">AU2471992A</span>
              (<span itemprop="primaryLanguage">en</span>)
            </a>
</td>
<td itemprop="publicationDate">1993-03-16</td>
</tr>
<tr itemprop="docdbFamily" itemscope="" repeat="">
<td>
<a href="/patent/WO1993003732A1/en">
<span itemprop="publicationNumber">WO1993003732A1</span>
              (<span itemprop="primaryLanguage">en</span>)
            </a>
</td>
<td itemprop="publicationDate">1993-03-04</td>
</tr>
<tr itemprop="docdbFamily" itemscope="" repeat="">
<td>
<a href="/patent/ES2150917T3/en">
<span itemprop="publicationNumber">ES2150917T3</span>
              (<span itemprop="primaryLanguage">en</span>)
            </a>
</td>
<td itemprop="publicationDate">2000-12-16</td>
</tr>
<tr itemprop="docdbFamily" itemscope="" repeat="">
<td>
<a href="/patent/KR930702005A/en">
<span itemprop="publicationNumber">KR930702005A</span>
              (<span itemprop="primaryLanguage">en</span>)
            </a>
</td>
<td itemprop="publicationDate">1993-09-08</td>
</tr>
<tr itemprop="docdbFamily" itemscope="" repeat="">
<td>
<a href="/patent/JP3710470B2/en">
<span itemprop="publicationNumber">JP3710470B2</span>
              (<span itemprop="primaryLanguage">en</span>)
            </a>
</td>
<td itemprop="publicationDate">2005-10-26</td>
</tr>
<tr itemprop="docdbFamily" itemscope="" repeat="">
<td>
<a href="/patent/DE69231221D1/en">
<span itemprop="publicationNumber">DE69231221D1</span>
              (<span itemprop="primaryLanguage">en</span>)
            </a>
</td>
<td itemprop="publicationDate">2000-08-10</td>
</tr>
<tr itemprop="docdbFamily" itemscope="" repeat="">
<td>
<a href="/patent/DE69231221T2/en">
<span itemprop="publicationNumber">DE69231221T2</span>
              (<span itemprop="primaryLanguage">en</span>)
            </a>
</td>
<td itemprop="publicationDate">2000-11-09</td>
</tr>
<tr itemprop="docdbFamily" itemscope="" repeat="">
<td>
<a href="/patent/ATE194287T1/en">
<span itemprop="publicationNumber">ATE194287T1</span>
              (<span itemprop="primaryLanguage">en</span>)
            </a>
</td>
<td itemprop="publicationDate">2000-07-15</td>
</tr>
<tr itemprop="docdbFamily" itemscope="" repeat="">
<td>
<a href="/patent/US5591733A/en">
<span itemprop="publicationNumber">US5591733A</span>
              (<span itemprop="primaryLanguage">en</span>)
            </a>
</td>
<td itemprop="publicationDate">1997-01-07</td>
</tr>
<tr itemprop="docdbFamily" itemscope="" repeat="">
<td>
<a href="/patent/HK1005986A1/en">
<span itemprop="publicationNumber">HK1005986A1</span>
              (<span itemprop="primaryLanguage">en</span>)
            </a>
</td>
<td itemprop="publicationDate">1999-02-05</td>
</tr>
<tr itemprop="docdbFamily" itemscope="" repeat="">
<td>
<a href="/patent/KR100287629B1/en">
<span itemprop="publicationNumber">KR100287629B1</span>
              (<span itemprop="primaryLanguage">en</span>)
            </a>
</td>
<td itemprop="publicationDate">2001-10-22</td>
</tr>
<tr itemprop="docdbFamily" itemscope="" repeat="">
<td>
<a href="/patent/NO931308D0/en">
<span itemprop="publicationNumber">NO931308D0</span>
              (<span itemprop="primaryLanguage">en</span>)
            </a>
</td>
<td itemprop="publicationDate">1993-04-06</td>
</tr>
<tr itemprop="docdbFamily" itemscope="" repeat="">
<td>
<a href="/patent/NO308252B1/en">
<span itemprop="publicationNumber">NO308252B1</span>
              (<span itemprop="primaryLanguage">en</span>)
            </a>
</td>
<td itemprop="publicationDate">2000-08-21</td>
</tr>
<tr itemprop="docdbFamily" itemscope="" repeat="">
<td>
<a href="/patent/US5232917A/en">
<span itemprop="publicationNumber">US5232917A</span>
              (<span itemprop="primaryLanguage">en</span>)
            </a>
</td>
<td itemprop="publicationDate">1993-08-03</td>
</tr>
<tr itemprop="docdbFamily" itemscope="" repeat="">
<td>
<a href="/patent/NO931308L/en">
<span itemprop="publicationNumber">NO931308L</span>
              (<span itemprop="primaryLanguage">en</span>)
            </a>
</td>
<td itemprop="publicationDate">1993-06-14</td>
</tr>
<tr itemprop="docdbFamily" itemscope="" repeat="">
<td>
<a href="/patent/EP0554436B1/en">
<span itemprop="publicationNumber">EP0554436B1</span>
              (<span itemprop="primaryLanguage">en</span>)
            </a>
</td>
<td itemprop="publicationDate">2000-07-05</td>
</tr>
<tr itemprop="docdbFamily" itemscope="" repeat="">
<td>
<a href="/patent/CA2093808A1/en">
<span itemprop="publicationNumber">CA2093808A1</span>
              (<span itemprop="primaryLanguage">en</span>)
            </a>
</td>
<td itemprop="publicationDate">1993-02-14</td>
</tr>
<tr itemprop="docdbFamily" itemscope="" repeat="">
<td>
<a href="/patent/AU668880B2/en">
<span itemprop="publicationNumber">AU668880B2</span>
              (<span itemprop="primaryLanguage">en</span>)
            </a>
</td>
<td itemprop="publicationDate">1996-05-23</td>
</tr>
<tr itemprop="docdbFamily" itemscope="" repeat="">
<td>
<a href="/patent/JPH06501962A/en">
<span itemprop="publicationNumber">JPH06501962A</span>
              (<span itemprop="primaryLanguage">en</span>)
            </a>
</td>
<td itemprop="publicationDate">1994-03-03</td>
</tr>
<tr itemprop="docdbFamily" itemscope="" repeat="">
<td>
<a href="/patent/EP0554436A1/en">
<span itemprop="publicationNumber">EP0554436A1</span>
              (<span itemprop="primaryLanguage">en</span>)
            </a>
</td>
<td itemprop="publicationDate">1993-08-11</td>
</tr>
<tr itemprop="docdbFamily" itemscope="" repeat="">
<td>
<a href="/patent/DK0554436T3/en">
<span itemprop="publicationNumber">DK0554436T3</span>
              (<span itemprop="primaryLanguage">en</span>)
            </a>
</td>
<td itemprop="publicationDate">2000-09-18</td>
</tr>
<tr itemprop="docdbFamily" itemscope="" repeat="">
<td>
<a href="/patent/CA2093808C/en">
<span itemprop="publicationNumber">CA2093808C</span>
              (<span itemprop="primaryLanguage">en</span>)
            </a>
</td>
<td itemprop="publicationDate">2008-01-29</td>
</tr>
<tr itemprop="docdbFamily" itemscope="" repeat="">
<td>
<a href="/patent/GR3034486T3/en">
<span itemprop="publicationNumber">GR3034486T3</span>
              (<span itemprop="primaryLanguage">en</span>)
            </a>
</td>
<td itemprop="publicationDate">2000-12-29</td>
</tr>
</tbody>
</table>
</section>
<section>
<h2>Similar Documents</h2>
<table>
<thead>
<tr>
<th>Publication</th>
<th>Publication Date</th>
<th>Title</th>
</tr>
</thead>
<tbody>
<tr itemprop="similarDocuments" itemscope="" repeat="">
<td>
<meta content="true" itemprop="isPatent"/>
<a href="/patent/EP0554436A4/en">
<span itemprop="publicationNumber">EP0554436A4</span>
                (<span itemprop="primaryLanguage">en</span>)
              </a>
</td>
<td>
<time datetime="1994-01-12" itemprop="publicationDate">1994-01-12</time>
</td>
<td itemprop="title"></td>
</tr>
<tr itemprop="similarDocuments" itemscope="" repeat="">
<td>
<meta content="true" itemprop="isPatent"/>
<a href="/patent/EP0382790A4/en">
<span itemprop="publicationNumber">EP0382790A4</span>
                (<span itemprop="primaryLanguage">en</span>)
              </a>
</td>
<td>
<time datetime="1991-03-27" itemprop="publicationDate">1991-03-27</time>
</td>
<td itemprop="title">Compositions and methods for alleviating stress, anxiety and seizure activity 
       </td>
</tr>
<tr itemprop="similarDocuments" itemscope="" repeat="">
<td>
<meta content="true" itemprop="isPatent"/>
<a href="/patent/JPS5248185A/en">
<span itemprop="publicationNumber">JPS5248185A</span>
                (<span itemprop="primaryLanguage">en</span>)
              </a>
</td>
<td>
<time datetime="1977-04-16" itemprop="publicationDate">1977-04-16</time>
</td>
<td itemprop="title">Numerically controlling apparatus for lathe 
     </td>
</tr>
<tr itemprop="similarDocuments" itemscope="" repeat="">
<td>
<meta content="true" itemprop="isPatent"/>
<a href="/patent/IL62802A0/en">
<span itemprop="publicationNumber">IL62802A0</span>
                (<span itemprop="primaryLanguage">en</span>)
              </a>
</td>
<td>
<time datetime="1981-07-31" itemprop="publicationDate">1981-07-31</time>
</td>
<td itemprop="title">Method for regulating plant growth by the use of certain ccarboxamides 
     </td>
</tr>
<tr itemprop="similarDocuments" itemscope="" repeat="">
<td>
<meta content="true" itemprop="isPatent"/>
<a href="/patent/EP0076080A3/en">
<span itemprop="publicationNumber">EP0076080A3</span>
                (<span itemprop="primaryLanguage">en</span>)
              </a>
</td>
<td>
<time datetime="1983-08-10" itemprop="publicationDate">1983-08-10</time>
</td>
<td itemprop="title">Apparatus for cooling a scalp 
       </td>
</tr>
<tr itemprop="similarDocuments" itemscope="" repeat="">
<td>
<meta content="true" itemprop="isPatent"/>
<a href="/patent/JPS5412641A/en">
<span itemprop="publicationNumber">JPS5412641A</span>
                (<span itemprop="primaryLanguage">en</span>)
              </a>
</td>
<td>
<time datetime="1979-01-30" itemprop="publicationDate">1979-01-30</time>
</td>
<td itemprop="title">Input method for computer numeral controller 
     </td>
</tr>
<tr itemprop="similarDocuments" itemscope="" repeat="">
<td>
<meta content="true" itemprop="isPatent"/>
<a href="/patent/JPS5239880A/en">
<span itemprop="publicationNumber">JPS5239880A</span>
                (<span itemprop="primaryLanguage">en</span>)
              </a>
</td>
<td>
<time datetime="1977-03-28" itemprop="publicationDate">1977-03-28</time>
</td>
<td itemprop="title">Method for punching a double steel tape continuously 
     </td>
</tr>
<tr itemprop="similarDocuments" itemscope="" repeat="">
<td>
<meta content="true" itemprop="isPatent"/>
<a href="/patent/YU42125B/en">
<span itemprop="publicationNumber">YU42125B</span>
                (<span itemprop="primaryLanguage">en</span>)
              </a>
</td>
<td>
<time datetime="1988-04-30" itemprop="publicationDate">1988-04-30</time>
</td>
<td itemprop="title">Process for producing new 2-substituted and 2,6 disubstituted penem compounds 
     </td>
</tr>
<tr itemprop="similarDocuments" itemscope="" repeat="">
<td>
<meta content="true" itemprop="isPatent"/>
<a href="/patent/ZW28281A1/en">
<span itemprop="publicationNumber">ZW28281A1</span>
                (<span itemprop="primaryLanguage">en</span>)
              </a>
</td>
<td>
<time datetime="1982-04-14" itemprop="publicationDate">1982-04-14</time>
</td>
<td itemprop="title">New bicyclo (2.2.1) heptane derivatives a process for the preparation thereof and plant growth regulating compositions containing same 
     </td>
</tr>
<tr itemprop="similarDocuments" itemscope="" repeat="">
<td>
<meta content="true" itemprop="isPatent"/>
<a href="/patent/JPS525313A/en">
<span itemprop="publicationNumber">JPS525313A</span>
                (<span itemprop="primaryLanguage">en</span>)
              </a>
</td>
<td>
<time datetime="1977-01-17" itemprop="publicationDate">1977-01-17</time>
</td>
<td itemprop="title">Method for opening continuous multifilament yarns 
     </td>
</tr>
<tr itemprop="similarDocuments" itemscope="" repeat="">
<td>
<meta content="true" itemprop="isPatent"/>
<a href="/patent/DE3689764D1/en">
<span itemprop="publicationNumber">DE3689764D1</span>
                (<span itemprop="primaryLanguage">en</span>)
              </a>
</td>
<td>
<time datetime="1994-05-11" itemprop="publicationDate">1994-05-11</time>
</td>
<td itemprop="title">
  Intermediates and processes for their manufacture.
 
     </td>
</tr>
<tr itemprop="similarDocuments" itemscope="" repeat="">
<td>
<meta content="true" itemprop="isPatent"/>
<a href="/patent/JPS5214045A/en">
<span itemprop="publicationNumber">JPS5214045A</span>
                (<span itemprop="primaryLanguage">en</span>)
              </a>
</td>
<td>
<time datetime="1977-02-02" itemprop="publicationDate">1977-02-02</time>
</td>
<td itemprop="title">Construction method of plant 
     </td>
</tr>
<tr itemprop="similarDocuments" itemscope="" repeat="">
<td>
<meta content="true" itemprop="isPatent"/>
<a href="/patent/JPS53136216A/en">
<span itemprop="publicationNumber">JPS53136216A</span>
                (<span itemprop="primaryLanguage">en</span>)
              </a>
</td>
<td>
<time datetime="1978-11-28" itemprop="publicationDate">1978-11-28</time>
</td>
<td itemprop="title">System for controlling running of trains 
     </td>
</tr>
<tr itemprop="similarDocuments" itemscope="" repeat="">
<td>
<meta content="true" itemprop="isPatent"/>
<a href="/patent/JPS5344775A/en">
<span itemprop="publicationNumber">JPS5344775A</span>
                (<span itemprop="primaryLanguage">en</span>)
              </a>
</td>
<td>
<time datetime="1978-04-21" itemprop="publicationDate">1978-04-21</time>
</td>
<td itemprop="title">Stability improving method for nonlinear system 
     </td>
</tr>
<tr itemprop="similarDocuments" itemscope="" repeat="">
<td>
<meta content="true" itemprop="isPatent"/>
<a href="/patent/AU7250787A/en">
<span itemprop="publicationNumber">AU7250787A</span>
                (<span itemprop="primaryLanguage">en</span>)
              </a>
</td>
<td>
<time datetime="1987-11-12" itemprop="publicationDate">1987-11-12</time>
</td>
<td itemprop="title">A method for antagonizing the action of progesterone by administering an effective amount of 17 -ethynyl- 17 -acetoxy- 5 -androst- 2 -ene 
     </td>
</tr>
<tr itemprop="similarDocuments" itemscope="" repeat="">
<td>
<meta content="true" itemprop="isPatent"/>
<a href="/patent/JPS5372359A/en">
<span itemprop="publicationNumber">JPS5372359A</span>
                (<span itemprop="primaryLanguage">en</span>)
              </a>
</td>
<td>
<time datetime="1978-06-27" itemprop="publicationDate">1978-06-27</time>
</td>
<td itemprop="title">Method of controlling chlorine mixing rate into filtration plant andapparatus for the same 
     </td>
</tr>
<tr itemprop="similarDocuments" itemscope="" repeat="">
<td>
<meta content="true" itemprop="isPatent"/>
<a href="/patent/EP0072070A3/en">
<span itemprop="publicationNumber">EP0072070A3</span>
                (<span itemprop="primaryLanguage">en</span>)
              </a>
</td>
<td>
<time datetime="1983-05-11" itemprop="publicationDate">1983-05-11</time>
</td>
<td itemprop="title">N1-acyl-3-amino-1,2,3,4-tetrahydroquinoline compounds 
       </td>
</tr>
<tr itemprop="similarDocuments" itemscope="" repeat="">
<td>
<meta content="true" itemprop="isPatent"/>
<a href="/patent/JPS53120640A/en">
<span itemprop="publicationNumber">JPS53120640A</span>
                (<span itemprop="primaryLanguage">en</span>)
              </a>
</td>
<td>
<time datetime="1978-10-21" itemprop="publicationDate">1978-10-21</time>
</td>
<td itemprop="title">Running control method for plating amount change in continuous electroplating line 
       </td>
</tr>
<tr itemprop="similarDocuments" itemscope="" repeat="">
<td>
<meta content="true" itemprop="isPatent"/>
<a href="/patent/JPS5296719A/en">
<span itemprop="publicationNumber">JPS5296719A</span>
                (<span itemprop="primaryLanguage">en</span>)
              </a>
</td>
<td>
<time datetime="1977-08-13" itemprop="publicationDate">1977-08-13</time>
</td>
<td itemprop="title">Method for removing bitterness from chlorhexidine pharmaceuticals for intraoral use 
     </td>
</tr>
<tr itemprop="similarDocuments" itemscope="" repeat="">
<td>
<meta content="true" itemprop="isPatent"/>
<a href="/patent/ZA836478B/en">
<span itemprop="publicationNumber">ZA836478B</span>
                (<span itemprop="primaryLanguage">en</span>)
              </a>
</td>
<td>
<time datetime="1984-05-30" itemprop="publicationDate">1984-05-30</time>
</td>
<td itemprop="title">Novel phenoxyalkanoic acid derivatives for regulating plant growth 
     </td>
</tr>
<tr itemprop="similarDocuments" itemscope="" repeat="">
<td>
<meta content="true" itemprop="isPatent"/>
<a href="/patent/JPS5313705A/en">
<span itemprop="publicationNumber">JPS5313705A</span>
                (<span itemprop="primaryLanguage">en</span>)
              </a>
</td>
<td>
<time datetime="1978-02-07" itemprop="publicationDate">1978-02-07</time>
</td>
<td itemprop="title">Train service managing system 
     </td>
</tr>
<tr itemprop="similarDocuments" itemscope="" repeat="">
<td>
<meta content="true" itemprop="isPatent"/>
<a href="/patent/JPS57132240A/en">
<span itemprop="publicationNumber">JPS57132240A</span>
                (<span itemprop="primaryLanguage">en</span>)
              </a>
</td>
<td>
<time datetime="1982-08-16" itemprop="publicationDate">1982-08-16</time>
</td>
<td itemprop="title">Displaying method for displaying data on plural display devices 
     </td>
</tr>
<tr itemprop="similarDocuments" itemscope="" repeat="">
<td>
<meta content="true" itemprop="isPatent"/>
<a href="/patent/ES462071A1/en">
<span itemprop="publicationNumber">ES462071A1</span>
                (<span itemprop="primaryLanguage">en</span>)
              </a>
</td>
<td>
<time datetime="1978-06-01" itemprop="publicationDate">1978-06-01</time>
</td>
<td itemprop="title">Pyrimidine derivative 
       </td>
</tr>
<tr itemprop="similarDocuments" itemscope="" repeat="">
<td>
<meta content="true" itemprop="isScholar"/>
<meta content="5845728126803903195" itemprop="scholarID"/>
<a href="/scholar/5845728126803903195"><span itemprop="scholarAuthors">Hartmaier</span></a>
</td>
<td>
<time datetime="1982" itemprop="publicationDate">1982</time>
</td>
<td itemprop="title">Economy of Automatic Die Sprayers--Requirements and Future Chances</td>
</tr>
<tr itemprop="similarDocuments" itemscope="" repeat="">
<td>
<meta content="true" itemprop="isPatent"/>
<a href="/patent/JPS53103211A/en">
<span itemprop="publicationNumber">JPS53103211A</span>
                (<span itemprop="primaryLanguage">en</span>)
              </a>
</td>
<td>
<time datetime="1978-09-08" itemprop="publicationDate">1978-09-08</time>
</td>
<td itemprop="title">Core adjusting method for eccentric rotating body 
     </td>
</tr>
</tbody>
</table>
</section>
<section>
<h2>Legal Events</h2>
<table>
<thead>
<tr>
<th>Date</th>
<th>Code</th>
<th>Title</th>
<th>Description</th>
</tr>
</thead>
<tbody>
<tr itemprop="legalEvents" itemscope="" repeat="">
<td><time datetime="1993-06-25" itemprop="date">1993-06-25</time></td>
<td itemprop="code">PUAI</td>
<td itemprop="title">Public reference made under article 153(3) epc to a published international application that has entered the european phase</td>
<td>
<p itemprop="attributes" itemscope="" repeat="">
<strong itemprop="label">Free format text</strong>:
              <span itemprop="value">ORIGINAL CODE: 0009012</span>
</p>
</td>
</tr>
<tr itemprop="legalEvents" itemscope="" repeat="">
<td><time datetime="1993-08-11" itemprop="date">1993-08-11</time></td>
<td itemprop="code">17P</td>
<td itemprop="title">Request for examination filed</td>
<td>
<p itemprop="attributes" itemscope="" repeat="">
<strong itemprop="label">Effective date</strong>:
              <span itemprop="value">19930413</span>
</p>
</td>
</tr>
<tr itemprop="legalEvents" itemscope="" repeat="">
<td><time datetime="1993-08-11" itemprop="date">1993-08-11</time></td>
<td itemprop="code">AK</td>
<td itemprop="title">Designated contracting states</td>
<td>
<p itemprop="attributes" itemscope="" repeat="">
<strong itemprop="label">Kind code of ref document</strong>:
              <span itemprop="value">A1</span>
</p>
<p itemprop="attributes" itemscope="" repeat="">
<strong itemprop="label">Designated state(s)</strong>:
              <span itemprop="value">AT BE CH DE DK ES FR GB GR IE IT LI LU MC NL SE</span>
</p>
</td>
</tr>
<tr itemprop="legalEvents" itemscope="" repeat="">
<td><time datetime="1993-12-01" itemprop="date">1993-12-01</time></td>
<td itemprop="code">RIN1</td>
<td itemprop="title">Information on inventor provided before grant (corrected)</td>
<td>
<p itemprop="attributes" itemscope="" repeat="">
<strong itemprop="label">Inventor name</strong>:
              <span itemprop="value">UPASANI, RAVINDRA B.</span>
</p>
<p itemprop="attributes" itemscope="" repeat="">
<strong itemprop="label">Inventor name</strong>:
              <span itemprop="value">TAHIR, SAYED, HASAN</span>
</p>
<p itemprop="attributes" itemscope="" repeat="">
<strong itemprop="label">Inventor name</strong>:
              <span itemprop="value">PURDY, ROBERT, HYDE</span>
</p>
<p itemprop="attributes" itemscope="" repeat="">
<strong itemprop="label">Inventor name</strong>:
              <span itemprop="value">MIRSADEGHI, SYED</span>
</p>
<p itemprop="attributes" itemscope="" repeat="">
<strong itemprop="label">Inventor name</strong>:
              <span itemprop="value">BELELLI, DELIA</span>
</p>
<p itemprop="attributes" itemscope="" repeat="">
<strong itemprop="label">Inventor name</strong>:
              <span itemprop="value">LAN, NANCY, TSAI-YUN</span>
</p>
<p itemprop="attributes" itemscope="" repeat="">
<strong itemprop="label">Inventor name</strong>:
              <span itemprop="value">GEE, KELVIN, WELLMAN</span>
</p>
<p itemprop="attributes" itemscope="" repeat="">
<strong itemprop="label">Inventor name</strong>:
              <span itemprop="value">BOLGER, MICHAEL, BRUCE</span>
</p>
</td>
</tr>
<tr itemprop="legalEvents" itemscope="" repeat="">
<td><time datetime="1994-01-12" itemprop="date">1994-01-12</time></td>
<td itemprop="code">A4</td>
<td itemprop="title">Supplementary search report drawn up and despatched</td>
<td>
<p itemprop="attributes" itemscope="" repeat="">
<strong itemprop="label">Effective date</strong>:
              <span itemprop="value">19931125</span>
</p>
</td>
</tr>
<tr itemprop="legalEvents" itemscope="" repeat="">
<td><time datetime="1994-01-12" itemprop="date">1994-01-12</time></td>
<td itemprop="code">AK</td>
<td itemprop="title">Designated contracting states</td>
<td>
<p itemprop="attributes" itemscope="" repeat="">
<strong itemprop="label">Kind code of ref document</strong>:
              <span itemprop="value">A4</span>
</p>
<p itemprop="attributes" itemscope="" repeat="">
<strong itemprop="label">Designated state(s)</strong>:
              <span itemprop="value">AT BE CH DE DK ES FR GB GR IE IT LI LU MC NL SE</span>
</p>
</td>
</tr>
<tr itemprop="legalEvents" itemscope="" repeat="">
<td><time datetime="1997-04-23" itemprop="date">1997-04-23</time></td>
<td itemprop="code">17Q</td>
<td itemprop="title">First examination report despatched</td>
<td>
<p itemprop="attributes" itemscope="" repeat="">
<strong itemprop="label">Effective date</strong>:
              <span itemprop="value">19970307</span>
</p>
</td>
</tr>
<tr itemprop="legalEvents" itemscope="" repeat="">
<td><time datetime="1999-03-10" itemprop="date">1999-03-10</time></td>
<td itemprop="code">GRAG</td>
<td itemprop="title">Despatch of communication of intention to grant</td>
<td>
<p itemprop="attributes" itemscope="" repeat="">
<strong itemprop="label">Free format text</strong>:
              <span itemprop="value">ORIGINAL CODE: EPIDOS AGRA</span>
</p>
</td>
</tr>
<tr itemprop="legalEvents" itemscope="" repeat="">
<td><time datetime="1999-08-06" itemprop="date">1999-08-06</time></td>
<td itemprop="code">GRAG</td>
<td itemprop="title">Despatch of communication of intention to grant</td>
<td>
<p itemprop="attributes" itemscope="" repeat="">
<strong itemprop="label">Free format text</strong>:
              <span itemprop="value">ORIGINAL CODE: EPIDOS AGRA</span>
</p>
</td>
</tr>
<tr itemprop="legalEvents" itemscope="" repeat="">
<td><time datetime="1999-08-06" itemprop="date">1999-08-06</time></td>
<td itemprop="code">GRAH</td>
<td itemprop="title">Despatch of communication of intention to grant a patent</td>
<td>
<p itemprop="attributes" itemscope="" repeat="">
<strong itemprop="label">Free format text</strong>:
              <span itemprop="value">ORIGINAL CODE: EPIDOS IGRA</span>
</p>
</td>
</tr>
<tr itemprop="legalEvents" itemscope="" repeat="">
<td><time datetime="1999-11-15" itemprop="date">1999-11-15</time></td>
<td itemprop="code">GRAH</td>
<td itemprop="title">Despatch of communication of intention to grant a patent</td>
<td>
<p itemprop="attributes" itemscope="" repeat="">
<strong itemprop="label">Free format text</strong>:
              <span itemprop="value">ORIGINAL CODE: EPIDOS IGRA</span>
</p>
</td>
</tr>
<tr itemprop="legalEvents" itemscope="" repeat="">
<td><time datetime="2000-01-12" itemprop="date">2000-01-12</time></td>
<td itemprop="code">GRAH</td>
<td itemprop="title">Despatch of communication of intention to grant a patent</td>
<td>
<p itemprop="attributes" itemscope="" repeat="">
<strong itemprop="label">Free format text</strong>:
              <span itemprop="value">ORIGINAL CODE: EPIDOS IGRA</span>
</p>
</td>
</tr>
<tr itemprop="legalEvents" itemscope="" repeat="">
<td><time datetime="2000-05-16" itemprop="date">2000-05-16</time></td>
<td itemprop="code">GRAH</td>
<td itemprop="title">Despatch of communication of intention to grant a patent</td>
<td>
<p itemprop="attributes" itemscope="" repeat="">
<strong itemprop="label">Free format text</strong>:
              <span itemprop="value">ORIGINAL CODE: EPIDOS IGRA</span>
</p>
</td>
</tr>
<tr itemprop="legalEvents" itemscope="" repeat="">
<td><time datetime="2000-05-17" itemprop="date">2000-05-17</time></td>
<td itemprop="code">RAP1</td>
<td itemprop="title">Party data changed (applicant data changed or rights of an application transferred)</td>
<td>
<p itemprop="attributes" itemscope="" repeat="">
<strong itemprop="label">Owner name</strong>:
              <span itemprop="value">EURO-CELTIQUE S.A.</span>
</p>
</td>
</tr>
<tr itemprop="legalEvents" itemscope="" repeat="">
<td><time datetime="2000-05-19" itemprop="date">2000-05-19</time></td>
<td itemprop="code">GRAA</td>
<td itemprop="title">(expected) grant</td>
<td>
<p itemprop="attributes" itemscope="" repeat="">
<strong itemprop="label">Free format text</strong>:
              <span itemprop="value">ORIGINAL CODE: 0009210</span>
</p>
</td>
</tr>
<tr itemprop="legalEvents" itemscope="" repeat="">
<td><time datetime="2000-07-05" itemprop="date">2000-07-05</time></td>
<td itemprop="code">AK</td>
<td itemprop="title">Designated contracting states</td>
<td>
<p itemprop="attributes" itemscope="" repeat="">
<strong itemprop="label">Kind code of ref document</strong>:
              <span itemprop="value">B1</span>
</p>
<p itemprop="attributes" itemscope="" repeat="">
<strong itemprop="label">Designated state(s)</strong>:
              <span itemprop="value">AT BE CH DE DK ES FR GB GR IE IT LI LU MC NL SE</span>
</p>
</td>
</tr>
<tr itemprop="legalEvents" itemscope="" repeat="">
<td><time datetime="2000-07-05" itemprop="date">2000-07-05</time></td>
<td itemprop="code">REF</td>
<td itemprop="title">Corresponds to:</td>
<td>
<p itemprop="attributes" itemscope="" repeat="">
<strong itemprop="label">Ref document number</strong>:
              <span itemprop="value">194287</span>
</p>
<p itemprop="attributes" itemscope="" repeat="">
<strong itemprop="label">Country of ref document</strong>:
              <span itemprop="value">AT</span>
</p>
<p itemprop="attributes" itemscope="" repeat="">
<strong itemprop="label">Date of ref document</strong>:
              <span itemprop="value">20000715</span>
</p>
<p itemprop="attributes" itemscope="" repeat="">
<strong itemprop="label">Kind code of ref document</strong>:
              <span itemprop="value">T</span>
</p>
</td>
</tr>
<tr itemprop="legalEvents" itemscope="" repeat="">
<td><time datetime="2000-07-14" itemprop="date">2000-07-14</time></td>
<td itemprop="code">REG</td>
<td itemprop="title">Reference to a national code</td>
<td>
<p itemprop="attributes" itemscope="" repeat="">
<strong itemprop="label">Ref country code</strong>:
              <span itemprop="value">CH</span>
</p>
<p itemprop="attributes" itemscope="" repeat="">
<strong itemprop="label">Ref legal event code</strong>:
              <span itemprop="value">NV</span>
</p>
<p itemprop="attributes" itemscope="" repeat="">
<strong itemprop="label">Representative=s name</strong>:
              <span itemprop="value">PATENTANWAELTE SCHAAD, BALASS, MENZL &amp; PARTNER AG</span>
</p>
<p itemprop="attributes" itemscope="" repeat="">
<strong itemprop="label">Ref country code</strong>:
              <span itemprop="value">CH</span>
</p>
<p itemprop="attributes" itemscope="" repeat="">
<strong itemprop="label">Ref legal event code</strong>:
              <span itemprop="value">EP</span>
</p>
</td>
</tr>
<tr itemprop="legalEvents" itemscope="" repeat="">
<td><time datetime="2000-07-26" itemprop="date">2000-07-26</time></td>
<td itemprop="code">REG</td>
<td itemprop="title">Reference to a national code</td>
<td>
<p itemprop="attributes" itemscope="" repeat="">
<strong itemprop="label">Ref country code</strong>:
              <span itemprop="value">IE</span>
</p>
<p itemprop="attributes" itemscope="" repeat="">
<strong itemprop="label">Ref legal event code</strong>:
              <span itemprop="value">FG4D</span>
</p>
</td>
</tr>
<tr itemprop="legalEvents" itemscope="" repeat="">
<td><time datetime="2000-08-10" itemprop="date">2000-08-10</time></td>
<td itemprop="code">REF</td>
<td itemprop="title">Corresponds to:</td>
<td>
<p itemprop="attributes" itemscope="" repeat="">
<strong itemprop="label">Ref document number</strong>:
              <span itemprop="value">69231221</span>
</p>
<p itemprop="attributes" itemscope="" repeat="">
<strong itemprop="label">Country of ref document</strong>:
              <span itemprop="value">DE</span>
</p>
<p itemprop="attributes" itemscope="" repeat="">
<strong itemprop="label">Date of ref document</strong>:
              <span itemprop="value">20000810</span>
</p>
</td>
</tr>
<tr itemprop="legalEvents" itemscope="" repeat="">
<td><time datetime="2000-09-18" itemprop="date">2000-09-18</time></td>
<td itemprop="code">ITF</td>
<td itemprop="title">It: translation for a ep patent filed</td>
<td>
</td>
</tr>
<tr itemprop="legalEvents" itemscope="" repeat="">
<td><time datetime="2000-09-18" itemprop="date">2000-09-18</time></td>
<td itemprop="code">REG</td>
<td itemprop="title">Reference to a national code</td>
<td>
<p itemprop="attributes" itemscope="" repeat="">
<strong itemprop="label">Ref country code</strong>:
              <span itemprop="value">DK</span>
</p>
<p itemprop="attributes" itemscope="" repeat="">
<strong itemprop="label">Ref legal event code</strong>:
              <span itemprop="value">T3</span>
</p>
</td>
</tr>
<tr itemprop="legalEvents" itemscope="" repeat="">
<td><time datetime="2000-10-20" itemprop="date">2000-10-20</time></td>
<td itemprop="code">ET</td>
<td itemprop="title">Fr: translation filed</td>
<td>
</td>
</tr>
<tr itemprop="legalEvents" itemscope="" repeat="">
<td><time datetime="2000-12-16" itemprop="date">2000-12-16</time></td>
<td itemprop="code">REG</td>
<td itemprop="title">Reference to a national code</td>
<td>
<p itemprop="attributes" itemscope="" repeat="">
<strong itemprop="label">Ref country code</strong>:
              <span itemprop="value">ES</span>
</p>
<p itemprop="attributes" itemscope="" repeat="">
<strong itemprop="label">Ref legal event code</strong>:
              <span itemprop="value">FG2A</span>
</p>
<p itemprop="attributes" itemscope="" repeat="">
<strong itemprop="label">Ref document number</strong>:
              <span itemprop="value">2150917</span>
</p>
<p itemprop="attributes" itemscope="" repeat="">
<strong itemprop="label">Country of ref document</strong>:
              <span itemprop="value">ES</span>
</p>
<p itemprop="attributes" itemscope="" repeat="">
<strong itemprop="label">Kind code of ref document</strong>:
              <span itemprop="value">T3</span>
</p>
</td>
</tr>
<tr itemprop="legalEvents" itemscope="" repeat="">
<td><time datetime="2001-05-05" itemprop="date">2001-05-05</time></td>
<td itemprop="code">PLBE</td>
<td itemprop="title">No opposition filed within time limit</td>
<td>
<p itemprop="attributes" itemscope="" repeat="">
<strong itemprop="label">Free format text</strong>:
              <span itemprop="value">ORIGINAL CODE: 0009261</span>
</p>
</td>
</tr>
<tr itemprop="legalEvents" itemscope="" repeat="">
<td><time datetime="2001-05-05" itemprop="date">2001-05-05</time></td>
<td itemprop="code">STAA</td>
<td itemprop="title">Information on the status of an ep patent application or granted ep patent</td>
<td>
<p itemprop="attributes" itemscope="" repeat="">
<strong itemprop="label">Free format text</strong>:
              <span itemprop="value">STATUS: NO OPPOSITION FILED WITHIN TIME LIMIT</span>
</p>
</td>
</tr>
<tr itemprop="legalEvents" itemscope="" repeat="">
<td><time datetime="2001-06-20" itemprop="date">2001-06-20</time></td>
<td itemprop="code">26N</td>
<td itemprop="title">No opposition filed</td>
<td>
</td>
</tr>
<tr itemprop="legalEvents" itemscope="" repeat="">
<td><time datetime="2002-01-01" itemprop="date">2002-01-01</time></td>
<td itemprop="code">REG</td>
<td itemprop="title">Reference to a national code</td>
<td>
<p itemprop="attributes" itemscope="" repeat="">
<strong itemprop="label">Ref country code</strong>:
              <span itemprop="value">GB</span>
</p>
<p itemprop="attributes" itemscope="" repeat="">
<strong itemprop="label">Ref legal event code</strong>:
              <span itemprop="value">IF02</span>
</p>
</td>
</tr>
<tr itemprop="legalEvents" itemscope="" repeat="">
<td><time datetime="2011-10-31" itemprop="date">2011-10-31</time></td>
<td itemprop="code">PGFP</td>
<td itemprop="title">Annual fee paid to national office [announced via postgrant information from national office to epo]</td>
<td>
<p itemprop="attributes" itemscope="" repeat="">
<strong itemprop="label">Ref country code</strong>:
              <span itemprop="value">CH</span>
</p>
<p itemprop="attributes" itemscope="" repeat="">
<strong itemprop="label">Payment date</strong>:
              <span itemprop="value">20110729</span>
</p>
<p itemprop="attributes" itemscope="" repeat="">
<strong itemprop="label">Year of fee payment</strong>:
              <span itemprop="value">20</span>
</p>
<p itemprop="attributes" itemscope="" repeat="">
<strong itemprop="label">Ref country code</strong>:
              <span itemprop="value">MC</span>
</p>
<p itemprop="attributes" itemscope="" repeat="">
<strong itemprop="label">Payment date</strong>:
              <span itemprop="value">20110727</span>
</p>
<p itemprop="attributes" itemscope="" repeat="">
<strong itemprop="label">Year of fee payment</strong>:
              <span itemprop="value">20</span>
</p>
<p itemprop="attributes" itemscope="" repeat="">
<strong itemprop="label">Ref country code</strong>:
              <span itemprop="value">DK</span>
</p>
<p itemprop="attributes" itemscope="" repeat="">
<strong itemprop="label">Payment date</strong>:
              <span itemprop="value">20110721</span>
</p>
<p itemprop="attributes" itemscope="" repeat="">
<strong itemprop="label">Year of fee payment</strong>:
              <span itemprop="value">20</span>
</p>
<p itemprop="attributes" itemscope="" repeat="">
<strong itemprop="label">Ref country code</strong>:
              <span itemprop="value">LU</span>
</p>
<p itemprop="attributes" itemscope="" repeat="">
<strong itemprop="label">Payment date</strong>:
              <span itemprop="value">20110905</span>
</p>
<p itemprop="attributes" itemscope="" repeat="">
<strong itemprop="label">Year of fee payment</strong>:
              <span itemprop="value">20</span>
</p>
<p itemprop="attributes" itemscope="" repeat="">
<strong itemprop="label">Ref country code</strong>:
              <span itemprop="value">IE</span>
</p>
<p itemprop="attributes" itemscope="" repeat="">
<strong itemprop="label">Payment date</strong>:
              <span itemprop="value">20110725</span>
</p>
<p itemprop="attributes" itemscope="" repeat="">
<strong itemprop="label">Year of fee payment</strong>:
              <span itemprop="value">20</span>
</p>
</td>
</tr>
<tr itemprop="legalEvents" itemscope="" repeat="">
<td><time datetime="2011-11-30" itemprop="date">2011-11-30</time></td>
<td itemprop="code">PGFP</td>
<td itemprop="title">Annual fee paid to national office [announced via postgrant information from national office to epo]</td>
<td>
<p itemprop="attributes" itemscope="" repeat="">
<strong itemprop="label">Ref country code</strong>:
              <span itemprop="value">GB</span>
</p>
<p itemprop="attributes" itemscope="" repeat="">
<strong itemprop="label">Payment date</strong>:
              <span itemprop="value">20110722</span>
</p>
<p itemprop="attributes" itemscope="" repeat="">
<strong itemprop="label">Year of fee payment</strong>:
              <span itemprop="value">20</span>
</p>
<p itemprop="attributes" itemscope="" repeat="">
<strong itemprop="label">Ref country code</strong>:
              <span itemprop="value">SE</span>
</p>
<p itemprop="attributes" itemscope="" repeat="">
<strong itemprop="label">Payment date</strong>:
              <span itemprop="value">20110805</span>
</p>
<p itemprop="attributes" itemscope="" repeat="">
<strong itemprop="label">Year of fee payment</strong>:
              <span itemprop="value">20</span>
</p>
<p itemprop="attributes" itemscope="" repeat="">
<strong itemprop="label">Ref country code</strong>:
              <span itemprop="value">GR</span>
</p>
<p itemprop="attributes" itemscope="" repeat="">
<strong itemprop="label">Payment date</strong>:
              <span itemprop="value">20110726</span>
</p>
<p itemprop="attributes" itemscope="" repeat="">
<strong itemprop="label">Year of fee payment</strong>:
              <span itemprop="value">20</span>
</p>
<p itemprop="attributes" itemscope="" repeat="">
<strong itemprop="label">Ref country code</strong>:
              <span itemprop="value">AT</span>
</p>
<p itemprop="attributes" itemscope="" repeat="">
<strong itemprop="label">Payment date</strong>:
              <span itemprop="value">20110721</span>
</p>
<p itemprop="attributes" itemscope="" repeat="">
<strong itemprop="label">Year of fee payment</strong>:
              <span itemprop="value">20</span>
</p>
<p itemprop="attributes" itemscope="" repeat="">
<strong itemprop="label">Ref country code</strong>:
              <span itemprop="value">DE</span>
</p>
<p itemprop="attributes" itemscope="" repeat="">
<strong itemprop="label">Payment date</strong>:
              <span itemprop="value">20110831</span>
</p>
<p itemprop="attributes" itemscope="" repeat="">
<strong itemprop="label">Year of fee payment</strong>:
              <span itemprop="value">20</span>
</p>
<p itemprop="attributes" itemscope="" repeat="">
<strong itemprop="label">Ref country code</strong>:
              <span itemprop="value">FR</span>
</p>
<p itemprop="attributes" itemscope="" repeat="">
<strong itemprop="label">Payment date</strong>:
              <span itemprop="value">20110811</span>
</p>
<p itemprop="attributes" itemscope="" repeat="">
<strong itemprop="label">Year of fee payment</strong>:
              <span itemprop="value">20</span>
</p>
<p itemprop="attributes" itemscope="" repeat="">
<strong itemprop="label">Ref country code</strong>:
              <span itemprop="value">ES</span>
</p>
<p itemprop="attributes" itemscope="" repeat="">
<strong itemprop="label">Payment date</strong>:
              <span itemprop="value">20110804</span>
</p>
<p itemprop="attributes" itemscope="" repeat="">
<strong itemprop="label">Year of fee payment</strong>:
              <span itemprop="value">20</span>
</p>
</td>
</tr>
<tr itemprop="legalEvents" itemscope="" repeat="">
<td><time datetime="2011-12-30" itemprop="date">2011-12-30</time></td>
<td itemprop="code">PGFP</td>
<td itemprop="title">Annual fee paid to national office [announced via postgrant information from national office to epo]</td>
<td>
<p itemprop="attributes" itemscope="" repeat="">
<strong itemprop="label">Ref country code</strong>:
              <span itemprop="value">NL</span>
</p>
<p itemprop="attributes" itemscope="" repeat="">
<strong itemprop="label">Payment date</strong>:
              <span itemprop="value">20110812</span>
</p>
<p itemprop="attributes" itemscope="" repeat="">
<strong itemprop="label">Year of fee payment</strong>:
              <span itemprop="value">20</span>
</p>
<p itemprop="attributes" itemscope="" repeat="">
<strong itemprop="label">Ref country code</strong>:
              <span itemprop="value">IT</span>
</p>
<p itemprop="attributes" itemscope="" repeat="">
<strong itemprop="label">Payment date</strong>:
              <span itemprop="value">20110816</span>
</p>
<p itemprop="attributes" itemscope="" repeat="">
<strong itemprop="label">Year of fee payment</strong>:
              <span itemprop="value">20</span>
</p>
</td>
</tr>
<tr itemprop="legalEvents" itemscope="" repeat="">
<td><time datetime="2012-01-31" itemprop="date">2012-01-31</time></td>
<td itemprop="code">PGFP</td>
<td itemprop="title">Annual fee paid to national office [announced via postgrant information from national office to epo]</td>
<td>
<p itemprop="attributes" itemscope="" repeat="">
<strong itemprop="label">Ref country code</strong>:
              <span itemprop="value">BE</span>
</p>
<p itemprop="attributes" itemscope="" repeat="">
<strong itemprop="label">Payment date</strong>:
              <span itemprop="value">20110916</span>
</p>
<p itemprop="attributes" itemscope="" repeat="">
<strong itemprop="label">Year of fee payment</strong>:
              <span itemprop="value">20</span>
</p>
</td>
</tr>
<tr itemprop="legalEvents" itemscope="" repeat="">
<td><time datetime="2012-08-10" itemprop="date">2012-08-10</time></td>
<td itemprop="code">REG</td>
<td itemprop="title">Reference to a national code</td>
<td>
<p itemprop="attributes" itemscope="" repeat="">
<strong itemprop="label">Ref country code</strong>:
              <span itemprop="value">DE</span>
</p>
<p itemprop="attributes" itemscope="" repeat="">
<strong itemprop="label">Ref legal event code</strong>:
              <span itemprop="value">R071</span>
</p>
<p itemprop="attributes" itemscope="" repeat="">
<strong itemprop="label">Ref document number</strong>:
              <span itemprop="value">69231221</span>
</p>
<p itemprop="attributes" itemscope="" repeat="">
<strong itemprop="label">Country of ref document</strong>:
              <span itemprop="value">DE</span>
</p>
</td>
</tr>
<tr itemprop="legalEvents" itemscope="" repeat="">
<td><time datetime="2012-08-11" itemprop="date">2012-08-11</time></td>
<td itemprop="code">REG</td>
<td itemprop="title">Reference to a national code</td>
<td>
<p itemprop="attributes" itemscope="" repeat="">
<strong itemprop="label">Ref country code</strong>:
              <span itemprop="value">DE</span>
</p>
<p itemprop="attributes" itemscope="" repeat="">
<strong itemprop="label">Ref legal event code</strong>:
              <span itemprop="value">R071</span>
</p>
<p itemprop="attributes" itemscope="" repeat="">
<strong itemprop="label">Ref document number</strong>:
              <span itemprop="value">69231221</span>
</p>
<p itemprop="attributes" itemscope="" repeat="">
<strong itemprop="label">Country of ref document</strong>:
              <span itemprop="value">DE</span>
</p>
</td>
</tr>
<tr itemprop="legalEvents" itemscope="" repeat="">
<td><time datetime="2012-08-13" itemprop="date">2012-08-13</time></td>
<td itemprop="code">REG</td>
<td itemprop="title">Reference to a national code</td>
<td>
<p itemprop="attributes" itemscope="" repeat="">
<strong itemprop="label">Ref country code</strong>:
              <span itemprop="value">DK</span>
</p>
<p itemprop="attributes" itemscope="" repeat="">
<strong itemprop="label">Ref legal event code</strong>:
              <span itemprop="value">EUP</span>
</p>
</td>
</tr>
<tr itemprop="legalEvents" itemscope="" repeat="">
<td><time datetime="2012-08-15" itemprop="date">2012-08-15</time></td>
<td itemprop="code">REG</td>
<td itemprop="title">Reference to a national code</td>
<td>
<p itemprop="attributes" itemscope="" repeat="">
<strong itemprop="label">Ref country code</strong>:
              <span itemprop="value">CH</span>
</p>
<p itemprop="attributes" itemscope="" repeat="">
<strong itemprop="label">Ref legal event code</strong>:
              <span itemprop="value">PL</span>
</p>
</td>
</tr>
<tr itemprop="legalEvents" itemscope="" repeat="">
<td><time datetime="2012-08-22" itemprop="date">2012-08-22</time></td>
<td itemprop="code">REG</td>
<td itemprop="title">Reference to a national code</td>
<td>
<p itemprop="attributes" itemscope="" repeat="">
<strong itemprop="label">Ref country code</strong>:
              <span itemprop="value">NL</span>
</p>
<p itemprop="attributes" itemscope="" repeat="">
<strong itemprop="label">Ref legal event code</strong>:
              <span itemprop="value">V4</span>
</p>
<p itemprop="attributes" itemscope="" repeat="">
<strong itemprop="label">Effective date</strong>:
              <span itemprop="value">20120810</span>
</p>
</td>
</tr>
<tr itemprop="legalEvents" itemscope="" repeat="">
<td><time datetime="2012-08-29" itemprop="date">2012-08-29</time></td>
<td itemprop="code">REG</td>
<td itemprop="title">Reference to a national code</td>
<td>
<p itemprop="attributes" itemscope="" repeat="">
<strong itemprop="label">Ref country code</strong>:
              <span itemprop="value">GB</span>
</p>
<p itemprop="attributes" itemscope="" repeat="">
<strong itemprop="label">Ref legal event code</strong>:
              <span itemprop="value">PE20</span>
</p>
<p itemprop="attributes" itemscope="" repeat="">
<strong itemprop="label">Expiry date</strong>:
              <span itemprop="value">20120809</span>
</p>
</td>
</tr>
<tr itemprop="legalEvents" itemscope="" repeat="">
<td><time datetime="2012-08-31" itemprop="date">2012-08-31</time></td>
<td itemprop="code">BE20</td>
<td itemprop="title">Be: patent expired</td>
<td>
<p itemprop="attributes" itemscope="" repeat="">
<strong itemprop="label">Owner name</strong>:
              <span itemprop="value">S.A. *EURO-CELTIQUE</span>
</p>
<p itemprop="attributes" itemscope="" repeat="">
<strong itemprop="label">Effective date</strong>:
              <span itemprop="value">20120810</span>
</p>
</td>
</tr>
<tr itemprop="legalEvents" itemscope="" repeat="">
<td><time datetime="2012-10-15" itemprop="date">2012-10-15</time></td>
<td itemprop="code">REG</td>
<td itemprop="title">Reference to a national code</td>
<td>
<p itemprop="attributes" itemscope="" repeat="">
<strong itemprop="label">Ref country code</strong>:
              <span itemprop="value">AT</span>
</p>
<p itemprop="attributes" itemscope="" repeat="">
<strong itemprop="label">Ref legal event code</strong>:
              <span itemprop="value">MK07</span>
</p>
<p itemprop="attributes" itemscope="" repeat="">
<strong itemprop="label">Ref document number</strong>:
              <span itemprop="value">194287</span>
</p>
<p itemprop="attributes" itemscope="" repeat="">
<strong itemprop="label">Country of ref document</strong>:
              <span itemprop="value">AT</span>
</p>
<p itemprop="attributes" itemscope="" repeat="">
<strong itemprop="label">Kind code of ref document</strong>:
              <span itemprop="value">T</span>
</p>
<p itemprop="attributes" itemscope="" repeat="">
<strong itemprop="label">Effective date</strong>:
              <span itemprop="value">20120810</span>
</p>
</td>
</tr>
<tr itemprop="legalEvents" itemscope="" repeat="">
<td><time datetime="2012-10-29" itemprop="date">2012-10-29</time></td>
<td itemprop="code">REG</td>
<td itemprop="title">Reference to a national code</td>
<td>
<p itemprop="attributes" itemscope="" repeat="">
<strong itemprop="label">Ref country code</strong>:
              <span itemprop="value">GR</span>
</p>
<p itemprop="attributes" itemscope="" repeat="">
<strong itemprop="label">Ref legal event code</strong>:
              <span itemprop="value">MA</span>
</p>
<p itemprop="attributes" itemscope="" repeat="">
<strong itemprop="label">Ref document number</strong>:
              <span itemprop="value">20000402175</span>
</p>
<p itemprop="attributes" itemscope="" repeat="">
<strong itemprop="label">Country of ref document</strong>:
              <span itemprop="value">GR</span>
</p>
<p itemprop="attributes" itemscope="" repeat="">
<strong itemprop="label">Effective date</strong>:
              <span itemprop="value">20120811</span>
</p>
</td>
</tr>
<tr itemprop="legalEvents" itemscope="" repeat="">
<td><time datetime="2012-10-31" itemprop="date">2012-10-31</time></td>
<td itemprop="code">PG25</td>
<td itemprop="title">Lapsed in a contracting state [announced via postgrant information from national office to epo]</td>
<td>
<p itemprop="attributes" itemscope="" repeat="">
<strong itemprop="label">Ref country code</strong>:
              <span itemprop="value">GB</span>
</p>
<p itemprop="attributes" itemscope="" repeat="">
<strong itemprop="label">Free format text</strong>:
              <span itemprop="value">LAPSE BECAUSE OF EXPIRATION OF PROTECTION</span>
</p>
<p itemprop="attributes" itemscope="" repeat="">
<strong itemprop="label">Effective date</strong>:
              <span itemprop="value">20120809</span>
</p>
<p itemprop="attributes" itemscope="" repeat="">
<strong itemprop="label">Ref country code</strong>:
              <span itemprop="value">DE</span>
</p>
<p itemprop="attributes" itemscope="" repeat="">
<strong itemprop="label">Free format text</strong>:
              <span itemprop="value">LAPSE BECAUSE OF EXPIRATION OF PROTECTION</span>
</p>
<p itemprop="attributes" itemscope="" repeat="">
<strong itemprop="label">Effective date</strong>:
              <span itemprop="value">20120811</span>
</p>
</td>
</tr>
<tr itemprop="legalEvents" itemscope="" repeat="">
<td><time datetime="2013-05-22" itemprop="date">2013-05-22</time></td>
<td itemprop="code">REG</td>
<td itemprop="title">Reference to a national code</td>
<td>
<p itemprop="attributes" itemscope="" repeat="">
<strong itemprop="label">Ref country code</strong>:
              <span itemprop="value">IE</span>
</p>
<p itemprop="attributes" itemscope="" repeat="">
<strong itemprop="label">Ref legal event code</strong>:
              <span itemprop="value">MM4A</span>
</p>
</td>
</tr>
<tr itemprop="legalEvents" itemscope="" repeat="">
<td><time datetime="2013-07-23" itemprop="date">2013-07-23</time></td>
<td itemprop="code">REG</td>
<td itemprop="title">Reference to a national code</td>
<td>
<p itemprop="attributes" itemscope="" repeat="">
<strong itemprop="label">Ref country code</strong>:
              <span itemprop="value">ES</span>
</p>
<p itemprop="attributes" itemscope="" repeat="">
<strong itemprop="label">Ref legal event code</strong>:
              <span itemprop="value">FD2A</span>
</p>
<p itemprop="attributes" itemscope="" repeat="">
<strong itemprop="label">Effective date</strong>:
              <span itemprop="value">20130723</span>
</p>
</td>
</tr>
<tr itemprop="legalEvents" itemscope="" repeat="">
<td><time datetime="2013-07-31" itemprop="date">2013-07-31</time></td>
<td itemprop="code">PG25</td>
<td itemprop="title">Lapsed in a contracting state [announced via postgrant information from national office to epo]</td>
<td>
<p itemprop="attributes" itemscope="" repeat="">
<strong itemprop="label">Ref country code</strong>:
              <span itemprop="value">IE</span>
</p>
<p itemprop="attributes" itemscope="" repeat="">
<strong itemprop="label">Free format text</strong>:
              <span itemprop="value">LAPSE BECAUSE OF EXPIRATION OF PROTECTION</span>
</p>
<p itemprop="attributes" itemscope="" repeat="">
<strong itemprop="label">Effective date</strong>:
              <span itemprop="value">20120810</span>
</p>
</td>
</tr>
<tr itemprop="legalEvents" itemscope="" repeat="">
<td><time datetime="2013-10-31" itemprop="date">2013-10-31</time></td>
<td itemprop="code">PG25</td>
<td itemprop="title">Lapsed in a contracting state [announced via postgrant information from national office to epo]</td>
<td>
<p itemprop="attributes" itemscope="" repeat="">
<strong itemprop="label">Ref country code</strong>:
              <span itemprop="value">ES</span>
</p>
<p itemprop="attributes" itemscope="" repeat="">
<strong itemprop="label">Free format text</strong>:
              <span itemprop="value">LAPSE BECAUSE OF EXPIRATION OF PROTECTION</span>
</p>
<p itemprop="attributes" itemscope="" repeat="">
<strong itemprop="label">Effective date</strong>:
              <span itemprop="value">20120811</span>
</p>
</td>
</tr>
</tbody>
</table>
</section>
</article>
</search-app>
<script></script>
<script src="//www.gstatic.com/feedback/api.js" type="text/javascript"></script>
<script src="//www.gstatic.com/feedback/js/help/prod/service/lazy.min.js" type="text/javascript"></script>
<script type="text/javascript">
      if (window.help && window.help.service) {
        helpApi = window.help.service.Lazy.create(0, {apiKey: 'AIzaSyDTEI_0tLX4varJ7bwK8aT-eOI5qr3BmyI', locale: 'en-US'});
        window.requestedSurveys = new Set();
        window.requestSurvey = function(triggerId) {
          if (window.requestedSurveys.has(triggerId)) {
            return;
          }
          window.requestedSurveys.add(triggerId);
          helpApi.requestSurvey({
            triggerId: triggerId,
            enableTestingMode: false,
            callback: (requestSurveyCallbackParam) => {
              if (!requestSurveyCallbackParam.surveyData) {
                return;
              }
              helpApi.presentSurvey({
                productData: {
                  productVersion: window.version,
                  customData: {
                    "experiments": "",
                  },
                },
                surveyData: requestSurveyCallbackParam.surveyData,
                colorScheme: 1,
                customZIndex: 10000,
              });
            }
          });
        };

        window.requestSurvey('YXTwAsvoW0kedxbuTdH0RArc9VhT');
      }
    </script>
<script src="/sw/null_loader.js"></script>
</body>
</html>

