https://patents.google.com/patent/EP0527962A4/en?oq=EP0527962A4:
<!DOCTYPE html>
<html lang="en">
<head>
<title>EP0527962A4 - Method, compositions, and compounds for modulating brain excitability 
        - Google Patents</title>
<meta content="width=device-width, initial-scale=1" name="viewport"/>
<meta charset="utf-8"/>
<meta content="origin-when-crossorigin" name="referrer"/>
<link href="https://patents.google.com/patent/EP0527962A4/en" rel="canonical"/>
<meta content="patent" name="DC.type"/>
<meta content="Method, compositions, and compounds for modulating brain excitability 
       " name="DC.title"/>
<meta content="1991-04-19" name="DC.date" scheme="dateSubmitted"/>
<meta content="" name="DC.description"/>
<meta content="EP:19910920946" name="citation_patent_application_number"/>
<meta content="EP:0527962:A4" name="citation_patent_publication_number"/>
<meta content="1993-10-20" name="DC.date"/>
<meta content="Kelvin W. Gee" name="DC.contributor" scheme="inventor"/>
<meta content="Michael Bruce Bolger" name="DC.contributor" scheme="inventor"/>
<meta content="Individual" name="DC.contributor" scheme="assignee"/>
<meta content="US:3953429" name="DC.relation" scheme="references"/>
<meta content="EP:0030368:A1" name="DC.relation" scheme="references"/>
<meta content="WO:1989002272:A1" name="DC.relation" scheme="references"/>
<meta content="See also references of WO 9116897A1" name="citation_reference" scheme="references"/>
<meta content="THE JOURNAL OF PHARMACOLOGY AND EXPERIMENTAL THERAPEUTICS vol. 246, no. 2, August 1988, pages 803 - 812 GEE, K.W. ET AL 'STEROID MODULATION OF THE CHLORIDE IONOPHORE IN RAT BRAIN: STRUCTURE-ACTIVITY REQUIREMENTS, REGIONAL DEPENDENCE AND MECHANISM OF ACTION'" name="citation_reference" scheme="references"/>
<link href="https://fonts.googleapis.com/css?family=Roboto:400,400italic,500,500italic,700" rel="stylesheet"/>
<link href="https://fonts.googleapis.com/css?family=Product+Sans" rel="stylesheet"/>
<link href="https://fonts.googleapis.com/css2?family=Google+Sans:wght@400;500;700" rel="stylesheet"/>
<style>
      
      #gb { top: 15px; left: auto; right: 0; width: auto; min-width: 135px !important; }   
      body { transition: none; }
    </style>
<script></script>
<script>
      window.version = 'patent-search.search_20250707_RC00';

      function sendFeedback() {
        userfeedback.api.startFeedback({
          'productId': '713680',
          'bucket': 'patent-search-web',
          'productVersion': window.version,
        });
      }

      window.experiments = {};
      window.experiments.patentCountries = "ae,ag,al,am,ao,ap,ar,at,au,aw,az,ba,bb,bd,be,bf,bg,bh,bj,bn,bo,br,bw,bx,by,bz,ca,cf,cg,ch,ci,cl,cm,cn,co,cr,cs,cu,cy,cz,dd,de,dj,dk,dm,do,dz,ea,ec,ee,eg,em,ep,es,fi,fr,ga,gb,gc,gd,ge,gh,gm,gn,gq,gr,gt,gw,hk,hn,hr,hu,ib,id,ie,il,in,ir,is,it,jo,jp,ke,kg,kh,km,kn,kp,kr,kw,kz,la,lc,li,lk,lr,ls,lt,lu,lv,ly,ma,mc,md,me,mg,mk,ml,mn,mo,mr,mt,mw,mx,my,mz,na,ne,ng,ni,nl,no,nz,oa,om,pa,pe,pg,ph,pl,pt,py,qa,ro,rs,ru,rw,sa,sc,sd,se,sg,si,sk,sl,sm,sn,st,su,sv,sy,sz,td,tg,th,tj,tm,tn,tr,tt,tw,tz,ua,ug,us,uy,uz,vc,ve,vn,wo,yu,za,zm,zw";
      
      
      window.experiments.keywordWizard = true;
      
      
      
      window.experiments.definitions = true;
      window.experiments.plogs = true;

      window.Polymer = {
        dom: 'shady',
        lazyRegister: true,
      };
    </script>
<script src="//www.gstatic.com/patent-search/frontend/patent-search.search_20250707_RC00/scs/compiled_dir/webcomponentsjs/webcomponents-lite.min.js"></script>
<link href="//www.gstatic.com/patent-search/frontend/patent-search.search_20250707_RC00/scs/compiled_dir/search-app-vulcanized.html" rel="import"/>
</head>
<body unresolved="">
<script></script>
<script src="//www.gstatic.com/patent-search/frontend/patent-search.search_20250707_RC00/scs/compiled_dir/search-app-vulcanized.js"></script>
<search-app>
<article class="result" itemscope="" itemtype="http://schema.org/ScholarlyArticle">
<h1 itemprop="pageTitle">EP0527962A4 - Method, compositions, and compounds for modulating brain excitability 
        - Google Patents</h1>
<span itemprop="title">Method, compositions, and compounds for modulating brain excitability 
       </span>
<meta content="patent" itemprop="type"/>
<h2>Info</h2>
<dl>
<dt>Publication number</dt>
<dd itemprop="publicationNumber">EP0527962A4</dd>
<meta content="0527962" itemprop="numberWithoutCodes"/>
<meta content="A4" itemprop="kindCode"/>
<meta content="Separately published supplemental search report" itemprop="publicationDescription"/>
<span>EP0527962A4</span>
<span>EP19910920946</span>
<span>EP91920946A</span>
<span>EP0527962A4</span>
<span>EP 0527962 A4</span>
<span>EP0527962 A4</span>
<span>EP 0527962A4</span>
<span>EP 19910920946 </span>
<span>EP19910920946 </span>
<span>EP 19910920946</span>
<span>EP 91920946 A</span>
<span>EP91920946 A</span>
<span>EP 91920946A</span>
<span>EP 0527962 A4</span>
<span>EP0527962 A4</span>
<span>EP 0527962A4</span>
<dt>Authority</dt>
<dd itemprop="countryCode">EP</dd>
<dd itemprop="countryName">European Patent Office</dd>
<dt>Prior art keywords</dt>
<dd itemprop="priorArtKeywords" repeat="">compositions</dd>
<dd itemprop="priorArtKeywords" repeat="">compounds</dd>
<dd itemprop="priorArtKeywords" repeat="">brain excitability</dd>
<dd itemprop="priorArtKeywords" repeat="">modulating brain</dd>
<dd itemprop="priorArtKeywords" repeat="">modulating</dd>
<dt>Prior art date</dt>
<dd><time datetime="1990-05-10" itemprop="priorArtDate">1990-05-10</time></dd>
<dt>Legal status (The legal status is an assumption and is not a legal conclusion. Google has not performed a legal analysis and makes no representation as to the accuracy of the status listed.)</dt>
<dd itemprop="legalStatusIfi" itemscope="">
<span itemprop="status">Withdrawn</span>
</dd>
</dl>
<dt>Application number</dt>
<dd itemprop="applicationNumber">EP19910920946</dd>
<dt>Other versions</dt>
<dd itemprop="directAssociations" itemscope="" repeat="">
<a href="/patent/EP0527962A1/en">
<span itemprop="publicationNumber">EP0527962A1</span>
      (<span itemprop="primaryLanguage">en</span>
</a>
</dd>
<dt>Inventor</dt>
<dd itemprop="inventor" repeat="">Kelvin W. Gee</dd>
<dd itemprop="inventor" repeat="">Michael Bruce Bolger</dd>
<dt>Current Assignee (The listed assignees may be inaccurate. Google has not performed a legal analysis and makes no representation or warranty as to the accuracy of the list.)</dt>
<dd itemprop="assigneeCurrent" repeat="">
    Individual
  </dd>
<dt>Original Assignee</dt>
<dd itemprop="assigneeOriginal" repeat="">Individual</dd>
<dt>Priority date (The priority date is an assumption and is not a legal conclusion. Google has not performed a legal analysis and makes no representation as to the accuracy of the date listed.)</dt>
<dd><time datetime="1990-05-10" itemprop="priorityDate">1990-05-10</time></dd>
<dt>Filing date</dt>
<dd><time datetime="1991-04-19" itemprop="filingDate">1991-04-19</time></dd>
<dt>Publication date</dt>
<dd><time datetime="1993-10-20" itemprop="publicationDate">1993-10-20</time></dd>
<dd itemprop="events" itemscope="" repeat="">
<time datetime="1991-04-19" itemprop="date">1991-04-19</time>
<span itemprop="title">Application filed by Individual</span>
<span itemprop="type">filed</span>
<span bool="" content="true" itemprop="critical">Critical</span>
<span itemprop="assigneeSearch">Individual</span>
</dd>
<dd itemprop="events" itemscope="" repeat="">
<time datetime="1993-02-24" itemprop="date">1993-02-24</time>
<span itemprop="title">Publication of EP0527962A1</span>
<span itemprop="type">publication</span>
<span bool="" content="true" itemprop="critical">Critical</span>
<span itemprop="documentId">patent/EP0527962A1/en</span>
</dd>
<dd itemprop="events" itemscope="" repeat="">
<time datetime="1993-10-20" itemprop="date">1993-10-20</time>
<span itemprop="title">Publication of EP0527962A4</span>
<span itemprop="type">publication</span>
<span bool="" content="true" itemprop="critical">Critical</span>
<span itemprop="documentId">patent/EP0527962A4/en</span>
</dd>
<dd itemprop="events" itemscope="" repeat="">
<time itemprop="date">Status</time>
<span itemprop="title">Withdrawn</span>
<span itemprop="type">legal-status</span>
<span bool="" content="true" itemprop="critical">Critical</span>
<span bool="" content="true" itemprop="current">Current</span>
</dd>
<h2>Links</h2>
<ul>
<li itemprop="links" itemscope="" repeat="">
<meta content="espacenetLink" itemprop="id"/>
<a href="https://worldwide.espacenet.com/publicationDetails/biblio?CC=EP&amp;NR=0527962A4&amp;KC=A4&amp;FT=D" itemprop="url" target="_blank"><span itemprop="text">Espacenet</span></a>
</li>
<li itemprop="links" itemscope="" repeat="">
<meta content="gpiLink" itemprop="id"/>
<a href="https://data.epo.org/gpi/EP0527962A4" itemprop="url" target="_blank"><span itemprop="text">EPO GPI</span></a>
</li>
<li itemprop="links" itemscope="" repeat="">
<meta content="epRegisterLink" itemprop="id"/>
<a href="https://register.epo.org/espacenet/application?number=EP91920946" itemprop="url" target="_blank"><span itemprop="text">EP Register</span></a>
</li>
<li itemprop="links" itemscope="" repeat="">
<meta content="globalDossierLink" itemprop="id"/>
<a href="https://globaldossier.uspto.gov/result/application/EP/91920946/1" itemprop="url" target="_blank"><span itemprop="text">Global Dossier</span></a>
</li>
<li itemprop="links" itemscope="" repeat="">
<meta content="stackexchangeLink" itemprop="id"/>
<a href="https://patents.stackexchange.com/questions/tagged/EP0527962A4" itemprop="url"><span itemprop="text">Discuss</span></a>
</li>
</ul>
<ul itemprop="concept" itemscope="">
<li itemprop="match" itemscope="" repeat="">
<span itemprop="id">206010001497</span>
<span itemprop="name">Agitation</span>
<span itemprop="domain">Diseases</span>
<span itemprop="svg_large"></span>
<span itemprop="svg_small"></span>
<span itemprop="smiles"></span>
<span itemprop="inchi_key"></span>
<span itemprop="similarity">0.000</span>
<span itemprop="sections" repeat="">title</span>
<span itemprop="count">1</span>
</li>
<li itemprop="match" itemscope="" repeat="">
<span itemprop="id">210000004556</span>
<span itemprop="name">brain</span>
<span itemprop="domain">Anatomy</span>
<span itemprop="svg_large"></span>
<span itemprop="svg_small"></span>
<span itemprop="smiles"></span>
<span itemprop="inchi_key"></span>
<span itemprop="similarity">0.000</span>
<span itemprop="sections" repeat="">title</span>
<span itemprop="count">1</span>
</li>
<li itemprop="match" itemscope="" repeat="">
<span itemprop="id">150000001875</span>
<span itemprop="name">compounds</span>
<span itemprop="domain">Chemical class</span>
<span itemprop="svg_large"></span>
<span itemprop="svg_small"></span>
<span itemprop="smiles"></span>
<span itemprop="inchi_key"></span>
<span itemprop="similarity">0.000</span>
<span itemprop="sections" repeat="">title</span>
<span itemprop="count">1</span>
</li>
<li itemprop="match" itemscope="" repeat="">
<span itemprop="id">239000000203</span>
<span itemprop="name">mixture</span>
<span itemprop="domain">Substances</span>
<span itemprop="svg_large"></span>
<span itemprop="svg_small"></span>
<span itemprop="smiles"></span>
<span itemprop="inchi_key"></span>
<span itemprop="similarity">0.000</span>
<span itemprop="sections" repeat="">title</span>
<span itemprop="count">1</span>
</li>
</ul>
<section>
<h2>Classifications</h2>
<ul>
<li>
<ul itemprop="classifications" itemscope="" repeat="">
<li itemprop="classifications" itemscope="" repeat="">
<span itemprop="Code">A</span>—<span itemprop="Description">HUMAN NECESSITIES</span>
<meta content="true" itemprop="IsCPC"/>
</li>
<li itemprop="classifications" itemscope="" repeat="">
<span itemprop="Code">A61</span>—<span itemprop="Description">MEDICAL OR VETERINARY SCIENCE; HYGIENE</span>
<meta content="true" itemprop="IsCPC"/>
</li>
<li itemprop="classifications" itemscope="" repeat="">
<span itemprop="Code">A61K</span>—<span itemprop="Description">PREPARATIONS FOR MEDICAL, DENTAL OR TOILETRY PURPOSES</span>
<meta content="true" itemprop="IsCPC"/>
</li>
<li itemprop="classifications" itemscope="" repeat="">
<span itemprop="Code">A61K31/00</span>—<span itemprop="Description">Medicinal preparations containing organic active ingredients</span>
<meta content="true" itemprop="IsCPC"/>
</li>
<li itemprop="classifications" itemscope="" repeat="">
<span itemprop="Code">A61K31/56</span>—<span itemprop="Description">Compounds containing cyclopenta[a]hydrophenanthrene ring systems; Derivatives thereof, e.g. steroids</span>
<meta content="true" itemprop="IsCPC"/>
</li>
<li itemprop="classifications" itemscope="" repeat="">
<span itemprop="Code">A61K31/565</span>—<span itemprop="Description">Compounds containing cyclopenta[a]hydrophenanthrene ring systems; Derivatives thereof, e.g. steroids not substituted in position 17 beta by a carbon atom, e.g. estrane, estradiol</span>
<meta content="true" itemprop="IsCPC"/>
</li>
<li itemprop="classifications" itemscope="" repeat="">
<span itemprop="Code">A61K31/568</span>—<span itemprop="Description">Compounds containing cyclopenta[a]hydrophenanthrene ring systems; Derivatives thereof, e.g. steroids not substituted in position 17 beta by a carbon atom, e.g. estrane, estradiol substituted in positions 10 and 13 by a chain having at least one carbon atom, e.g. androstanes, e.g. testosterone</span>
<meta content="true" itemprop="Leaf"/><meta content="true" itemprop="FirstCode"/><meta content="true" itemprop="IsCPC"/>
</li>
</ul>
</li>
<li>
<ul itemprop="classifications" itemscope="" repeat="">
<li itemprop="classifications" itemscope="" repeat="">
<span itemprop="Code">A</span>—<span itemprop="Description">HUMAN NECESSITIES</span>
<meta content="true" itemprop="IsCPC"/>
</li>
<li itemprop="classifications" itemscope="" repeat="">
<span itemprop="Code">A61</span>—<span itemprop="Description">MEDICAL OR VETERINARY SCIENCE; HYGIENE</span>
<meta content="true" itemprop="IsCPC"/>
</li>
<li itemprop="classifications" itemscope="" repeat="">
<span itemprop="Code">A61K</span>—<span itemprop="Description">PREPARATIONS FOR MEDICAL, DENTAL OR TOILETRY PURPOSES</span>
<meta content="true" itemprop="IsCPC"/>
</li>
<li itemprop="classifications" itemscope="" repeat="">
<span itemprop="Code">A61K31/00</span>—<span itemprop="Description">Medicinal preparations containing organic active ingredients</span>
<meta content="true" itemprop="IsCPC"/>
</li>
<li itemprop="classifications" itemscope="" repeat="">
<span itemprop="Code">A61K31/56</span>—<span itemprop="Description">Compounds containing cyclopenta[a]hydrophenanthrene ring systems; Derivatives thereof, e.g. steroids</span>
<meta content="true" itemprop="IsCPC"/>
</li>
<li itemprop="classifications" itemscope="" repeat="">
<span itemprop="Code">A61K31/565</span>—<span itemprop="Description">Compounds containing cyclopenta[a]hydrophenanthrene ring systems; Derivatives thereof, e.g. steroids not substituted in position 17 beta by a carbon atom, e.g. estrane, estradiol</span>
<meta content="true" itemprop="Leaf"/><meta content="true" itemprop="IsCPC"/>
</li>
</ul>
</li>
<li>
<ul itemprop="classifications" itemscope="" repeat="">
<li itemprop="classifications" itemscope="" repeat="">
<span itemprop="Code">A</span>—<span itemprop="Description">HUMAN NECESSITIES</span>
<meta content="true" itemprop="IsCPC"/>
</li>
<li itemprop="classifications" itemscope="" repeat="">
<span itemprop="Code">A61</span>—<span itemprop="Description">MEDICAL OR VETERINARY SCIENCE; HYGIENE</span>
<meta content="true" itemprop="IsCPC"/>
</li>
<li itemprop="classifications" itemscope="" repeat="">
<span itemprop="Code">A61K</span>—<span itemprop="Description">PREPARATIONS FOR MEDICAL, DENTAL OR TOILETRY PURPOSES</span>
<meta content="true" itemprop="IsCPC"/>
</li>
<li itemprop="classifications" itemscope="" repeat="">
<span itemprop="Code">A61K31/00</span>—<span itemprop="Description">Medicinal preparations containing organic active ingredients</span>
<meta content="true" itemprop="IsCPC"/>
</li>
<li itemprop="classifications" itemscope="" repeat="">
<span itemprop="Code">A61K31/56</span>—<span itemprop="Description">Compounds containing cyclopenta[a]hydrophenanthrene ring systems; Derivatives thereof, e.g. steroids</span>
<meta content="true" itemprop="IsCPC"/>
</li>
<li itemprop="classifications" itemscope="" repeat="">
<span itemprop="Code">A61K31/57</span>—<span itemprop="Description">Compounds containing cyclopenta[a]hydrophenanthrene ring systems; Derivatives thereof, e.g. steroids substituted in position 17 beta by a chain of two carbon atoms, e.g. pregnane or progesterone</span>
<meta content="true" itemprop="Leaf"/><meta content="true" itemprop="IsCPC"/>
</li>
</ul>
</li>
<li>
<ul itemprop="classifications" itemscope="" repeat="">
<li itemprop="classifications" itemscope="" repeat="">
<span itemprop="Code">A</span>—<span itemprop="Description">HUMAN NECESSITIES</span>
<meta content="true" itemprop="IsCPC"/>
</li>
<li itemprop="classifications" itemscope="" repeat="">
<span itemprop="Code">A61</span>—<span itemprop="Description">MEDICAL OR VETERINARY SCIENCE; HYGIENE</span>
<meta content="true" itemprop="IsCPC"/>
</li>
<li itemprop="classifications" itemscope="" repeat="">
<span itemprop="Code">A61K</span>—<span itemprop="Description">PREPARATIONS FOR MEDICAL, DENTAL OR TOILETRY PURPOSES</span>
<meta content="true" itemprop="IsCPC"/>
</li>
<li itemprop="classifications" itemscope="" repeat="">
<span itemprop="Code">A61K31/00</span>—<span itemprop="Description">Medicinal preparations containing organic active ingredients</span>
<meta content="true" itemprop="IsCPC"/>
</li>
<li itemprop="classifications" itemscope="" repeat="">
<span itemprop="Code">A61K31/56</span>—<span itemprop="Description">Compounds containing cyclopenta[a]hydrophenanthrene ring systems; Derivatives thereof, e.g. steroids</span>
<meta content="true" itemprop="IsCPC"/>
</li>
<li itemprop="classifications" itemscope="" repeat="">
<span itemprop="Code">A61K31/57</span>—<span itemprop="Description">Compounds containing cyclopenta[a]hydrophenanthrene ring systems; Derivatives thereof, e.g. steroids substituted in position 17 beta by a chain of two carbon atoms, e.g. pregnane or progesterone</span>
<meta content="true" itemprop="IsCPC"/>
</li>
<li itemprop="classifications" itemscope="" repeat="">
<span itemprop="Code">A61K31/573</span>—<span itemprop="Description">Compounds containing cyclopenta[a]hydrophenanthrene ring systems; Derivatives thereof, e.g. steroids substituted in position 17 beta by a chain of two carbon atoms, e.g. pregnane or progesterone substituted in position 21, e.g. cortisone, dexamethasone, prednisone or aldosterone</span>
<meta content="true" itemprop="Leaf"/><meta content="true" itemprop="IsCPC"/>
</li>
</ul>
</li>
<li>
<ul itemprop="classifications" itemscope="" repeat="">
<li itemprop="classifications" itemscope="" repeat="">
<span itemprop="Code">A</span>—<span itemprop="Description">HUMAN NECESSITIES</span>
<meta content="true" itemprop="IsCPC"/>
</li>
<li itemprop="classifications" itemscope="" repeat="">
<span itemprop="Code">A61</span>—<span itemprop="Description">MEDICAL OR VETERINARY SCIENCE; HYGIENE</span>
<meta content="true" itemprop="IsCPC"/>
</li>
<li itemprop="classifications" itemscope="" repeat="">
<span itemprop="Code">A61P</span>—<span itemprop="Description">SPECIFIC THERAPEUTIC ACTIVITY OF CHEMICAL COMPOUNDS OR MEDICINAL PREPARATIONS</span>
<meta content="true" itemprop="IsCPC"/>
</li>
<li itemprop="classifications" itemscope="" repeat="">
<span itemprop="Code">A61P13/00</span>—<span itemprop="Description">Drugs for disorders of the urinary system</span>
<meta content="true" itemprop="IsCPC"/>
</li>
<li itemprop="classifications" itemscope="" repeat="">
<span itemprop="Code">A61P13/02</span>—<span itemprop="Description">Drugs for disorders of the urinary system of urine or of the urinary tract, e.g. urine acidifiers</span>
<meta content="true" itemprop="Leaf"/><meta content="true" itemprop="IsCPC"/>
</li>
</ul>
</li>
<li>
<ul itemprop="classifications" itemscope="" repeat="">
<li itemprop="classifications" itemscope="" repeat="">
<span itemprop="Code">A</span>—<span itemprop="Description">HUMAN NECESSITIES</span>
<meta content="true" itemprop="IsCPC"/>
</li>
<li itemprop="classifications" itemscope="" repeat="">
<span itemprop="Code">A61</span>—<span itemprop="Description">MEDICAL OR VETERINARY SCIENCE; HYGIENE</span>
<meta content="true" itemprop="IsCPC"/>
</li>
<li itemprop="classifications" itemscope="" repeat="">
<span itemprop="Code">A61P</span>—<span itemprop="Description">SPECIFIC THERAPEUTIC ACTIVITY OF CHEMICAL COMPOUNDS OR MEDICINAL PREPARATIONS</span>
<meta content="true" itemprop="IsCPC"/>
</li>
<li itemprop="classifications" itemscope="" repeat="">
<span itemprop="Code">A61P15/00</span>—<span itemprop="Description">Drugs for genital or sexual disorders; Contraceptives</span>
<meta content="true" itemprop="Leaf"/><meta content="true" itemprop="IsCPC"/>
</li>
</ul>
</li>
<li>
<ul itemprop="classifications" itemscope="" repeat="">
<li itemprop="classifications" itemscope="" repeat="">
<span itemprop="Code">A</span>—<span itemprop="Description">HUMAN NECESSITIES</span>
<meta content="true" itemprop="IsCPC"/>
</li>
<li itemprop="classifications" itemscope="" repeat="">
<span itemprop="Code">A61</span>—<span itemprop="Description">MEDICAL OR VETERINARY SCIENCE; HYGIENE</span>
<meta content="true" itemprop="IsCPC"/>
</li>
<li itemprop="classifications" itemscope="" repeat="">
<span itemprop="Code">A61P</span>—<span itemprop="Description">SPECIFIC THERAPEUTIC ACTIVITY OF CHEMICAL COMPOUNDS OR MEDICINAL PREPARATIONS</span>
<meta content="true" itemprop="IsCPC"/>
</li>
<li itemprop="classifications" itemscope="" repeat="">
<span itemprop="Code">A61P25/00</span>—<span itemprop="Description">Drugs for disorders of the nervous system</span>
<meta content="true" itemprop="Leaf"/><meta content="true" itemprop="IsCPC"/>
</li>
</ul>
</li>
<li>
<ul itemprop="classifications" itemscope="" repeat="">
<li itemprop="classifications" itemscope="" repeat="">
<span itemprop="Code">A</span>—<span itemprop="Description">HUMAN NECESSITIES</span>
<meta content="true" itemprop="IsCPC"/>
</li>
<li itemprop="classifications" itemscope="" repeat="">
<span itemprop="Code">A61</span>—<span itemprop="Description">MEDICAL OR VETERINARY SCIENCE; HYGIENE</span>
<meta content="true" itemprop="IsCPC"/>
</li>
<li itemprop="classifications" itemscope="" repeat="">
<span itemprop="Code">A61P</span>—<span itemprop="Description">SPECIFIC THERAPEUTIC ACTIVITY OF CHEMICAL COMPOUNDS OR MEDICINAL PREPARATIONS</span>
<meta content="true" itemprop="IsCPC"/>
</li>
<li itemprop="classifications" itemscope="" repeat="">
<span itemprop="Code">A61P25/00</span>—<span itemprop="Description">Drugs for disorders of the nervous system</span>
<meta content="true" itemprop="IsCPC"/>
</li>
<li itemprop="classifications" itemscope="" repeat="">
<span itemprop="Code">A61P25/04</span>—<span itemprop="Description">Centrally acting analgesics, e.g. opioids</span>
<meta content="true" itemprop="Leaf"/><meta content="true" itemprop="IsCPC"/>
</li>
</ul>
</li>
<li>
<ul itemprop="classifications" itemscope="" repeat="">
<li itemprop="classifications" itemscope="" repeat="">
<span itemprop="Code">A</span>—<span itemprop="Description">HUMAN NECESSITIES</span>
<meta content="true" itemprop="IsCPC"/>
</li>
<li itemprop="classifications" itemscope="" repeat="">
<span itemprop="Code">A61</span>—<span itemprop="Description">MEDICAL OR VETERINARY SCIENCE; HYGIENE</span>
<meta content="true" itemprop="IsCPC"/>
</li>
<li itemprop="classifications" itemscope="" repeat="">
<span itemprop="Code">A61P</span>—<span itemprop="Description">SPECIFIC THERAPEUTIC ACTIVITY OF CHEMICAL COMPOUNDS OR MEDICINAL PREPARATIONS</span>
<meta content="true" itemprop="IsCPC"/>
</li>
<li itemprop="classifications" itemscope="" repeat="">
<span itemprop="Code">A61P25/00</span>—<span itemprop="Description">Drugs for disorders of the nervous system</span>
<meta content="true" itemprop="IsCPC"/>
</li>
<li itemprop="classifications" itemscope="" repeat="">
<span itemprop="Code">A61P25/26</span>—<span itemprop="Description">Psychostimulants, e.g. nicotine, cocaine</span>
<meta content="true" itemprop="Leaf"/><meta content="true" itemprop="IsCPC"/>
</li>
</ul>
</li>
<li>
<ul itemprop="classifications" itemscope="" repeat="">
<li itemprop="classifications" itemscope="" repeat="">
<span itemprop="Code">C</span>—<span itemprop="Description">CHEMISTRY; METALLURGY</span>
<meta content="true" itemprop="IsCPC"/>
</li>
<li itemprop="classifications" itemscope="" repeat="">
<span itemprop="Code">C07</span>—<span itemprop="Description">ORGANIC CHEMISTRY</span>
<meta content="true" itemprop="IsCPC"/>
</li>
<li itemprop="classifications" itemscope="" repeat="">
<span itemprop="Code">C07J</span>—<span itemprop="Description">STEROIDS</span>
<meta content="true" itemprop="IsCPC"/>
</li>
<li itemprop="classifications" itemscope="" repeat="">
<span itemprop="Code">C07J1/00</span>—<span itemprop="Description">Normal steroids containing carbon, hydrogen, halogen or oxygen, not substituted in position 17 beta by a carbon atom, e.g. estrane, androstane</span>
<meta content="true" itemprop="IsCPC"/>
</li>
<li itemprop="classifications" itemscope="" repeat="">
<span itemprop="Code">C07J1/0003</span>—<span itemprop="Description">Androstane derivatives</span>
<meta content="true" itemprop="IsCPC"/>
</li>
<li itemprop="classifications" itemscope="" repeat="">
<span itemprop="Code">C07J1/0018</span>—<span itemprop="Description">Androstane derivatives substituted in position 17 beta, not substituted in position 17 alfa</span>
<meta content="true" itemprop="IsCPC"/>
</li>
<li itemprop="classifications" itemscope="" repeat="">
<span itemprop="Code">C07J1/0022</span>—<span itemprop="Description">Androstane derivatives substituted in position 17 beta, not substituted in position 17 alfa the substituent being an OH group free esterified or etherified</span>
<meta content="true" itemprop="Leaf"/><meta content="true" itemprop="IsCPC"/>
</li>
</ul>
</li>
<li>
<ul itemprop="classifications" itemscope="" repeat="">
<li itemprop="classifications" itemscope="" repeat="">
<span itemprop="Code">C</span>—<span itemprop="Description">CHEMISTRY; METALLURGY</span>
<meta content="true" itemprop="IsCPC"/>
</li>
<li itemprop="classifications" itemscope="" repeat="">
<span itemprop="Code">C07</span>—<span itemprop="Description">ORGANIC CHEMISTRY</span>
<meta content="true" itemprop="IsCPC"/>
</li>
<li itemprop="classifications" itemscope="" repeat="">
<span itemprop="Code">C07J</span>—<span itemprop="Description">STEROIDS</span>
<meta content="true" itemprop="IsCPC"/>
</li>
<li itemprop="classifications" itemscope="" repeat="">
<span itemprop="Code">C07J43/00</span>—<span itemprop="Description">Normal steroids having a nitrogen-containing hetero ring spiro-condensed or not condensed with the cyclopenta(a)hydrophenanthrene skeleton</span>
<meta content="true" itemprop="IsCPC"/>
</li>
<li itemprop="classifications" itemscope="" repeat="">
<span itemprop="Code">C07J43/003</span>—<span itemprop="Description">Normal steroids having a nitrogen-containing hetero ring spiro-condensed or not condensed with the cyclopenta(a)hydrophenanthrene skeleton not condensed</span>
<meta content="true" itemprop="Leaf"/><meta content="true" itemprop="IsCPC"/>
</li>
</ul>
</li>
<li>
<ul itemprop="classifications" itemscope="" repeat="">
<li itemprop="classifications" itemscope="" repeat="">
<span itemprop="Code">C</span>—<span itemprop="Description">CHEMISTRY; METALLURGY</span>
<meta content="true" itemprop="IsCPC"/>
</li>
<li itemprop="classifications" itemscope="" repeat="">
<span itemprop="Code">C07</span>—<span itemprop="Description">ORGANIC CHEMISTRY</span>
<meta content="true" itemprop="IsCPC"/>
</li>
<li itemprop="classifications" itemscope="" repeat="">
<span itemprop="Code">C07J</span>—<span itemprop="Description">STEROIDS</span>
<meta content="true" itemprop="IsCPC"/>
</li>
<li itemprop="classifications" itemscope="" repeat="">
<span itemprop="Code">C07J5/00</span>—<span itemprop="Description">Normal steroids containing carbon, hydrogen, halogen or oxygen, substituted in position 17 beta by a chain of two carbon atoms, e.g. pregnane and substituted in position 21 by only one singly bound oxygen atom, i.e. only one oxygen bound to position 21 by a single bond</span>
<meta content="true" itemprop="IsCPC"/>
</li>
<li itemprop="classifications" itemscope="" repeat="">
<span itemprop="Code">C07J5/0007</span>—<span itemprop="Description">Normal steroids containing carbon, hydrogen, halogen or oxygen, substituted in position 17 beta by a chain of two carbon atoms, e.g. pregnane and substituted in position 21 by only one singly bound oxygen atom, i.e. only one oxygen bound to position 21 by a single bond not substituted in position 17 alfa</span>
<meta content="true" itemprop="IsCPC"/>
</li>
<li itemprop="classifications" itemscope="" repeat="">
<span itemprop="Code">C07J5/0015</span>—<span itemprop="Description">Normal steroids containing carbon, hydrogen, halogen or oxygen, substituted in position 17 beta by a chain of two carbon atoms, e.g. pregnane and substituted in position 21 by only one singly bound oxygen atom, i.e. only one oxygen bound to position 21 by a single bond not substituted in position 17 alfa not substituted in position 16</span>
<meta content="true" itemprop="Leaf"/><meta content="true" itemprop="IsCPC"/>
</li>
</ul>
</li>
<li>
<ul itemprop="classifications" itemscope="" repeat="">
<li itemprop="classifications" itemscope="" repeat="">
<span itemprop="Code">C</span>—<span itemprop="Description">CHEMISTRY; METALLURGY</span>
<meta content="true" itemprop="IsCPC"/>
</li>
<li itemprop="classifications" itemscope="" repeat="">
<span itemprop="Code">C07</span>—<span itemprop="Description">ORGANIC CHEMISTRY</span>
<meta content="true" itemprop="IsCPC"/>
</li>
<li itemprop="classifications" itemscope="" repeat="">
<span itemprop="Code">C07J</span>—<span itemprop="Description">STEROIDS</span>
<meta content="true" itemprop="IsCPC"/>
</li>
<li itemprop="classifications" itemscope="" repeat="">
<span itemprop="Code">C07J5/00</span>—<span itemprop="Description">Normal steroids containing carbon, hydrogen, halogen or oxygen, substituted in position 17 beta by a chain of two carbon atoms, e.g. pregnane and substituted in position 21 by only one singly bound oxygen atom, i.e. only one oxygen bound to position 21 by a single bond</span>
<meta content="true" itemprop="IsCPC"/>
</li>
<li itemprop="classifications" itemscope="" repeat="">
<span itemprop="Code">C07J5/0046</span>—<span itemprop="Description">Normal steroids containing carbon, hydrogen, halogen or oxygen, substituted in position 17 beta by a chain of two carbon atoms, e.g. pregnane and substituted in position 21 by only one singly bound oxygen atom, i.e. only one oxygen bound to position 21 by a single bond substituted in position 17 alfa</span>
<meta content="true" itemprop="IsCPC"/>
</li>
<li itemprop="classifications" itemscope="" repeat="">
<span itemprop="Code">C07J5/0053</span>—<span itemprop="Description">Normal steroids containing carbon, hydrogen, halogen or oxygen, substituted in position 17 beta by a chain of two carbon atoms, e.g. pregnane and substituted in position 21 by only one singly bound oxygen atom, i.e. only one oxygen bound to position 21 by a single bond substituted in position 17 alfa not substituted in position 16</span>
<meta content="true" itemprop="Leaf"/><meta content="true" itemprop="IsCPC"/>
</li>
</ul>
</li>
<li>
<ul itemprop="classifications" itemscope="" repeat="">
<li itemprop="classifications" itemscope="" repeat="">
<span itemprop="Code">C</span>—<span itemprop="Description">CHEMISTRY; METALLURGY</span>
<meta content="true" itemprop="IsCPC"/>
</li>
<li itemprop="classifications" itemscope="" repeat="">
<span itemprop="Code">C07</span>—<span itemprop="Description">ORGANIC CHEMISTRY</span>
<meta content="true" itemprop="IsCPC"/>
</li>
<li itemprop="classifications" itemscope="" repeat="">
<span itemprop="Code">C07J</span>—<span itemprop="Description">STEROIDS</span>
<meta content="true" itemprop="IsCPC"/>
</li>
<li itemprop="classifications" itemscope="" repeat="">
<span itemprop="Code">C07J7/00</span>—<span itemprop="Description">Normal steroids containing carbon, hydrogen, halogen or oxygen substituted in position 17 beta by a chain of two carbon atoms</span>
<meta content="true" itemprop="IsCPC"/>
</li>
<li itemprop="classifications" itemscope="" repeat="">
<span itemprop="Code">C07J7/0005</span>—<span itemprop="Description">Normal steroids containing carbon, hydrogen, halogen or oxygen substituted in position 17 beta by a chain of two carbon atoms not substituted in position 21</span>
<meta content="true" itemprop="IsCPC"/>
</li>
<li itemprop="classifications" itemscope="" repeat="">
<span itemprop="Code">C07J7/001</span>—<span itemprop="Description">Normal steroids containing carbon, hydrogen, halogen or oxygen substituted in position 17 beta by a chain of two carbon atoms not substituted in position 21 substituted in position 20 by a keto group</span>
<meta content="true" itemprop="IsCPC"/>
</li>
<li itemprop="classifications" itemscope="" repeat="">
<span itemprop="Code">C07J7/0015</span>—<span itemprop="Description">Normal steroids containing carbon, hydrogen, halogen or oxygen substituted in position 17 beta by a chain of two carbon atoms not substituted in position 21 substituted in position 20 by a keto group not substituted in position 17 alfa</span>
<meta content="true" itemprop="IsCPC"/>
</li>
<li itemprop="classifications" itemscope="" repeat="">
<span itemprop="Code">C07J7/002</span>—<span itemprop="Description">Normal steroids containing carbon, hydrogen, halogen or oxygen substituted in position 17 beta by a chain of two carbon atoms not substituted in position 21 substituted in position 20 by a keto group not substituted in position 17 alfa not substituted in position 16</span>
<meta content="true" itemprop="Leaf"/><meta content="true" itemprop="IsCPC"/>
</li>
</ul>
</li>
<li>
<ul itemprop="classifications" itemscope="" repeat="">
<li itemprop="classifications" itemscope="" repeat="">
<span itemprop="Code">C</span>—<span itemprop="Description">CHEMISTRY; METALLURGY</span>
<meta content="true" itemprop="IsCPC"/>
</li>
<li itemprop="classifications" itemscope="" repeat="">
<span itemprop="Code">C07</span>—<span itemprop="Description">ORGANIC CHEMISTRY</span>
<meta content="true" itemprop="IsCPC"/>
</li>
<li itemprop="classifications" itemscope="" repeat="">
<span itemprop="Code">C07J</span>—<span itemprop="Description">STEROIDS</span>
<meta content="true" itemprop="IsCPC"/>
</li>
<li itemprop="classifications" itemscope="" repeat="">
<span itemprop="Code">C07J7/00</span>—<span itemprop="Description">Normal steroids containing carbon, hydrogen, halogen or oxygen substituted in position 17 beta by a chain of two carbon atoms</span>
<meta content="true" itemprop="IsCPC"/>
</li>
<li itemprop="classifications" itemscope="" repeat="">
<span itemprop="Code">C07J7/0005</span>—<span itemprop="Description">Normal steroids containing carbon, hydrogen, halogen or oxygen substituted in position 17 beta by a chain of two carbon atoms not substituted in position 21</span>
<meta content="true" itemprop="IsCPC"/>
</li>
<li itemprop="classifications" itemscope="" repeat="">
<span itemprop="Code">C07J7/0065</span>—<span itemprop="Description">Normal steroids containing carbon, hydrogen, halogen or oxygen substituted in position 17 beta by a chain of two carbon atoms not substituted in position 21 substituted in position 20 by an OH group free esterified or etherified</span>
<meta content="true" itemprop="Leaf"/><meta content="true" itemprop="IsCPC"/>
</li>
</ul>
</li>
</ul>
</section>
<section>
<h2>Landscapes</h2>
<ul>
<li itemprop="landscapes" itemscope="" repeat="">
<span itemprop="name">Health &amp; Medical Sciences</span>
        (<span itemprop="type">AREA</span>)
      </li>
<li itemprop="landscapes" itemscope="" repeat="">
<span itemprop="name">Chemical &amp; Material Sciences</span>
        (<span itemprop="type">AREA</span>)
      </li>
<li itemprop="landscapes" itemscope="" repeat="">
<span itemprop="name">Organic Chemistry</span>
        (<span itemprop="type">AREA</span>)
      </li>
<li itemprop="landscapes" itemscope="" repeat="">
<span itemprop="name">General Health &amp; Medical Sciences</span>
        (<span itemprop="type">AREA</span>)
      </li>
<li itemprop="landscapes" itemscope="" repeat="">
<span itemprop="name">Veterinary Medicine</span>
        (<span itemprop="type">AREA</span>)
      </li>
<li itemprop="landscapes" itemscope="" repeat="">
<span itemprop="name">Animal Behavior &amp; Ethology</span>
        (<span itemprop="type">AREA</span>)
      </li>
<li itemprop="landscapes" itemscope="" repeat="">
<span itemprop="name">Public Health</span>
        (<span itemprop="type">AREA</span>)
      </li>
<li itemprop="landscapes" itemscope="" repeat="">
<span itemprop="name">Life Sciences &amp; Earth Sciences</span>
        (<span itemprop="type">AREA</span>)
      </li>
<li itemprop="landscapes" itemscope="" repeat="">
<span itemprop="name">Pharmacology &amp; Pharmacy</span>
        (<span itemprop="type">AREA</span>)
      </li>
<li itemprop="landscapes" itemscope="" repeat="">
<span itemprop="name">Medicinal Chemistry</span>
        (<span itemprop="type">AREA</span>)
      </li>
<li itemprop="landscapes" itemscope="" repeat="">
<span itemprop="name">Epidemiology</span>
        (<span itemprop="type">AREA</span>)
      </li>
<li itemprop="landscapes" itemscope="" repeat="">
<span itemprop="name">Nuclear Medicine, Radiotherapy &amp; Molecular Imaging</span>
        (<span itemprop="type">AREA</span>)
      </li>
<li itemprop="landscapes" itemscope="" repeat="">
<span itemprop="name">Bioinformatics &amp; Cheminformatics</span>
        (<span itemprop="type">AREA</span>)
      </li>
<li itemprop="landscapes" itemscope="" repeat="">
<span itemprop="name">Chemical Kinetics &amp; Catalysis</span>
        (<span itemprop="type">AREA</span>)
      </li>
<li itemprop="landscapes" itemscope="" repeat="">
<span itemprop="name">Engineering &amp; Computer Science</span>
        (<span itemprop="type">AREA</span>)
      </li>
<li itemprop="landscapes" itemscope="" repeat="">
<span itemprop="name">General Chemical &amp; Material Sciences</span>
        (<span itemprop="type">AREA</span>)
      </li>
<li itemprop="landscapes" itemscope="" repeat="">
<span itemprop="name">Biomedical Technology</span>
        (<span itemprop="type">AREA</span>)
      </li>
<li itemprop="landscapes" itemscope="" repeat="">
<span itemprop="name">Neurology</span>
        (<span itemprop="type">AREA</span>)
      </li>
<li itemprop="landscapes" itemscope="" repeat="">
<span itemprop="name">Neurosurgery</span>
        (<span itemprop="type">AREA</span>)
      </li>
<li itemprop="landscapes" itemscope="" repeat="">
<span itemprop="name">Psychiatry</span>
        (<span itemprop="type">AREA</span>)
      </li>
<li itemprop="landscapes" itemscope="" repeat="">
<span itemprop="name">Urology &amp; Nephrology</span>
        (<span itemprop="type">AREA</span>)
      </li>
<li itemprop="landscapes" itemscope="" repeat="">
<span itemprop="name">Pain &amp; Pain Management</span>
        (<span itemprop="type">AREA</span>)
      </li>
<li itemprop="landscapes" itemscope="" repeat="">
<span itemprop="name">Endocrinology</span>
        (<span itemprop="type">AREA</span>)
      </li>
<li itemprop="landscapes" itemscope="" repeat="">
<span itemprop="name">Reproductive Health</span>
        (<span itemprop="type">AREA</span>)
      </li>
<li itemprop="landscapes" itemscope="" repeat="">
<span itemprop="name">Steroid Compounds</span>
        (<span itemprop="type">AREA</span>)
      </li>
<li itemprop="landscapes" itemscope="" repeat="">
<span itemprop="name">Pharmaceuticals Containing Other Organic And Inorganic Compounds</span>
        (<span itemprop="type">AREA</span>)
      </li>
</ul>
</section>
<section itemprop="application" itemscope="">
<section itemprop="metadata" itemscope="">
<span itemprop="applicationNumber">EP19910920946</span>
<span itemprop="priorityDate">1990-05-10</span>
<span itemprop="filingDate">1991-04-19</span>
<span itemprop="title">Method, compositions, and compounds for modulating brain excitability 
       </span>
<span itemprop="ifiStatus">Withdrawn</span>
<a href="/patent/EP0527962A4/en">
<span itemprop="representativePublication">EP0527962A4</span>
        (<span itemprop="primaryLanguage">en</span>)
      </a>
</section>
<h2>Applications Claiming Priority (2)</h2>
<table>
<thead>
<tr>
<th>Application Number</th>
<th>Priority Date</th>
<th>Filing Date</th>
<th>Title</th>
</tr>
</thead>
<tbody>
<tr itemprop="appsClaimingPriority" itemscope="" repeat="">
<td>
<span itemprop="applicationNumber">US521724</span>
</td>
<td itemprop="priorityDate"></td>
<td itemprop="filingDate">1990-05-10</td>
<td itemprop="title"></td>
</tr>
<tr itemprop="appsClaimingPriority" itemscope="" repeat="">
<td>
<span itemprop="applicationNumber">US07/521,724</span>
<a href="/patent/US5120723A/en">
<span itemprop="representativePublication">US5120723A</span>
                (<span itemprop="primaryLanguage">en</span>)
            </a>
</td>
<td itemprop="priorityDate">1987-08-25</td>
<td itemprop="filingDate">1990-05-10</td>
<td itemprop="title">Method, compositions, and compounds for modulating brain excitability 
       </td>
</tr>
</tbody>
</table>
<h2>Publications (2)</h2>
<table>
<thead>
<tr>
<th>Publication Number</th>
<th>Publication Date</th>
</tr>
</thead>
<tbody>
<tr itemprop="pubs" itemscope="" repeat="">
<td>
<span itemprop="publicationNumber">EP0527962A1</span>
<a href="/patent/EP0527962A1/en">
              EP0527962A1
              (<span itemprop="primaryLanguage">en</span>)
            </a>
</td>
<td itemprop="publicationDate">1993-02-24</td>
</tr>
<tr itemprop="pubs" itemscope="" repeat="">
<td>
<span itemprop="publicationNumber">EP0527962A4</span>
<span itemprop="thisPatent">true</span>
<a href="/patent/EP0527962A4/en">
              EP0527962A4
              (<span itemprop="primaryLanguage">en</span>)
            </a>
</td>
<td itemprop="publicationDate">1993-10-20</td>
</tr>
</tbody>
</table>
</section>
<section itemprop="family" itemscope="">
<h1>Family</h1>
<h2>ID=24077881</h2>
<h2>Family Applications (1)</h2>
<table>
<thead>
<tr>
<th>Application Number</th>
<th>Title</th>
<th>Priority Date</th>
<th>Filing Date</th>
</tr>
</thead>
<tbody>
<tr itemprop="applications" itemscope="" repeat="">
<td>
<span itemprop="applicationNumber">EP19910920946</span>
<span itemprop="ifiStatus">Withdrawn</span>
<a href="/patent/EP0527962A4/en">
<span itemprop="representativePublication">EP0527962A4</span>
                (<span itemprop="primaryLanguage">en</span>)
            </a>
</td>
<td itemprop="priorityDate">1990-05-10</td>
<td itemprop="filingDate">1991-04-19</td>
<td itemprop="title">Method, compositions, and compounds for modulating brain excitability 
       </td>
</tr>
</tbody>
</table>
<h2>Country Status (6)</h2>
<table>
<thead>
<tr>
<th>Country</th>
<th>Link</th>
</tr>
</thead>
<tbody>
<tr itemprop="countryStatus" itemscope="" repeat="">
<td>
<span itemprop="countryCode">US</span>
            (<span itemprop="num">1</span>)
            
          </td>
<td>
<a href="/patent/US5120723A/en">
<span itemprop="representativePublication">US5120723A</span>
              (<span itemprop="primaryLanguage">en</span>)
            </a>
</td>
</tr>
<tr itemprop="countryStatus" itemscope="" repeat="">
<td>
<span itemprop="countryCode">EP</span>
            (<span itemprop="num">1</span>)
            <meta content="true" itemprop="thisCountry"/>
</td>
<td>
<a href="/patent/EP0527962A4/en">
<span itemprop="representativePublication">EP0527962A4</span>
              (<span itemprop="primaryLanguage">en</span>)
            </a>
</td>
</tr>
<tr itemprop="countryStatus" itemscope="" repeat="">
<td>
<span itemprop="countryCode">JP</span>
            (<span itemprop="num">1</span>)
            
          </td>
<td>
<a href="/patent/JPH06505958A/en">
<span itemprop="representativePublication">JPH06505958A</span>
              (<span itemprop="primaryLanguage">en</span>)
            </a>
</td>
</tr>
<tr itemprop="countryStatus" itemscope="" repeat="">
<td>
<span itemprop="countryCode">AU</span>
            (<span itemprop="num">1</span>)
            
          </td>
<td>
<a href="/patent/AU7771491A/en">
<span itemprop="representativePublication">AU7771491A</span>
              (<span itemprop="primaryLanguage">en</span>)
            </a>
</td>
</tr>
<tr itemprop="countryStatus" itemscope="" repeat="">
<td>
<span itemprop="countryCode">CA</span>
            (<span itemprop="num">1</span>)
            
          </td>
<td>
<a href="/patent/CA2082501A1/en">
<span itemprop="representativePublication">CA2082501A1</span>
              (<span itemprop="primaryLanguage">en</span>)
            </a>
</td>
</tr>
<tr itemprop="countryStatus" itemscope="" repeat="">
<td>
<span itemprop="countryCode">WO</span>
            (<span itemprop="num">1</span>)
            
          </td>
<td>
<a href="/patent/WO1991016897A1/en">
<span itemprop="representativePublication">WO1991016897A1</span>
              (<span itemprop="primaryLanguage">en</span>)
            </a>
</td>
</tr>
</tbody>
</table>
<h2>Families Citing this family (56)</h2>
<table>
<caption>* Cited by examiner, † Cited by third party</caption>
<thead>
<tr>
<th>Publication number</th>
<th>Priority date</th>
<th>Publication date</th>
<th>Assignee</th>
<th>Title</th>
</tr>
</thead>
<tbody>
<tr itemprop="forwardReferencesFamily" itemscope="" repeat="">
<td>
<a href="/patent/US5319115A/en">
<span itemprop="publicationNumber">US5319115A</span>
              (<span itemprop="primaryLanguage">en</span>)
            </a>
<span itemprop="examinerCited">*</span>
</td>
<td itemprop="priorityDate">1987-08-25</td>
<td itemprop="publicationDate">1994-06-07</td>
<td><span itemprop="assigneeOriginal">Cocensys Inc.</span></td>
<td itemprop="title">Method for making 3α-hydroxy, 3β-substituted-pregnanes 
       </td>
</tr>
<tr itemprop="forwardReferencesFamily" itemscope="" repeat="">
<td>
<a href="/patent/US5232917A/en">
<span itemprop="publicationNumber">US5232917A</span>
              (<span itemprop="primaryLanguage">en</span>)
            </a>
</td>
<td itemprop="priorityDate">1987-08-25</td>
<td itemprop="publicationDate">1993-08-03</td>
<td><span itemprop="assigneeOriginal">University Of Southern California</span></td>
<td itemprop="title">Methods, compositions, and compounds for allosteric modulation of the GABA receptor by members of the androstane and pregnane series 
       </td>
</tr>
<tr itemprop="forwardReferencesFamily" itemscope="" repeat="">
<td>
<a href="/patent/DE4218292C1/en">
<span itemprop="publicationNumber">DE4218292C1</span>
              (<span itemprop="primaryLanguage">en</span>)
            </a>
<span itemprop="examinerCited">*</span>
</td>
<td itemprop="priorityDate">1992-06-03</td>
<td itemprop="publicationDate">1994-02-03</td>
<td><span itemprop="assigneeOriginal">Mattern Et Partner Pharmazeuti</span></td>
<td itemprop="title">
  Use of a medicinal product containing mestanolone and / or 4-chloro-1-dehydromethyltestosterone
 
       </td>
</tr>
<tr itemprop="forwardReferencesFamily" itemscope="" repeat="">
<td>
<a href="/patent/GB9226724D0/en">
<span itemprop="publicationNumber">GB9226724D0</span>
              (<span itemprop="primaryLanguage">en</span>)
            </a>
<span itemprop="examinerCited">*</span>
</td>
<td itemprop="priorityDate">1992-12-22</td>
<td itemprop="publicationDate">1993-02-17</td>
<td><span itemprop="assigneeOriginal">Xenova Ltd</span></td>
<td itemprop="title">Pharmaceutical compounds 
     </td>
</tr>
<tr itemprop="forwardReferencesFamily" itemscope="" repeat="">
<td>
<a href="/patent/DE69435286D1/en">
<span itemprop="publicationNumber">DE69435286D1</span>
              (<span itemprop="primaryLanguage">en</span>)
            </a>
<span itemprop="examinerCited">*</span>
</td>
<td itemprop="priorityDate">1993-05-24</td>
<td itemprop="publicationDate">2010-05-20</td>
<td><span itemprop="assigneeOriginal">Purdue Pharma Ltd</span></td>
<td itemprop="title">
  METHOD AND COMPOSITIONS FOR EFFECTING SLEEP
 
     </td>
</tr>
<tr itemprop="forwardReferencesFamily" itemscope="" repeat="">
<td>
<a href="/patent/WO1995005826A1/en">
<span itemprop="publicationNumber">WO1995005826A1</span>
              (<span itemprop="primaryLanguage">en</span>)
            </a>
<span itemprop="examinerCited">*</span>
</td>
<td itemprop="priorityDate">1993-08-20</td>
<td itemprop="publicationDate">1995-03-02</td>
<td><span itemprop="assigneeOriginal">Jackson Meyer B</span></td>
<td itemprop="title">Method for regulating neuropeptide hormone secretion 
       </td>
</tr>
<tr itemprop="forwardReferencesFamily" itemscope="" repeat="">
<td>
<a href="/patent/US5763431A/en">
<span itemprop="publicationNumber">US5763431A</span>
              (<span itemprop="primaryLanguage">en</span>)
            </a>
<span itemprop="examinerCited">*</span>
</td>
<td itemprop="priorityDate">1993-08-20</td>
<td itemprop="publicationDate">1998-06-09</td>
<td><span itemprop="assigneeOriginal">Jackson; Meyer B.</span></td>
<td itemprop="title">Method for regulating neuropeptide hormone secretion 
       </td>
</tr>
<tr itemprop="forwardReferencesFamily" itemscope="" repeat="">
<td>
<a href="/patent/US5939545A/en">
<span itemprop="publicationNumber">US5939545A</span>
              (<span itemprop="primaryLanguage">en</span>)
            </a>
<span itemprop="examinerCited">*</span>
</td>
<td itemprop="priorityDate">1994-02-14</td>
<td itemprop="publicationDate">1999-08-17</td>
<td><span itemprop="assigneeOriginal">Cocensys, Inc.</span></td>
<td itemprop="title">Method, compositions, and compounds for allosteric modulation of the gaba receptor by members of the androstane and pregnane series 
       </td>
</tr>
<tr itemprop="forwardReferencesFamily" itemscope="" repeat="">
<td>
<a href="/patent/BR9506779A/en">
<span itemprop="publicationNumber">BR9506779A</span>
              (<span itemprop="primaryLanguage">en</span>)
            </a>
<span itemprop="examinerCited">*</span>
</td>
<td itemprop="priorityDate">1994-02-14</td>
<td itemprop="publicationDate">1997-10-14</td>
<td><span itemprop="assigneeOriginal">Cocensys Inc</span></td>
<td itemprop="title">
        Compound pharmaceutical composition method for modulating the gaba-chloride receptor ionophore complex in an animal patient by binding to the neurosteroid site in said complex method to treat or prevent stress or anxiety in an animal patient method to relieve or prevent pms or pnd isonia in an animal patient method for treating or avoiding mood disturbances in an animal patient and method for inducing anesthesia in an animal patient
       
     </td>
</tr>
<tr itemprop="forwardReferencesFamily" itemscope="" repeat="">
<td>
<a href="/patent/US5767117A/en">
<span itemprop="publicationNumber">US5767117A</span>
              (<span itemprop="primaryLanguage">en</span>)
            </a>
<span itemprop="examinerCited">*</span>
</td>
<td itemprop="priorityDate">1994-11-18</td>
<td itemprop="publicationDate">1998-06-16</td>
<td><span itemprop="assigneeOriginal">The General Hospital Corporation</span></td>
<td itemprop="title">Method for treating vascular headaches 
       </td>
</tr>
<tr itemprop="forwardReferencesFamily" itemscope="" repeat="">
<td>
<a href="/patent/BR9509764A/en">
<span itemprop="publicationNumber">BR9509764A</span>
              (<span itemprop="primaryLanguage">en</span>)
            </a>
<span itemprop="examinerCited">*</span>
</td>
<td itemprop="priorityDate">1994-11-23</td>
<td itemprop="publicationDate">1998-07-07</td>
<td><span itemprop="assigneeOriginal">Cocensys Inc</span></td>
<td itemprop="title">
        Androstane and pregnane series for allosteric modulation of gaba receptor
       
     </td>
</tr>
<tr itemprop="forwardReferencesFamily" itemscope="" repeat="">
<td>
<a href="/patent/US6780853B1/en">
<span itemprop="publicationNumber">US6780853B1</span>
              (<span itemprop="primaryLanguage">en</span>)
            </a>
</td>
<td itemprop="priorityDate">1995-06-06</td>
<td itemprop="publicationDate">2004-08-24</td>
<td><span itemprop="assigneeOriginal">Euro-Celtique S.A.</span></td>
<td itemprop="title">Neuroactive steroids of the androstane and pregnane series 
       </td>
</tr>
<tr itemprop="forwardReferencesFamily" itemscope="" repeat="">
<td>
<a href="/patent/CZ394197A3/en">
<span itemprop="publicationNumber">CZ394197A3</span>
              (<span itemprop="primaryLanguage">en</span>)
            </a>
<span itemprop="examinerCited">*</span>
</td>
<td itemprop="priorityDate">1995-06-06</td>
<td itemprop="publicationDate">1998-06-17</td>
<td><span itemprop="assigneeOriginal">Cocensys, Inc.</span></td>
<td itemprop="title">Neuroactive steroids of androstane and pregnane series 
       </td>
</tr>
<tr itemprop="forwardReferencesFamily" itemscope="" repeat="">
<td>
<a href="/patent/US6787530B1/en">
<span itemprop="publicationNumber">US6787530B1</span>
              (<span itemprop="primaryLanguage">en</span>)
            </a>
</td>
<td itemprop="priorityDate">1996-08-23</td>
<td itemprop="publicationDate">2004-09-07</td>
<td><span itemprop="assigneeOriginal">Monash University</span></td>
<td itemprop="title">Use of pregnane-diones as analgesic agents 
       </td>
</tr>
<tr itemprop="forwardReferencesFamily" itemscope="" repeat="">
<td>
<a href="/patent/US20020037885A1/en">
<span itemprop="publicationNumber">US20020037885A1</span>
              (<span itemprop="primaryLanguage">en</span>)
            </a>
<span itemprop="examinerCited">*</span>
</td>
<td itemprop="priorityDate">1999-07-22</td>
<td itemprop="publicationDate">2002-03-28</td>
<td><span itemprop="assigneeOriginal">Dijcks Fredericus Antonius</span></td>
<td itemprop="title">Therapeutic compounds 
       </td>
</tr>
<tr itemprop="forwardReferencesFamily" itemscope="" repeat="">
<td>
<a href="/patent/DE69927960T2/en">
<span itemprop="publicationNumber">DE69927960T2</span>
              (<span itemprop="primaryLanguage">en</span>)
            </a>
</td>
<td itemprop="priorityDate">1998-03-11</td>
<td itemprop="publicationDate">2006-07-20</td>
<td><span itemprop="assigneeOriginal">Torbjörn Backström</span></td>
<td itemprop="title">
  EPIALLOPREGNANOLONE FOR THE TREATMENT OF DISEASES OF THE CNS
 
     </td>
</tr>
<tr itemprop="forwardReferencesFamily" itemscope="" repeat="">
<td>
<a href="/patent/EP1177206A1/en">
<span itemprop="publicationNumber">EP1177206A1</span>
              (<span itemprop="primaryLanguage">en</span>)
            </a>
<span itemprop="examinerCited">*</span>
</td>
<td itemprop="priorityDate">1999-04-29</td>
<td itemprop="publicationDate">2002-02-06</td>
<td><span itemprop="assigneeOriginal">Purdue Pharma Ltd.</span></td>
<td itemprop="title">3alpha-hydroxy-3beta methoxymethyl-21-heterocycle substituted steroids with anaesthetic activity 
       </td>
</tr>
<tr itemprop="forwardReferencesFamily" itemscope="" repeat="">
<td>
<a href="/patent/US20020072509A1/en">
<span itemprop="publicationNumber">US20020072509A1</span>
              (<span itemprop="primaryLanguage">en</span>)
            </a>
<span itemprop="examinerCited">*</span>
</td>
<td itemprop="priorityDate">2000-10-11</td>
<td itemprop="publicationDate">2002-06-13</td>
<td><span itemprop="assigneeOriginal">Stein Donald Gerald</span></td>
<td itemprop="title">Methods for the treatment of a traumatic central nervous system injury 
       </td>
</tr>
<tr itemprop="forwardReferencesFamily" itemscope="" repeat="">
<td>
<a href="/patent/AR031473A1/en">
<span itemprop="publicationNumber">AR031473A1</span>
              (<span itemprop="primaryLanguage">en</span>)
            </a>
<span itemprop="examinerCited">*</span>
</td>
<td itemprop="priorityDate">2000-11-20</td>
<td itemprop="publicationDate">2003-09-24</td>
<td><span itemprop="assigneeOriginal">Lundbeck &amp; Co As H</span></td>
<td itemprop="title">
  GABA INTENSIFIERS IN THE TREATMENT OF DISEASES RELATED TO A REDUCED NEUROSTEROID ACTIVITY
 
     </td>
</tr>
<tr itemprop="forwardReferencesFamily" itemscope="" repeat="">
<td>
<a href="/patent/WO2005105822A2/en">
<span itemprop="publicationNumber">WO2005105822A2</span>
              (<span itemprop="primaryLanguage">en</span>)
            </a>
<span itemprop="examinerCited">*</span>
</td>
<td itemprop="priorityDate">2004-04-23</td>
<td itemprop="publicationDate">2005-11-10</td>
<td><span itemprop="assigneeOriginal">Euro-Celtique S.A.</span></td>
<td itemprop="title">3-alpha-hydroxy 21-n- heteroaryl-pregnane derivatives for modulation of brain excitability and a process for the production thereof 
     </td>
</tr>
<tr itemprop="forwardReferencesFamily" itemscope="" repeat="">
<td>
<a href="/patent/ES2392454T3/en">
<span itemprop="publicationNumber">ES2392454T3</span>
              (<span itemprop="primaryLanguage">en</span>)
            </a>
<span itemprop="examinerCited">*</span>
</td>
<td itemprop="priorityDate">2005-03-24</td>
<td itemprop="publicationDate">2012-12-10</td>
<td><span itemprop="assigneeOriginal">Emory University</span></td>
<td itemprop="title">
        Dosage regimen for the treatment of a traumatic brain injury with progesterone
       
     </td>
</tr>
<tr itemprop="forwardReferencesFamily" itemscope="" repeat="">
<td>
<a href="/patent/US7473687B2/en">
<span itemprop="publicationNumber">US7473687B2</span>
              (<span itemprop="primaryLanguage">en</span>)
            </a>
<span itemprop="examinerCited">*</span>
</td>
<td itemprop="priorityDate">2005-03-24</td>
<td itemprop="publicationDate">2009-01-06</td>
<td><span itemprop="assigneeOriginal">Emory University</span></td>
<td itemprop="title">Methods for the treatment of a traumatic central nervous system injury 
       </td>
</tr>
<tr itemprop="forwardReferencesFamily" itemscope="" repeat="">
<td>
<a href="/patent/CA2620333A1/en">
<span itemprop="publicationNumber">CA2620333A1</span>
              (<span itemprop="primaryLanguage">en</span>)
            </a>
</td>
<td itemprop="priorityDate">2005-08-26</td>
<td itemprop="publicationDate">2007-03-01</td>
<td><span itemprop="assigneeOriginal">Braincells, Inc.</span></td>
<td itemprop="title">Neurogenesis by muscarinic receptor modulation 
       </td>
</tr>
<tr itemprop="forwardReferencesFamily" itemscope="" repeat="">
<td>
<a href="/patent/EP2258357A3/en">
<span itemprop="publicationNumber">EP2258357A3</span>
              (<span itemprop="primaryLanguage">en</span>)
            </a>
</td>
<td itemprop="priorityDate">2005-08-26</td>
<td itemprop="publicationDate">2011-04-06</td>
<td><span itemprop="assigneeOriginal">Braincells, Inc.</span></td>
<td itemprop="title">Neurogenesis with acetylcholinesterase inhibitor 
       </td>
</tr>
<tr itemprop="forwardReferencesFamily" itemscope="" repeat="">
<td>
<a href="/patent/US7985756B2/en">
<span itemprop="publicationNumber">US7985756B2</span>
              (<span itemprop="primaryLanguage">en</span>)
            </a>
</td>
<td itemprop="priorityDate">2005-10-21</td>
<td itemprop="publicationDate">2011-07-26</td>
<td><span itemprop="assigneeOriginal">Braincells Inc.</span></td>
<td itemprop="title">Modulation of neurogenesis by PDE inhibition 
       </td>
</tr>
<tr itemprop="forwardReferencesFamily" itemscope="" repeat="">
<td>
<a href="/patent/EP1942879A1/en">
<span itemprop="publicationNumber">EP1942879A1</span>
              (<span itemprop="primaryLanguage">en</span>)
            </a>
</td>
<td itemprop="priorityDate">2005-10-31</td>
<td itemprop="publicationDate">2008-07-16</td>
<td><span itemprop="assigneeOriginal">Braincells, Inc.</span></td>
<td itemprop="title">Gaba receptor mediated modulation of neurogenesis 
       </td>
</tr>
<tr itemprop="forwardReferencesFamily" itemscope="" repeat="">
<td>
<a href="/patent/US20100216734A1/en">
<span itemprop="publicationNumber">US20100216734A1</span>
              (<span itemprop="primaryLanguage">en</span>)
            </a>
</td>
<td itemprop="priorityDate">2006-03-08</td>
<td itemprop="publicationDate">2010-08-26</td>
<td><span itemprop="assigneeOriginal">Braincells, Inc.</span></td>
<td itemprop="title">Modulation of neurogenesis by nootropic agents 
       </td>
</tr>
<tr itemprop="forwardReferencesFamily" itemscope="" repeat="">
<td>
<a href="/patent/JP2009536669A/en">
<span itemprop="publicationNumber">JP2009536669A</span>
              (<span itemprop="primaryLanguage">en</span>)
            </a>
</td>
<td itemprop="priorityDate">2006-05-09</td>
<td itemprop="publicationDate">2009-10-15</td>
<td><span itemprop="assigneeOriginal">ブレインセルス，インコーポレイティド</span></td>
<td itemprop="title">
  Neurogenesis by angiotensin regulation
 
     </td>
</tr>
<tr itemprop="forwardReferencesFamily" itemscope="" repeat="">
<td>
<a href="/patent/DK2792681T3/en">
<span itemprop="publicationNumber">DK2792681T3</span>
              (<span itemprop="primaryLanguage">en</span>)
            </a>
<span itemprop="examinerCited">*</span>
</td>
<td itemprop="priorityDate">2006-11-21</td>
<td itemprop="publicationDate">2017-01-23</td>
<td><span itemprop="assigneeOriginal">Umecrine Ab</span></td>
<td itemprop="title">
  Use of Pregnancy and Androstan Steroids in the Preparation of a Pharmaceutical Composition for the Treatment of CNS Disorders.
 
     </td>
</tr>
<tr itemprop="forwardReferencesFamily" itemscope="" repeat="">
<td>
<a href="/patent/CN101585862B/en">
<span itemprop="publicationNumber">CN101585862B</span>
              (<span itemprop="primaryLanguage">en</span>)
            </a>
<span itemprop="examinerCited">*</span>
</td>
<td itemprop="priorityDate">2008-05-20</td>
<td itemprop="publicationDate">2014-12-17</td>
<td><span itemprop="assigneeOriginal">梅克芳股份公司</span></td>
<td itemprop="title">
        Steroids
       
       </td>
</tr>
<tr itemprop="forwardReferencesFamily" itemscope="" repeat="">
<td>
<a href="/patent/US20100216805A1/en">
<span itemprop="publicationNumber">US20100216805A1</span>
              (<span itemprop="primaryLanguage">en</span>)
            </a>
</td>
<td itemprop="priorityDate">2009-02-25</td>
<td itemprop="publicationDate">2010-08-26</td>
<td><span itemprop="assigneeOriginal">Braincells, Inc.</span></td>
<td itemprop="title">Modulation of neurogenesis using d-cycloserine combinations 
     </td>
</tr>
<tr itemprop="forwardReferencesFamily" itemscope="" repeat="">
<td>
<a href="/patent/CA2786330C/en">
<span itemprop="publicationNumber">CA2786330C</span>
              (<span itemprop="primaryLanguage">en</span>)
            </a>
</td>
<td itemprop="priorityDate">2010-01-14</td>
<td itemprop="publicationDate">2013-11-19</td>
<td><span itemprop="assigneeOriginal">Umecrine Mood Ab</span></td>
<td itemprop="title">A pharmaceutical composition comprising 3-beta-hydroxy-5-alpha-pregnan-20-one with improved storage and solubility properties 
     </td>
</tr>
<tr itemprop="forwardReferencesFamily" itemscope="" repeat="">
<td>
<a href="/patent/DK3170501T3/en">
<span itemprop="publicationNumber">DK3170501T3</span>
              (<span itemprop="primaryLanguage">en</span>)
            </a>
<span itemprop="examinerCited">*</span>
</td>
<td itemprop="priorityDate">2011-05-20</td>
<td itemprop="publicationDate">2020-09-28</td>
<td><span itemprop="assigneeOriginal">Inst Nat Sante Rech Med</span></td>
<td itemprop="title">
  ANTAGONISTS OF CB1 RECEPTOR
 
     </td>
</tr>
<tr itemprop="forwardReferencesFamily" itemscope="" repeat="">
<td>
<a href="/patent/CA3152410A1/en">
<span itemprop="publicationNumber">CA3152410A1</span>
              (<span itemprop="primaryLanguage">en</span>)
            </a>
</td>
<td itemprop="priorityDate">2011-10-14</td>
<td itemprop="publicationDate">2013-04-18</td>
<td><span itemprop="assigneeOriginal">Sage Therapeutics, Inc.</span></td>
<td itemprop="title">3,3-disubstituted 19-nor pregnane compounds, compositions, and uses thereof for the treatment of cns related disorders 
     </td>
</tr>
<tr itemprop="forwardReferencesFamily" itemscope="" repeat="">
<td>
<a href="/patent/WO2013112605A2/en">
<span itemprop="publicationNumber">WO2013112605A2</span>
              (<span itemprop="primaryLanguage">en</span>)
            </a>
</td>
<td itemprop="priorityDate">2012-01-23</td>
<td itemprop="publicationDate">2013-08-01</td>
<td><span itemprop="assigneeOriginal">Sage Therapeutics, Inc.</span></td>
<td itemprop="title">Neuroactive steroid formulations and methods of treating cns disorders 
       </td>
</tr>
<tr itemprop="forwardReferencesFamily" itemscope="" repeat="">
<td>
<a href="/patent/BR112015003747A2/en">
<span itemprop="publicationNumber">BR112015003747A2</span>
              (<span itemprop="primaryLanguage">en</span>)
            </a>
</td>
<td itemprop="priorityDate">2012-08-21</td>
<td itemprop="publicationDate">2017-07-04</td>
<td><span itemprop="assigneeOriginal">Sage Therapeutics Inc</span></td>
<td itemprop="title">
        Treatment methods of epilepsy or status epilepticus
       
     </td>
</tr>
<tr itemprop="forwardReferencesFamily" itemscope="" repeat="">
<td>
<a href="/patent/EP2925327B1/en">
<span itemprop="publicationNumber">EP2925327B1</span>
              (<span itemprop="primaryLanguage">en</span>)
            </a>
</td>
<td itemprop="priorityDate">2012-11-30</td>
<td itemprop="publicationDate">2024-01-10</td>
<td><span itemprop="assigneeOriginal">The Regents of The University of California</span></td>
<td itemprop="title">Allopregnanolone for treating, reducing or mitigating symptoms of post-partum depression 
       </td>
</tr>
<tr itemprop="forwardReferencesFamily" itemscope="" repeat="">
<td>
<a href="/patent/JP6239091B2/en">
<span itemprop="publicationNumber">JP6239091B2</span>
              (<span itemprop="primaryLanguage">en</span>)
            </a>
</td>
<td itemprop="priorityDate">2013-04-17</td>
<td itemprop="publicationDate">2017-11-29</td>
<td><span itemprop="assigneeOriginal">セージ セラピューティクス， インコーポレイテッド</span></td>
<td itemprop="title">
        19-nor neurostimulatory steroids and methods of use thereof
       
     </td>
</tr>
<tr itemprop="forwardReferencesFamily" itemscope="" repeat="">
<td>
<a href="/patent/WO2014169836A1/en">
<span itemprop="publicationNumber">WO2014169836A1</span>
              (<span itemprop="primaryLanguage">en</span>)
            </a>
</td>
<td itemprop="priorityDate">2013-04-17</td>
<td itemprop="publicationDate">2014-10-23</td>
<td><span itemprop="assigneeOriginal">Sage Therapeutics, Inc.</span></td>
<td itemprop="title">19-nor neuroactive steroids and methods of use thereof 
       </td>
</tr>
<tr itemprop="forwardReferencesFamily" itemscope="" repeat="">
<td>
<a href="/patent/US9725481B2/en">
<span itemprop="publicationNumber">US9725481B2</span>
              (<span itemprop="primaryLanguage">en</span>)
            </a>
</td>
<td itemprop="priorityDate">2013-04-17</td>
<td itemprop="publicationDate">2017-08-08</td>
<td><span itemprop="assigneeOriginal">Sage Therapeutics, Inc.</span></td>
<td itemprop="title">19-nor C3, 3-disubstituted C21-C-bound heteroaryl steroids and methods of use thereof 
       </td>
</tr>
<tr itemprop="forwardReferencesFamily" itemscope="" repeat="">
<td>
<a href="/patent/IL310348A/en">
<span itemprop="publicationNumber">IL310348A</span>
              (<span itemprop="primaryLanguage">en</span>)
            </a>
</td>
<td itemprop="priorityDate">2013-04-17</td>
<td itemprop="publicationDate">2024-03-01</td>
<td><span itemprop="assigneeOriginal">Sage Therapeutics Inc</span></td>
<td itemprop="title">19-nor c3,3-disubstituted c21-n-pyrazolyl steroids and methods of use thereof 
       </td>
</tr>
<tr itemprop="forwardReferencesFamily" itemscope="" repeat="">
<td>
<a href="/patent/HRP20210610T1/en">
<span itemprop="publicationNumber">HRP20210610T1</span>
              (<span itemprop="primaryLanguage">en</span>)
            </a>
</td>
<td itemprop="priorityDate">2013-07-19</td>
<td itemprop="publicationDate">2021-05-28</td>
<td><span itemprop="assigneeOriginal">Sage Therapeutics, Inc.</span></td>
<td itemprop="title">
        NEUROACTIVE STEROIDS, PREPARATIONS AND THEIR USES
       
       </td>
</tr>
<tr itemprop="forwardReferencesFamily" itemscope="" repeat="">
<td>
<a href="/patent/CN105579043B/en">
<span itemprop="publicationNumber">CN105579043B</span>
              (<span itemprop="primaryLanguage">en</span>)
            </a>
</td>
<td itemprop="priorityDate">2013-08-23</td>
<td itemprop="publicationDate">2021-09-14</td>
<td><span itemprop="assigneeOriginal">萨奇治疗股份有限公司</span></td>
<td itemprop="title">Neuroactive steroids, compositions and uses thereof 
       </td>
</tr>
<tr itemprop="forwardReferencesFamily" itemscope="" repeat="">
<td>
<a href="/patent/US9629853B2/en">
<span itemprop="publicationNumber">US9629853B2</span>
              (<span itemprop="primaryLanguage">en</span>)
            </a>
</td>
<td itemprop="priorityDate">2014-05-21</td>
<td itemprop="publicationDate">2017-04-25</td>
<td><span itemprop="assigneeOriginal">Wisconsin Alumni Research Foundation</span></td>
<td itemprop="title">Uses of ganaxolone 
       </td>
</tr>
<tr itemprop="forwardReferencesFamily" itemscope="" repeat="">
<td>
<a href="/patent/WO2015195962A1/en">
<span itemprop="publicationNumber">WO2015195962A1</span>
              (<span itemprop="primaryLanguage">en</span>)
            </a>
</td>
<td itemprop="priorityDate">2014-06-18</td>
<td itemprop="publicationDate">2015-12-23</td>
<td><span itemprop="assigneeOriginal">Sage Therapeutics, Inc.</span></td>
<td itemprop="title">Neuroactive steroids, compositions, and uses thereof 
       </td>
</tr>
<tr itemprop="forwardReferencesFamily" itemscope="" repeat="">
<td>
<a href="/patent/JOP20200195A1/en">
<span itemprop="publicationNumber">JOP20200195A1</span>
              (<span itemprop="primaryLanguage">en</span>)
            </a>
</td>
<td itemprop="priorityDate">2014-09-08</td>
<td itemprop="publicationDate">2017-06-16</td>
<td><span itemprop="assigneeOriginal">Sage Therapeutics Inc</span></td>
<td itemprop="title">
        Neuroactive steroids and formulations, and their uses
       
       </td>
</tr>
<tr itemprop="forwardReferencesFamily" itemscope="" repeat="">
<td>
<a href="/patent/CN118344423A/en">
<span itemprop="publicationNumber">CN118344423A</span>
              (<span itemprop="primaryLanguage">en</span>)
            </a>
</td>
<td itemprop="priorityDate">2014-10-16</td>
<td itemprop="publicationDate">2024-07-16</td>
<td><span itemprop="assigneeOriginal">萨奇治疗股份有限公司</span></td>
<td itemprop="title">Compositions and methods for targeting CNS disorders 
       </td>
</tr>
<tr itemprop="forwardReferencesFamily" itemscope="" repeat="">
<td>
<a href="/patent/AU2015331597B2/en">
<span itemprop="publicationNumber">AU2015331597B2</span>
              (<span itemprop="primaryLanguage">en</span>)
            </a>
</td>
<td itemprop="priorityDate">2014-10-16</td>
<td itemprop="publicationDate">2020-04-30</td>
<td><span itemprop="assigneeOriginal">Sage Therapeutics, Inc.</span></td>
<td itemprop="title">Compositions and methods for treating CNS disorders 
       </td>
</tr>
<tr itemprop="forwardReferencesFamily" itemscope="" repeat="">
<td>
<a href="/patent/ES2793237T3/en">
<span itemprop="publicationNumber">ES2793237T3</span>
              (<span itemprop="primaryLanguage">en</span>)
            </a>
</td>
<td itemprop="priorityDate">2014-11-27</td>
<td itemprop="publicationDate">2020-11-13</td>
<td><span itemprop="assigneeOriginal">Sage Therapeutics Inc</span></td>
<td itemprop="title">
  Compositions and methods for treating CNS disorders
 
     </td>
</tr>
<tr itemprop="forwardReferencesFamily" itemscope="" repeat="">
<td>
<a href="/patent/EP3250210B1/en">
<span itemprop="publicationNumber">EP3250210B1</span>
              (<span itemprop="primaryLanguage">en</span>)
            </a>
</td>
<td itemprop="priorityDate">2015-01-26</td>
<td itemprop="publicationDate">2020-12-02</td>
<td><span itemprop="assigneeOriginal">Sage Therapeutics, Inc.</span></td>
<td itemprop="title">Compositions and methods for treating cns disorders 
       </td>
</tr>
<tr itemprop="forwardReferencesFamily" itemscope="" repeat="">
<td>
<a href="/patent/DK3258939T3/en">
<span itemprop="publicationNumber">DK3258939T3</span>
              (<span itemprop="primaryLanguage">en</span>)
            </a>
</td>
<td itemprop="priorityDate">2015-02-20</td>
<td itemprop="publicationDate">2022-12-12</td>
<td><span itemprop="assigneeOriginal">Sage Therapeutics Inc</span></td>
<td itemprop="title">
  NEUROACTIVE STEROIDS, COMPOSITIONS AND USES THEREOF
 
     </td>
</tr>
<tr itemprop="forwardReferencesFamily" itemscope="" repeat="">
<td>
<a href="/patent/CA3017172C/en">
<span itemprop="publicationNumber">CA3017172C</span>
              (<span itemprop="primaryLanguage">en</span>)
            </a>
</td>
<td itemprop="priorityDate">2016-03-08</td>
<td itemprop="publicationDate">2023-03-14</td>
<td><span itemprop="assigneeOriginal">Sage Therapeutics, Inc.</span></td>
<td itemprop="title">Neuroactive steroids, compositions, and uses thereof 
       </td>
</tr>
<tr itemprop="forwardReferencesFamily" itemscope="" repeat="">
<td>
<a href="/patent/US11396525B2/en">
<span itemprop="publicationNumber">US11396525B2</span>
              (<span itemprop="primaryLanguage">en</span>)
            </a>
</td>
<td itemprop="priorityDate">2016-07-11</td>
<td itemprop="publicationDate">2022-07-26</td>
<td><span itemprop="assigneeOriginal">Sage Therapeutics, Inc.</span></td>
<td itemprop="title">C17, C20, and C21 substituted neuroactive steroids and their methods of use 
       </td>
</tr>
<tr itemprop="forwardReferencesFamily" itemscope="" repeat="">
<td>
<a href="/patent/US20190233465A1/en">
<span itemprop="publicationNumber">US20190233465A1</span>
              (<span itemprop="primaryLanguage">en</span>)
            </a>
</td>
<td itemprop="priorityDate">2016-07-11</td>
<td itemprop="publicationDate">2019-08-01</td>
<td><span itemprop="assigneeOriginal">Sage Therapeutics, Inc.</span></td>
<td itemprop="title">C7, c12, and c16 substituted neuroactive steroids and their methods of use 
     </td>
</tr>
<tr itemprop="forwardReferencesFamily" itemscope="" repeat="">
<td>
<a href="/patent/US11236121B2/en">
<span itemprop="publicationNumber">US11236121B2</span>
              (<span itemprop="primaryLanguage">en</span>)
            </a>
</td>
<td itemprop="priorityDate">2016-08-23</td>
<td itemprop="publicationDate">2022-02-01</td>
<td><span itemprop="assigneeOriginal">Sage Therapeutics, Inc.</span></td>
<td itemprop="title">Crystalline 19-nor C3,3-disubstituted C21-N-pyrazolyl steroid 
       </td>
</tr>
<tr itemprop="forwardReferencesFamily" itemscope="" repeat="">
<td>
<a href="/patent/AU2020284110A1/en">
<span itemprop="publicationNumber">AU2020284110A1</span>
              (<span itemprop="primaryLanguage">en</span>)
            </a>
</td>
<td itemprop="priorityDate">2019-05-31</td>
<td itemprop="publicationDate">2021-11-25</td>
<td><span itemprop="assigneeOriginal">Sage Therapeutics, Inc.</span></td>
<td itemprop="title">Neuroactive steroids and compositions thereof 
     </td>
</tr>
</tbody>
</table>
<h2>Citations (3)</h2>
<table>
<caption>* Cited by examiner, † Cited by third party</caption>
<thead>
<tr>
<th>Publication number</th>
<th>Priority date</th>
<th>Publication date</th>
<th>Assignee</th>
<th>Title</th>
</tr>
</thead>
<tbody>
<tr itemprop="backwardReferencesOrig" itemscope="" repeat="">
<td>
<a href="/patent/US3953429A/en">
<span itemprop="publicationNumber">US3953429A</span>
              (<span itemprop="primaryLanguage">en</span>)
            </a>
<span itemprop="examinerCited">*</span>
</td>
<td itemprop="priorityDate">1970-12-17</td>
<td itemprop="publicationDate">1976-04-27</td>
<td>
<span itemprop="assigneeOriginal">Glaxo Laboratories Limited</span>
</td>
<td itemprop="title">Anaesthetic steroids of the androstance and pregnane series 
       </td>
</tr>
<tr itemprop="backwardReferencesOrig" itemscope="" repeat="">
<td>
<a href="/patent/EP0030368A1/en">
<span itemprop="publicationNumber">EP0030368A1</span>
              (<span itemprop="primaryLanguage">en</span>)
            </a>
<span itemprop="examinerCited">*</span>
</td>
<td itemprop="priorityDate">1979-12-10</td>
<td itemprop="publicationDate">1981-06-17</td>
<td>
<span itemprop="assigneeOriginal">Schering Aktiengesellschaft</span>
</td>
<td itemprop="title">Process for the preparation of 11-keto steroids 
       </td>
</tr>
<tr itemprop="backwardReferencesOrig" itemscope="" repeat="">
<td>
<a href="/patent/WO1989002272A1/en">
<span itemprop="publicationNumber">WO1989002272A1</span>
              (<span itemprop="primaryLanguage">en</span>)
            </a>
<span itemprop="examinerCited">*</span>
</td>
<td itemprop="priorityDate">1987-08-25</td>
<td itemprop="publicationDate">1989-03-23</td>
<td>
<span itemprop="assigneeOriginal">Gee Kelvin W</span>
</td>
<td itemprop="title">Compositions and methods for alleviating stress, anxiety and seizure activity 
       </td>
</tr>
</tbody>
</table>
<h2>Family Cites Families (2)</h2>
<table>
<caption>* Cited by examiner, † Cited by third party</caption>
<thead>
<tr>
<th>Publication number</th>
<th>Priority date</th>
<th>Publication date</th>
<th>Assignee</th>
<th>Title</th>
</tr>
</thead>
<tbody>
<tr itemprop="backwardReferencesFamily" itemscope="" repeat="">
<td>
<a href="/patent/US4213978A/en">
<span itemprop="publicationNumber">US4213978A</span>
              (<span itemprop="primaryLanguage">en</span>)
            </a>
<span itemprop="examinerCited">*</span>
</td>
<td itemprop="priorityDate">1978-12-05</td>
<td itemprop="publicationDate">1980-07-22</td>
<td><span itemprop="assigneeOriginal">Interx Research Corporation</span></td>
<td itemprop="title">Anti-acne and anti-seborrhea prodrug derivatives of progesterone 
       </td>
</tr>
<tr itemprop="backwardReferencesFamily" itemscope="" repeat="">
<td>
<a href="/patent/US4605649A/en">
<span itemprop="publicationNumber">US4605649A</span>
              (<span itemprop="primaryLanguage">en</span>)
            </a>
<span itemprop="examinerCited">*</span>
</td>
<td itemprop="priorityDate">1983-02-22</td>
<td itemprop="publicationDate">1986-08-12</td>
<td><span itemprop="assigneeOriginal">Liehr Joachim G</span></td>
<td itemprop="title">Method of treatment of estrogen deficiency disease 
       </td>
</tr>
</tbody>
</table>
<ul>
<li itemprop="applicationsByYear" itemscope="" repeat="">
<span itemprop="year">1990</span>
<ul>
<li itemprop="application" itemscope="" repeat="">
<span itemprop="filingDate">1990-05-10</span>
<span itemprop="countryCode">US</span>
<span itemprop="applicationNumber">US07/521,724</span>
<a href="/patent/US5120723A/en"><span itemprop="documentId">patent/US5120723A/en</span></a>
<span itemprop="legalStatusCat">not_active</span>
<span itemprop="legalStatus">Ceased</span>
</li>
</ul>
</li>
<li itemprop="applicationsByYear" itemscope="" repeat="">
<span itemprop="year">1991</span>
<ul>
<li itemprop="application" itemscope="" repeat="">
<span itemprop="filingDate">1991-04-19</span>
<span itemprop="countryCode">AU</span>
<span itemprop="applicationNumber">AU77714/91A</span>
<a href="/patent/AU7771491A/en"><span itemprop="documentId">patent/AU7771491A/en</span></a>
<span itemprop="legalStatusCat">not_active</span>
<span itemprop="legalStatus">Abandoned</span>
</li>
<li itemprop="application" itemscope="" repeat="">
<span itemprop="filingDate">1991-04-19</span>
<span itemprop="countryCode">CA</span>
<span itemprop="applicationNumber">CA002082501A</span>
<a href="/patent/CA2082501A1/en"><span itemprop="documentId">patent/CA2082501A1/en</span></a>
<span itemprop="legalStatusCat">not_active</span>
<span itemprop="legalStatus">Abandoned</span>
</li>
<li itemprop="application" itemscope="" repeat="">
<span itemprop="filingDate">1991-04-19</span>
<span itemprop="countryCode">EP</span>
<span itemprop="applicationNumber">EP19910920946</span>
<a href="/patent/EP0527962A4/en"><span itemprop="documentId">patent/EP0527962A4/en</span></a>
<span itemprop="legalStatusCat">not_active</span>
<span itemprop="legalStatus">Withdrawn</span>
<span bool="" content="true" itemprop="thisApp"></span>
</li>
<li itemprop="application" itemscope="" repeat="">
<span itemprop="filingDate">1991-04-19</span>
<span itemprop="countryCode">WO</span>
<span itemprop="applicationNumber">PCT/US1991/002699</span>
<a href="/patent/WO1991016897A1/en"><span itemprop="documentId">patent/WO1991016897A1/en</span></a>
<span itemprop="legalStatusCat">not_active</span>
<span itemprop="legalStatus">Application Discontinuation</span>
</li>
<li itemprop="application" itemscope="" repeat="">
<span itemprop="filingDate">1991-04-19</span>
<span itemprop="countryCode">JP</span>
<span itemprop="applicationNumber">JP3508648A</span>
<a href="/patent/JPH06505958A/en"><span itemprop="documentId">patent/JPH06505958A/en</span></a>
<span itemprop="legalStatusCat">active</span>
<span itemprop="legalStatus">Pending</span>
</li>
</ul>
</li>
</ul>
</section>
<section>
<h2>Patent Citations (3)</h2>
<table>
<caption>* Cited by examiner, † Cited by third party</caption>
<thead>
<tr>
<th>Publication number</th>
<th>Priority date</th>
<th>Publication date</th>
<th>Assignee</th>
<th>Title</th>
</tr>
</thead>
<tbody>
<tr itemprop="backwardReferences" itemscope="" repeat="">
<td>
<a href="/patent/US3953429A/en">
<span itemprop="publicationNumber">US3953429A</span>
              (<span itemprop="primaryLanguage">en</span>)
            </a>
<span itemprop="examinerCited">*</span>
</td>
<td itemprop="priorityDate">1970-12-17</td>
<td itemprop="publicationDate">1976-04-27</td>
<td><span itemprop="assigneeOriginal">Glaxo Laboratories Limited</span></td>
<td itemprop="title">Anaesthetic steroids of the androstance and pregnane series 
       </td>
</tr>
<tr itemprop="backwardReferences" itemscope="" repeat="">
<td>
<a href="/patent/EP0030368A1/en">
<span itemprop="publicationNumber">EP0030368A1</span>
              (<span itemprop="primaryLanguage">en</span>)
            </a>
<span itemprop="examinerCited">*</span>
</td>
<td itemprop="priorityDate">1979-12-10</td>
<td itemprop="publicationDate">1981-06-17</td>
<td><span itemprop="assigneeOriginal">Schering Aktiengesellschaft</span></td>
<td itemprop="title">Process for the preparation of 11-keto steroids 
       </td>
</tr>
<tr itemprop="backwardReferences" itemscope="" repeat="">
<td>
<a href="/patent/WO1989002272A1/en">
<span itemprop="publicationNumber">WO1989002272A1</span>
              (<span itemprop="primaryLanguage">en</span>)
            </a>
<span itemprop="examinerCited">*</span>
</td>
<td itemprop="priorityDate">1987-08-25</td>
<td itemprop="publicationDate">1989-03-23</td>
<td><span itemprop="assigneeOriginal">Gee Kelvin W</span></td>
<td itemprop="title">Compositions and methods for alleviating stress, anxiety and seizure activity 
       </td>
</tr>
</tbody>
</table>
</section>
<section>
<h2>Non-Patent Citations (2)</h2>
<table>
<caption>* Cited by examiner, † Cited by third party</caption>
<thead>
<tr>
<th>Title</th>
</tr>
</thead>
<tbody>
<tr itemprop="detailedNonPatentLiterature" itemscope="" repeat="">
<td>
<span itemprop="title">See also references of <a href="/patent/WO1991016897A1#nplCitations">WO9116897A1</a></span>
<span itemprop="examinerCited">*</span>
</td>
</tr>
<tr itemprop="detailedNonPatentLiterature" itemscope="" repeat="">
<td>
<span itemprop="title">THE JOURNAL OF PHARMACOLOGY AND EXPERIMENTAL THERAPEUTICS vol. 246, no. 2, August 1988, pages 803 - 812 GEE, K.W. ET AL '<a href='http://scholar.google.com/scholar?q="STEROID+MODULATION+OF+THE+CHLORIDE+IONOPHORE+IN+RAT+BRAIN%3A+STRUCTURE-ACTIVITY+REQUIREMENTS%2C+REGIONAL+DEPENDENCE+AND+MECHANISM+OF+ACTION"'>STEROID MODULATION OF THE CHLORIDE IONOPHORE IN RAT BRAIN: STRUCTURE-ACTIVITY REQUIREMENTS, REGIONAL DEPENDENCE AND MECHANISM OF ACTION</a>'</span>
<span itemprop="examinerCited">*</span>
</td>
</tr>
</tbody>
</table>
</section>
<section>
<h2>Also Published As</h2>
<table>
<thead>
<tr>
<th>Publication number</th>
<th>Publication date</th>
</tr>
</thead>
<tbody>
<tr itemprop="docdbFamily" itemscope="" repeat="">
<td>
<a href="/patent/AU7771491A/en">
<span itemprop="publicationNumber">AU7771491A</span>
              (<span itemprop="primaryLanguage">en</span>)
            </a>
</td>
<td itemprop="publicationDate">1991-11-27</td>
</tr>
<tr itemprop="docdbFamily" itemscope="" repeat="">
<td>
<a href="/patent/CA2082501A1/en">
<span itemprop="publicationNumber">CA2082501A1</span>
              (<span itemprop="primaryLanguage">en</span>)
            </a>
</td>
<td itemprop="publicationDate">1991-11-11</td>
</tr>
<tr itemprop="docdbFamily" itemscope="" repeat="">
<td>
<a href="/patent/JPH06505958A/en">
<span itemprop="publicationNumber">JPH06505958A</span>
              (<span itemprop="primaryLanguage">en</span>)
            </a>
</td>
<td itemprop="publicationDate">1994-07-07</td>
</tr>
<tr itemprop="docdbFamily" itemscope="" repeat="">
<td>
<a href="/patent/US5120723A/en">
<span itemprop="publicationNumber">US5120723A</span>
              (<span itemprop="primaryLanguage">en</span>)
            </a>
</td>
<td itemprop="publicationDate">1992-06-09</td>
</tr>
<tr itemprop="docdbFamily" itemscope="" repeat="">
<td>
<a href="/patent/EP0527962A1/en">
<span itemprop="publicationNumber">EP0527962A1</span>
              (<span itemprop="primaryLanguage">en</span>)
            </a>
</td>
<td itemprop="publicationDate">1993-02-24</td>
</tr>
<tr itemprop="docdbFamily" itemscope="" repeat="">
<td>
<a href="/patent/WO1991016897A1/en">
<span itemprop="publicationNumber">WO1991016897A1</span>
              (<span itemprop="primaryLanguage">en</span>)
            </a>
</td>
<td itemprop="publicationDate">1991-11-14</td>
</tr>
</tbody>
</table>
</section>
<section>
<h2>Similar Documents</h2>
<table>
<thead>
<tr>
<th>Publication</th>
<th>Publication Date</th>
<th>Title</th>
</tr>
</thead>
<tbody>
<tr itemprop="similarDocuments" itemscope="" repeat="">
<td>
<meta content="true" itemprop="isPatent"/>
<a href="/patent/EP0527962A4/en">
<span itemprop="publicationNumber">EP0527962A4</span>
                (<span itemprop="primaryLanguage">en</span>)
              </a>
</td>
<td>
<time datetime="1993-10-20" itemprop="publicationDate">1993-10-20</time>
</td>
<td itemprop="title">Method, compositions, and compounds for modulating brain excitability 
       </td>
</tr>
<tr itemprop="similarDocuments" itemscope="" repeat="">
<td>
<meta content="true" itemprop="isPatent"/>
<a href="/patent/HU9300864D0/en">
<span itemprop="publicationNumber">HU9300864D0</span>
                (<span itemprop="primaryLanguage">en</span>)
              </a>
</td>
<td>
<time datetime="1993-07-28" itemprop="publicationDate">1993-07-28</time>
</td>
<td itemprop="title">Method for preparing bilogically active composition 
     </td>
</tr>
<tr itemprop="similarDocuments" itemscope="" repeat="">
<td>
<meta content="true" itemprop="isPatent"/>
<a href="/patent/IL101007A0/en">
<span itemprop="publicationNumber">IL101007A0</span>
                (<span itemprop="primaryLanguage">en</span>)
              </a>
</td>
<td>
<time datetime="1992-11-15" itemprop="publicationDate">1992-11-15</time>
</td>
<td itemprop="title">Compositions for preparing emulsions 
     </td>
</tr>
<tr itemprop="similarDocuments" itemscope="" repeat="">
<td>
<meta content="true" itemprop="isPatent"/>
<a href="/patent/HU9201975D0/en">
<span itemprop="publicationNumber">HU9201975D0</span>
                (<span itemprop="primaryLanguage">en</span>)
              </a>
</td>
<td>
<time datetime="1992-09-28" itemprop="publicationDate">1992-09-28</time>
</td>
<td itemprop="title">Method for preparing medical compositions 
     </td>
</tr>
<tr itemprop="similarDocuments" itemscope="" repeat="">
<td>
<meta content="true" itemprop="isPatent"/>
<a href="/patent/HU9202172D0/en">
<span itemprop="publicationNumber">HU9202172D0</span>
                (<span itemprop="primaryLanguage">en</span>)
              </a>
</td>
<td>
<time datetime="1992-10-28" itemprop="publicationDate">1992-10-28</time>
</td>
<td itemprop="title">New n-benzoyl-amino-acid derivatives, medical preparatives containing said compounds and method for producing them 
     </td>
</tr>
<tr itemprop="similarDocuments" itemscope="" repeat="">
<td>
<meta content="true" itemprop="isPatent"/>
<a href="/patent/SG55048A1/en">
<span itemprop="publicationNumber">SG55048A1</span>
                (<span itemprop="primaryLanguage">en</span>)
              </a>
</td>
<td>
<time datetime="1998-12-21" itemprop="publicationDate">1998-12-21</time>
</td>
<td itemprop="title">Process for preparing 2-para-dioxanones 
     </td>
</tr>
<tr itemprop="similarDocuments" itemscope="" repeat="">
<td>
<meta content="true" itemprop="isPatent"/>
<a href="/patent/HU912903D0/en">
<span itemprop="publicationNumber">HU912903D0</span>
                (<span itemprop="primaryLanguage">en</span>)
              </a>
</td>
<td>
<time datetime="1992-01-28" itemprop="publicationDate">1992-01-28</time>
</td>
<td itemprop="title">Method for producing azocyclic compounds 
     </td>
</tr>
<tr itemprop="similarDocuments" itemscope="" repeat="">
<td>
<meta content="true" itemprop="isPatent"/>
<a href="/patent/EP0448300A3/en">
<span itemprop="publicationNumber">EP0448300A3</span>
                (<span itemprop="primaryLanguage">en</span>)
              </a>
</td>
<td>
<time datetime="1991-12-27" itemprop="publicationDate">1991-12-27</time>
</td>
<td itemprop="title">Method and composition for coiontophoresis 
       </td>
</tr>
<tr itemprop="similarDocuments" itemscope="" repeat="">
<td>
<meta content="true" itemprop="isPatent"/>
<a href="/patent/HU912750D0/en">
<span itemprop="publicationNumber">HU912750D0</span>
                (<span itemprop="primaryLanguage">en</span>)
              </a>
</td>
<td>
<time datetime="1992-01-28" itemprop="publicationDate">1992-01-28</time>
</td>
<td itemprop="title">Amido-3-pyrazole derivatives and processes for producing said compounds and phrmaceutical preparatives containing them 
     </td>
</tr>
<tr itemprop="similarDocuments" itemscope="" repeat="">
<td>
<meta content="true" itemprop="isPatent"/>
<a href="/patent/ZA913779B/en">
<span itemprop="publicationNumber">ZA913779B</span>
                (<span itemprop="primaryLanguage">en</span>)
              </a>
</td>
<td>
<time datetime="1992-02-26" itemprop="publicationDate">1992-02-26</time>
</td>
<td itemprop="title">Method for synthesis 
     </td>
</tr>
<tr itemprop="similarDocuments" itemscope="" repeat="">
<td>
<meta content="true" itemprop="isPatent"/>
<a href="/patent/HU9301404D0/en">
<span itemprop="publicationNumber">HU9301404D0</span>
                (<span itemprop="primaryLanguage">en</span>)
              </a>
</td>
<td>
<time datetime="1993-09-28" itemprop="publicationDate">1993-09-28</time>
</td>
<td itemprop="title">Method for preparing medical preparatives 
     </td>
</tr>
<tr itemprop="similarDocuments" itemscope="" repeat="">
<td>
<meta content="true" itemprop="isPatent"/>
<a href="/patent/EP0448056A3/en">
<span itemprop="publicationNumber">EP0448056A3</span>
                (<span itemprop="primaryLanguage">en</span>)
              </a>
</td>
<td>
<time datetime="1992-04-01" itemprop="publicationDate">1992-04-01</time>
</td>
<td itemprop="title">Method for preparing sulfide phosphors 
       </td>
</tr>
<tr itemprop="similarDocuments" itemscope="" repeat="">
<td>
<meta content="true" itemprop="isPatent"/>
<a href="/patent/HU9202207D0/en">
<span itemprop="publicationNumber">HU9202207D0</span>
                (<span itemprop="primaryLanguage">en</span>)
              </a>
</td>
<td>
<time datetime="1992-12-28" itemprop="publicationDate">1992-12-28</time>
</td>
<td itemprop="title">Method for producing 1,4-bis (amino-hydroxi-alkyl-amino)-anthraquinone derivatives and medical preparatives containing these compounds and having protein-quinaze inhibiting effect 
     </td>
</tr>
<tr itemprop="similarDocuments" itemscope="" repeat="">
<td>
<meta content="true" itemprop="isPatent"/>
<a href="/patent/ZA931297B/en">
<span itemprop="publicationNumber">ZA931297B</span>
                (<span itemprop="primaryLanguage">en</span>)
              </a>
</td>
<td>
<time datetime="1994-06-27" itemprop="publicationDate">1994-06-27</time>
</td>
<td itemprop="title">Cytoprotective compositions and methods for preparing and using same 
     </td>
</tr>
<tr itemprop="similarDocuments" itemscope="" repeat="">
<td>
<meta content="true" itemprop="isPatent"/>
<a href="/patent/GB2271592B/en">
<span itemprop="publicationNumber">GB2271592B</span>
                (<span itemprop="primaryLanguage">en</span>)
              </a>
</td>
<td>
<time datetime="1994-11-16" itemprop="publicationDate">1994-11-16</time>
</td>
<td itemprop="title">Gel method for preventing water-influx 
       </td>
</tr>
<tr itemprop="similarDocuments" itemscope="" repeat="">
<td>
<meta content="true" itemprop="isPatent"/>
<a href="/patent/IL73825A0/en">
<span itemprop="publicationNumber">IL73825A0</span>
                (<span itemprop="primaryLanguage">en</span>)
              </a>
</td>
<td>
<time datetime="1985-03-31" itemprop="publicationDate">1985-03-31</time>
</td>
<td itemprop="title">Compositions containing an n,n&amp;#39;-alkylenediamide or and amidoalkylimidazole derivative and process for preparing the same 
     </td>
</tr>
<tr itemprop="similarDocuments" itemscope="" repeat="">
<td>
<meta content="true" itemprop="isPatent"/>
<a href="/patent/ZA938576B/en">
<span itemprop="publicationNumber">ZA938576B</span>
                (<span itemprop="primaryLanguage">en</span>)
              </a>
</td>
<td>
<time datetime="1995-01-17" itemprop="publicationDate">1995-01-17</time>
</td>
<td itemprop="title">Process for preparing 1,3-difluorobenzene 
     </td>
</tr>
<tr itemprop="similarDocuments" itemscope="" repeat="">
<td>
<meta content="true" itemprop="isPatent"/>
<a href="/patent/HUT65321A/en">
<span itemprop="publicationNumber">HUT65321A</span>
                (<span itemprop="primaryLanguage">en</span>)
              </a>
</td>
<td>
<time datetime="1994-05-02" itemprop="publicationDate">1994-05-02</time>
</td>
<td itemprop="title">Process for preparation of-n-acylated-p-phends 
     </td>
</tr>
<tr itemprop="similarDocuments" itemscope="" repeat="">
<td>
<meta content="true" itemprop="isPatent"/>
<a href="/patent/CZ70895A3/en">
<span itemprop="publicationNumber">CZ70895A3</span>
                (<span itemprop="primaryLanguage">en</span>)
              </a>
</td>
<td>
<time datetime="1995-11-15" itemprop="publicationDate">1995-11-15</time>
</td>
<td itemprop="title">Process for preparing substituted 5-formylimidazole compounds 
     </td>
</tr>
<tr itemprop="similarDocuments" itemscope="" repeat="">
<td>
<meta content="true" itemprop="isPatent"/>
<a href="/patent/PH29991A/en">
<span itemprop="publicationNumber">PH29991A</span>
                (<span itemprop="primaryLanguage">en</span>)
              </a>
</td>
<td>
<time datetime="1996-10-29" itemprop="publicationDate">1996-10-29</time>
</td>
<td itemprop="title">Method for the preparation of 9-amino-1,2,3,4-tetrahydro-acridine 
     </td>
</tr>
<tr itemprop="similarDocuments" itemscope="" repeat="">
<td>
<meta content="true" itemprop="isPatent"/>
<a href="/patent/EP0474016A3/en">
<span itemprop="publicationNumber">EP0474016A3</span>
                (<span itemprop="primaryLanguage">en</span>)
              </a>
</td>
<td>
<time datetime="1992-05-27" itemprop="publicationDate">1992-05-27</time>
</td>
<td itemprop="title">Method for the preparation of 2,3-dihydro-benzofuranes 
       </td>
</tr>
<tr itemprop="similarDocuments" itemscope="" repeat="">
<td>
<meta content="true" itemprop="isPatent"/>
<a href="/patent/EP0461597A3/en">
<span itemprop="publicationNumber">EP0461597A3</span>
                (<span itemprop="primaryLanguage">en</span>)
              </a>
</td>
<td>
<time datetime="1992-05-13" itemprop="publicationDate">1992-05-13</time>
</td>
<td itemprop="title">Method for preparing monohalogenosilanes 
       </td>
</tr>
<tr itemprop="similarDocuments" itemscope="" repeat="">
<td>
<meta content="true" itemprop="isPatent"/>
<a href="/patent/EP0568254A3/en">
<span itemprop="publicationNumber">EP0568254A3</span>
                (<span itemprop="primaryLanguage">en</span>)
              </a>
</td>
<td>
<time datetime="1994-06-08" itemprop="publicationDate">1994-06-08</time>
</td>
<td itemprop="title">Method for preparing 1,2-substituted imidazoline compositions 
       </td>
</tr>
<tr itemprop="similarDocuments" itemscope="" repeat="">
<td>
<meta content="true" itemprop="isPatent"/>
<a href="/patent/EP0577274A3/en">
<span itemprop="publicationNumber">EP0577274A3</span>
                (<span itemprop="primaryLanguage">en</span>)
              </a>
</td>
<td>
<time datetime="1994-05-25" itemprop="publicationDate">1994-05-25</time>
</td>
<td itemprop="title">Process for preparing taxane compounds 
       </td>
</tr>
<tr itemprop="similarDocuments" itemscope="" repeat="">
<td>
<meta content="true" itemprop="isPatent"/>
<a href="/patent/HU9300117D0/en">
<span itemprop="publicationNumber">HU9300117D0</span>
                (<span itemprop="primaryLanguage">en</span>)
              </a>
</td>
<td>
<time datetime="1993-04-28" itemprop="publicationDate">1993-04-28</time>
</td>
<td itemprop="title">Method for producing 1,4-benzo-diazepine derivatives 
     </td>
</tr>
</tbody>
</table>
</section>
<section>
<h2>Legal Events</h2>
<table>
<thead>
<tr>
<th>Date</th>
<th>Code</th>
<th>Title</th>
<th>Description</th>
</tr>
</thead>
<tbody>
<tr itemprop="legalEvents" itemscope="" repeat="">
<td><time datetime="1993-01-08" itemprop="date">1993-01-08</time></td>
<td itemprop="code">PUAI</td>
<td itemprop="title">Public reference made under article 153(3) epc to a published international application that has entered the european phase</td>
<td>
<p itemprop="attributes" itemscope="" repeat="">
<strong itemprop="label">Free format text</strong>:
              <span itemprop="value">ORIGINAL CODE: 0009012</span>
</p>
</td>
</tr>
<tr itemprop="legalEvents" itemscope="" repeat="">
<td><time datetime="1993-02-24" itemprop="date">1993-02-24</time></td>
<td itemprop="code">17P</td>
<td itemprop="title">Request for examination filed</td>
<td>
<p itemprop="attributes" itemscope="" repeat="">
<strong itemprop="label">Effective date</strong>:
              <span itemprop="value">19921105</span>
</p>
</td>
</tr>
<tr itemprop="legalEvents" itemscope="" repeat="">
<td><time datetime="1993-02-24" itemprop="date">1993-02-24</time></td>
<td itemprop="code">AK</td>
<td itemprop="title">Designated contracting states</td>
<td>
<p itemprop="attributes" itemscope="" repeat="">
<strong itemprop="label">Kind code of ref document</strong>:
              <span itemprop="value">A1</span>
</p>
<p itemprop="attributes" itemscope="" repeat="">
<strong itemprop="label">Designated state(s)</strong>:
              <span itemprop="value">AT BE CH DE DK ES FR GB GR IT LI LU NL SE</span>
</p>
</td>
</tr>
<tr itemprop="legalEvents" itemscope="" repeat="">
<td><time datetime="1993-09-29" itemprop="date">1993-09-29</time></td>
<td itemprop="code">RHK1</td>
<td itemprop="title">Main classification (correction)</td>
<td>
<p itemprop="attributes" itemscope="" repeat="">
<strong itemprop="label">Ipc</strong>:
              <span itemprop="value">A61K 31/57</span>
</p>
</td>
</tr>
<tr itemprop="legalEvents" itemscope="" repeat="">
<td><time datetime="1993-10-20" itemprop="date">1993-10-20</time></td>
<td itemprop="code">A4</td>
<td itemprop="title">Supplementary search report drawn up and despatched</td>
<td>
<p itemprop="attributes" itemscope="" repeat="">
<strong itemprop="label">Effective date</strong>:
              <span itemprop="value">19930827</span>
</p>
</td>
</tr>
<tr itemprop="legalEvents" itemscope="" repeat="">
<td><time datetime="1993-10-20" itemprop="date">1993-10-20</time></td>
<td itemprop="code">AK</td>
<td itemprop="title">Designated contracting states</td>
<td>
<p itemprop="attributes" itemscope="" repeat="">
<strong itemprop="label">Kind code of ref document</strong>:
              <span itemprop="value">A4</span>
</p>
<p itemprop="attributes" itemscope="" repeat="">
<strong itemprop="label">Designated state(s)</strong>:
              <span itemprop="value">AT BE CH DE DK ES FR GB GR IT LI LU NL SE</span>
</p>
</td>
</tr>
<tr itemprop="legalEvents" itemscope="" repeat="">
<td><time datetime="1996-04-26" itemprop="date">1996-04-26</time></td>
<td itemprop="code">STAA</td>
<td itemprop="title">Information on the status of an ep patent application or granted ep patent</td>
<td>
<p itemprop="attributes" itemscope="" repeat="">
<strong itemprop="label">Free format text</strong>:
              <span itemprop="value">STATUS: THE APPLICATION IS DEEMED TO BE WITHDRAWN</span>
</p>
</td>
</tr>
<tr itemprop="legalEvents" itemscope="" repeat="">
<td><time datetime="1996-06-12" itemprop="date">1996-06-12</time></td>
<td itemprop="code">18D</td>
<td itemprop="title">Application deemed to be withdrawn</td>
<td>
<p itemprop="attributes" itemscope="" repeat="">
<strong itemprop="label">Effective date</strong>:
              <span itemprop="value">19951101</span>
</p>
</td>
</tr>
</tbody>
</table>
</section>
</article>
</search-app>
<script></script>
<script src="//www.gstatic.com/feedback/api.js" type="text/javascript"></script>
<script src="//www.gstatic.com/feedback/js/help/prod/service/lazy.min.js" type="text/javascript"></script>
<script type="text/javascript">
      if (window.help && window.help.service) {
        helpApi = window.help.service.Lazy.create(0, {apiKey: 'AIzaSyDTEI_0tLX4varJ7bwK8aT-eOI5qr3BmyI', locale: 'en-US'});
        window.requestedSurveys = new Set();
        window.requestSurvey = function(triggerId) {
          if (window.requestedSurveys.has(triggerId)) {
            return;
          }
          window.requestedSurveys.add(triggerId);
          helpApi.requestSurvey({
            triggerId: triggerId,
            enableTestingMode: false,
            callback: (requestSurveyCallbackParam) => {
              if (!requestSurveyCallbackParam.surveyData) {
                return;
              }
              helpApi.presentSurvey({
                productData: {
                  productVersion: window.version,
                  customData: {
                    "experiments": "",
                  },
                },
                surveyData: requestSurveyCallbackParam.surveyData,
                colorScheme: 1,
                customZIndex: 10000,
              });
            }
          });
        };

        window.requestSurvey('YXTwAsvoW0kedxbuTdH0RArc9VhT');
      }
    </script>
<script src="/sw/null_loader.js"></script>
</body>
</html>

