https://patents.google.com/patent/EP0808325A4/en?oq=EP0808325A4:
<!DOCTYPE html>
<html lang="en">
<head>
<title>EP0808325A4 -  - Google Patents</title>
<meta content="width=device-width, initial-scale=1" name="viewport"/>
<meta charset="utf-8"/>
<meta content="origin-when-crossorigin" name="referrer"/>
<link href="https://patents.google.com/patent/EP0808325A4/en" rel="canonical"/>
<meta content="patent" name="DC.type"/>
<meta content="" name="DC.title"/>
<meta content="1995-11-22" name="DC.date" scheme="dateSubmitted"/>
<meta content="" name="DC.description"/>
<meta content="EP:95942879A" name="citation_patent_application_number"/>
<meta content="EP:0808325:A4" name="citation_patent_publication_number"/>
<meta content="1997-12-17" name="DC.date"/>
<meta content="US:3953429" name="DC.relation" scheme="references"/>
<meta content="WO:1993003732:A1" name="DC.relation" scheme="references"/>
<meta content="WO:1993005786:A1" name="DC.relation" scheme="references"/>
<meta content="WO:1994027608:A1" name="DC.relation" scheme="references"/>
<meta content='PHILLIPPS G H: "STRUCTURE-ACTIVITY RELATIONSHIPS IN STEROIDAL ANAESTHETICS", JOURNAL OF STEROID BIOCHEMISTRY, vol. 6, no. 5, May 1975 (1975-05-01), pages 607 - 613, XP000600716' name="citation_reference" scheme="references"/>
<meta content='PHILLIPPS G H: "STRUCTURE-ACTIVITY RELATIONSHIPS IN STEROIDAL ANAESTHETICS", NOL. MECH. GEN. ANAESTH. GLAXO SYMPOSIUM, 1 January 1974 (1974-01-01), pages 32 - 47, XP000600765' name="citation_reference" scheme="references"/>
<meta content='R. PURDY ET AL: "Synthesis, Metabolism and Pharmacological Activity of 3.alpha.-Hydroxy Steroids Which Potentiate GABA-Receptor Mediated Chloride Ion Uptake in Rat Cerebral Cortical Synaptoneurosomes", JOURNAL OF MEDICINAL CHEMISTRY., vol. 33, no. 6, June 1990 (1990-06-01), WASHINGTON US, pages 1572 - 1581, XP002044395' name="citation_reference" scheme="references"/>
<link href="https://fonts.googleapis.com/css?family=Roboto:400,400italic,500,500italic,700" rel="stylesheet"/>
<link href="https://fonts.googleapis.com/css?family=Product+Sans" rel="stylesheet"/>
<link href="https://fonts.googleapis.com/css2?family=Google+Sans:wght@400;500;700" rel="stylesheet"/>
<style>
      
      #gb { top: 15px; left: auto; right: 0; width: auto; min-width: 135px !important; }   
      body { transition: none; }
    </style>
<script></script>
<script>
      window.version = 'patent-search.search_20250707_RC00';

      function sendFeedback() {
        userfeedback.api.startFeedback({
          'productId': '713680',
          'bucket': 'patent-search-web',
          'productVersion': window.version,
        });
      }

      window.experiments = {};
      window.experiments.patentCountries = "ae,ag,al,am,ao,ap,ar,at,au,aw,az,ba,bb,bd,be,bf,bg,bh,bj,bn,bo,br,bw,bx,by,bz,ca,cf,cg,ch,ci,cl,cm,cn,co,cr,cs,cu,cy,cz,dd,de,dj,dk,dm,do,dz,ea,ec,ee,eg,em,ep,es,fi,fr,ga,gb,gc,gd,ge,gh,gm,gn,gq,gr,gt,gw,hk,hn,hr,hu,ib,id,ie,il,in,ir,is,it,jo,jp,ke,kg,kh,km,kn,kp,kr,kw,kz,la,lc,li,lk,lr,ls,lt,lu,lv,ly,ma,mc,md,me,mg,mk,ml,mn,mo,mr,mt,mw,mx,my,mz,na,ne,ng,ni,nl,no,nz,oa,om,pa,pe,pg,ph,pl,pt,py,qa,ro,rs,ru,rw,sa,sc,sd,se,sg,si,sk,sl,sm,sn,st,su,sv,sy,sz,td,tg,th,tj,tm,tn,tr,tt,tw,tz,ua,ug,us,uy,uz,vc,ve,vn,wo,yu,za,zm,zw";
      
      
      window.experiments.keywordWizard = true;
      
      
      
      window.experiments.definitions = true;
      window.experiments.plogs = true;

      window.Polymer = {
        dom: 'shady',
        lazyRegister: true,
      };
    </script>
<script src="//www.gstatic.com/patent-search/frontend/patent-search.search_20250707_RC00/scs/compiled_dir/webcomponentsjs/webcomponents-lite.min.js"></script>
<link href="//www.gstatic.com/patent-search/frontend/patent-search.search_20250707_RC00/scs/compiled_dir/search-app-vulcanized.html" rel="import"/>
</head>
<body unresolved="">
<script></script>
<script src="//www.gstatic.com/patent-search/frontend/patent-search.search_20250707_RC00/scs/compiled_dir/search-app-vulcanized.js"></script>
<search-app>
<article class="result" itemscope="" itemtype="http://schema.org/ScholarlyArticle">
<h1 itemprop="pageTitle">EP0808325A4 -  - Google Patents</h1>
<span itemprop="title"></span>
<meta content="patent" itemprop="type"/>
<h2>Info</h2>
<dl>
<dt>Publication number</dt>
<dd itemprop="publicationNumber">EP0808325A4</dd>
<meta content="0808325" itemprop="numberWithoutCodes"/>
<meta content="A4" itemprop="kindCode"/>
<meta content="Separately published supplemental search report" itemprop="publicationDescription"/>
<span>EP0808325A4</span>
<span>EP95942879A</span>
<span>EP95942879A</span>
<span>EP0808325A4</span>
<span>EP 0808325 A4</span>
<span>EP0808325 A4</span>
<span>EP 0808325A4</span>
<span>EP 95942879 A</span>
<span>EP95942879 A</span>
<span>EP 95942879A</span>
<span>EP 95942879 A</span>
<span>EP95942879 A</span>
<span>EP 95942879A</span>
<span>EP 0808325 A4</span>
<span>EP0808325 A4</span>
<span>EP 0808325A4</span>
<dt>Authority</dt>
<dd itemprop="countryCode">EP</dd>
<dd itemprop="countryName">European Patent Office</dd>
<dt>Legal status (The legal status is an assumption and is not a legal conclusion. Google has not performed a legal analysis and makes no representation as to the accuracy of the status listed.)</dt>
<dd itemprop="legalStatusIfi" itemscope="">
<span itemprop="status">Granted</span>
</dd>
</dl>
<dt>Application number</dt>
<dd itemprop="applicationNumber">EP95942879A</dd>
<dt>Other versions</dt>
<dd itemprop="directAssociations" itemscope="" repeat="">
<a href="/patent/EP0808325B1/en">
<span itemprop="publicationNumber">EP0808325B1</span>
      (<span itemprop="primaryLanguage">en</span>
</a>
</dd>
<dd itemprop="directAssociations" itemscope="" repeat="">
<a href="/patent/EP0808325A1/en">
<span itemprop="publicationNumber">EP0808325A1</span>
      (<span itemprop="primaryLanguage">en</span>
</a>
</dd>
<dt>Current Assignee (The listed assignees may be inaccurate. Google has not performed a legal analysis and makes no representation or warranty as to the accuracy of the list.)</dt>
<dd itemprop="assigneeCurrent" repeat="">
    Euro Celtique SA
  </dd>
<dt>Priority date (The priority date is an assumption and is not a legal conclusion. Google has not performed a legal analysis and makes no representation as to the accuracy of the date listed.)</dt>
<dd><time datetime="1994-11-23" itemprop="priorityDate">1994-11-23</time></dd>
<dt>Filing date</dt>
<dd><time datetime="1995-11-22" itemprop="filingDate">1995-11-22</time></dd>
<dt>Publication date</dt>
<dd><time datetime="1997-12-17" itemprop="publicationDate">1997-12-17</time></dd>
<dd itemprop="events" itemscope="" repeat="">
<time datetime="1995-11-22" itemprop="date">1995-11-22</time>
<span itemprop="title">Application filed</span>
<span itemprop="type">filed</span>
<span bool="" content="true" itemprop="critical">Critical</span>
</dd>
<dd itemprop="events" itemscope="" repeat="">
<time datetime="1997-11-26" itemprop="date">1997-11-26</time>
<span itemprop="title">Publication of EP0808325A1</span>
<span itemprop="type">publication</span>
<span bool="" content="true" itemprop="critical">Critical</span>
<span itemprop="documentId">patent/EP0808325A1/en</span>
</dd>
<dd itemprop="events" itemscope="" repeat="">
<time datetime="1997-12-17" itemprop="date">1997-12-17</time>
<span itemprop="title">Publication of EP0808325A4</span>
<span itemprop="type">publication</span>
<span bool="" content="true" itemprop="critical">Critical</span>
<span itemprop="documentId">patent/EP0808325A4/xx</span>
</dd>
<dd itemprop="events" itemscope="" repeat="">
<time datetime="2001-01-17" itemprop="date">2001-01-17</time>
<span itemprop="title">Application granted</span>
<span itemprop="type">granted</span>
<span bool="" content="true" itemprop="critical">Critical</span>
</dd>
<dd itemprop="events" itemscope="" repeat="">
<time datetime="2001-01-17" itemprop="date">2001-01-17</time>
<span itemprop="title">Publication of EP0808325B1</span>
<span itemprop="type">publication</span>
<span bool="" content="true" itemprop="critical">Critical</span>
<span itemprop="documentId">patent/EP0808325B1/en</span>
</dd>
<dd itemprop="events" itemscope="" repeat="">
<time datetime="2015-11-22" itemprop="date">2015-11-22</time>
<span itemprop="title">Anticipated expiration</span>
<span itemprop="type">legal-status</span>
<span bool="" content="true" itemprop="critical">Critical</span>
</dd>
<dd itemprop="events" itemscope="" repeat="">
<time itemprop="date">Status</time>
<span itemprop="title">Expired - Lifetime</span>
<span itemprop="type">legal-status</span>
<span bool="" content="true" itemprop="critical">Critical</span>
<span bool="" content="true" itemprop="current">Current</span>
</dd>
<h2>Links</h2>
<ul>
<li itemprop="links" itemscope="" repeat="">
<meta content="espacenetLink" itemprop="id"/>
<a href="https://worldwide.espacenet.com/publicationDetails/biblio?CC=EP&amp;NR=0808325A4&amp;KC=A4&amp;FT=D" itemprop="url" target="_blank"><span itemprop="text">Espacenet</span></a>
</li>
<li itemprop="links" itemscope="" repeat="">
<meta content="gpiLink" itemprop="id"/>
<a href="https://data.epo.org/gpi/EP0808325A4" itemprop="url" target="_blank"><span itemprop="text">EPO GPI</span></a>
</li>
<li itemprop="links" itemscope="" repeat="">
<meta content="epRegisterLink" itemprop="id"/>
<a href="https://register.epo.org/espacenet/application?number=EP95942879" itemprop="url" target="_blank"><span itemprop="text">EP Register</span></a>
</li>
<li itemprop="links" itemscope="" repeat="">
<meta content="globalDossierLink" itemprop="id"/>
<a href="https://globaldossier.uspto.gov/result/application/EP/95942879/1" itemprop="url" target="_blank"><span itemprop="text">Global Dossier</span></a>
</li>
<li itemprop="links" itemscope="" repeat="">
<meta content="stackexchangeLink" itemprop="id"/>
<a href="https://patents.stackexchange.com/questions/tagged/EP0808325A4" itemprop="url"><span itemprop="text">Discuss</span></a>
</li>
</ul>
<section>
<h2>Classifications</h2>
<ul>
<li>
<ul itemprop="classifications" itemscope="" repeat="">
<li itemprop="classifications" itemscope="" repeat="">
<span itemprop="Code">C</span>—<span itemprop="Description">CHEMISTRY; METALLURGY</span>
<meta content="true" itemprop="IsCPC"/>
</li>
<li itemprop="classifications" itemscope="" repeat="">
<span itemprop="Code">C07</span>—<span itemprop="Description">ORGANIC CHEMISTRY</span>
<meta content="true" itemprop="IsCPC"/>
</li>
<li itemprop="classifications" itemscope="" repeat="">
<span itemprop="Code">C07J</span>—<span itemprop="Description">STEROIDS</span>
<meta content="true" itemprop="IsCPC"/>
</li>
<li itemprop="classifications" itemscope="" repeat="">
<span itemprop="Code">C07J41/00</span>—<span itemprop="Description">Normal steroids containing one or more nitrogen atoms not belonging to a hetero ring</span>
<meta content="true" itemprop="IsCPC"/>
</li>
<li itemprop="classifications" itemscope="" repeat="">
<span itemprop="Code">C07J41/0033</span>—<span itemprop="Description">Normal steroids containing one or more nitrogen atoms not belonging to a hetero ring not covered by C07J41/0005</span>
<meta content="true" itemprop="IsCPC"/>
</li>
<li itemprop="classifications" itemscope="" repeat="">
<span itemprop="Code">C07J41/005</span>—<span itemprop="Description">Normal steroids containing one or more nitrogen atoms not belonging to a hetero ring not covered by C07J41/0005 the 17-beta position being substituted by an uninterrupted chain of only two carbon atoms, e.g. pregnane derivatives</span>
<meta content="true" itemprop="Leaf"/><meta content="true" itemprop="FirstCode"/><meta content="true" itemprop="IsCPC"/>
</li>
</ul>
</li>
<li>
<ul itemprop="classifications" itemscope="" repeat="">
<li itemprop="classifications" itemscope="" repeat="">
<span itemprop="Code">A</span>—<span itemprop="Description">HUMAN NECESSITIES</span>
<meta content="true" itemprop="IsCPC"/>
</li>
<li itemprop="classifications" itemscope="" repeat="">
<span itemprop="Code">A61</span>—<span itemprop="Description">MEDICAL OR VETERINARY SCIENCE; HYGIENE</span>
<meta content="true" itemprop="IsCPC"/>
</li>
<li itemprop="classifications" itemscope="" repeat="">
<span itemprop="Code">A61P</span>—<span itemprop="Description">SPECIFIC THERAPEUTIC ACTIVITY OF CHEMICAL COMPOUNDS OR MEDICINAL PREPARATIONS</span>
<meta content="true" itemprop="IsCPC"/>
</li>
<li itemprop="classifications" itemscope="" repeat="">
<span itemprop="Code">A61P23/00</span>—<span itemprop="Description">Anaesthetics</span>
<meta content="true" itemprop="Leaf"/><meta content="true" itemprop="IsCPC"/>
</li>
</ul>
</li>
<li>
<ul itemprop="classifications" itemscope="" repeat="">
<li itemprop="classifications" itemscope="" repeat="">
<span itemprop="Code">A</span>—<span itemprop="Description">HUMAN NECESSITIES</span>
<meta content="true" itemprop="IsCPC"/>
</li>
<li itemprop="classifications" itemscope="" repeat="">
<span itemprop="Code">A61</span>—<span itemprop="Description">MEDICAL OR VETERINARY SCIENCE; HYGIENE</span>
<meta content="true" itemprop="IsCPC"/>
</li>
<li itemprop="classifications" itemscope="" repeat="">
<span itemprop="Code">A61P</span>—<span itemprop="Description">SPECIFIC THERAPEUTIC ACTIVITY OF CHEMICAL COMPOUNDS OR MEDICINAL PREPARATIONS</span>
<meta content="true" itemprop="IsCPC"/>
</li>
<li itemprop="classifications" itemscope="" repeat="">
<span itemprop="Code">A61P25/00</span>—<span itemprop="Description">Drugs for disorders of the nervous system</span>
<meta content="true" itemprop="Leaf"/><meta content="true" itemprop="IsCPC"/>
</li>
</ul>
</li>
<li>
<ul itemprop="classifications" itemscope="" repeat="">
<li itemprop="classifications" itemscope="" repeat="">
<span itemprop="Code">A</span>—<span itemprop="Description">HUMAN NECESSITIES</span>
<meta content="true" itemprop="IsCPC"/>
</li>
<li itemprop="classifications" itemscope="" repeat="">
<span itemprop="Code">A61</span>—<span itemprop="Description">MEDICAL OR VETERINARY SCIENCE; HYGIENE</span>
<meta content="true" itemprop="IsCPC"/>
</li>
<li itemprop="classifications" itemscope="" repeat="">
<span itemprop="Code">A61P</span>—<span itemprop="Description">SPECIFIC THERAPEUTIC ACTIVITY OF CHEMICAL COMPOUNDS OR MEDICINAL PREPARATIONS</span>
<meta content="true" itemprop="IsCPC"/>
</li>
<li itemprop="classifications" itemscope="" repeat="">
<span itemprop="Code">A61P25/00</span>—<span itemprop="Description">Drugs for disorders of the nervous system</span>
<meta content="true" itemprop="IsCPC"/>
</li>
<li itemprop="classifications" itemscope="" repeat="">
<span itemprop="Code">A61P25/08</span>—<span itemprop="Description">Antiepileptics; Anticonvulsants</span>
<meta content="true" itemprop="Leaf"/><meta content="true" itemprop="IsCPC"/>
</li>
</ul>
</li>
<li>
<ul itemprop="classifications" itemscope="" repeat="">
<li itemprop="classifications" itemscope="" repeat="">
<span itemprop="Code">A</span>—<span itemprop="Description">HUMAN NECESSITIES</span>
<meta content="true" itemprop="IsCPC"/>
</li>
<li itemprop="classifications" itemscope="" repeat="">
<span itemprop="Code">A61</span>—<span itemprop="Description">MEDICAL OR VETERINARY SCIENCE; HYGIENE</span>
<meta content="true" itemprop="IsCPC"/>
</li>
<li itemprop="classifications" itemscope="" repeat="">
<span itemprop="Code">A61P</span>—<span itemprop="Description">SPECIFIC THERAPEUTIC ACTIVITY OF CHEMICAL COMPOUNDS OR MEDICINAL PREPARATIONS</span>
<meta content="true" itemprop="IsCPC"/>
</li>
<li itemprop="classifications" itemscope="" repeat="">
<span itemprop="Code">A61P25/00</span>—<span itemprop="Description">Drugs for disorders of the nervous system</span>
<meta content="true" itemprop="IsCPC"/>
</li>
<li itemprop="classifications" itemscope="" repeat="">
<span itemprop="Code">A61P25/08</span>—<span itemprop="Description">Antiepileptics; Anticonvulsants</span>
<meta content="true" itemprop="IsCPC"/>
</li>
<li itemprop="classifications" itemscope="" repeat="">
<span itemprop="Code">A61P25/12</span>—<span itemprop="Description">Antiepileptics; Anticonvulsants for grand-mal</span>
<meta content="true" itemprop="Leaf"/><meta content="true" itemprop="IsCPC"/>
</li>
</ul>
</li>
<li>
<ul itemprop="classifications" itemscope="" repeat="">
<li itemprop="classifications" itemscope="" repeat="">
<span itemprop="Code">A</span>—<span itemprop="Description">HUMAN NECESSITIES</span>
<meta content="true" itemprop="IsCPC"/>
</li>
<li itemprop="classifications" itemscope="" repeat="">
<span itemprop="Code">A61</span>—<span itemprop="Description">MEDICAL OR VETERINARY SCIENCE; HYGIENE</span>
<meta content="true" itemprop="IsCPC"/>
</li>
<li itemprop="classifications" itemscope="" repeat="">
<span itemprop="Code">A61P</span>—<span itemprop="Description">SPECIFIC THERAPEUTIC ACTIVITY OF CHEMICAL COMPOUNDS OR MEDICINAL PREPARATIONS</span>
<meta content="true" itemprop="IsCPC"/>
</li>
<li itemprop="classifications" itemscope="" repeat="">
<span itemprop="Code">A61P25/00</span>—<span itemprop="Description">Drugs for disorders of the nervous system</span>
<meta content="true" itemprop="IsCPC"/>
</li>
<li itemprop="classifications" itemscope="" repeat="">
<span itemprop="Code">A61P25/22</span>—<span itemprop="Description">Anxiolytics</span>
<meta content="true" itemprop="Leaf"/><meta content="true" itemprop="IsCPC"/>
</li>
</ul>
</li>
<li>
<ul itemprop="classifications" itemscope="" repeat="">
<li itemprop="classifications" itemscope="" repeat="">
<span itemprop="Code">A</span>—<span itemprop="Description">HUMAN NECESSITIES</span>
<meta content="true" itemprop="IsCPC"/>
</li>
<li itemprop="classifications" itemscope="" repeat="">
<span itemprop="Code">A61</span>—<span itemprop="Description">MEDICAL OR VETERINARY SCIENCE; HYGIENE</span>
<meta content="true" itemprop="IsCPC"/>
</li>
<li itemprop="classifications" itemscope="" repeat="">
<span itemprop="Code">A61P</span>—<span itemprop="Description">SPECIFIC THERAPEUTIC ACTIVITY OF CHEMICAL COMPOUNDS OR MEDICINAL PREPARATIONS</span>
<meta content="true" itemprop="IsCPC"/>
</li>
<li itemprop="classifications" itemscope="" repeat="">
<span itemprop="Code">A61P25/00</span>—<span itemprop="Description">Drugs for disorders of the nervous system</span>
<meta content="true" itemprop="IsCPC"/>
</li>
<li itemprop="classifications" itemscope="" repeat="">
<span itemprop="Code">A61P25/24</span>—<span itemprop="Description">Antidepressants</span>
<meta content="true" itemprop="Leaf"/><meta content="true" itemprop="IsCPC"/>
</li>
</ul>
</li>
<li>
<ul itemprop="classifications" itemscope="" repeat="">
<li itemprop="classifications" itemscope="" repeat="">
<span itemprop="Code">C</span>—<span itemprop="Description">CHEMISTRY; METALLURGY</span>
<meta content="true" itemprop="IsCPC"/>
</li>
<li itemprop="classifications" itemscope="" repeat="">
<span itemprop="Code">C07</span>—<span itemprop="Description">ORGANIC CHEMISTRY</span>
<meta content="true" itemprop="IsCPC"/>
</li>
<li itemprop="classifications" itemscope="" repeat="">
<span itemprop="Code">C07J</span>—<span itemprop="Description">STEROIDS</span>
<meta content="true" itemprop="IsCPC"/>
</li>
<li itemprop="classifications" itemscope="" repeat="">
<span itemprop="Code">C07J5/00</span>—<span itemprop="Description">Normal steroids containing carbon, hydrogen, halogen or oxygen, substituted in position 17 beta by a chain of two carbon atoms, e.g. pregnane and substituted in position 21 by only one singly bound oxygen atom, i.e. only one oxygen bound to position 21 by a single bond</span>
<meta content="true" itemprop="IsCPC"/>
</li>
<li itemprop="classifications" itemscope="" repeat="">
<span itemprop="Code">C07J5/0007</span>—<span itemprop="Description">Normal steroids containing carbon, hydrogen, halogen or oxygen, substituted in position 17 beta by a chain of two carbon atoms, e.g. pregnane and substituted in position 21 by only one singly bound oxygen atom, i.e. only one oxygen bound to position 21 by a single bond not substituted in position 17 alfa</span>
<meta content="true" itemprop="IsCPC"/>
</li>
<li itemprop="classifications" itemscope="" repeat="">
<span itemprop="Code">C07J5/0015</span>—<span itemprop="Description">Normal steroids containing carbon, hydrogen, halogen or oxygen, substituted in position 17 beta by a chain of two carbon atoms, e.g. pregnane and substituted in position 21 by only one singly bound oxygen atom, i.e. only one oxygen bound to position 21 by a single bond not substituted in position 17 alfa not substituted in position 16</span>
<meta content="true" itemprop="Leaf"/><meta content="true" itemprop="IsCPC"/>
</li>
</ul>
</li>
<li>
<ul itemprop="classifications" itemscope="" repeat="">
<li itemprop="classifications" itemscope="" repeat="">
<span itemprop="Code">C</span>—<span itemprop="Description">CHEMISTRY; METALLURGY</span>
<meta content="true" itemprop="IsCPC"/>
</li>
<li itemprop="classifications" itemscope="" repeat="">
<span itemprop="Code">C07</span>—<span itemprop="Description">ORGANIC CHEMISTRY</span>
<meta content="true" itemprop="IsCPC"/>
</li>
<li itemprop="classifications" itemscope="" repeat="">
<span itemprop="Code">C07J</span>—<span itemprop="Description">STEROIDS</span>
<meta content="true" itemprop="IsCPC"/>
</li>
<li itemprop="classifications" itemscope="" repeat="">
<span itemprop="Code">C07J7/00</span>—<span itemprop="Description">Normal steroids containing carbon, hydrogen, halogen or oxygen substituted in position 17 beta by a chain of two carbon atoms</span>
<meta content="true" itemprop="IsCPC"/>
</li>
<li itemprop="classifications" itemscope="" repeat="">
<span itemprop="Code">C07J7/0005</span>—<span itemprop="Description">Normal steroids containing carbon, hydrogen, halogen or oxygen substituted in position 17 beta by a chain of two carbon atoms not substituted in position 21</span>
<meta content="true" itemprop="IsCPC"/>
</li>
<li itemprop="classifications" itemscope="" repeat="">
<span itemprop="Code">C07J7/001</span>—<span itemprop="Description">Normal steroids containing carbon, hydrogen, halogen or oxygen substituted in position 17 beta by a chain of two carbon atoms not substituted in position 21 substituted in position 20 by a keto group</span>
<meta content="true" itemprop="IsCPC"/>
</li>
<li itemprop="classifications" itemscope="" repeat="">
<span itemprop="Code">C07J7/0015</span>—<span itemprop="Description">Normal steroids containing carbon, hydrogen, halogen or oxygen substituted in position 17 beta by a chain of two carbon atoms not substituted in position 21 substituted in position 20 by a keto group not substituted in position 17 alfa</span>
<meta content="true" itemprop="IsCPC"/>
</li>
<li itemprop="classifications" itemscope="" repeat="">
<span itemprop="Code">C07J7/002</span>—<span itemprop="Description">Normal steroids containing carbon, hydrogen, halogen or oxygen substituted in position 17 beta by a chain of two carbon atoms not substituted in position 21 substituted in position 20 by a keto group not substituted in position 17 alfa not substituted in position 16</span>
<meta content="true" itemprop="Leaf"/><meta content="true" itemprop="IsCPC"/>
</li>
</ul>
</li>
<li>
<ul itemprop="classifications" itemscope="" repeat="">
<li itemprop="classifications" itemscope="" repeat="">
<span itemprop="Code">C</span>—<span itemprop="Description">CHEMISTRY; METALLURGY</span>
<meta content="true" itemprop="IsCPC"/>
</li>
<li itemprop="classifications" itemscope="" repeat="">
<span itemprop="Code">C07</span>—<span itemprop="Description">ORGANIC CHEMISTRY</span>
<meta content="true" itemprop="IsCPC"/>
</li>
<li itemprop="classifications" itemscope="" repeat="">
<span itemprop="Code">C07J</span>—<span itemprop="Description">STEROIDS</span>
<meta content="true" itemprop="IsCPC"/>
</li>
<li itemprop="classifications" itemscope="" repeat="">
<span itemprop="Code">C07J7/00</span>—<span itemprop="Description">Normal steroids containing carbon, hydrogen, halogen or oxygen substituted in position 17 beta by a chain of two carbon atoms</span>
<meta content="true" itemprop="IsCPC"/>
</li>
<li itemprop="classifications" itemscope="" repeat="">
<span itemprop="Code">C07J7/0005</span>—<span itemprop="Description">Normal steroids containing carbon, hydrogen, halogen or oxygen substituted in position 17 beta by a chain of two carbon atoms not substituted in position 21</span>
<meta content="true" itemprop="IsCPC"/>
</li>
<li itemprop="classifications" itemscope="" repeat="">
<span itemprop="Code">C07J7/0065</span>—<span itemprop="Description">Normal steroids containing carbon, hydrogen, halogen or oxygen substituted in position 17 beta by a chain of two carbon atoms not substituted in position 21 substituted in position 20 by an OH group free esterified or etherified</span>
<meta content="true" itemprop="IsCPC"/>
</li>
<li itemprop="classifications" itemscope="" repeat="">
<span itemprop="Code">C07J7/007</span>—<span itemprop="Description">Normal steroids containing carbon, hydrogen, halogen or oxygen substituted in position 17 beta by a chain of two carbon atoms not substituted in position 21 substituted in position 20 by an OH group free esterified or etherified not substituted in position 17 alfa</span>
<meta content="true" itemprop="Leaf"/><meta content="true" itemprop="IsCPC"/>
</li>
</ul>
</li>
<li>
<ul itemprop="classifications" itemscope="" repeat="">
<li itemprop="classifications" itemscope="" repeat="">
<span itemprop="Code">C</span>—<span itemprop="Description">CHEMISTRY; METALLURGY</span>
<meta content="true" itemprop="IsCPC"/>
</li>
<li itemprop="classifications" itemscope="" repeat="">
<span itemprop="Code">C07</span>—<span itemprop="Description">ORGANIC CHEMISTRY</span>
<meta content="true" itemprop="IsCPC"/>
</li>
<li itemprop="classifications" itemscope="" repeat="">
<span itemprop="Code">C07J</span>—<span itemprop="Description">STEROIDS</span>
<meta content="true" itemprop="IsCPC"/>
</li>
<li itemprop="classifications" itemscope="" repeat="">
<span itemprop="Code">C07J9/00</span>—<span itemprop="Description">Normal steroids containing carbon, hydrogen, halogen or oxygen substituted in position 17 beta by a chain of more than two carbon atoms, e.g. cholane, cholestane, coprostane</span>
<meta content="true" itemprop="Leaf"/><meta content="true" itemprop="IsCPC"/>
</li>
</ul>
</li>
</ul>
</section>
<section>
<h2>Landscapes</h2>
<ul>
<li itemprop="landscapes" itemscope="" repeat="">
<span itemprop="name">Health &amp; Medical Sciences</span>
        (<span itemprop="type">AREA</span>)
      </li>
<li itemprop="landscapes" itemscope="" repeat="">
<span itemprop="name">Chemical &amp; Material Sciences</span>
        (<span itemprop="type">AREA</span>)
      </li>
<li itemprop="landscapes" itemscope="" repeat="">
<span itemprop="name">Organic Chemistry</span>
        (<span itemprop="type">AREA</span>)
      </li>
<li itemprop="landscapes" itemscope="" repeat="">
<span itemprop="name">General Health &amp; Medical Sciences</span>
        (<span itemprop="type">AREA</span>)
      </li>
<li itemprop="landscapes" itemscope="" repeat="">
<span itemprop="name">Veterinary Medicine</span>
        (<span itemprop="type">AREA</span>)
      </li>
<li itemprop="landscapes" itemscope="" repeat="">
<span itemprop="name">Pharmacology &amp; Pharmacy</span>
        (<span itemprop="type">AREA</span>)
      </li>
<li itemprop="landscapes" itemscope="" repeat="">
<span itemprop="name">Public Health</span>
        (<span itemprop="type">AREA</span>)
      </li>
<li itemprop="landscapes" itemscope="" repeat="">
<span itemprop="name">Animal Behavior &amp; Ethology</span>
        (<span itemprop="type">AREA</span>)
      </li>
<li itemprop="landscapes" itemscope="" repeat="">
<span itemprop="name">Chemical Kinetics &amp; Catalysis</span>
        (<span itemprop="type">AREA</span>)
      </li>
<li itemprop="landscapes" itemscope="" repeat="">
<span itemprop="name">General Chemical &amp; Material Sciences</span>
        (<span itemprop="type">AREA</span>)
      </li>
<li itemprop="landscapes" itemscope="" repeat="">
<span itemprop="name">Medicinal Chemistry</span>
        (<span itemprop="type">AREA</span>)
      </li>
<li itemprop="landscapes" itemscope="" repeat="">
<span itemprop="name">Nuclear Medicine, Radiotherapy &amp; Molecular Imaging</span>
        (<span itemprop="type">AREA</span>)
      </li>
<li itemprop="landscapes" itemscope="" repeat="">
<span itemprop="name">Life Sciences &amp; Earth Sciences</span>
        (<span itemprop="type">AREA</span>)
      </li>
<li itemprop="landscapes" itemscope="" repeat="">
<span itemprop="name">Neurology</span>
        (<span itemprop="type">AREA</span>)
      </li>
<li itemprop="landscapes" itemscope="" repeat="">
<span itemprop="name">Bioinformatics &amp; Cheminformatics</span>
        (<span itemprop="type">AREA</span>)
      </li>
<li itemprop="landscapes" itemscope="" repeat="">
<span itemprop="name">Biomedical Technology</span>
        (<span itemprop="type">AREA</span>)
      </li>
<li itemprop="landscapes" itemscope="" repeat="">
<span itemprop="name">Engineering &amp; Computer Science</span>
        (<span itemprop="type">AREA</span>)
      </li>
<li itemprop="landscapes" itemscope="" repeat="">
<span itemprop="name">Neurosurgery</span>
        (<span itemprop="type">AREA</span>)
      </li>
<li itemprop="landscapes" itemscope="" repeat="">
<span itemprop="name">Pain &amp; Pain Management</span>
        (<span itemprop="type">AREA</span>)
      </li>
<li itemprop="landscapes" itemscope="" repeat="">
<span itemprop="name">Psychiatry</span>
        (<span itemprop="type">AREA</span>)
      </li>
<li itemprop="landscapes" itemscope="" repeat="">
<span itemprop="name">Anesthesiology</span>
        (<span itemprop="type">AREA</span>)
      </li>
<li itemprop="landscapes" itemscope="" repeat="">
<span itemprop="name">Steroid Compounds</span>
        (<span itemprop="type">AREA</span>)
      </li>
<li itemprop="landscapes" itemscope="" repeat="">
<span itemprop="name">Pharmaceuticals Containing Other Organic And Inorganic Compounds</span>
        (<span itemprop="type">AREA</span>)
      </li>
<li itemprop="landscapes" itemscope="" repeat="">
<span itemprop="name">Acyclic And Carbocyclic Compounds In Medicinal Compositions</span>
        (<span itemprop="type">AREA</span>)
      </li>
</ul>
</section>
<section itemprop="application" itemscope="">
<section itemprop="metadata" itemscope="">
<span itemprop="applicationNumber">EP95942879A</span>
<span itemprop="priorityDate">1994-11-23</span>
<span itemprop="filingDate">1995-11-22</span>
<span itemprop="title">Androstane and pregnane series for allosteric modulation of gaba receptor 
       </span>
<span itemprop="ifiStatus">Expired - Lifetime</span>
<a href="/patent/EP0808325B1/en">
<span itemprop="representativePublication">EP0808325B1</span>
        (<span itemprop="primaryLanguage">en</span>)
      </a>
</section>
<h2>Applications Claiming Priority (3)</h2>
<table>
<thead>
<tr>
<th>Application Number</th>
<th>Priority Date</th>
<th>Filing Date</th>
<th>Title</th>
</tr>
</thead>
<tbody>
<tr itemprop="appsClaimingPriority" itemscope="" repeat="">
<td>
<span itemprop="applicationNumber">US34692694A</span>
</td>
<td itemprop="priorityDate">1994-11-23</td>
<td itemprop="filingDate">1994-11-23</td>
<td itemprop="title"></td>
</tr>
<tr itemprop="appsClaimingPriority" itemscope="" repeat="">
<td>
<span itemprop="applicationNumber">US346926</span>
</td>
<td itemprop="priorityDate"></td>
<td itemprop="filingDate">1994-11-23</td>
<td itemprop="title"></td>
</tr>
<tr itemprop="appsClaimingPriority" itemscope="" repeat="">
<td>
<span itemprop="applicationNumber">PCT/US1995/015210</span>
<a href="/patent/WO1996016076A1/en">
<span itemprop="representativePublication">WO1996016076A1</span>
                (<span itemprop="primaryLanguage">en</span>)
            </a>
</td>
<td itemprop="priorityDate">1994-11-23</td>
<td itemprop="filingDate">1995-11-22</td>
<td itemprop="title">Androstane and pregnane series for allosteric modulation of gaba receptor 
       </td>
</tr>
</tbody>
</table>
<h2>Publications (3)</h2>
<table>
<thead>
<tr>
<th>Publication Number</th>
<th>Publication Date</th>
</tr>
</thead>
<tbody>
<tr itemprop="pubs" itemscope="" repeat="">
<td>
<span itemprop="publicationNumber">EP0808325A1</span>
<a href="/patent/EP0808325A1/en">
              EP0808325A1
              (<span itemprop="primaryLanguage">en</span>)
            </a>
</td>
<td itemprop="publicationDate">1997-11-26</td>
</tr>
<tr itemprop="pubs" itemscope="" repeat="">
<td>
<span itemprop="publicationNumber">EP0808325A4</span>
<span itemprop="thisPatent">true</span>
<a href="/patent/EP0808325A4/en">
              EP0808325A4
              (<span itemprop="primaryLanguage">en</span>)
            </a>
</td>
<td itemprop="publicationDate">1997-12-17</td>
</tr>
<tr itemprop="pubs" itemscope="" repeat="">
<td>
<span itemprop="publicationNumber">EP0808325B1</span>
<a href="/patent/EP0808325B1/en">
              EP0808325B1
              (<span itemprop="primaryLanguage">en</span>)
            </a>
</td>
<td itemprop="publicationDate">2001-01-17</td>
</tr>
</tbody>
</table>
</section>
<section itemprop="family" itemscope="">
<h1>Family</h1>
<h2>ID=23361616</h2>
<h2>Family Applications (1)</h2>
<table>
<thead>
<tr>
<th>Application Number</th>
<th>Title</th>
<th>Priority Date</th>
<th>Filing Date</th>
</tr>
</thead>
<tbody>
<tr itemprop="applications" itemscope="" repeat="">
<td>
<span itemprop="applicationNumber">EP95942879A</span>
<span itemprop="ifiStatus">Expired - Lifetime</span>
<a href="/patent/EP0808325B1/en">
<span itemprop="representativePublication">EP0808325B1</span>
                (<span itemprop="primaryLanguage">en</span>)
            </a>
</td>
<td itemprop="priorityDate">1994-11-23</td>
<td itemprop="filingDate">1995-11-22</td>
<td itemprop="title">Androstane and pregnane series for allosteric modulation of gaba receptor 
       </td>
</tr>
</tbody>
</table>
<h2>Country Status (27)</h2>
<table>
<thead>
<tr>
<th>Country</th>
<th>Link</th>
</tr>
</thead>
<tbody>
<tr itemprop="countryStatus" itemscope="" repeat="">
<td>
<span itemprop="countryCode">EP</span>
            (<span itemprop="num">1</span>)
            <meta content="true" itemprop="thisCountry"/>
</td>
<td>
<a href="/patent/EP0808325B1/en">
<span itemprop="representativePublication">EP0808325B1</span>
              (<span itemprop="primaryLanguage">en</span>)
            </a>
</td>
</tr>
<tr itemprop="countryStatus" itemscope="" repeat="">
<td>
<span itemprop="countryCode">JP</span>
            (<span itemprop="num">1</span>)
            
          </td>
<td>
<a href="/patent/JPH10509458A/en">
<span itemprop="representativePublication">JPH10509458A</span>
              (<span itemprop="primaryLanguage">en</span>)
            </a>
</td>
</tr>
<tr itemprop="countryStatus" itemscope="" repeat="">
<td>
<span itemprop="countryCode">KR</span>
            (<span itemprop="num">1</span>)
            
          </td>
<td>
<a href="/patent/KR100394548B1/en">
<span itemprop="representativePublication">KR100394548B1</span>
              (<span itemprop="primaryLanguage">en</span>)
            </a>
</td>
</tr>
<tr itemprop="countryStatus" itemscope="" repeat="">
<td>
<span itemprop="countryCode">CN</span>
            (<span itemprop="num">1</span>)
            
          </td>
<td>
<a href="/patent/CN1171114A/en">
<span itemprop="representativePublication">CN1171114A</span>
              (<span itemprop="primaryLanguage">en</span>)
            </a>
</td>
</tr>
<tr itemprop="countryStatus" itemscope="" repeat="">
<td>
<span itemprop="countryCode">AP</span>
            (<span itemprop="num">1</span>)
            
          </td>
<td>
<a href="/patent/AP653A/en">
<span itemprop="representativePublication">AP653A</span>
              (<span itemprop="primaryLanguage">en</span>)
            </a>
</td>
</tr>
<tr itemprop="countryStatus" itemscope="" repeat="">
<td>
<span itemprop="countryCode">AT</span>
            (<span itemprop="num">1</span>)
            
          </td>
<td>
<a href="/patent/ATE198753T1/en">
<span itemprop="representativePublication">ATE198753T1</span>
              (<span itemprop="primaryLanguage">en</span>)
            </a>
</td>
</tr>
<tr itemprop="countryStatus" itemscope="" repeat="">
<td>
<span itemprop="countryCode">AU</span>
            (<span itemprop="num">1</span>)
            
          </td>
<td>
<a href="/patent/AU707486B2/en">
<span itemprop="representativePublication">AU707486B2</span>
              (<span itemprop="primaryLanguage">en</span>)
            </a>
</td>
</tr>
<tr itemprop="countryStatus" itemscope="" repeat="">
<td>
<span itemprop="countryCode">BR</span>
            (<span itemprop="num">1</span>)
            
          </td>
<td>
<a href="/patent/BR9509764A/en">
<span itemprop="representativePublication">BR9509764A</span>
              (<span itemprop="primaryLanguage">en</span>)
            </a>
</td>
</tr>
<tr itemprop="countryStatus" itemscope="" repeat="">
<td>
<span itemprop="countryCode">CA</span>
            (<span itemprop="num">1</span>)
            
          </td>
<td>
<a href="/patent/CA2205919A1/en">
<span itemprop="representativePublication">CA2205919A1</span>
              (<span itemprop="primaryLanguage">en</span>)
            </a>
</td>
</tr>
<tr itemprop="countryStatus" itemscope="" repeat="">
<td>
<span itemprop="countryCode">CZ</span>
            (<span itemprop="num">1</span>)
            
          </td>
<td>
<a href="/patent/CZ292881B6/en">
<span itemprop="representativePublication">CZ292881B6</span>
              (<span itemprop="primaryLanguage">en</span>)
            </a>
</td>
</tr>
<tr itemprop="countryStatus" itemscope="" repeat="">
<td>
<span itemprop="countryCode">DE</span>
            (<span itemprop="num">1</span>)
            
          </td>
<td>
<a href="/patent/DE69519945T2/en">
<span itemprop="representativePublication">DE69519945T2</span>
              (<span itemprop="primaryLanguage">en</span>)
            </a>
</td>
</tr>
<tr itemprop="countryStatus" itemscope="" repeat="">
<td>
<span itemprop="countryCode">DK</span>
            (<span itemprop="num">1</span>)
            
          </td>
<td>
<a href="/patent/DK0808325T3/en">
<span itemprop="representativePublication">DK0808325T3</span>
              (<span itemprop="primaryLanguage">en</span>)
            </a>
</td>
</tr>
<tr itemprop="countryStatus" itemscope="" repeat="">
<td>
<span itemprop="countryCode">ES</span>
            (<span itemprop="num">1</span>)
            
          </td>
<td>
<a href="/patent/ES2155543T3/en">
<span itemprop="representativePublication">ES2155543T3</span>
              (<span itemprop="primaryLanguage">en</span>)
            </a>
</td>
</tr>
<tr itemprop="countryStatus" itemscope="" repeat="">
<td>
<span itemprop="countryCode">FI</span>
            (<span itemprop="num">1</span>)
            
          </td>
<td>
<a href="/patent/FI972202A7/en">
<span itemprop="representativePublication">FI972202A7</span>
              (<span itemprop="primaryLanguage">en</span>)
            </a>
</td>
</tr>
<tr itemprop="countryStatus" itemscope="" repeat="">
<td>
<span itemprop="countryCode">GE</span>
            (<span itemprop="num">1</span>)
            
          </td>
<td>
<a href="/patent/GEP20002033B/en">
<span itemprop="representativePublication">GEP20002033B</span>
              (<span itemprop="primaryLanguage">en</span>)
            </a>
</td>
</tr>
<tr itemprop="countryStatus" itemscope="" repeat="">
<td>
<span itemprop="countryCode">GR</span>
            (<span itemprop="num">1</span>)
            
          </td>
<td>
<a href="/patent/GR3035562T3/en">
<span itemprop="representativePublication">GR3035562T3</span>
              (<span itemprop="primaryLanguage">en</span>)
            </a>
</td>
</tr>
<tr itemprop="countryStatus" itemscope="" repeat="">
<td>
<span itemprop="countryCode">HU</span>
            (<span itemprop="num">1</span>)
            
          </td>
<td>
<a href="/patent/HUT77087A/en">
<span itemprop="representativePublication">HUT77087A</span>
              (<span itemprop="primaryLanguage">en</span>)
            </a>
</td>
</tr>
<tr itemprop="countryStatus" itemscope="" repeat="">
<td>
<span itemprop="countryCode">IL</span>
            (<span itemprop="num">1</span>)
            
          </td>
<td>
<a href="/patent/IL116108A/en">
<span itemprop="representativePublication">IL116108A</span>
              (<span itemprop="primaryLanguage">en</span>)
            </a>
</td>
</tr>
<tr itemprop="countryStatus" itemscope="" repeat="">
<td>
<span itemprop="countryCode">IS</span>
            (<span itemprop="num">1</span>)
            
          </td>
<td>
<a href="/patent/IS4488A/en">
<span itemprop="representativePublication">IS4488A</span>
              (<span itemprop="primaryLanguage">en</span>)
            </a>
</td>
</tr>
<tr itemprop="countryStatus" itemscope="" repeat="">
<td>
<span itemprop="countryCode">MX</span>
            (<span itemprop="num">1</span>)
            
          </td>
<td>
<a href="/patent/MX9703826A/en">
<span itemprop="representativePublication">MX9703826A</span>
              (<span itemprop="primaryLanguage">en</span>)
            </a>
</td>
</tr>
<tr itemprop="countryStatus" itemscope="" repeat="">
<td>
<span itemprop="countryCode">NO</span>
            (<span itemprop="num">1</span>)
            
          </td>
<td>
<a href="/patent/NO308950B1/en">
<span itemprop="representativePublication">NO308950B1</span>
              (<span itemprop="primaryLanguage">en</span>)
            </a>
</td>
</tr>
<tr itemprop="countryStatus" itemscope="" repeat="">
<td>
<span itemprop="countryCode">NZ</span>
            (<span itemprop="num">1</span>)
            
          </td>
<td>
<a href="/patent/NZ298567A/en">
<span itemprop="representativePublication">NZ298567A</span>
              (<span itemprop="primaryLanguage">en</span>)
            </a>
</td>
</tr>
<tr itemprop="countryStatus" itemscope="" repeat="">
<td>
<span itemprop="countryCode">PL</span>
            (<span itemprop="num">1</span>)
            
          </td>
<td>
<a href="/patent/PL182898B1/en">
<span itemprop="representativePublication">PL182898B1</span>
              (<span itemprop="primaryLanguage">en</span>)
            </a>
</td>
</tr>
<tr itemprop="countryStatus" itemscope="" repeat="">
<td>
<span itemprop="countryCode">PT</span>
            (<span itemprop="num">1</span>)
            
          </td>
<td>
<a href="/patent/PT808325E/en">
<span itemprop="representativePublication">PT808325E</span>
              (<span itemprop="primaryLanguage">en</span>)
            </a>
</td>
</tr>
<tr itemprop="countryStatus" itemscope="" repeat="">
<td>
<span itemprop="countryCode">RU</span>
            (<span itemprop="num">1</span>)
            
          </td>
<td>
<a href="/patent/RU2176248C2/en">
<span itemprop="representativePublication">RU2176248C2</span>
              (<span itemprop="primaryLanguage">en</span>)
            </a>
</td>
</tr>
<tr itemprop="countryStatus" itemscope="" repeat="">
<td>
<span itemprop="countryCode">UA</span>
            (<span itemprop="num">1</span>)
            
          </td>
<td>
<a href="/patent/UA48154C2/en">
<span itemprop="representativePublication">UA48154C2</span>
              (<span itemprop="primaryLanguage">en</span>)
            </a>
</td>
</tr>
<tr itemprop="countryStatus" itemscope="" repeat="">
<td>
<span itemprop="countryCode">WO</span>
            (<span itemprop="num">1</span>)
            
          </td>
<td>
<a href="/patent/WO1996016076A1/en">
<span itemprop="representativePublication">WO1996016076A1</span>
              (<span itemprop="primaryLanguage">en</span>)
            </a>
</td>
</tr>
</tbody>
</table>
<h2>Families Citing this family (72)</h2>
<table>
<caption>* Cited by examiner, † Cited by third party</caption>
<thead>
<tr>
<th>Publication number</th>
<th>Priority date</th>
<th>Publication date</th>
<th>Assignee</th>
<th>Title</th>
</tr>
</thead>
<tbody>
<tr itemprop="forwardReferencesFamily" itemscope="" repeat="">
<td>
<a href="/patent/US5767117A/en">
<span itemprop="publicationNumber">US5767117A</span>
              (<span itemprop="primaryLanguage">en</span>)
            </a>
<span itemprop="examinerCited">*</span>
</td>
<td itemprop="priorityDate">1994-11-18</td>
<td itemprop="publicationDate">1998-06-16</td>
<td><span itemprop="assigneeOriginal">The General Hospital Corporation</span></td>
<td itemprop="title">Method for treating vascular headaches 
       </td>
</tr>
<tr itemprop="forwardReferencesFamily" itemscope="" repeat="">
<td>
<a href="/patent/CZ394197A3/en">
<span itemprop="publicationNumber">CZ394197A3</span>
              (<span itemprop="primaryLanguage">en</span>)
            </a>
<span itemprop="examinerCited">*</span>
</td>
<td itemprop="priorityDate">1995-06-06</td>
<td itemprop="publicationDate">1998-06-17</td>
<td><span itemprop="assigneeOriginal">Cocensys, Inc.</span></td>
<td itemprop="title">Neuroactive steroids of androstane and pregnane series 
       </td>
</tr>
<tr itemprop="forwardReferencesFamily" itemscope="" repeat="">
<td>
<a href="/patent/US6780853B1/en">
<span itemprop="publicationNumber">US6780853B1</span>
              (<span itemprop="primaryLanguage">en</span>)
            </a>
</td>
<td itemprop="priorityDate">1995-06-06</td>
<td itemprop="publicationDate">2004-08-24</td>
<td><span itemprop="assigneeOriginal">Euro-Celtique S.A.</span></td>
<td itemprop="title">Neuroactive steroids of the androstane and pregnane series 
       </td>
</tr>
<tr itemprop="forwardReferencesFamily" itemscope="" repeat="">
<td>
<a href="/patent/US20010051599A1/en">
<span itemprop="publicationNumber">US20010051599A1</span>
              (<span itemprop="primaryLanguage">en</span>)
            </a>
</td>
<td itemprop="priorityDate">1997-05-02</td>
<td itemprop="publicationDate">2001-12-13</td>
<td><span itemprop="assigneeOriginal">Michael Z. Kagan</span></td>
<td itemprop="title">Pregnan-3-ol-20-ones 
       </td>
</tr>
<tr itemprop="forwardReferencesFamily" itemscope="" repeat="">
<td>
<a href="/patent/DE69927960T2/en">
<span itemprop="publicationNumber">DE69927960T2</span>
              (<span itemprop="primaryLanguage">en</span>)
            </a>
</td>
<td itemprop="priorityDate">1998-03-11</td>
<td itemprop="publicationDate">2006-07-20</td>
<td><span itemprop="assigneeOriginal">Torbjörn Backström</span></td>
<td itemprop="title">
  EPIALLOPREGNANOLONE FOR THE TREATMENT OF DISEASES OF THE CNS
 
     </td>
</tr>
<tr itemprop="forwardReferencesFamily" itemscope="" repeat="">
<td>
<a href="/patent/CA2395129C/en">
<span itemprop="publicationNumber">CA2395129C</span>
              (<span itemprop="primaryLanguage">en</span>)
            </a>
</td>
<td itemprop="priorityDate">1999-12-20</td>
<td itemprop="publicationDate">2008-12-16</td>
<td><span itemprop="assigneeOriginal">Nicholas J. Kerkhof</span></td>
<td itemprop="title">Process for producing nanometer particles by fluid bed spray-drying 
     </td>
</tr>
<tr itemprop="forwardReferencesFamily" itemscope="" repeat="">
<td>
<a href="/patent/US8771740B2/en">
<span itemprop="publicationNumber">US8771740B2</span>
              (<span itemprop="primaryLanguage">en</span>)
            </a>
</td>
<td itemprop="priorityDate">1999-12-20</td>
<td itemprop="publicationDate">2014-07-08</td>
<td><span itemprop="assigneeOriginal">Nicholas J. Kerkhof</span></td>
<td itemprop="title">Process for producing nanoparticles by spray drying 
       </td>
</tr>
<tr itemprop="forwardReferencesFamily" itemscope="" repeat="">
<td>
<a href="/patent/AR031473A1/en">
<span itemprop="publicationNumber">AR031473A1</span>
              (<span itemprop="primaryLanguage">en</span>)
            </a>
<span itemprop="examinerCited">*</span>
</td>
<td itemprop="priorityDate">2000-11-20</td>
<td itemprop="publicationDate">2003-09-24</td>
<td><span itemprop="assigneeOriginal">Lundbeck &amp; Co As H</span></td>
<td itemprop="title">
  GABA INTENSIFIERS IN THE TREATMENT OF DISEASES RELATED TO A REDUCED NEUROSTEROID ACTIVITY
 
     </td>
</tr>
<tr itemprop="forwardReferencesFamily" itemscope="" repeat="">
<td>
<a href="/patent/WO2006012563A2/en">
<span itemprop="publicationNumber">WO2006012563A2</span>
              (<span itemprop="primaryLanguage">en</span>)
            </a>
<span itemprop="examinerCited">*</span>
</td>
<td itemprop="priorityDate">2004-07-23</td>
<td itemprop="publicationDate">2006-02-02</td>
<td><span itemprop="assigneeOriginal">The Regents Of The University Of California</span></td>
<td itemprop="title">Method for the treatment and diagnosis of certain psychiatric disorders related to the menstrual cycle 
       </td>
</tr>
<tr itemprop="forwardReferencesFamily" itemscope="" repeat="">
<td>
<a href="/patent/RU2413516C2/en">
<span itemprop="publicationNumber">RU2413516C2</span>
              (<span itemprop="primaryLanguage">en</span>)
            </a>
<span itemprop="examinerCited">*</span>
</td>
<td itemprop="priorityDate">2004-11-18</td>
<td itemprop="publicationDate">2011-03-10</td>
<td><span itemprop="assigneeOriginal">Умекрин Аб</span></td>
<td itemprop="title">Gaba-steroid antagonists and application thereof in treating cns disturbances 
       </td>
</tr>
<tr itemprop="forwardReferencesFamily" itemscope="" repeat="">
<td>
<a href="/patent/EP2258357A3/en">
<span itemprop="publicationNumber">EP2258357A3</span>
              (<span itemprop="primaryLanguage">en</span>)
            </a>
</td>
<td itemprop="priorityDate">2005-08-26</td>
<td itemprop="publicationDate">2011-04-06</td>
<td><span itemprop="assigneeOriginal">Braincells, Inc.</span></td>
<td itemprop="title">Neurogenesis with acetylcholinesterase inhibitor 
       </td>
</tr>
<tr itemprop="forwardReferencesFamily" itemscope="" repeat="">
<td>
<a href="/patent/CA2620333A1/en">
<span itemprop="publicationNumber">CA2620333A1</span>
              (<span itemprop="primaryLanguage">en</span>)
            </a>
</td>
<td itemprop="priorityDate">2005-08-26</td>
<td itemprop="publicationDate">2007-03-01</td>
<td><span itemprop="assigneeOriginal">Braincells, Inc.</span></td>
<td itemprop="title">Neurogenesis by muscarinic receptor modulation 
       </td>
</tr>
<tr itemprop="forwardReferencesFamily" itemscope="" repeat="">
<td>
<a href="/patent/US7985756B2/en">
<span itemprop="publicationNumber">US7985756B2</span>
              (<span itemprop="primaryLanguage">en</span>)
            </a>
</td>
<td itemprop="priorityDate">2005-10-21</td>
<td itemprop="publicationDate">2011-07-26</td>
<td><span itemprop="assigneeOriginal">Braincells Inc.</span></td>
<td itemprop="title">Modulation of neurogenesis by PDE inhibition 
       </td>
</tr>
<tr itemprop="forwardReferencesFamily" itemscope="" repeat="">
<td>
<a href="/patent/EP1942879A1/en">
<span itemprop="publicationNumber">EP1942879A1</span>
              (<span itemprop="primaryLanguage">en</span>)
            </a>
</td>
<td itemprop="priorityDate">2005-10-31</td>
<td itemprop="publicationDate">2008-07-16</td>
<td><span itemprop="assigneeOriginal">Braincells, Inc.</span></td>
<td itemprop="title">Gaba receptor mediated modulation of neurogenesis 
       </td>
</tr>
<tr itemprop="forwardReferencesFamily" itemscope="" repeat="">
<td>
<a href="/patent/US20100216734A1/en">
<span itemprop="publicationNumber">US20100216734A1</span>
              (<span itemprop="primaryLanguage">en</span>)
            </a>
</td>
<td itemprop="priorityDate">2006-03-08</td>
<td itemprop="publicationDate">2010-08-26</td>
<td><span itemprop="assigneeOriginal">Braincells, Inc.</span></td>
<td itemprop="title">Modulation of neurogenesis by nootropic agents 
       </td>
</tr>
<tr itemprop="forwardReferencesFamily" itemscope="" repeat="">
<td>
<a href="/patent/JP2009536669A/en">
<span itemprop="publicationNumber">JP2009536669A</span>
              (<span itemprop="primaryLanguage">en</span>)
            </a>
</td>
<td itemprop="priorityDate">2006-05-09</td>
<td itemprop="publicationDate">2009-10-15</td>
<td><span itemprop="assigneeOriginal">ブレインセルス，インコーポレイティド</span></td>
<td itemprop="title">
  Neurogenesis by angiotensin regulation
 
     </td>
</tr>
<tr itemprop="forwardReferencesFamily" itemscope="" repeat="">
<td>
<a href="/patent/DK2792681T3/en">
<span itemprop="publicationNumber">DK2792681T3</span>
              (<span itemprop="primaryLanguage">en</span>)
            </a>
<span itemprop="examinerCited">*</span>
</td>
<td itemprop="priorityDate">2006-11-21</td>
<td itemprop="publicationDate">2017-01-23</td>
<td><span itemprop="assigneeOriginal">Umecrine Ab</span></td>
<td itemprop="title">
  Use of Pregnancy and Androstan Steroids in the Preparation of a Pharmaceutical Composition for the Treatment of CNS Disorders.
 
     </td>
</tr>
<tr itemprop="forwardReferencesFamily" itemscope="" repeat="">
<td>
<a href="/patent/CN103880909A/en">
<span itemprop="publicationNumber">CN103880909A</span>
              (<span itemprop="primaryLanguage">en</span>)
            </a>
<span itemprop="examinerCited">*</span>
</td>
<td itemprop="priorityDate">2008-05-20</td>
<td itemprop="publicationDate">2014-06-25</td>
<td><span itemprop="assigneeOriginal">梅克芳股份公司</span></td>
<td itemprop="title">Steroidal compound 
       </td>
</tr>
<tr itemprop="forwardReferencesFamily" itemscope="" repeat="">
<td>
<a href="/patent/CN103819525A/en">
<span itemprop="publicationNumber">CN103819525A</span>
              (<span itemprop="primaryLanguage">en</span>)
            </a>
<span itemprop="examinerCited">*</span>
</td>
<td itemprop="priorityDate">2008-05-20</td>
<td itemprop="publicationDate">2014-05-28</td>
<td><span itemprop="assigneeOriginal">梅克芳股份公司</span></td>
<td itemprop="title">Steroid compound 
       </td>
</tr>
<tr itemprop="forwardReferencesFamily" itemscope="" repeat="">
<td>
<a href="/patent/CN101585862B/en">
<span itemprop="publicationNumber">CN101585862B</span>
              (<span itemprop="primaryLanguage">en</span>)
            </a>
<span itemprop="examinerCited">*</span>
</td>
<td itemprop="priorityDate">2008-05-20</td>
<td itemprop="publicationDate">2014-12-17</td>
<td><span itemprop="assigneeOriginal">梅克芳股份公司</span></td>
<td itemprop="title">
        Steroids
       
       </td>
</tr>
<tr itemprop="forwardReferencesFamily" itemscope="" repeat="">
<td>
<a href="/patent/US20100216805A1/en">
<span itemprop="publicationNumber">US20100216805A1</span>
              (<span itemprop="primaryLanguage">en</span>)
            </a>
</td>
<td itemprop="priorityDate">2009-02-25</td>
<td itemprop="publicationDate">2010-08-26</td>
<td><span itemprop="assigneeOriginal">Braincells, Inc.</span></td>
<td itemprop="title">Modulation of neurogenesis using d-cycloserine combinations 
     </td>
</tr>
<tr itemprop="forwardReferencesFamily" itemscope="" repeat="">
<td>
<a href="/patent/KR101778603B1/en">
<span itemprop="publicationNumber">KR101778603B1</span>
              (<span itemprop="primaryLanguage">en</span>)
            </a>
<span itemprop="examinerCited">*</span>
</td>
<td itemprop="priorityDate">2009-08-13</td>
<td itemprop="publicationDate">2017-09-14</td>
<td><span itemprop="assigneeOriginal">마리누스 파마슈티컬스</span></td>
<td itemprop="title">METHOD FOR MAKING 3α-HYDROXY, 3β- METHYL-5α-PREGNAN-20-ONE (GANAXOLONE) 
       </td>
</tr>
<tr itemprop="forwardReferencesFamily" itemscope="" repeat="">
<td>
<a href="/patent/CA2786330C/en">
<span itemprop="publicationNumber">CA2786330C</span>
              (<span itemprop="primaryLanguage">en</span>)
            </a>
</td>
<td itemprop="priorityDate">2010-01-14</td>
<td itemprop="publicationDate">2013-11-19</td>
<td><span itemprop="assigneeOriginal">Umecrine Mood Ab</span></td>
<td itemprop="title">A pharmaceutical composition comprising 3-beta-hydroxy-5-alpha-pregnan-20-one with improved storage and solubility properties 
     </td>
</tr>
<tr itemprop="forwardReferencesFamily" itemscope="" repeat="">
<td>
<a href="/patent/US20130245253A1/en">
<span itemprop="publicationNumber">US20130245253A1</span>
              (<span itemprop="primaryLanguage">en</span>)
            </a>
<span itemprop="examinerCited">*</span>
</td>
<td itemprop="priorityDate">2010-03-26</td>
<td itemprop="publicationDate">2013-09-19</td>
<td><span itemprop="assigneeOriginal">Department Of Veterans Affairs</span></td>
<td itemprop="title">Conjugated Neuroactive Steroid Compositions And Methods Of Use 
       </td>
</tr>
<tr itemprop="forwardReferencesFamily" itemscope="" repeat="">
<td>
<a href="/patent/EP2736919A4/en">
<span itemprop="publicationNumber">EP2736919A4</span>
              (<span itemprop="primaryLanguage">en</span>)
            </a>
<span itemprop="examinerCited">*</span>
</td>
<td itemprop="priorityDate">2011-07-29</td>
<td itemprop="publicationDate">2015-01-14</td>
<td><span itemprop="assigneeOriginal">Univ California</span></td>
<td itemprop="title">
        NOVEL 17B-HETEROARYL-SUBSTITUTED STEROIDS CAPABLE OF MODULATING GABAA RECEPTORS
       
       </td>
</tr>
<tr itemprop="forwardReferencesFamily" itemscope="" repeat="">
<td>
<a href="/patent/CA2848212C/en">
<span itemprop="publicationNumber">CA2848212C</span>
              (<span itemprop="primaryLanguage">en</span>)
            </a>
</td>
<td itemprop="priorityDate">2011-09-08</td>
<td itemprop="publicationDate">2022-03-29</td>
<td><span itemprop="assigneeOriginal">Sage Therapeutics, Inc.</span></td>
<td itemprop="title">Neuroactive steroids, compositions, and uses thereof 
     </td>
</tr>
<tr itemprop="forwardReferencesFamily" itemscope="" repeat="">
<td>
<a href="/patent/WO2013043985A1/en">
<span itemprop="publicationNumber">WO2013043985A1</span>
              (<span itemprop="primaryLanguage">en</span>)
            </a>
</td>
<td itemprop="priorityDate">2011-09-23</td>
<td itemprop="publicationDate">2013-03-28</td>
<td><span itemprop="assigneeOriginal">The Regents Of The University Of California</span></td>
<td itemprop="title">Edible oils to enhance delivery of orally administered steroids 
       </td>
</tr>
<tr itemprop="forwardReferencesFamily" itemscope="" repeat="">
<td>
<a href="/patent/CA3152410A1/en">
<span itemprop="publicationNumber">CA3152410A1</span>
              (<span itemprop="primaryLanguage">en</span>)
            </a>
<span itemprop="examinerCited">*</span>
</td>
<td itemprop="priorityDate">2011-10-14</td>
<td itemprop="publicationDate">2013-04-18</td>
<td><span itemprop="assigneeOriginal">Sage Therapeutics, Inc.</span></td>
<td itemprop="title">3,3-disubstituted 19-nor pregnane compounds, compositions, and uses thereof for the treatment of cns related disorders 
     </td>
</tr>
<tr itemprop="forwardReferencesFamily" itemscope="" repeat="">
<td>
<a href="/patent/WO2013112605A2/en">
<span itemprop="publicationNumber">WO2013112605A2</span>
              (<span itemprop="primaryLanguage">en</span>)
            </a>
</td>
<td itemprop="priorityDate">2012-01-23</td>
<td itemprop="publicationDate">2013-08-01</td>
<td><span itemprop="assigneeOriginal">Sage Therapeutics, Inc.</span></td>
<td itemprop="title">Neuroactive steroid formulations and methods of treating cns disorders 
       </td>
</tr>
<tr itemprop="forwardReferencesFamily" itemscope="" repeat="">
<td>
<a href="/patent/BR112015003747A2/en">
<span itemprop="publicationNumber">BR112015003747A2</span>
              (<span itemprop="primaryLanguage">en</span>)
            </a>
</td>
<td itemprop="priorityDate">2012-08-21</td>
<td itemprop="publicationDate">2017-07-04</td>
<td><span itemprop="assigneeOriginal">Sage Therapeutics Inc</span></td>
<td itemprop="title">
        Treatment methods of epilepsy or status epilepticus
       
     </td>
</tr>
<tr itemprop="forwardReferencesFamily" itemscope="" repeat="">
<td>
<a href="/patent/EP2925327B1/en">
<span itemprop="publicationNumber">EP2925327B1</span>
              (<span itemprop="primaryLanguage">en</span>)
            </a>
</td>
<td itemprop="priorityDate">2012-11-30</td>
<td itemprop="publicationDate">2024-01-10</td>
<td><span itemprop="assigneeOriginal">The Regents of The University of California</span></td>
<td itemprop="title">Allopregnanolone for treating, reducing or mitigating symptoms of post-partum depression 
       </td>
</tr>
<tr itemprop="forwardReferencesFamily" itemscope="" repeat="">
<td>
<a href="/patent/HRP20181994T1/en">
<span itemprop="publicationNumber">HRP20181994T1</span>
              (<span itemprop="primaryLanguage">en</span>)
            </a>
</td>
<td itemprop="priorityDate">2013-03-13</td>
<td itemprop="publicationDate">2019-03-08</td>
<td><span itemprop="assigneeOriginal">Sage Therapeutics, Inc.</span></td>
<td itemprop="title">
        NEUROACTIVE STEROIDS AND PROCEDURES FOR THEIR USE
       
       </td>
</tr>
<tr itemprop="forwardReferencesFamily" itemscope="" repeat="">
<td>
<a href="/patent/IL310348A/en">
<span itemprop="publicationNumber">IL310348A</span>
              (<span itemprop="primaryLanguage">en</span>)
            </a>
</td>
<td itemprop="priorityDate">2013-04-17</td>
<td itemprop="publicationDate">2024-03-01</td>
<td><span itemprop="assigneeOriginal">Sage Therapeutics Inc</span></td>
<td itemprop="title">19-nor c3,3-disubstituted c21-n-pyrazolyl steroids and methods of use thereof 
       </td>
</tr>
<tr itemprop="forwardReferencesFamily" itemscope="" repeat="">
<td>
<a href="/patent/US9725481B2/en">
<span itemprop="publicationNumber">US9725481B2</span>
              (<span itemprop="primaryLanguage">en</span>)
            </a>
</td>
<td itemprop="priorityDate">2013-04-17</td>
<td itemprop="publicationDate">2017-08-08</td>
<td><span itemprop="assigneeOriginal">Sage Therapeutics, Inc.</span></td>
<td itemprop="title">19-nor C3, 3-disubstituted C21-C-bound heteroaryl steroids and methods of use thereof 
       </td>
</tr>
<tr itemprop="forwardReferencesFamily" itemscope="" repeat="">
<td>
<a href="/patent/JP6239091B2/en">
<span itemprop="publicationNumber">JP6239091B2</span>
              (<span itemprop="primaryLanguage">en</span>)
            </a>
</td>
<td itemprop="priorityDate">2013-04-17</td>
<td itemprop="publicationDate">2017-11-29</td>
<td><span itemprop="assigneeOriginal">セージ セラピューティクス， インコーポレイテッド</span></td>
<td itemprop="title">
        19-nor neurostimulatory steroids and methods of use thereof
       
     </td>
</tr>
<tr itemprop="forwardReferencesFamily" itemscope="" repeat="">
<td>
<a href="/patent/WO2014169836A1/en">
<span itemprop="publicationNumber">WO2014169836A1</span>
              (<span itemprop="primaryLanguage">en</span>)
            </a>
</td>
<td itemprop="priorityDate">2013-04-17</td>
<td itemprop="publicationDate">2014-10-23</td>
<td><span itemprop="assigneeOriginal">Sage Therapeutics, Inc.</span></td>
<td itemprop="title">19-nor neuroactive steroids and methods of use thereof 
       </td>
</tr>
<tr itemprop="forwardReferencesFamily" itemscope="" repeat="">
<td>
<a href="/patent/HRP20210610T1/en">
<span itemprop="publicationNumber">HRP20210610T1</span>
              (<span itemprop="primaryLanguage">en</span>)
            </a>
<span itemprop="examinerCited">*</span>
</td>
<td itemprop="priorityDate">2013-07-19</td>
<td itemprop="publicationDate">2021-05-28</td>
<td><span itemprop="assigneeOriginal">Sage Therapeutics, Inc.</span></td>
<td itemprop="title">
        NEUROACTIVE STEROIDS, PREPARATIONS AND THEIR USES
       
       </td>
</tr>
<tr itemprop="forwardReferencesFamily" itemscope="" repeat="">
<td>
<a href="/patent/CN105579043B/en">
<span itemprop="publicationNumber">CN105579043B</span>
              (<span itemprop="primaryLanguage">en</span>)
            </a>
</td>
<td itemprop="priorityDate">2013-08-23</td>
<td itemprop="publicationDate">2021-09-14</td>
<td><span itemprop="assigneeOriginal">萨奇治疗股份有限公司</span></td>
<td itemprop="title">Neuroactive steroids, compositions and uses thereof 
       </td>
</tr>
<tr itemprop="forwardReferencesFamily" itemscope="" repeat="">
<td>
<a href="/patent/ES2970222T3/en">
<span itemprop="publicationNumber">ES2970222T3</span>
              (<span itemprop="primaryLanguage">en</span>)
            </a>
</td>
<td itemprop="priorityDate">2014-06-18</td>
<td itemprop="publicationDate">2024-05-27</td>
<td><span itemprop="assigneeOriginal">Sage Therapeutics Inc</span></td>
<td itemprop="title">
        Oxysterols and procedures for their use
       
     </td>
</tr>
<tr itemprop="forwardReferencesFamily" itemscope="" repeat="">
<td>
<a href="/patent/WO2015195962A1/en">
<span itemprop="publicationNumber">WO2015195962A1</span>
              (<span itemprop="primaryLanguage">en</span>)
            </a>
</td>
<td itemprop="priorityDate">2014-06-18</td>
<td itemprop="publicationDate">2015-12-23</td>
<td><span itemprop="assigneeOriginal">Sage Therapeutics, Inc.</span></td>
<td itemprop="title">Neuroactive steroids, compositions, and uses thereof 
       </td>
</tr>
<tr itemprop="forwardReferencesFamily" itemscope="" repeat="">
<td>
<a href="/patent/EP3188734A4/en">
<span itemprop="publicationNumber">EP3188734A4</span>
              (<span itemprop="primaryLanguage">en</span>)
            </a>
</td>
<td itemprop="priorityDate">2014-09-02</td>
<td itemprop="publicationDate">2018-01-10</td>
<td><span itemprop="assigneeOriginal">The Texas A&amp;M University System</span></td>
<td itemprop="title">Method of treating organophosphate intoxication 
       </td>
</tr>
<tr itemprop="forwardReferencesFamily" itemscope="" repeat="">
<td>
<a href="/patent/JOP20200195A1/en">
<span itemprop="publicationNumber">JOP20200195A1</span>
              (<span itemprop="primaryLanguage">en</span>)
            </a>
<span itemprop="examinerCited">*</span>
</td>
<td itemprop="priorityDate">2014-09-08</td>
<td itemprop="publicationDate">2017-06-16</td>
<td><span itemprop="assigneeOriginal">Sage Therapeutics Inc</span></td>
<td itemprop="title">
        Neuroactive steroids and formulations, and their uses
       
       </td>
</tr>
<tr itemprop="forwardReferencesFamily" itemscope="" repeat="">
<td>
<a href="/patent/CN118344423A/en">
<span itemprop="publicationNumber">CN118344423A</span>
              (<span itemprop="primaryLanguage">en</span>)
            </a>
</td>
<td itemprop="priorityDate">2014-10-16</td>
<td itemprop="publicationDate">2024-07-16</td>
<td><span itemprop="assigneeOriginal">萨奇治疗股份有限公司</span></td>
<td itemprop="title">Compositions and methods for targeting CNS disorders 
       </td>
</tr>
<tr itemprop="forwardReferencesFamily" itemscope="" repeat="">
<td>
<a href="/patent/AU2015331597B2/en">
<span itemprop="publicationNumber">AU2015331597B2</span>
              (<span itemprop="primaryLanguage">en</span>)
            </a>
</td>
<td itemprop="priorityDate">2014-10-16</td>
<td itemprop="publicationDate">2020-04-30</td>
<td><span itemprop="assigneeOriginal">Sage Therapeutics, Inc.</span></td>
<td itemprop="title">Compositions and methods for treating CNS disorders 
       </td>
</tr>
<tr itemprop="forwardReferencesFamily" itemscope="" repeat="">
<td>
<a href="/patent/ES2793237T3/en">
<span itemprop="publicationNumber">ES2793237T3</span>
              (<span itemprop="primaryLanguage">en</span>)
            </a>
</td>
<td itemprop="priorityDate">2014-11-27</td>
<td itemprop="publicationDate">2020-11-13</td>
<td><span itemprop="assigneeOriginal">Sage Therapeutics Inc</span></td>
<td itemprop="title">
  Compositions and methods for treating CNS disorders
 
     </td>
</tr>
<tr itemprop="forwardReferencesFamily" itemscope="" repeat="">
<td>
<a href="/patent/EP3250210B1/en">
<span itemprop="publicationNumber">EP3250210B1</span>
              (<span itemprop="primaryLanguage">en</span>)
            </a>
</td>
<td itemprop="priorityDate">2015-01-26</td>
<td itemprop="publicationDate">2020-12-02</td>
<td><span itemprop="assigneeOriginal">Sage Therapeutics, Inc.</span></td>
<td itemprop="title">Compositions and methods for treating cns disorders 
       </td>
</tr>
<tr itemprop="forwardReferencesFamily" itemscope="" repeat="">
<td>
<a href="/patent/DK3258939T3/en">
<span itemprop="publicationNumber">DK3258939T3</span>
              (<span itemprop="primaryLanguage">en</span>)
            </a>
</td>
<td itemprop="priorityDate">2015-02-20</td>
<td itemprop="publicationDate">2022-12-12</td>
<td><span itemprop="assigneeOriginal">Sage Therapeutics Inc</span></td>
<td itemprop="title">
  NEUROACTIVE STEROIDS, COMPOSITIONS AND USES THEREOF
 
     </td>
</tr>
<tr itemprop="forwardReferencesFamily" itemscope="" repeat="">
<td>
<a href="/patent/CN108135912B/en">
<span itemprop="publicationNumber">CN108135912B</span>
              (<span itemprop="primaryLanguage">en</span>)
            </a>
</td>
<td itemprop="priorityDate">2015-07-06</td>
<td itemprop="publicationDate">2021-07-02</td>
<td><span itemprop="assigneeOriginal">萨奇治疗股份有限公司</span></td>
<td itemprop="title">
        Progesterone and methods of using the same
       
       </td>
</tr>
<tr itemprop="forwardReferencesFamily" itemscope="" repeat="">
<td>
<a href="/patent/PT3319612T/en">
<span itemprop="publicationNumber">PT3319612T</span>
              (<span itemprop="primaryLanguage">en</span>)
            </a>
</td>
<td itemprop="priorityDate">2015-07-06</td>
<td itemprop="publicationDate">2021-08-24</td>
<td><span itemprop="assigneeOriginal">Sage Therapeutics Inc</span></td>
<td itemprop="title">
        OXISTEROLS AND METHODS OF USE THEREOF
       
       </td>
</tr>
<tr itemprop="forwardReferencesFamily" itemscope="" repeat="">
<td>
<a href="/patent/CA3017172C/en">
<span itemprop="publicationNumber">CA3017172C</span>
              (<span itemprop="primaryLanguage">en</span>)
            </a>
</td>
<td itemprop="priorityDate">2016-03-08</td>
<td itemprop="publicationDate">2023-03-14</td>
<td><span itemprop="assigneeOriginal">Sage Therapeutics, Inc.</span></td>
<td itemprop="title">Neuroactive steroids, compositions, and uses thereof 
       </td>
</tr>
<tr itemprop="forwardReferencesFamily" itemscope="" repeat="">
<td>
<a href="/patent/PL3436022T3/en">
<span itemprop="publicationNumber">PL3436022T3</span>
              (<span itemprop="primaryLanguage">en</span>)
            </a>
</td>
<td itemprop="priorityDate">2016-04-01</td>
<td itemprop="publicationDate">2022-08-08</td>
<td><span itemprop="assigneeOriginal">Sage Therapeutics, Inc.</span></td>
<td itemprop="title">Oxysterols and methods of use thereof 
       </td>
</tr>
<tr itemprop="forwardReferencesFamily" itemscope="" repeat="">
<td>
<a href="/patent/US10752653B2/en">
<span itemprop="publicationNumber">US10752653B2</span>
              (<span itemprop="primaryLanguage">en</span>)
            </a>
</td>
<td itemprop="priorityDate">2016-05-06</td>
<td itemprop="publicationDate">2020-08-25</td>
<td><span itemprop="assigneeOriginal">Sage Therapeutics, Inc.</span></td>
<td itemprop="title">Oxysterols and methods of use thereof 
       </td>
</tr>
<tr itemprop="forwardReferencesFamily" itemscope="" repeat="">
<td>
<a href="/patent/US20190233465A1/en">
<span itemprop="publicationNumber">US20190233465A1</span>
              (<span itemprop="primaryLanguage">en</span>)
            </a>
</td>
<td itemprop="priorityDate">2016-07-11</td>
<td itemprop="publicationDate">2019-08-01</td>
<td><span itemprop="assigneeOriginal">Sage Therapeutics, Inc.</span></td>
<td itemprop="title">C7, c12, and c16 substituted neuroactive steroids and their methods of use 
     </td>
</tr>
<tr itemprop="forwardReferencesFamily" itemscope="" repeat="">
<td>
<a href="/patent/US11396525B2/en">
<span itemprop="publicationNumber">US11396525B2</span>
              (<span itemprop="primaryLanguage">en</span>)
            </a>
</td>
<td itemprop="priorityDate">2016-07-11</td>
<td itemprop="publicationDate">2022-07-26</td>
<td><span itemprop="assigneeOriginal">Sage Therapeutics, Inc.</span></td>
<td itemprop="title">C17, C20, and C21 substituted neuroactive steroids and their methods of use 
       </td>
</tr>
<tr itemprop="forwardReferencesFamily" itemscope="" repeat="">
<td>
<a href="/patent/US11149056B2/en">
<span itemprop="publicationNumber">US11149056B2</span>
              (<span itemprop="primaryLanguage">en</span>)
            </a>
</td>
<td itemprop="priorityDate">2016-09-30</td>
<td itemprop="publicationDate">2021-10-19</td>
<td><span itemprop="assigneeOriginal">Sage Therapeutics, Inc.</span></td>
<td itemprop="title">C7 substituted oxysterols and methods of use thereof 
       </td>
</tr>
<tr itemprop="forwardReferencesFamily" itemscope="" repeat="">
<td>
<a href="/patent/KR102521573B1/en">
<span itemprop="publicationNumber">KR102521573B1</span>
              (<span itemprop="primaryLanguage">en</span>)
            </a>
</td>
<td itemprop="priorityDate">2016-10-18</td>
<td itemprop="publicationDate">2023-04-14</td>
<td><span itemprop="assigneeOriginal">세이지 테라퓨틱스, 인크.</span></td>
<td itemprop="title">
        Oxysterols and methods of their use
       
       </td>
</tr>
<tr itemprop="forwardReferencesFamily" itemscope="" repeat="">
<td>
<a href="/patent/CA3041088C/en">
<span itemprop="publicationNumber">CA3041088C</span>
              (<span itemprop="primaryLanguage">en</span>)
            </a>
</td>
<td itemprop="priorityDate">2016-10-18</td>
<td itemprop="publicationDate">2024-05-21</td>
<td><span itemprop="assigneeOriginal">Sage Therapeutics, Inc.</span></td>
<td itemprop="title">Oxysterols and methods of use thereof 
       </td>
</tr>
<tr itemprop="forwardReferencesFamily" itemscope="" repeat="">
<td>
<a href="/patent/IL270962B2/en">
<span itemprop="publicationNumber">IL270962B2</span>
              (<span itemprop="primaryLanguage">en</span>)
            </a>
<span itemprop="examinerCited">*</span>
</td>
<td itemprop="priorityDate">2017-06-01</td>
<td itemprop="publicationDate">2023-09-01</td>
<td><span itemprop="assigneeOriginal">Sumitomo Chemical Co</span></td>
<td itemprop="title">Heterocyclic compound and composition containing same 
       </td>
</tr>
<tr itemprop="forwardReferencesFamily" itemscope="" repeat="">
<td>
<a href="/patent/US11718642B2/en">
<span itemprop="publicationNumber">US11718642B2</span>
              (<span itemprop="primaryLanguage">en</span>)
            </a>
</td>
<td itemprop="priorityDate">2018-01-12</td>
<td itemprop="publicationDate">2023-08-08</td>
<td><span itemprop="assigneeOriginal">Sage Therapeutics, Inc.</span></td>
<td itemprop="title">Compositions and methods for treating CNS disorders 
       </td>
</tr>
<tr itemprop="forwardReferencesFamily" itemscope="" repeat="">
<td>
<a href="/patent/US11542296B2/en">
<span itemprop="publicationNumber">US11542296B2</span>
              (<span itemprop="primaryLanguage">en</span>)
            </a>
</td>
<td itemprop="priorityDate">2018-04-23</td>
<td itemprop="publicationDate">2023-01-03</td>
<td><span itemprop="assigneeOriginal">The Texas A&amp;M University System</span></td>
<td itemprop="title">Neurosteroid compounds and methods for their preparation and use in treating central nervous system disorders 
       </td>
</tr>
<tr itemprop="forwardReferencesFamily" itemscope="" repeat="">
<td>
<a href="/patent/JP7671244B2/en">
<span itemprop="publicationNumber">JP7671244B2</span>
              (<span itemprop="primaryLanguage">en</span>)
            </a>
</td>
<td itemprop="priorityDate">2018-10-12</td>
<td itemprop="publicationDate">2025-05-01</td>
<td><span itemprop="assigneeOriginal">セージ セラピューティクス， インコーポレイテッド</span></td>
<td itemprop="title">
        Neurostimulant steroids substituted at the 10 position with a cyclic group for use in the treatment of CNS disorders - Patent Application 20070123333
       
       </td>
</tr>
<tr itemprop="forwardReferencesFamily" itemscope="" repeat="">
<td>
<a href="/patent/CN113383004A/en">
<span itemprop="publicationNumber">CN113383004A</span>
              (<span itemprop="primaryLanguage">en</span>)
            </a>
<span itemprop="examinerCited">*</span>
</td>
<td itemprop="priorityDate">2018-12-05</td>
<td itemprop="publicationDate">2021-09-10</td>
<td><span itemprop="assigneeOriginal">萨奇治疗股份有限公司</span></td>
<td itemprop="title">Neuroactive steroids and methods of use thereof 
       </td>
</tr>
<tr itemprop="forwardReferencesFamily" itemscope="" repeat="">
<td>
<a href="/patent/GB201820887D0/en">
<span itemprop="publicationNumber">GB201820887D0</span>
              (<span itemprop="primaryLanguage">en</span>)
            </a>
<span itemprop="examinerCited">*</span>
</td>
<td itemprop="priorityDate">2018-12-20</td>
<td itemprop="publicationDate">2019-02-06</td>
<td><span itemprop="assigneeOriginal">Nzp Uk Ltd</span></td>
<td itemprop="title">Compounds 
     </td>
</tr>
<tr itemprop="forwardReferencesFamily" itemscope="" repeat="">
<td>
<a href="/patent/CN111410673A/en">
<span itemprop="publicationNumber">CN111410673A</span>
              (<span itemprop="primaryLanguage">en</span>)
            </a>
<span itemprop="examinerCited">*</span>
</td>
<td itemprop="priorityDate">2019-01-08</td>
<td itemprop="publicationDate">2020-07-14</td>
<td><span itemprop="assigneeOriginal">成都康弘药业集团股份有限公司</span></td>
<td itemprop="title">Steroid compound, use and preparation method thereof 
       </td>
</tr>
<tr itemprop="forwardReferencesFamily" itemscope="" repeat="">
<td>
<a href="/patent/AU2020284110A1/en">
<span itemprop="publicationNumber">AU2020284110A1</span>
              (<span itemprop="primaryLanguage">en</span>)
            </a>
</td>
<td itemprop="priorityDate">2019-05-31</td>
<td itemprop="publicationDate">2021-11-25</td>
<td><span itemprop="assigneeOriginal">Sage Therapeutics, Inc.</span></td>
<td itemprop="title">Neuroactive steroids and compositions thereof 
     </td>
</tr>
<tr itemprop="forwardReferencesFamily" itemscope="" repeat="">
<td>
<a href="/patent/JP7670632B2/en">
<span itemprop="publicationNumber">JP7670632B2</span>
              (<span itemprop="primaryLanguage">en</span>)
            </a>
<span itemprop="examinerCited">*</span>
</td>
<td itemprop="priorityDate">2019-06-27</td>
<td itemprop="publicationDate">2025-04-30</td>
<td><span itemprop="assigneeOriginal">セージ セラピューティクス， インコーポレイテッド</span></td>
<td itemprop="title">
        Compositions and methods for treating CNS disorders
       
       </td>
</tr>
<tr itemprop="forwardReferencesFamily" itemscope="" repeat="">
<td>
<a href="/patent/MX2022010620A/en">
<span itemprop="publicationNumber">MX2022010620A</span>
              (<span itemprop="primaryLanguage">en</span>)
            </a>
<span itemprop="examinerCited">*</span>
</td>
<td itemprop="priorityDate">2020-02-27</td>
<td itemprop="publicationDate">2022-11-30</td>
<td><span itemprop="assigneeOriginal">Brii Biosciences Inc</span></td>
<td itemprop="title">Prodrugs of neuroactive steroids. 
       </td>
</tr>
<tr itemprop="forwardReferencesFamily" itemscope="" repeat="">
<td>
<a href="/patent/US20240239835A9/en">
<span itemprop="publicationNumber">US20240239835A9</span>
              (<span itemprop="primaryLanguage">en</span>)
            </a>
<span itemprop="examinerCited">*</span>
</td>
<td itemprop="priorityDate">2020-03-18</td>
<td itemprop="publicationDate">2024-07-18</td>
<td><span itemprop="assigneeOriginal">Sage Therapeutics, Inc.</span></td>
<td itemprop="title">Neuroactive steroids and their methods of use 
     </td>
</tr>
<tr itemprop="forwardReferencesFamily" itemscope="" repeat="">
<td>
<a href="/patent/CA3229865A1/en">
<span itemprop="publicationNumber">CA3229865A1</span>
              (<span itemprop="primaryLanguage">en</span>)
            </a>
<span itemprop="examinerCited">*</span>
</td>
<td itemprop="priorityDate">2021-08-20</td>
<td itemprop="publicationDate">2023-02-23</td>
<td><span itemprop="assigneeOriginal">The University Of Mississippi</span></td>
<td itemprop="title">Allopregnanolone analogues for hiv viremia and neurotoxicity protection 
     </td>
</tr>
<tr itemprop="forwardReferencesFamily" itemscope="" repeat="">
<td>
<a href="/patent/WO2023060067A1/en">
<span itemprop="publicationNumber">WO2023060067A1</span>
              (<span itemprop="primaryLanguage">en</span>)
            </a>
</td>
<td itemprop="priorityDate">2021-10-04</td>
<td itemprop="publicationDate">2023-04-13</td>
<td><span itemprop="assigneeOriginal">Marinus Pharmaceuticals, Inc.</span></td>
<td itemprop="title">Amorphous solid dispersion ganaxolone formulation 
       </td>
</tr>
<tr itemprop="forwardReferencesFamily" itemscope="" repeat="">
<td>
<a href="/patent/CN115974950A/en">
<span itemprop="publicationNumber">CN115974950A</span>
              (<span itemprop="primaryLanguage">en</span>)
            </a>
<span itemprop="examinerCited">*</span>
</td>
<td itemprop="priorityDate">2022-12-23</td>
<td itemprop="publicationDate">2023-04-18</td>
<td><span itemprop="assigneeOriginal">上海彩迩文生化科技有限公司</span></td>
<td itemprop="title">3-alkylated steroid intermediate and preparation and application thereof 
       </td>
</tr>
<tr itemprop="forwardReferencesFamily" itemscope="" repeat="">
<td>
<a href="/patent/CN117801047B/en">
<span itemprop="publicationNumber">CN117801047B</span>
              (<span itemprop="primaryLanguage">en</span>)
            </a>
<span itemprop="examinerCited">*</span>
</td>
<td itemprop="priorityDate">2023-01-19</td>
<td itemprop="publicationDate">2024-12-20</td>
<td><span itemprop="assigneeOriginal">北京华睿鼎信科技有限公司</span></td>
<td itemprop="title">Neurosteroid derivative and use thereof 
       </td>
</tr>
</tbody>
</table>
<h2>Citations (4)</h2>
<table>
<caption>* Cited by examiner, † Cited by third party</caption>
<thead>
<tr>
<th>Publication number</th>
<th>Priority date</th>
<th>Publication date</th>
<th>Assignee</th>
<th>Title</th>
</tr>
</thead>
<tbody>
<tr itemprop="backwardReferencesOrig" itemscope="" repeat="">
<td>
<a href="/patent/US3953429A/en">
<span itemprop="publicationNumber">US3953429A</span>
              (<span itemprop="primaryLanguage">en</span>)
            </a>
<span itemprop="examinerCited">*</span>
</td>
<td itemprop="priorityDate">1970-12-17</td>
<td itemprop="publicationDate">1976-04-27</td>
<td>
<span itemprop="assigneeOriginal">Glaxo Laboratories Limited</span>
</td>
<td itemprop="title">Anaesthetic steroids of the androstance and pregnane series 
       </td>
</tr>
<tr itemprop="backwardReferencesOrig" itemscope="" repeat="">
<td>
<a href="/patent/WO1993003732A1/en">
<span itemprop="publicationNumber">WO1993003732A1</span>
              (<span itemprop="primaryLanguage">en</span>)
            </a>
<span itemprop="examinerCited">*</span>
</td>
<td itemprop="priorityDate">1991-08-13</td>
<td itemprop="publicationDate">1993-03-04</td>
<td>
<span itemprop="assigneeOriginal">Cocensys, Inc.</span>
</td>
<td itemprop="title">Gaba receptor modulators 
       </td>
</tr>
<tr itemprop="backwardReferencesOrig" itemscope="" repeat="">
<td>
<a href="/patent/WO1993005786A1/en">
<span itemprop="publicationNumber">WO1993005786A1</span>
              (<span itemprop="primaryLanguage">en</span>)
            </a>
<span itemprop="examinerCited">*</span>
</td>
<td itemprop="priorityDate">1991-09-13</td>
<td itemprop="publicationDate">1993-04-01</td>
<td>
<span itemprop="assigneeOriginal">Cocensys, Inc.</span>
</td>
<td itemprop="title">Novel gabaa receptor with steroid binding sites 
       </td>
</tr>
<tr itemprop="backwardReferencesOrig" itemscope="" repeat="">
<td>
<a href="/patent/WO1994027608A1/en">
<span itemprop="publicationNumber">WO1994027608A1</span>
              (<span itemprop="primaryLanguage">en</span>)
            </a>
<span itemprop="examinerCited">*</span>
</td>
<td itemprop="priorityDate">1993-05-24</td>
<td itemprop="publicationDate">1994-12-08</td>
<td>
<span itemprop="assigneeOriginal">Cocensys, Inc.</span>
</td>
<td itemprop="title">Methods and compositions for inducing sleep 
       </td>
</tr>
</tbody>
</table>
<h2>Family Cites Families (2)</h2>
<table>
<caption>* Cited by examiner, † Cited by third party</caption>
<thead>
<tr>
<th>Publication number</th>
<th>Priority date</th>
<th>Publication date</th>
<th>Assignee</th>
<th>Title</th>
</tr>
</thead>
<tbody>
<tr itemprop="backwardReferencesFamily" itemscope="" repeat="">
<td>
<a href="/patent/US5120723A/en">
<span itemprop="publicationNumber">US5120723A</span>
              (<span itemprop="primaryLanguage">en</span>)
            </a>
<span itemprop="examinerCited">*</span>
</td>
<td itemprop="priorityDate">1987-08-25</td>
<td itemprop="publicationDate">1992-06-09</td>
<td><span itemprop="assigneeOriginal">University Of Southern California</span></td>
<td itemprop="title">Method, compositions, and compounds for modulating brain excitability 
       </td>
</tr>
<tr itemprop="backwardReferencesFamily" itemscope="" repeat="">
<td>
<a href="/patent/US5371077A/en">
<span itemprop="publicationNumber">US5371077A</span>
              (<span itemprop="primaryLanguage">en</span>)
            </a>
<span itemprop="examinerCited">*</span>
</td>
<td itemprop="priorityDate">1992-08-03</td>
<td itemprop="publicationDate">1994-12-06</td>
<td><span itemprop="assigneeOriginal">William Marsh Rice University</span></td>
<td itemprop="title">Side chain derivatized 15-oxygenated sterols, methods of using them and a process for preparing them 
       </td>
</tr>
</tbody>
</table>
<ul>
<li itemprop="applicationsByYear" itemscope="" repeat="">
<span itemprop="year">1995</span>
<ul>
<li itemprop="application" itemscope="" repeat="">
<span itemprop="filingDate">1995-11-22</span>
<span itemprop="countryCode">BR</span>
<span itemprop="applicationNumber">BR9509764A</span>
<a href="/patent/BR9509764A/en"><span itemprop="documentId">patent/BR9509764A/en</span></a>
<span itemprop="legalStatusCat">not_active</span>
<span itemprop="legalStatus">Application Discontinuation</span>
</li>
<li itemprop="application" itemscope="" repeat="">
<span itemprop="filingDate">1995-11-22</span>
<span itemprop="countryCode">DK</span>
<span itemprop="applicationNumber">DK95942879T</span>
<a href="/patent/DK0808325T3/en"><span itemprop="documentId">patent/DK0808325T3/en</span></a>
<span itemprop="legalStatusCat">active</span>
<span itemprop="legalStatus"></span>
</li>
<li itemprop="application" itemscope="" repeat="">
<span itemprop="filingDate">1995-11-22</span>
<span itemprop="countryCode">UA</span>
<span itemprop="applicationNumber">UA97063025A</span>
<a href="/patent/UA48154C2/en"><span itemprop="documentId">patent/UA48154C2/en</span></a>
<span itemprop="legalStatusCat">unknown</span>
<span itemprop="legalStatus"></span>
</li>
<li itemprop="application" itemscope="" repeat="">
<span itemprop="filingDate">1995-11-22</span>
<span itemprop="countryCode">HU</span>
<span itemprop="applicationNumber">HU9701972A</span>
<a href="/patent/HUT77087A/en"><span itemprop="documentId">patent/HUT77087A/en</span></a>
<span itemprop="legalStatusCat">not_active</span>
<span itemprop="legalStatus">Application Discontinuation</span>
</li>
<li itemprop="application" itemscope="" repeat="">
<span itemprop="filingDate">1995-11-22</span>
<span itemprop="countryCode">AU</span>
<span itemprop="applicationNumber">AU44085/96A</span>
<a href="/patent/AU707486B2/en"><span itemprop="documentId">patent/AU707486B2/en</span></a>
<span itemprop="legalStatusCat">not_active</span>
<span itemprop="legalStatus">Ceased</span>
</li>
<li itemprop="application" itemscope="" repeat="">
<span itemprop="filingDate">1995-11-22</span>
<span itemprop="countryCode">KR</span>
<span itemprop="applicationNumber">KR1019970703470A</span>
<a href="/patent/KR100394548B1/en"><span itemprop="documentId">patent/KR100394548B1/en</span></a>
<span itemprop="legalStatusCat">not_active</span>
<span itemprop="legalStatus">Expired - Fee Related</span>
</li>
<li itemprop="application" itemscope="" repeat="">
<span itemprop="filingDate">1995-11-22</span>
<span itemprop="countryCode">EP</span>
<span itemprop="applicationNumber">EP95942879A</span>
<a href="/patent/EP0808325B1/en"><span itemprop="documentId">patent/EP0808325B1/en</span></a>
<span itemprop="legalStatusCat">not_active</span>
<span itemprop="legalStatus">Expired - Lifetime</span>
<span bool="" content="true" itemprop="thisApp"></span>
</li>
<li itemprop="application" itemscope="" repeat="">
<span itemprop="filingDate">1995-11-22</span>
<span itemprop="countryCode">GE</span>
<span itemprop="applicationNumber">GEAP19953794A</span>
<a href="/patent/GEP20002033B/en"><span itemprop="documentId">patent/GEP20002033B/en</span></a>
<span itemprop="legalStatusCat">unknown</span>
<span itemprop="legalStatus"></span>
</li>
<li itemprop="application" itemscope="" repeat="">
<span itemprop="filingDate">1995-11-22</span>
<span itemprop="countryCode">DE</span>
<span itemprop="applicationNumber">DE69519945T</span>
<a href="/patent/DE69519945T2/en"><span itemprop="documentId">patent/DE69519945T2/en</span></a>
<span itemprop="legalStatusCat">not_active</span>
<span itemprop="legalStatus">Expired - Fee Related</span>
</li>
<li itemprop="application" itemscope="" repeat="">
<span itemprop="filingDate">1995-11-22</span>
<span itemprop="countryCode">AT</span>
<span itemprop="applicationNumber">AT95942879T</span>
<a href="/patent/ATE198753T1/en"><span itemprop="documentId">patent/ATE198753T1/en</span></a>
<span itemprop="legalStatusCat">not_active</span>
<span itemprop="legalStatus">IP Right Cessation</span>
</li>
<li itemprop="application" itemscope="" repeat="">
<span itemprop="filingDate">1995-11-22</span>
<span itemprop="countryCode">MX</span>
<span itemprop="applicationNumber">MX9703826A</span>
<a href="/patent/MX9703826A/en"><span itemprop="documentId">patent/MX9703826A/en</span></a>
<span itemprop="legalStatusCat">not_active</span>
<span itemprop="legalStatus">IP Right Cessation</span>
</li>
<li itemprop="application" itemscope="" repeat="">
<span itemprop="filingDate">1995-11-22</span>
<span itemprop="countryCode">CA</span>
<span itemprop="applicationNumber">CA002205919A</span>
<a href="/patent/CA2205919A1/en"><span itemprop="documentId">patent/CA2205919A1/en</span></a>
<span itemprop="legalStatusCat">not_active</span>
<span itemprop="legalStatus">Abandoned</span>
</li>
<li itemprop="application" itemscope="" repeat="">
<span itemprop="filingDate">1995-11-22</span>
<span itemprop="countryCode">FI</span>
<span itemprop="applicationNumber">FI972202A</span>
<a href="/patent/FI972202A7/en"><span itemprop="documentId">patent/FI972202A7/en</span></a>
<span itemprop="legalStatusCat">not_active</span>
<span itemprop="legalStatus">IP Right Cessation</span>
</li>
<li itemprop="application" itemscope="" repeat="">
<span itemprop="filingDate">1995-11-22</span>
<span itemprop="countryCode">PT</span>
<span itemprop="applicationNumber">PT95942879T</span>
<a href="/patent/PT808325E/en"><span itemprop="documentId">patent/PT808325E/en</span></a>
<span itemprop="legalStatusCat">unknown</span>
<span itemprop="legalStatus"></span>
</li>
<li itemprop="application" itemscope="" repeat="">
<span itemprop="filingDate">1995-11-22</span>
<span itemprop="countryCode">ES</span>
<span itemprop="applicationNumber">ES95942879T</span>
<a href="/patent/ES2155543T3/en"><span itemprop="documentId">patent/ES2155543T3/en</span></a>
<span itemprop="legalStatusCat">not_active</span>
<span itemprop="legalStatus">Expired - Lifetime</span>
</li>
<li itemprop="application" itemscope="" repeat="">
<span itemprop="filingDate">1995-11-22</span>
<span itemprop="countryCode">NZ</span>
<span itemprop="applicationNumber">NZ298567A</span>
<a href="/patent/NZ298567A/en"><span itemprop="documentId">patent/NZ298567A/en</span></a>
<span itemprop="legalStatusCat">unknown</span>
<span itemprop="legalStatus"></span>
</li>
<li itemprop="application" itemscope="" repeat="">
<span itemprop="filingDate">1995-11-22</span>
<span itemprop="countryCode">CN</span>
<span itemprop="applicationNumber">CN95197071A</span>
<a href="/patent/CN1171114A/en"><span itemprop="documentId">patent/CN1171114A/en</span></a>
<span itemprop="legalStatusCat">active</span>
<span itemprop="legalStatus">Pending</span>
</li>
<li itemprop="application" itemscope="" repeat="">
<span itemprop="filingDate">1995-11-22</span>
<span itemprop="countryCode">JP</span>
<span itemprop="applicationNumber">JP8517059A</span>
<a href="/patent/JPH10509458A/en"><span itemprop="documentId">patent/JPH10509458A/en</span></a>
<span itemprop="legalStatusCat">not_active</span>
<span itemprop="legalStatus">Ceased</span>
</li>
<li itemprop="application" itemscope="" repeat="">
<span itemprop="filingDate">1995-11-22</span>
<span itemprop="countryCode">AP</span>
<span itemprop="applicationNumber">APAP/P/1997/000998A</span>
<a href="/patent/AP653A/en"><span itemprop="documentId">patent/AP653A/en</span></a>
<span itemprop="legalStatusCat">active</span>
<span itemprop="legalStatus"></span>
</li>
<li itemprop="application" itemscope="" repeat="">
<span itemprop="filingDate">1995-11-22</span>
<span itemprop="countryCode">CZ</span>
<span itemprop="applicationNumber">CZ19971553A</span>
<a href="/patent/CZ292881B6/en"><span itemprop="documentId">patent/CZ292881B6/en</span></a>
<span itemprop="legalStatusCat">not_active</span>
<span itemprop="legalStatus">IP Right Cessation</span>
</li>
<li itemprop="application" itemscope="" repeat="">
<span itemprop="filingDate">1995-11-22</span>
<span itemprop="countryCode">WO</span>
<span itemprop="applicationNumber">PCT/US1995/015210</span>
<a href="/patent/WO1996016076A1/en"><span itemprop="documentId">patent/WO1996016076A1/en</span></a>
<span itemprop="legalStatusCat">active</span>
<span itemprop="legalStatus">IP Right Grant</span>
</li>
<li itemprop="application" itemscope="" repeat="">
<span itemprop="filingDate">1995-11-22</span>
<span itemprop="countryCode">RU</span>
<span itemprop="applicationNumber">RU97110790/04A</span>
<a href="/patent/RU2176248C2/en"><span itemprop="documentId">patent/RU2176248C2/en</span></a>
<span itemprop="legalStatusCat">active</span>
<span itemprop="legalStatus"></span>
</li>
<li itemprop="application" itemscope="" repeat="">
<span itemprop="filingDate">1995-11-22</span>
<span itemprop="countryCode">PL</span>
<span itemprop="applicationNumber">PL95320416A</span>
<a href="/patent/PL182898B1/en"><span itemprop="documentId">patent/PL182898B1/en</span></a>
<span itemprop="legalStatusCat">not_active</span>
<span itemprop="legalStatus">IP Right Cessation</span>
</li>
<li itemprop="application" itemscope="" repeat="">
<span itemprop="filingDate">1995-11-23</span>
<span itemprop="countryCode">IL</span>
<span itemprop="applicationNumber">IL11610895A</span>
<a href="/patent/IL116108A/en"><span itemprop="documentId">patent/IL116108A/en</span></a>
<span itemprop="legalStatusCat">not_active</span>
<span itemprop="legalStatus">IP Right Cessation</span>
</li>
</ul>
</li>
<li itemprop="applicationsByYear" itemscope="" repeat="">
<span itemprop="year">1997</span>
<ul>
<li itemprop="application" itemscope="" repeat="">
<span itemprop="filingDate">1997-05-21</span>
<span itemprop="countryCode">NO</span>
<span itemprop="applicationNumber">NO972320A</span>
<a href="/patent/NO308950B1/en"><span itemprop="documentId">patent/NO308950B1/en</span></a>
<span itemprop="legalStatusCat">unknown</span>
<span itemprop="legalStatus"></span>
</li>
<li itemprop="application" itemscope="" repeat="">
<span itemprop="filingDate">1997-05-23</span>
<span itemprop="countryCode">IS</span>
<span itemprop="applicationNumber">IS4488A</span>
<a href="/patent/IS4488A/en"><span itemprop="documentId">patent/IS4488A/en</span></a>
<span itemprop="legalStatusCat">unknown</span>
<span itemprop="legalStatus"></span>
</li>
</ul>
</li>
<li itemprop="applicationsByYear" itemscope="" repeat="">
<span itemprop="year">2001</span>
<ul>
<li itemprop="application" itemscope="" repeat="">
<span itemprop="filingDate">2001-03-13</span>
<span itemprop="countryCode">GR</span>
<span itemprop="applicationNumber">GR20010400408T</span>
<a href="/patent/GR3035562T3/en"><span itemprop="documentId">patent/GR3035562T3/en</span></a>
<span itemprop="legalStatusCat">not_active</span>
<span itemprop="legalStatus">IP Right Cessation</span>
</li>
</ul>
</li>
</ul>
</section>
<section>
<h2>Patent Citations (4)</h2>
<table>
<caption>* Cited by examiner, † Cited by third party</caption>
<thead>
<tr>
<th>Publication number</th>
<th>Priority date</th>
<th>Publication date</th>
<th>Assignee</th>
<th>Title</th>
</tr>
</thead>
<tbody>
<tr itemprop="backwardReferences" itemscope="" repeat="">
<td>
<a href="/patent/US3953429A/en">
<span itemprop="publicationNumber">US3953429A</span>
              (<span itemprop="primaryLanguage">en</span>)
            </a>
<span itemprop="examinerCited">*</span>
</td>
<td itemprop="priorityDate">1970-12-17</td>
<td itemprop="publicationDate">1976-04-27</td>
<td><span itemprop="assigneeOriginal">Glaxo Laboratories Limited</span></td>
<td itemprop="title">Anaesthetic steroids of the androstance and pregnane series 
       </td>
</tr>
<tr itemprop="backwardReferences" itemscope="" repeat="">
<td>
<a href="/patent/WO1993003732A1/en">
<span itemprop="publicationNumber">WO1993003732A1</span>
              (<span itemprop="primaryLanguage">en</span>)
            </a>
<span itemprop="examinerCited">*</span>
</td>
<td itemprop="priorityDate">1991-08-13</td>
<td itemprop="publicationDate">1993-03-04</td>
<td><span itemprop="assigneeOriginal">Cocensys, Inc.</span></td>
<td itemprop="title">Gaba receptor modulators 
       </td>
</tr>
<tr itemprop="backwardReferences" itemscope="" repeat="">
<td>
<a href="/patent/WO1993005786A1/en">
<span itemprop="publicationNumber">WO1993005786A1</span>
              (<span itemprop="primaryLanguage">en</span>)
            </a>
<span itemprop="examinerCited">*</span>
</td>
<td itemprop="priorityDate">1991-09-13</td>
<td itemprop="publicationDate">1993-04-01</td>
<td><span itemprop="assigneeOriginal">Cocensys, Inc.</span></td>
<td itemprop="title">Novel gabaa receptor with steroid binding sites 
       </td>
</tr>
<tr itemprop="backwardReferences" itemscope="" repeat="">
<td>
<a href="/patent/WO1994027608A1/en">
<span itemprop="publicationNumber">WO1994027608A1</span>
              (<span itemprop="primaryLanguage">en</span>)
            </a>
<span itemprop="examinerCited">*</span>
</td>
<td itemprop="priorityDate">1993-05-24</td>
<td itemprop="publicationDate">1994-12-08</td>
<td><span itemprop="assigneeOriginal">Cocensys, Inc.</span></td>
<td itemprop="title">Methods and compositions for inducing sleep 
       </td>
</tr>
</tbody>
</table>
</section>
<section>
<h2>Non-Patent Citations (3)</h2>
<table>
<caption>* Cited by examiner, † Cited by third party</caption>
<thead>
<tr>
<th>Title</th>
</tr>
</thead>
<tbody>
<tr itemprop="detailedNonPatentLiterature" itemscope="" repeat="">
<td>
<span itemprop="title">PHILLIPPS G H: "<a href='http://scholar.google.com/scholar?q="STRUCTURE-ACTIVITY+RELATIONSHIPS+IN+STEROIDAL+ANAESTHETICS"'>STRUCTURE-ACTIVITY RELATIONSHIPS IN STEROIDAL ANAESTHETICS</a>", JOURNAL OF STEROID BIOCHEMISTRY, vol. 6, no. 5, May 1975 (1975-05-01), pages 607 - 613, XP000600716</span>
<span itemprop="examinerCited">*</span>
</td>
</tr>
<tr itemprop="detailedNonPatentLiterature" itemscope="" repeat="">
<td>
<span itemprop="title">PHILLIPPS G H: "<a href='http://scholar.google.com/scholar?q="STRUCTURE-ACTIVITY+RELATIONSHIPS+IN+STEROIDAL+ANAESTHETICS"'>STRUCTURE-ACTIVITY RELATIONSHIPS IN STEROIDAL ANAESTHETICS</a>", NOL. MECH. GEN. ANAESTH. GLAXO SYMPOSIUM, 1 January 1974 (1974-01-01), pages 32 - 47, XP000600765</span>
<span itemprop="examinerCited">*</span>
</td>
</tr>
<tr itemprop="detailedNonPatentLiterature" itemscope="" repeat="">
<td>
<span itemprop="title">R. PURDY ET AL: "<a href='http://scholar.google.com/scholar?q="Synthesis%2C+Metabolism+and+Pharmacological+Activity+of+3.alpha.-Hydroxy+Steroids+Which+Potentiate+GABA-Receptor+Mediated+Chloride+Ion+Uptake+in+Rat+Cerebral+Cortical+Synaptoneurosomes"'>Synthesis, Metabolism and Pharmacological Activity of 3.alpha.-Hydroxy Steroids Which Potentiate GABA-Receptor Mediated Chloride Ion Uptake in Rat Cerebral Cortical Synaptoneurosomes</a>", JOURNAL OF MEDICINAL CHEMISTRY., vol. 33, no. 6, June 1990 (1990-06-01), WASHINGTON US, pages 1572 - 1581, XP002044395</span>
<span itemprop="examinerCited">*</span>
</td>
</tr>
</tbody>
</table>
</section>
<section>
<h2>Also Published As</h2>
<table>
<thead>
<tr>
<th>Publication number</th>
<th>Publication date</th>
</tr>
</thead>
<tbody>
<tr itemprop="docdbFamily" itemscope="" repeat="">
<td>
<a href="/patent/FI972202L/en">
<span itemprop="publicationNumber">FI972202L</span>
              (<span itemprop="primaryLanguage">en</span>)
            </a>
</td>
<td itemprop="publicationDate">1997-07-17</td>
</tr>
<tr itemprop="docdbFamily" itemscope="" repeat="">
<td>
<a href="/patent/JPH10509458A/en">
<span itemprop="publicationNumber">JPH10509458A</span>
              (<span itemprop="primaryLanguage">en</span>)
            </a>
</td>
<td itemprop="publicationDate">1998-09-14</td>
</tr>
<tr itemprop="docdbFamily" itemscope="" repeat="">
<td>
<a href="/patent/FI972202A7/en">
<span itemprop="publicationNumber">FI972202A7</span>
              (<span itemprop="primaryLanguage">en</span>)
            </a>
</td>
<td itemprop="publicationDate">1997-07-17</td>
</tr>
<tr itemprop="docdbFamily" itemscope="" repeat="">
<td>
<a href="/patent/EP0808325B1/en">
<span itemprop="publicationNumber">EP0808325B1</span>
              (<span itemprop="primaryLanguage">en</span>)
            </a>
</td>
<td itemprop="publicationDate">2001-01-17</td>
</tr>
<tr itemprop="docdbFamily" itemscope="" repeat="">
<td>
<a href="/patent/CZ292881B6/en">
<span itemprop="publicationNumber">CZ292881B6</span>
              (<span itemprop="primaryLanguage">en</span>)
            </a>
</td>
<td itemprop="publicationDate">2003-12-17</td>
</tr>
<tr itemprop="docdbFamily" itemscope="" repeat="">
<td>
<a href="/patent/MX9703826A/en">
<span itemprop="publicationNumber">MX9703826A</span>
              (<span itemprop="primaryLanguage">en</span>)
            </a>
</td>
<td itemprop="publicationDate">1998-02-28</td>
</tr>
<tr itemprop="docdbFamily" itemscope="" repeat="">
<td>
<a href="/patent/IL116108A0/en">
<span itemprop="publicationNumber">IL116108A0</span>
              (<span itemprop="primaryLanguage">en</span>)
            </a>
</td>
<td itemprop="publicationDate">1996-01-31</td>
</tr>
<tr itemprop="docdbFamily" itemscope="" repeat="">
<td>
<a href="/patent/UA48154C2/en">
<span itemprop="publicationNumber">UA48154C2</span>
              (<span itemprop="primaryLanguage">en</span>)
            </a>
</td>
<td itemprop="publicationDate">2002-08-15</td>
</tr>
<tr itemprop="docdbFamily" itemscope="" repeat="">
<td>
<a href="/patent/CZ155397A3/en">
<span itemprop="publicationNumber">CZ155397A3</span>
              (<span itemprop="primaryLanguage">en</span>)
            </a>
</td>
<td itemprop="publicationDate">1998-03-18</td>
</tr>
<tr itemprop="docdbFamily" itemscope="" repeat="">
<td>
<a href="/patent/CA2205919A1/en">
<span itemprop="publicationNumber">CA2205919A1</span>
              (<span itemprop="primaryLanguage">en</span>)
            </a>
</td>
<td itemprop="publicationDate">1996-05-30</td>
</tr>
<tr itemprop="docdbFamily" itemscope="" repeat="">
<td>
<a href="/patent/AU707486B2/en">
<span itemprop="publicationNumber">AU707486B2</span>
              (<span itemprop="primaryLanguage">en</span>)
            </a>
</td>
<td itemprop="publicationDate">1999-07-08</td>
</tr>
<tr itemprop="docdbFamily" itemscope="" repeat="">
<td>
<a href="/patent/BR9509764A/en">
<span itemprop="publicationNumber">BR9509764A</span>
              (<span itemprop="primaryLanguage">en</span>)
            </a>
</td>
<td itemprop="publicationDate">1998-07-07</td>
</tr>
<tr itemprop="docdbFamily" itemscope="" repeat="">
<td>
<a href="/patent/NZ298567A/en">
<span itemprop="publicationNumber">NZ298567A</span>
              (<span itemprop="primaryLanguage">en</span>)
            </a>
</td>
<td itemprop="publicationDate">2000-01-28</td>
</tr>
<tr itemprop="docdbFamily" itemscope="" repeat="">
<td>
<a href="/patent/PL320416A1/en">
<span itemprop="publicationNumber">PL320416A1</span>
              (<span itemprop="primaryLanguage">en</span>)
            </a>
</td>
<td itemprop="publicationDate">1997-09-29</td>
</tr>
<tr itemprop="docdbFamily" itemscope="" repeat="">
<td>
<a href="/patent/KR100394548B1/en">
<span itemprop="publicationNumber">KR100394548B1</span>
              (<span itemprop="primaryLanguage">en</span>)
            </a>
</td>
<td itemprop="publicationDate">2004-02-05</td>
</tr>
<tr itemprop="docdbFamily" itemscope="" repeat="">
<td>
<a href="/patent/PL182898B1/en">
<span itemprop="publicationNumber">PL182898B1</span>
              (<span itemprop="primaryLanguage">en</span>)
            </a>
</td>
<td itemprop="publicationDate">2002-03-29</td>
</tr>
<tr itemprop="docdbFamily" itemscope="" repeat="">
<td>
<a href="/patent/NO972320D0/en">
<span itemprop="publicationNumber">NO972320D0</span>
              (<span itemprop="primaryLanguage">en</span>)
            </a>
</td>
<td itemprop="publicationDate">1997-05-21</td>
</tr>
<tr itemprop="docdbFamily" itemscope="" repeat="">
<td>
<a href="/patent/NO972320L/en">
<span itemprop="publicationNumber">NO972320L</span>
              (<span itemprop="primaryLanguage">en</span>)
            </a>
</td>
<td itemprop="publicationDate">1997-07-23</td>
</tr>
<tr itemprop="docdbFamily" itemscope="" repeat="">
<td>
<a href="/patent/DE69519945D1/en">
<span itemprop="publicationNumber">DE69519945D1</span>
              (<span itemprop="primaryLanguage">en</span>)
            </a>
</td>
<td itemprop="publicationDate">2001-02-22</td>
</tr>
<tr itemprop="docdbFamily" itemscope="" repeat="">
<td>
<a href="/patent/AP653A/en">
<span itemprop="publicationNumber">AP653A</span>
              (<span itemprop="primaryLanguage">en</span>)
            </a>
</td>
<td itemprop="publicationDate">1998-07-21</td>
</tr>
<tr itemprop="docdbFamily" itemscope="" repeat="">
<td>
<a href="/patent/IL116108A/en">
<span itemprop="publicationNumber">IL116108A</span>
              (<span itemprop="primaryLanguage">en</span>)
            </a>
</td>
<td itemprop="publicationDate">2002-08-14</td>
</tr>
<tr itemprop="docdbFamily" itemscope="" repeat="">
<td>
<a href="/patent/DE69519945T2/en">
<span itemprop="publicationNumber">DE69519945T2</span>
              (<span itemprop="primaryLanguage">en</span>)
            </a>
</td>
<td itemprop="publicationDate">2001-06-07</td>
</tr>
<tr itemprop="docdbFamily" itemscope="" repeat="">
<td>
<a href="/patent/FI972202A0/en">
<span itemprop="publicationNumber">FI972202A0</span>
              (<span itemprop="primaryLanguage">en</span>)
            </a>
</td>
<td itemprop="publicationDate">1997-05-23</td>
</tr>
<tr itemprop="docdbFamily" itemscope="" repeat="">
<td>
<a href="/patent/DK0808325T3/en">
<span itemprop="publicationNumber">DK0808325T3</span>
              (<span itemprop="primaryLanguage">en</span>)
            </a>
</td>
<td itemprop="publicationDate">2001-01-29</td>
</tr>
<tr itemprop="docdbFamily" itemscope="" repeat="">
<td>
<a href="/patent/AP9700998A0/en">
<span itemprop="publicationNumber">AP9700998A0</span>
              (<span itemprop="primaryLanguage">en</span>)
            </a>
</td>
<td itemprop="publicationDate">1997-07-31</td>
</tr>
<tr itemprop="docdbFamily" itemscope="" repeat="">
<td>
<a href="/patent/ES2155543T3/en">
<span itemprop="publicationNumber">ES2155543T3</span>
              (<span itemprop="primaryLanguage">en</span>)
            </a>
</td>
<td itemprop="publicationDate">2001-05-16</td>
</tr>
<tr itemprop="docdbFamily" itemscope="" repeat="">
<td>
<a href="/patent/EP0808325A1/en">
<span itemprop="publicationNumber">EP0808325A1</span>
              (<span itemprop="primaryLanguage">en</span>)
            </a>
</td>
<td itemprop="publicationDate">1997-11-26</td>
</tr>
<tr itemprop="docdbFamily" itemscope="" repeat="">
<td>
<a href="/patent/NO308950B1/en">
<span itemprop="publicationNumber">NO308950B1</span>
              (<span itemprop="primaryLanguage">en</span>)
            </a>
</td>
<td itemprop="publicationDate">2000-11-20</td>
</tr>
<tr itemprop="docdbFamily" itemscope="" repeat="">
<td>
<a href="/patent/ATE198753T1/en">
<span itemprop="publicationNumber">ATE198753T1</span>
              (<span itemprop="primaryLanguage">en</span>)
            </a>
</td>
<td itemprop="publicationDate">2001-02-15</td>
</tr>
<tr itemprop="docdbFamily" itemscope="" repeat="">
<td>
<a href="/patent/RU2176248C2/en">
<span itemprop="publicationNumber">RU2176248C2</span>
              (<span itemprop="primaryLanguage">en</span>)
            </a>
</td>
<td itemprop="publicationDate">2001-11-27</td>
</tr>
<tr itemprop="docdbFamily" itemscope="" repeat="">
<td>
<a href="/patent/AU4408596A/en">
<span itemprop="publicationNumber">AU4408596A</span>
              (<span itemprop="primaryLanguage">en</span>)
            </a>
</td>
<td itemprop="publicationDate">1996-06-17</td>
</tr>
<tr itemprop="docdbFamily" itemscope="" repeat="">
<td>
<a href="/patent/IS4488A/en">
<span itemprop="publicationNumber">IS4488A</span>
              (<span itemprop="primaryLanguage">en</span>)
            </a>
</td>
<td itemprop="publicationDate">1997-05-23</td>
</tr>
<tr itemprop="docdbFamily" itemscope="" repeat="">
<td>
<a href="/patent/PT808325E/en">
<span itemprop="publicationNumber">PT808325E</span>
              (<span itemprop="primaryLanguage">en</span>)
            </a>
</td>
<td itemprop="publicationDate">2001-06-29</td>
</tr>
<tr itemprop="docdbFamily" itemscope="" repeat="">
<td>
<a href="/patent/CN1171114A/en">
<span itemprop="publicationNumber">CN1171114A</span>
              (<span itemprop="primaryLanguage">en</span>)
            </a>
</td>
<td itemprop="publicationDate">1998-01-21</td>
</tr>
<tr itemprop="docdbFamily" itemscope="" repeat="">
<td>
<a href="/patent/HUT77087A/en">
<span itemprop="publicationNumber">HUT77087A</span>
              (<span itemprop="primaryLanguage">en</span>)
            </a>
</td>
<td itemprop="publicationDate">1998-03-02</td>
</tr>
<tr itemprop="docdbFamily" itemscope="" repeat="">
<td>
<a href="/patent/WO1996016076A1/en">
<span itemprop="publicationNumber">WO1996016076A1</span>
              (<span itemprop="primaryLanguage">en</span>)
            </a>
</td>
<td itemprop="publicationDate">1996-05-30</td>
</tr>
<tr itemprop="docdbFamily" itemscope="" repeat="">
<td>
<a href="/patent/GEP20002033B/en">
<span itemprop="publicationNumber">GEP20002033B</span>
              (<span itemprop="primaryLanguage">en</span>)
            </a>
</td>
<td itemprop="publicationDate">2000-04-10</td>
</tr>
<tr itemprop="docdbFamily" itemscope="" repeat="">
<td>
<a href="/patent/GR3035562T3/en">
<span itemprop="publicationNumber">GR3035562T3</span>
              (<span itemprop="primaryLanguage">en</span>)
            </a>
</td>
<td itemprop="publicationDate">2001-06-29</td>
</tr>
</tbody>
</table>
</section>
<section>
<h2>Similar Documents</h2>
<table>
<thead>
<tr>
<th>Publication</th>
<th>Publication Date</th>
<th>Title</th>
</tr>
</thead>
<tbody>
<tr itemprop="similarDocuments" itemscope="" repeat="">
<td>
<meta content="true" itemprop="isPatent"/>
<a href="/patent/BR9508234A/en">
<span itemprop="publicationNumber">BR9508234A</span>
                (<span itemprop="primaryLanguage">en</span>)
              </a>
</td>
<td>
<time datetime="1997-12-23" itemprop="publicationDate">1997-12-23</time>
</td>
<td itemprop="title"></td>
</tr>
<tr itemprop="similarDocuments" itemscope="" repeat="">
<td>
<meta content="true" itemprop="isPatent"/>
<a href="/patent/EP0666525A3/en">
<span itemprop="publicationNumber">EP0666525A3</span>
                (<span itemprop="primaryLanguage">en</span>)
              </a>
</td>
<td>
<time datetime="1995-09-20" itemprop="publicationDate">1995-09-20</time>
</td>
<td itemprop="title"></td>
</tr>
<tr itemprop="similarDocuments" itemscope="" repeat="">
<td>
<meta content="true" itemprop="isPatent"/>
<a href="/patent/ITMI952648A0/en">
<span itemprop="publicationNumber">ITMI952648A0</span>
                (<span itemprop="primaryLanguage">en</span>)
              </a>
</td>
<td>
<time datetime="1995-12-18" itemprop="publicationDate">1995-12-18</time>
</td>
<td itemprop="title"></td>
</tr>
<tr itemprop="similarDocuments" itemscope="" repeat="">
<td>
<meta content="true" itemprop="isPatent"/>
<a href="/patent/TW277199B/en">
<span itemprop="publicationNumber">TW277199B</span>
                (<span itemprop="primaryLanguage">en</span>)
              </a>
</td>
<td>
<time datetime="1996-06-01" itemprop="publicationDate">1996-06-01</time>
</td>
<td itemprop="title"></td>
</tr>
<tr itemprop="similarDocuments" itemscope="" repeat="">
<td>
<meta content="true" itemprop="isPatent"/>
<a href="/patent/TW270983B/en">
<span itemprop="publicationNumber">TW270983B</span>
                (<span itemprop="primaryLanguage">en</span>)
              </a>
</td>
<td>
<time datetime="1996-02-21" itemprop="publicationDate">1996-02-21</time>
</td>
<td itemprop="title"></td>
</tr>
<tr itemprop="similarDocuments" itemscope="" repeat="">
<td>
<meta content="true" itemprop="isPatent"/>
<a href="/patent/TW278249B/en">
<span itemprop="publicationNumber">TW278249B</span>
                (<span itemprop="primaryLanguage">en</span>)
              </a>
</td>
<td>
<time datetime="1996-06-11" itemprop="publicationDate">1996-06-11</time>
</td>
<td itemprop="title"></td>
</tr>
<tr itemprop="similarDocuments" itemscope="" repeat="">
<td>
<meta content="true" itemprop="isPatent"/>
<a href="/patent/FR2727270B1/en">
<span itemprop="publicationNumber">FR2727270B1</span>
                (<span itemprop="primaryLanguage">en</span>)
              </a>
</td>
<td>
<time datetime="1997-02-14" itemprop="publicationDate">1997-02-14</time>
</td>
<td itemprop="title"></td>
</tr>
<tr itemprop="similarDocuments" itemscope="" repeat="">
<td>
<meta content="true" itemprop="isPatent"/>
<a href="/patent/ITMI952107A0/en">
<span itemprop="publicationNumber">ITMI952107A0</span>
                (<span itemprop="primaryLanguage">en</span>)
              </a>
</td>
<td>
<time datetime="1995-10-13" itemprop="publicationDate">1995-10-13</time>
</td>
<td itemprop="title"></td>
</tr>
<tr itemprop="similarDocuments" itemscope="" repeat="">
<td>
<meta content="true" itemprop="isPatent"/>
<a href="/patent/TW271004B/en">
<span itemprop="publicationNumber">TW271004B</span>
                (<span itemprop="primaryLanguage">en</span>)
              </a>
</td>
<td>
<time datetime="1996-02-11" itemprop="publicationDate">1996-02-11</time>
</td>
<td itemprop="title"></td>
</tr>
<tr itemprop="similarDocuments" itemscope="" repeat="">
<td>
<meta content="true" itemprop="isPatent"/>
<a href="/patent/FR2727174B1/en">
<span itemprop="publicationNumber">FR2727174B1</span>
                (<span itemprop="primaryLanguage">en</span>)
              </a>
</td>
<td>
<time datetime="1997-02-14" itemprop="publicationDate">1997-02-14</time>
</td>
<td itemprop="title"></td>
</tr>
<tr itemprop="similarDocuments" itemscope="" repeat="">
<td>
<meta content="true" itemprop="isPatent"/>
<a href="/patent/TW271420B/en">
<span itemprop="publicationNumber">TW271420B</span>
                (<span itemprop="primaryLanguage">en</span>)
              </a>
</td>
<td>
<time datetime="1996-03-01" itemprop="publicationDate">1996-03-01</time>
</td>
<td itemprop="title"></td>
</tr>
<tr itemprop="similarDocuments" itemscope="" repeat="">
<td>
<meta content="true" itemprop="isPatent"/>
<a href="/patent/EP0667387A3/en">
<span itemprop="publicationNumber">EP0667387A3</span>
                (<span itemprop="primaryLanguage">en</span>)
              </a>
</td>
<td>
<time datetime="1995-09-27" itemprop="publicationDate">1995-09-27</time>
</td>
<td itemprop="title"></td>
</tr>
<tr itemprop="similarDocuments" itemscope="" repeat="">
<td>
<meta content="true" itemprop="isPatent"/>
<a href="/patent/TW279238B/en">
<span itemprop="publicationNumber">TW279238B</span>
                (<span itemprop="primaryLanguage">en</span>)
              </a>
</td>
<td>
<time datetime="1996-06-21" itemprop="publicationDate">1996-06-21</time>
</td>
<td itemprop="title"></td>
</tr>
<tr itemprop="similarDocuments" itemscope="" repeat="">
<td>
<meta content="true" itemprop="isPatent"/>
<a href="/patent/ITMI952149A0/en">
<span itemprop="publicationNumber">ITMI952149A0</span>
                (<span itemprop="primaryLanguage">en</span>)
              </a>
</td>
<td>
<time datetime="1995-10-19" itemprop="publicationDate">1995-10-19</time>
</td>
<td itemprop="title"></td>
</tr>
<tr itemprop="similarDocuments" itemscope="" repeat="">
<td>
<meta content="true" itemprop="isPatent"/>
<a href="/patent/BY1704C1/en">
<span itemprop="publicationNumber">BY1704C1</span>
                (<span itemprop="primaryLanguage">en</span>)
              </a>
</td>
<td>
<time datetime="1997-09-30" itemprop="publicationDate">1997-09-30</time>
</td>
<td itemprop="title"></td>
</tr>
<tr itemprop="similarDocuments" itemscope="" repeat="">
<td>
<meta content="true" itemprop="isPatent"/>
<a href="/patent/FR2728505B1/en">
<span itemprop="publicationNumber">FR2728505B1</span>
                (<span itemprop="primaryLanguage">en</span>)
              </a>
</td>
<td>
<time datetime="1997-02-14" itemprop="publicationDate">1997-02-14</time>
</td>
<td itemprop="title"></td>
</tr>
<tr itemprop="similarDocuments" itemscope="" repeat="">
<td>
<meta content="true" itemprop="isPatent"/>
<a href="/patent/DK0685247T3/en">
<span itemprop="publicationNumber">DK0685247T3</span>
                (<span itemprop="primaryLanguage">en</span>)
              </a>
</td>
<td>
<time datetime="1997-02-24" itemprop="publicationDate">1997-02-24</time>
</td>
<td itemprop="title"></td>
</tr>
<tr itemprop="similarDocuments" itemscope="" repeat="">
<td>
<meta content="true" itemprop="isPatent"/>
<a href="/patent/DK40195A/en">
<span itemprop="publicationNumber">DK40195A</span>
                (<span itemprop="primaryLanguage">en</span>)
              </a>
</td>
<td>
<time datetime="1995-04-07" itemprop="publicationDate">1995-04-07</time>
</td>
<td itemprop="title"></td>
</tr>
<tr itemprop="similarDocuments" itemscope="" repeat="">
<td>
<meta content="true" itemprop="isPatent"/>
<a href="/patent/IN189327B/en">
<span itemprop="publicationNumber">IN189327B</span>
                (<span itemprop="primaryLanguage">en</span>)
              </a>
</td>
<td>
<time datetime="2003-02-08" itemprop="publicationDate">2003-02-08</time>
</td>
<td itemprop="title"></td>
</tr>
<tr itemprop="similarDocuments" itemscope="" repeat="">
<td>
<meta content="true" itemprop="isPatent"/>
<a href="/patent/IN189160B/en">
<span itemprop="publicationNumber">IN189160B</span>
                (<span itemprop="primaryLanguage">en</span>)
              </a>
</td>
<td>
<time datetime="2002-12-28" itemprop="publicationDate">2002-12-28</time>
</td>
<td itemprop="title"></td>
</tr>
<tr itemprop="similarDocuments" itemscope="" repeat="">
<td>
<meta content="true" itemprop="isPatent"/>
<a href="/patent/IN184465B/en">
<span itemprop="publicationNumber">IN184465B</span>
                (<span itemprop="primaryLanguage">en</span>)
              </a>
</td>
<td>
<time datetime="2000-08-26" itemprop="publicationDate">2000-08-26</time>
</td>
<td itemprop="title"></td>
</tr>
<tr itemprop="similarDocuments" itemscope="" repeat="">
<td>
<meta content="true" itemprop="isPatent"/>
<a href="/patent/BRPI9401073A2/en">
<span itemprop="publicationNumber">BRPI9401073A2</span>
                (<span itemprop="primaryLanguage">en</span>)
              </a>
</td>
<td>
<time datetime="1995-12-05" itemprop="publicationDate">1995-12-05</time>
</td>
<td itemprop="title"></td>
</tr>
<tr itemprop="similarDocuments" itemscope="" repeat="">
<td>
<meta content="true" itemprop="isPatent"/>
<a href="/patent/BR7402097U/en">
<span itemprop="publicationNumber">BR7402097U</span>
                (<span itemprop="primaryLanguage">en</span>)
              </a>
</td>
<td>
<time datetime="1996-11-19" itemprop="publicationDate">1996-11-19</time>
</td>
<td itemprop="title"></td>
</tr>
<tr itemprop="similarDocuments" itemscope="" repeat="">
<td>
<meta content="true" itemprop="isPatent"/>
<a href="/patent/IN184066B/en">
<span itemprop="publicationNumber">IN184066B</span>
                (<span itemprop="primaryLanguage">en</span>)
              </a>
</td>
<td>
<time datetime="2000-06-03" itemprop="publicationDate">2000-06-03</time>
</td>
<td itemprop="title"></td>
</tr>
<tr itemprop="similarDocuments" itemscope="" repeat="">
<td>
<meta content="true" itemprop="isPatent"/>
<a href="/patent/CN3027523S/en">
<span itemprop="publicationNumber">CN3027523S</span>
                (<span itemprop="primaryLanguage">en</span>)
              </a>
</td>
<td>
<time datetime="1994-10-19" itemprop="publicationDate">1994-10-19</time>
</td>
<td itemprop="title"></td>
</tr>
</tbody>
</table>
</section>
<section>
<h2>Legal Events</h2>
<table>
<thead>
<tr>
<th>Date</th>
<th>Code</th>
<th>Title</th>
<th>Description</th>
</tr>
</thead>
<tbody>
<tr itemprop="legalEvents" itemscope="" repeat="">
<td><time datetime="1997-10-10" itemprop="date">1997-10-10</time></td>
<td itemprop="code">PUAI</td>
<td itemprop="title">Public reference made under article 153(3) epc to a published international application that has entered the european phase</td>
<td>
<p itemprop="attributes" itemscope="" repeat="">
<strong itemprop="label">Free format text</strong>:
              <span itemprop="value">ORIGINAL CODE: 0009012</span>
</p>
</td>
</tr>
<tr itemprop="legalEvents" itemscope="" repeat="">
<td><time datetime="1997-11-26" itemprop="date">1997-11-26</time></td>
<td itemprop="code">17P</td>
<td itemprop="title">Request for examination filed</td>
<td>
<p itemprop="attributes" itemscope="" repeat="">
<strong itemprop="label">Effective date</strong>:
              <span itemprop="value">19970620</span>
</p>
</td>
</tr>
<tr itemprop="legalEvents" itemscope="" repeat="">
<td><time datetime="1997-11-26" itemprop="date">1997-11-26</time></td>
<td itemprop="code">AK</td>
<td itemprop="title">Designated contracting states</td>
<td>
<p itemprop="attributes" itemscope="" repeat="">
<strong itemprop="label">Kind code of ref document</strong>:
              <span itemprop="value">A1</span>
</p>
<p itemprop="attributes" itemscope="" repeat="">
<strong itemprop="label">Designated state(s)</strong>:
              <span itemprop="value">AT BE CH DE DK ES FR GB GR IE IT LI LU MC NL PT SE</span>
</p>
</td>
</tr>
<tr itemprop="legalEvents" itemscope="" repeat="">
<td><time datetime="1997-12-17" itemprop="date">1997-12-17</time></td>
<td itemprop="code">A4</td>
<td itemprop="title">Supplementary search report drawn up and despatched</td>
<td>
<p itemprop="attributes" itemscope="" repeat="">
<strong itemprop="label">Effective date</strong>:
              <span itemprop="value">19971104</span>
</p>
</td>
</tr>
<tr itemprop="legalEvents" itemscope="" repeat="">
<td><time datetime="1997-12-17" itemprop="date">1997-12-17</time></td>
<td itemprop="code">AK</td>
<td itemprop="title">Designated contracting states</td>
<td>
<p itemprop="attributes" itemscope="" repeat="">
<strong itemprop="label">Kind code of ref document</strong>:
              <span itemprop="value">A4</span>
</p>
<p itemprop="attributes" itemscope="" repeat="">
<strong itemprop="label">Designated state(s)</strong>:
              <span itemprop="value">AT BE CH DE DK ES FR GB GR IE IT LI LU MC NL PT SE</span>
</p>
</td>
</tr>
<tr itemprop="legalEvents" itemscope="" repeat="">
<td><time datetime="1998-10-28" itemprop="date">1998-10-28</time></td>
<td itemprop="code">17Q</td>
<td itemprop="title">First examination report despatched</td>
<td>
<p itemprop="attributes" itemscope="" repeat="">
<strong itemprop="label">Effective date</strong>:
              <span itemprop="value">19980916</span>
</p>
</td>
</tr>
<tr itemprop="legalEvents" itemscope="" repeat="">
<td><time datetime="1999-09-13" itemprop="date">1999-09-13</time></td>
<td itemprop="code">GRAG</td>
<td itemprop="title">Despatch of communication of intention to grant</td>
<td>
<p itemprop="attributes" itemscope="" repeat="">
<strong itemprop="label">Free format text</strong>:
              <span itemprop="value">ORIGINAL CODE: EPIDOS AGRA</span>
</p>
</td>
</tr>
<tr itemprop="legalEvents" itemscope="" repeat="">
<td><time datetime="2000-03-10" itemprop="date">2000-03-10</time></td>
<td itemprop="code">GRAG</td>
<td itemprop="title">Despatch of communication of intention to grant</td>
<td>
<p itemprop="attributes" itemscope="" repeat="">
<strong itemprop="label">Free format text</strong>:
              <span itemprop="value">ORIGINAL CODE: EPIDOS AGRA</span>
</p>
</td>
</tr>
<tr itemprop="legalEvents" itemscope="" repeat="">
<td><time datetime="2000-03-10" itemprop="date">2000-03-10</time></td>
<td itemprop="code">GRAH</td>
<td itemprop="title">Despatch of communication of intention to grant a patent</td>
<td>
<p itemprop="attributes" itemscope="" repeat="">
<strong itemprop="label">Free format text</strong>:
              <span itemprop="value">ORIGINAL CODE: EPIDOS IGRA</span>
</p>
</td>
</tr>
<tr itemprop="legalEvents" itemscope="" repeat="">
<td><time datetime="2000-05-11" itemprop="date">2000-05-11</time></td>
<td itemprop="code">GRAH</td>
<td itemprop="title">Despatch of communication of intention to grant a patent</td>
<td>
<p itemprop="attributes" itemscope="" repeat="">
<strong itemprop="label">Free format text</strong>:
              <span itemprop="value">ORIGINAL CODE: EPIDOS IGRA</span>
</p>
</td>
</tr>
<tr itemprop="legalEvents" itemscope="" repeat="">
<td><time datetime="2000-12-01" itemprop="date">2000-12-01</time></td>
<td itemprop="code">GRAA</td>
<td itemprop="title">(expected) grant</td>
<td>
<p itemprop="attributes" itemscope="" repeat="">
<strong itemprop="label">Free format text</strong>:
              <span itemprop="value">ORIGINAL CODE: 0009210</span>
</p>
</td>
</tr>
<tr itemprop="legalEvents" itemscope="" repeat="">
<td><time datetime="2001-01-10" itemprop="date">2001-01-10</time></td>
<td itemprop="code">RIN1</td>
<td itemprop="title">Information on inventor provided before grant (corrected)</td>
<td>
<p itemprop="attributes" itemscope="" repeat="">
<strong itemprop="label">Inventor name</strong>:
              <span itemprop="value">UPASANI, RAVINDRA, B.</span>
</p>
<p itemprop="attributes" itemscope="" repeat="">
<strong itemprop="label">Inventor name</strong>:
              <span itemprop="value">PURDY, ROBERT</span>
</p>
<p itemprop="attributes" itemscope="" repeat="">
<strong itemprop="label">Inventor name</strong>:
              <span itemprop="value">TAHIR, HASAN</span>
</p>
<p itemprop="attributes" itemscope="" repeat="">
<strong itemprop="label">Inventor name</strong>:
              <span itemprop="value">BOLGER, MICHAEL, B.</span>
</p>
<p itemprop="attributes" itemscope="" repeat="">
<strong itemprop="label">Inventor name</strong>:
              <span itemprop="value">GEE, KELVIN, W.</span>
</p>
<p itemprop="attributes" itemscope="" repeat="">
<strong itemprop="label">Inventor name</strong>:
              <span itemprop="value">LAN, NANCY, C.</span>
</p>
</td>
</tr>
<tr itemprop="legalEvents" itemscope="" repeat="">
<td><time datetime="2001-01-17" itemprop="date">2001-01-17</time></td>
<td itemprop="code">AK</td>
<td itemprop="title">Designated contracting states</td>
<td>
<p itemprop="attributes" itemscope="" repeat="">
<strong itemprop="label">Kind code of ref document</strong>:
              <span itemprop="value">B1</span>
</p>
<p itemprop="attributes" itemscope="" repeat="">
<strong itemprop="label">Designated state(s)</strong>:
              <span itemprop="value">AT BE CH DE DK ES FR GB GR IE IT LI LU MC NL PT SE</span>
</p>
</td>
</tr>
<tr itemprop="legalEvents" itemscope="" repeat="">
<td><time datetime="2001-01-17" itemprop="date">2001-01-17</time></td>
<td itemprop="code">REF</td>
<td itemprop="title">Corresponds to:</td>
<td>
<p itemprop="attributes" itemscope="" repeat="">
<strong itemprop="label">Ref document number</strong>:
              <span itemprop="value">198753</span>
</p>
<p itemprop="attributes" itemscope="" repeat="">
<strong itemprop="label">Country of ref document</strong>:
              <span itemprop="value">AT</span>
</p>
<p itemprop="attributes" itemscope="" repeat="">
<strong itemprop="label">Date of ref document</strong>:
              <span itemprop="value">20010215</span>
</p>
<p itemprop="attributes" itemscope="" repeat="">
<strong itemprop="label">Kind code of ref document</strong>:
              <span itemprop="value">T</span>
</p>
</td>
</tr>
<tr itemprop="legalEvents" itemscope="" repeat="">
<td><time datetime="2001-01-29" itemprop="date">2001-01-29</time></td>
<td itemprop="code">REG</td>
<td itemprop="title">Reference to a national code</td>
<td>
<p itemprop="attributes" itemscope="" repeat="">
<strong itemprop="label">Ref country code</strong>:
              <span itemprop="value">DK</span>
</p>
<p itemprop="attributes" itemscope="" repeat="">
<strong itemprop="label">Ref legal event code</strong>:
              <span itemprop="value">T3</span>
</p>
</td>
</tr>
<tr itemprop="legalEvents" itemscope="" repeat="">
<td><time datetime="2001-01-31" itemprop="date">2001-01-31</time></td>
<td itemprop="code">REG</td>
<td itemprop="title">Reference to a national code</td>
<td>
<p itemprop="attributes" itemscope="" repeat="">
<strong itemprop="label">Ref country code</strong>:
              <span itemprop="value">CH</span>
</p>
<p itemprop="attributes" itemscope="" repeat="">
<strong itemprop="label">Ref legal event code</strong>:
              <span itemprop="value">EP</span>
</p>
</td>
</tr>
<tr itemprop="legalEvents" itemscope="" repeat="">
<td><time datetime="2001-02-07" itemprop="date">2001-02-07</time></td>
<td itemprop="code">REG</td>
<td itemprop="title">Reference to a national code</td>
<td>
<p itemprop="attributes" itemscope="" repeat="">
<strong itemprop="label">Ref country code</strong>:
              <span itemprop="value">IE</span>
</p>
<p itemprop="attributes" itemscope="" repeat="">
<strong itemprop="label">Ref legal event code</strong>:
              <span itemprop="value">FG4D</span>
</p>
</td>
</tr>
<tr itemprop="legalEvents" itemscope="" repeat="">
<td><time datetime="2001-02-22" itemprop="date">2001-02-22</time></td>
<td itemprop="code">REF</td>
<td itemprop="title">Corresponds to:</td>
<td>
<p itemprop="attributes" itemscope="" repeat="">
<strong itemprop="label">Ref document number</strong>:
              <span itemprop="value">69519945</span>
</p>
<p itemprop="attributes" itemscope="" repeat="">
<strong itemprop="label">Country of ref document</strong>:
              <span itemprop="value">DE</span>
</p>
<p itemprop="attributes" itemscope="" repeat="">
<strong itemprop="label">Date of ref document</strong>:
              <span itemprop="value">20010222</span>
</p>
</td>
</tr>
<tr itemprop="legalEvents" itemscope="" repeat="">
<td><time datetime="2001-03-09" itemprop="date">2001-03-09</time></td>
<td itemprop="code">ET</td>
<td itemprop="title">Fr: translation filed</td>
<td>
</td>
</tr>
<tr itemprop="legalEvents" itemscope="" repeat="">
<td><time datetime="2001-04-06" itemprop="date">2001-04-06</time></td>
<td itemprop="code">ITF</td>
<td itemprop="title">It: translation for a ep patent filed</td>
<td>
</td>
</tr>
<tr itemprop="legalEvents" itemscope="" repeat="">
<td><time datetime="2001-04-30" itemprop="date">2001-04-30</time></td>
<td itemprop="code">REG</td>
<td itemprop="title">Reference to a national code</td>
<td>
<p itemprop="attributes" itemscope="" repeat="">
<strong itemprop="label">Ref country code</strong>:
              <span itemprop="value">CH</span>
</p>
<p itemprop="attributes" itemscope="" repeat="">
<strong itemprop="label">Ref legal event code</strong>:
              <span itemprop="value">NV</span>
</p>
<p itemprop="attributes" itemscope="" repeat="">
<strong itemprop="label">Representative=s name</strong>:
              <span itemprop="value">KIRKER &amp; CIE SA</span>
</p>
</td>
</tr>
<tr itemprop="legalEvents" itemscope="" repeat="">
<td><time datetime="2001-05-16" itemprop="date">2001-05-16</time></td>
<td itemprop="code">REG</td>
<td itemprop="title">Reference to a national code</td>
<td>
<p itemprop="attributes" itemscope="" repeat="">
<strong itemprop="label">Ref country code</strong>:
              <span itemprop="value">ES</span>
</p>
<p itemprop="attributes" itemscope="" repeat="">
<strong itemprop="label">Ref legal event code</strong>:
              <span itemprop="value">FG2A</span>
</p>
<p itemprop="attributes" itemscope="" repeat="">
<strong itemprop="label">Ref document number</strong>:
              <span itemprop="value">2155543</span>
</p>
<p itemprop="attributes" itemscope="" repeat="">
<strong itemprop="label">Country of ref document</strong>:
              <span itemprop="value">ES</span>
</p>
<p itemprop="attributes" itemscope="" repeat="">
<strong itemprop="label">Kind code of ref document</strong>:
              <span itemprop="value">T3</span>
</p>
</td>
</tr>
<tr itemprop="legalEvents" itemscope="" repeat="">
<td><time datetime="2001-06-29" itemprop="date">2001-06-29</time></td>
<td itemprop="code">REG</td>
<td itemprop="title">Reference to a national code</td>
<td>
<p itemprop="attributes" itemscope="" repeat="">
<strong itemprop="label">Ref country code</strong>:
              <span itemprop="value">PT</span>
</p>
<p itemprop="attributes" itemscope="" repeat="">
<strong itemprop="label">Ref legal event code</strong>:
              <span itemprop="value">SC4A</span>
</p>
<p itemprop="attributes" itemscope="" repeat="">
<strong itemprop="label">Free format text</strong>:
              <span itemprop="value">AVAILABILITY OF NATIONAL TRANSLATION</span>
</p>
<p itemprop="attributes" itemscope="" repeat="">
<strong itemprop="label">Effective date</strong>:
              <span itemprop="value">20010328</span>
</p>
</td>
</tr>
<tr itemprop="legalEvents" itemscope="" repeat="">
<td><time datetime="2001-11-06" itemprop="date">2001-11-06</time></td>
<td itemprop="code">PGFP</td>
<td itemprop="title">Annual fee paid to national office [announced via postgrant information from national office to epo]</td>
<td>
<p itemprop="attributes" itemscope="" repeat="">
<strong itemprop="label">Ref country code</strong>:
              <span itemprop="value">MC</span>
</p>
<p itemprop="attributes" itemscope="" repeat="">
<strong itemprop="label">Payment date</strong>:
              <span itemprop="value">20011106</span>
</p>
<p itemprop="attributes" itemscope="" repeat="">
<strong itemprop="label">Year of fee payment</strong>:
              <span itemprop="value">7</span>
</p>
</td>
</tr>
<tr itemprop="legalEvents" itemscope="" repeat="">
<td><time datetime="2001-11-23" itemprop="date">2001-11-23</time></td>
<td itemprop="code">PLBE</td>
<td itemprop="title">No opposition filed within time limit</td>
<td>
<p itemprop="attributes" itemscope="" repeat="">
<strong itemprop="label">Free format text</strong>:
              <span itemprop="value">ORIGINAL CODE: 0009261</span>
</p>
</td>
</tr>
<tr itemprop="legalEvents" itemscope="" repeat="">
<td><time datetime="2001-11-23" itemprop="date">2001-11-23</time></td>
<td itemprop="code">STAA</td>
<td itemprop="title">Information on the status of an ep patent application or granted ep patent</td>
<td>
<p itemprop="attributes" itemscope="" repeat="">
<strong itemprop="label">Free format text</strong>:
              <span itemprop="value">STATUS: NO OPPOSITION FILED WITHIN TIME LIMIT</span>
</p>
</td>
</tr>
<tr itemprop="legalEvents" itemscope="" repeat="">
<td><time datetime="2002-01-01" itemprop="date">2002-01-01</time></td>
<td itemprop="code">REG</td>
<td itemprop="title">Reference to a national code</td>
<td>
<p itemprop="attributes" itemscope="" repeat="">
<strong itemprop="label">Ref country code</strong>:
              <span itemprop="value">GB</span>
</p>
<p itemprop="attributes" itemscope="" repeat="">
<strong itemprop="label">Ref legal event code</strong>:
              <span itemprop="value">IF02</span>
</p>
</td>
</tr>
<tr itemprop="legalEvents" itemscope="" repeat="">
<td><time datetime="2002-01-09" itemprop="date">2002-01-09</time></td>
<td itemprop="code">26N</td>
<td itemprop="title">No opposition filed</td>
<td>
</td>
</tr>
<tr itemprop="legalEvents" itemscope="" repeat="">
<td><time datetime="2003-06-01" itemprop="date">2003-06-01</time></td>
<td itemprop="code">PG25</td>
<td itemprop="title">Lapsed in a contracting state [announced via postgrant information from national office to epo]</td>
<td>
<p itemprop="attributes" itemscope="" repeat="">
<strong itemprop="label">Ref country code</strong>:
              <span itemprop="value">MC</span>
</p>
<p itemprop="attributes" itemscope="" repeat="">
<strong itemprop="label">Free format text</strong>:
              <span itemprop="value">LAPSE BECAUSE OF NON-PAYMENT OF DUE FEES</span>
</p>
<p itemprop="attributes" itemscope="" repeat="">
<strong itemprop="label">Effective date</strong>:
              <span itemprop="value">20030601</span>
</p>
</td>
</tr>
<tr itemprop="legalEvents" itemscope="" repeat="">
<td><time datetime="2004-06-16" itemprop="date">2004-06-16</time></td>
<td itemprop="code">REG</td>
<td itemprop="title">Reference to a national code</td>
<td>
<p itemprop="attributes" itemscope="" repeat="">
<strong itemprop="label">Ref country code</strong>:
              <span itemprop="value">GB</span>
</p>
<p itemprop="attributes" itemscope="" repeat="">
<strong itemprop="label">Ref legal event code</strong>:
              <span itemprop="value">732E</span>
</p>
</td>
</tr>
<tr itemprop="legalEvents" itemscope="" repeat="">
<td><time datetime="2004-06-30" itemprop="date">2004-06-30</time></td>
<td itemprop="code">REG</td>
<td itemprop="title">Reference to a national code</td>
<td>
<p itemprop="attributes" itemscope="" repeat="">
<strong itemprop="label">Ref country code</strong>:
              <span itemprop="value">PT</span>
</p>
<p itemprop="attributes" itemscope="" repeat="">
<strong itemprop="label">Ref legal event code</strong>:
              <span itemprop="value">PD4A</span>
</p>
<p itemprop="attributes" itemscope="" repeat="">
<strong itemprop="label">Free format text</strong>:
              <span itemprop="value">PURDUE PHARMA LTD.                                US</span>
</p>
<p itemprop="attributes" itemscope="" repeat="">
<strong itemprop="label">Effective date</strong>:
              <span itemprop="value">20040427</span>
</p>
<p itemprop="attributes" itemscope="" repeat="">
<strong itemprop="label">Ref country code</strong>:
              <span itemprop="value">PT</span>
</p>
<p itemprop="attributes" itemscope="" repeat="">
<strong itemprop="label">Ref legal event code</strong>:
              <span itemprop="value">PC4A</span>
</p>
<p itemprop="attributes" itemscope="" repeat="">
<strong itemprop="label">Free format text</strong>:
              <span itemprop="value">EURO-CELTIQUE S.A.                                LU</span>
</p>
<p itemprop="attributes" itemscope="" repeat="">
<strong itemprop="label">Effective date</strong>:
              <span itemprop="value">20040427</span>
</p>
</td>
</tr>
<tr itemprop="legalEvents" itemscope="" repeat="">
<td><time datetime="2004-09-17" itemprop="date">2004-09-17</time></td>
<td itemprop="code">REG</td>
<td itemprop="title">Reference to a national code</td>
<td>
<p itemprop="attributes" itemscope="" repeat="">
<strong itemprop="label">Ref country code</strong>:
              <span itemprop="value">FR</span>
</p>
<p itemprop="attributes" itemscope="" repeat="">
<strong itemprop="label">Ref legal event code</strong>:
              <span itemprop="value">TP</span>
</p>
<p itemprop="attributes" itemscope="" repeat="">
<strong itemprop="label">Ref country code</strong>:
              <span itemprop="value">FR</span>
</p>
<p itemprop="attributes" itemscope="" repeat="">
<strong itemprop="label">Ref legal event code</strong>:
              <span itemprop="value">CD</span>
</p>
</td>
</tr>
<tr itemprop="legalEvents" itemscope="" repeat="">
<td><time datetime="2005-06-24" itemprop="date">2005-06-24</time></td>
<td itemprop="code">REG</td>
<td itemprop="title">Reference to a national code</td>
<td>
<p itemprop="attributes" itemscope="" repeat="">
<strong itemprop="label">Ref country code</strong>:
              <span itemprop="value">HK</span>
</p>
<p itemprop="attributes" itemscope="" repeat="">
<strong itemprop="label">Ref legal event code</strong>:
              <span itemprop="value">WD</span>
</p>
<p itemprop="attributes" itemscope="" repeat="">
<strong itemprop="label">Ref document number</strong>:
              <span itemprop="value">1005243</span>
</p>
<p itemprop="attributes" itemscope="" repeat="">
<strong itemprop="label">Country of ref document</strong>:
              <span itemprop="value">HK</span>
</p>
</td>
</tr>
<tr itemprop="legalEvents" itemscope="" repeat="">
<td><time datetime="2005-09-23" itemprop="date">2005-09-23</time></td>
<td itemprop="code">PGFP</td>
<td itemprop="title">Annual fee paid to national office [announced via postgrant information from national office to epo]</td>
<td>
<p itemprop="attributes" itemscope="" repeat="">
<strong itemprop="label">Ref country code</strong>:
              <span itemprop="value">PT</span>
</p>
<p itemprop="attributes" itemscope="" repeat="">
<strong itemprop="label">Payment date</strong>:
              <span itemprop="value">20050923</span>
</p>
<p itemprop="attributes" itemscope="" repeat="">
<strong itemprop="label">Year of fee payment</strong>:
              <span itemprop="value">11</span>
</p>
</td>
</tr>
<tr itemprop="legalEvents" itemscope="" repeat="">
<td><time datetime="2005-09-27" itemprop="date">2005-09-27</time></td>
<td itemprop="code">PGFP</td>
<td itemprop="title">Annual fee paid to national office [announced via postgrant information from national office to epo]</td>
<td>
<p itemprop="attributes" itemscope="" repeat="">
<strong itemprop="label">Ref country code</strong>:
              <span itemprop="value">LU</span>
</p>
<p itemprop="attributes" itemscope="" repeat="">
<strong itemprop="label">Payment date</strong>:
              <span itemprop="value">20050927</span>
</p>
<p itemprop="attributes" itemscope="" repeat="">
<strong itemprop="label">Year of fee payment</strong>:
              <span itemprop="value">11</span>
</p>
</td>
</tr>
<tr itemprop="legalEvents" itemscope="" repeat="">
<td><time datetime="2005-10-04" itemprop="date">2005-10-04</time></td>
<td itemprop="code">PGFP</td>
<td itemprop="title">Annual fee paid to national office [announced via postgrant information from national office to epo]</td>
<td>
<p itemprop="attributes" itemscope="" repeat="">
<strong itemprop="label">Ref country code</strong>:
              <span itemprop="value">GB</span>
</p>
<p itemprop="attributes" itemscope="" repeat="">
<strong itemprop="label">Payment date</strong>:
              <span itemprop="value">20051004</span>
</p>
<p itemprop="attributes" itemscope="" repeat="">
<strong itemprop="label">Year of fee payment</strong>:
              <span itemprop="value">11</span>
</p>
<p itemprop="attributes" itemscope="" repeat="">
<strong itemprop="label">Ref country code</strong>:
              <span itemprop="value">AT</span>
</p>
<p itemprop="attributes" itemscope="" repeat="">
<strong itemprop="label">Payment date</strong>:
              <span itemprop="value">20051004</span>
</p>
<p itemprop="attributes" itemscope="" repeat="">
<strong itemprop="label">Year of fee payment</strong>:
              <span itemprop="value">11</span>
</p>
</td>
</tr>
<tr itemprop="legalEvents" itemscope="" repeat="">
<td><time datetime="2005-10-05" itemprop="date">2005-10-05</time></td>
<td itemprop="code">PGFP</td>
<td itemprop="title">Annual fee paid to national office [announced via postgrant information from national office to epo]</td>
<td>
<p itemprop="attributes" itemscope="" repeat="">
<strong itemprop="label">Ref country code</strong>:
              <span itemprop="value">NL</span>
</p>
<p itemprop="attributes" itemscope="" repeat="">
<strong itemprop="label">Payment date</strong>:
              <span itemprop="value">20051005</span>
</p>
<p itemprop="attributes" itemscope="" repeat="">
<strong itemprop="label">Year of fee payment</strong>:
              <span itemprop="value">11</span>
</p>
<p itemprop="attributes" itemscope="" repeat="">
<strong itemprop="label">Ref country code</strong>:
              <span itemprop="value">DK</span>
</p>
<p itemprop="attributes" itemscope="" repeat="">
<strong itemprop="label">Payment date</strong>:
              <span itemprop="value">20051005</span>
</p>
<p itemprop="attributes" itemscope="" repeat="">
<strong itemprop="label">Year of fee payment</strong>:
              <span itemprop="value">11</span>
</p>
</td>
</tr>
<tr itemprop="legalEvents" itemscope="" repeat="">
<td><time datetime="2005-10-24" itemprop="date">2005-10-24</time></td>
<td itemprop="code">PGFP</td>
<td itemprop="title">Annual fee paid to national office [announced via postgrant information from national office to epo]</td>
<td>
<p itemprop="attributes" itemscope="" repeat="">
<strong itemprop="label">Ref country code</strong>:
              <span itemprop="value">GR</span>
</p>
<p itemprop="attributes" itemscope="" repeat="">
<strong itemprop="label">Payment date</strong>:
              <span itemprop="value">20051024</span>
</p>
<p itemprop="attributes" itemscope="" repeat="">
<strong itemprop="label">Year of fee payment</strong>:
              <span itemprop="value">11</span>
</p>
</td>
</tr>
<tr itemprop="legalEvents" itemscope="" repeat="">
<td><time datetime="2005-10-26" itemprop="date">2005-10-26</time></td>
<td itemprop="code">PGFP</td>
<td itemprop="title">Annual fee paid to national office [announced via postgrant information from national office to epo]</td>
<td>
<p itemprop="attributes" itemscope="" repeat="">
<strong itemprop="label">Ref country code</strong>:
              <span itemprop="value">IE</span>
</p>
<p itemprop="attributes" itemscope="" repeat="">
<strong itemprop="label">Payment date</strong>:
              <span itemprop="value">20051026</span>
</p>
<p itemprop="attributes" itemscope="" repeat="">
<strong itemprop="label">Year of fee payment</strong>:
              <span itemprop="value">11</span>
</p>
</td>
</tr>
<tr itemprop="legalEvents" itemscope="" repeat="">
<td><time datetime="2005-10-31" itemprop="date">2005-10-31</time></td>
<td itemprop="code">BECH</td>
<td itemprop="title">Be: change of holder</td>
<td>
<p itemprop="attributes" itemscope="" repeat="">
<strong itemprop="label">Owner name</strong>:
              <span itemprop="value">S.A. *EURO-CELTIQUE</span>
</p>
<p itemprop="attributes" itemscope="" repeat="">
<strong itemprop="label">Effective date</strong>:
              <span itemprop="value">20051020</span>
</p>
</td>
</tr>
<tr itemprop="legalEvents" itemscope="" repeat="">
<td><time datetime="2005-11-04" itemprop="date">2005-11-04</time></td>
<td itemprop="code">PGFP</td>
<td itemprop="title">Annual fee paid to national office [announced via postgrant information from national office to epo]</td>
<td>
<p itemprop="attributes" itemscope="" repeat="">
<strong itemprop="label">Ref country code</strong>:
              <span itemprop="value">FR</span>
</p>
<p itemprop="attributes" itemscope="" repeat="">
<strong itemprop="label">Payment date</strong>:
              <span itemprop="value">20051104</span>
</p>
<p itemprop="attributes" itemscope="" repeat="">
<strong itemprop="label">Year of fee payment</strong>:
              <span itemprop="value">11</span>
</p>
</td>
</tr>
<tr itemprop="legalEvents" itemscope="" repeat="">
<td><time datetime="2005-11-07" itemprop="date">2005-11-07</time></td>
<td itemprop="code">PGFP</td>
<td itemprop="title">Annual fee paid to national office [announced via postgrant information from national office to epo]</td>
<td>
<p itemprop="attributes" itemscope="" repeat="">
<strong itemprop="label">Ref country code</strong>:
              <span itemprop="value">SE</span>
</p>
<p itemprop="attributes" itemscope="" repeat="">
<strong itemprop="label">Payment date</strong>:
              <span itemprop="value">20051107</span>
</p>
<p itemprop="attributes" itemscope="" repeat="">
<strong itemprop="label">Year of fee payment</strong>:
              <span itemprop="value">11</span>
</p>
</td>
</tr>
<tr itemprop="legalEvents" itemscope="" repeat="">
<td><time datetime="2005-11-15" itemprop="date">2005-11-15</time></td>
<td itemprop="code">REG</td>
<td itemprop="title">Reference to a national code</td>
<td>
<p itemprop="attributes" itemscope="" repeat="">
<strong itemprop="label">Ref country code</strong>:
              <span itemprop="value">CH</span>
</p>
<p itemprop="attributes" itemscope="" repeat="">
<strong itemprop="label">Ref legal event code</strong>:
              <span itemprop="value">PUE</span>
</p>
<p itemprop="attributes" itemscope="" repeat="">
<strong itemprop="label">Owner name</strong>:
              <span itemprop="value">EURO-CELTIQUE S.A.</span>
</p>
<p itemprop="attributes" itemscope="" repeat="">
<strong itemprop="label">Free format text</strong>:
              <span itemprop="value">PURDUE PHARMA LTD.#213 TECHNOLOGY DRIVE#IRVINE, CA 92718 (US) -TRANSFER TO- EURO-CELTIQUE S.A.#122 BOULEVARD DE LA PETRUSSE#2330 LUXEMBOURG (LU)</span>
</p>
<p itemprop="attributes" itemscope="" repeat="">
<strong itemprop="label">Ref country code</strong>:
              <span itemprop="value">CH</span>
</p>
<p itemprop="attributes" itemscope="" repeat="">
<strong itemprop="label">Ref legal event code</strong>:
              <span itemprop="value">PFA</span>
</p>
<p itemprop="attributes" itemscope="" repeat="">
<strong itemprop="label">Owner name</strong>:
              <span itemprop="value">PURDUE PHARMA LTD.</span>
</p>
<p itemprop="attributes" itemscope="" repeat="">
<strong itemprop="label">Free format text</strong>:
              <span itemprop="value">COCENSYS, INC.#213 TECHNOLOGY DRIVE#IRVINE, CA 92718 (US) -TRANSFER TO- PURDUE PHARMA LTD.#213 TECHNOLOGY DRIVE#IRVINE, CA 92718 (US)</span>
</p>
</td>
</tr>
<tr itemprop="legalEvents" itemscope="" repeat="">
<td><time datetime="2005-11-22" itemprop="date">2005-11-22</time></td>
<td itemprop="code">PGFP</td>
<td itemprop="title">Annual fee paid to national office [announced via postgrant information from national office to epo]</td>
<td>
<p itemprop="attributes" itemscope="" repeat="">
<strong itemprop="label">Ref country code</strong>:
              <span itemprop="value">ES</span>
</p>
<p itemprop="attributes" itemscope="" repeat="">
<strong itemprop="label">Payment date</strong>:
              <span itemprop="value">20051122</span>
</p>
<p itemprop="attributes" itemscope="" repeat="">
<strong itemprop="label">Year of fee payment</strong>:
              <span itemprop="value">11</span>
</p>
</td>
</tr>
<tr itemprop="legalEvents" itemscope="" repeat="">
<td><time datetime="2005-11-30" itemprop="date">2005-11-30</time></td>
<td itemprop="code">PGFP</td>
<td itemprop="title">Annual fee paid to national office [announced via postgrant information from national office to epo]</td>
<td>
<p itemprop="attributes" itemscope="" repeat="">
<strong itemprop="label">Ref country code</strong>:
              <span itemprop="value">DE</span>
</p>
<p itemprop="attributes" itemscope="" repeat="">
<strong itemprop="label">Payment date</strong>:
              <span itemprop="value">20051130</span>
</p>
<p itemprop="attributes" itemscope="" repeat="">
<strong itemprop="label">Year of fee payment</strong>:
              <span itemprop="value">11</span>
</p>
</td>
</tr>
<tr itemprop="legalEvents" itemscope="" repeat="">
<td><time datetime="2005-12-07" itemprop="date">2005-12-07</time></td>
<td itemprop="code">PGFP</td>
<td itemprop="title">Annual fee paid to national office [announced via postgrant information from national office to epo]</td>
<td>
<p itemprop="attributes" itemscope="" repeat="">
<strong itemprop="label">Ref country code</strong>:
              <span itemprop="value">BE</span>
</p>
<p itemprop="attributes" itemscope="" repeat="">
<strong itemprop="label">Payment date</strong>:
              <span itemprop="value">20051207</span>
</p>
<p itemprop="attributes" itemscope="" repeat="">
<strong itemprop="label">Year of fee payment</strong>:
              <span itemprop="value">11</span>
</p>
</td>
</tr>
<tr itemprop="legalEvents" itemscope="" repeat="">
<td><time datetime="2005-12-16" itemprop="date">2005-12-16</time></td>
<td itemprop="code">PGFP</td>
<td itemprop="title">Annual fee paid to national office [announced via postgrant information from national office to epo]</td>
<td>
<p itemprop="attributes" itemscope="" repeat="">
<strong itemprop="label">Ref country code</strong>:
              <span itemprop="value">CH</span>
</p>
<p itemprop="attributes" itemscope="" repeat="">
<strong itemprop="label">Payment date</strong>:
              <span itemprop="value">20051216</span>
</p>
<p itemprop="attributes" itemscope="" repeat="">
<strong itemprop="label">Year of fee payment</strong>:
              <span itemprop="value">11</span>
</p>
</td>
</tr>
<tr itemprop="legalEvents" itemscope="" repeat="">
<td><time datetime="2006-11-22" itemprop="date">2006-11-22</time></td>
<td itemprop="code">PG25</td>
<td itemprop="title">Lapsed in a contracting state [announced via postgrant information from national office to epo]</td>
<td>
<p itemprop="attributes" itemscope="" repeat="">
<strong itemprop="label">Ref country code</strong>:
              <span itemprop="value">IE</span>
</p>
<p itemprop="attributes" itemscope="" repeat="">
<strong itemprop="label">Free format text</strong>:
              <span itemprop="value">LAPSE BECAUSE OF NON-PAYMENT OF DUE FEES</span>
</p>
<p itemprop="attributes" itemscope="" repeat="">
<strong itemprop="label">Effective date</strong>:
              <span itemprop="value">20061122</span>
</p>
<p itemprop="attributes" itemscope="" repeat="">
<strong itemprop="label">Ref country code</strong>:
              <span itemprop="value">AT</span>
</p>
<p itemprop="attributes" itemscope="" repeat="">
<strong itemprop="label">Free format text</strong>:
              <span itemprop="value">LAPSE BECAUSE OF NON-PAYMENT OF DUE FEES</span>
</p>
<p itemprop="attributes" itemscope="" repeat="">
<strong itemprop="label">Effective date</strong>:
              <span itemprop="value">20061122</span>
</p>
</td>
</tr>
<tr itemprop="legalEvents" itemscope="" repeat="">
<td><time datetime="2006-11-23" itemprop="date">2006-11-23</time></td>
<td itemprop="code">PG25</td>
<td itemprop="title">Lapsed in a contracting state [announced via postgrant information from national office to epo]</td>
<td>
<p itemprop="attributes" itemscope="" repeat="">
<strong itemprop="label">Ref country code</strong>:
              <span itemprop="value">SE</span>
</p>
<p itemprop="attributes" itemscope="" repeat="">
<strong itemprop="label">Free format text</strong>:
              <span itemprop="value">LAPSE BECAUSE OF NON-PAYMENT OF DUE FEES</span>
</p>
<p itemprop="attributes" itemscope="" repeat="">
<strong itemprop="label">Effective date</strong>:
              <span itemprop="value">20061123</span>
</p>
</td>
</tr>
<tr itemprop="legalEvents" itemscope="" repeat="">
<td><time datetime="2006-11-30" itemprop="date">2006-11-30</time></td>
<td itemprop="code">PG25</td>
<td itemprop="title">Lapsed in a contracting state [announced via postgrant information from national office to epo]</td>
<td>
<p itemprop="attributes" itemscope="" repeat="">
<strong itemprop="label">Ref country code</strong>:
              <span itemprop="value">LI</span>
</p>
<p itemprop="attributes" itemscope="" repeat="">
<strong itemprop="label">Free format text</strong>:
              <span itemprop="value">LAPSE BECAUSE OF NON-PAYMENT OF DUE FEES</span>
</p>
<p itemprop="attributes" itemscope="" repeat="">
<strong itemprop="label">Effective date</strong>:
              <span itemprop="value">20061130</span>
</p>
<p itemprop="attributes" itemscope="" repeat="">
<strong itemprop="label">Ref country code</strong>:
              <span itemprop="value">DK</span>
</p>
<p itemprop="attributes" itemscope="" repeat="">
<strong itemprop="label">Free format text</strong>:
              <span itemprop="value">LAPSE BECAUSE OF NON-PAYMENT OF DUE FEES</span>
</p>
<p itemprop="attributes" itemscope="" repeat="">
<strong itemprop="label">Effective date</strong>:
              <span itemprop="value">20061130</span>
</p>
<p itemprop="attributes" itemscope="" repeat="">
<strong itemprop="label">Ref country code</strong>:
              <span itemprop="value">CH</span>
</p>
<p itemprop="attributes" itemscope="" repeat="">
<strong itemprop="label">Free format text</strong>:
              <span itemprop="value">LAPSE BECAUSE OF NON-PAYMENT OF DUE FEES</span>
</p>
<p itemprop="attributes" itemscope="" repeat="">
<strong itemprop="label">Effective date</strong>:
              <span itemprop="value">20061130</span>
</p>
<p itemprop="attributes" itemscope="" repeat="">
<strong itemprop="label">Ref country code</strong>:
              <span itemprop="value">BE</span>
</p>
<p itemprop="attributes" itemscope="" repeat="">
<strong itemprop="label">Free format text</strong>:
              <span itemprop="value">LAPSE BECAUSE OF NON-PAYMENT OF DUE FEES</span>
</p>
<p itemprop="attributes" itemscope="" repeat="">
<strong itemprop="label">Effective date</strong>:
              <span itemprop="value">20061130</span>
</p>
</td>
</tr>
<tr itemprop="legalEvents" itemscope="" repeat="">
<td><time datetime="2006-11-30" itemprop="date">2006-11-30</time></td>
<td itemprop="code">PGFP</td>
<td itemprop="title">Annual fee paid to national office [announced via postgrant information from national office to epo]</td>
<td>
<p itemprop="attributes" itemscope="" repeat="">
<strong itemprop="label">Ref country code</strong>:
              <span itemprop="value">IT</span>
</p>
<p itemprop="attributes" itemscope="" repeat="">
<strong itemprop="label">Payment date</strong>:
              <span itemprop="value">20061130</span>
</p>
<p itemprop="attributes" itemscope="" repeat="">
<strong itemprop="label">Year of fee payment</strong>:
              <span itemprop="value">12</span>
</p>
</td>
</tr>
<tr itemprop="legalEvents" itemscope="" repeat="">
<td><time datetime="2007-05-22" itemprop="date">2007-05-22</time></td>
<td itemprop="code">PG25</td>
<td itemprop="title">Lapsed in a contracting state [announced via postgrant information from national office to epo]</td>
<td>
<p itemprop="attributes" itemscope="" repeat="">
<strong itemprop="label">Ref country code</strong>:
              <span itemprop="value">PT</span>
</p>
<p itemprop="attributes" itemscope="" repeat="">
<strong itemprop="label">Free format text</strong>:
              <span itemprop="value">LAPSE BECAUSE OF NON-PAYMENT OF DUE FEES</span>
</p>
<p itemprop="attributes" itemscope="" repeat="">
<strong itemprop="label">Effective date</strong>:
              <span itemprop="value">20070522</span>
</p>
</td>
</tr>
<tr itemprop="legalEvents" itemscope="" repeat="">
<td><time datetime="2007-06-01" itemprop="date">2007-06-01</time></td>
<td itemprop="code">PG25</td>
<td itemprop="title">Lapsed in a contracting state [announced via postgrant information from national office to epo]</td>
<td>
<p itemprop="attributes" itemscope="" repeat="">
<strong itemprop="label">Ref country code</strong>:
              <span itemprop="value">NL</span>
</p>
<p itemprop="attributes" itemscope="" repeat="">
<strong itemprop="label">Free format text</strong>:
              <span itemprop="value">LAPSE BECAUSE OF NON-PAYMENT OF DUE FEES</span>
</p>
<p itemprop="attributes" itemscope="" repeat="">
<strong itemprop="label">Effective date</strong>:
              <span itemprop="value">20070601</span>
</p>
<p itemprop="attributes" itemscope="" repeat="">
<strong itemprop="label">Ref country code</strong>:
              <span itemprop="value">DE</span>
</p>
<p itemprop="attributes" itemscope="" repeat="">
<strong itemprop="label">Free format text</strong>:
              <span itemprop="value">LAPSE BECAUSE OF NON-PAYMENT OF DUE FEES</span>
</p>
<p itemprop="attributes" itemscope="" repeat="">
<strong itemprop="label">Effective date</strong>:
              <span itemprop="value">20070601</span>
</p>
</td>
</tr>
<tr itemprop="legalEvents" itemscope="" repeat="">
<td><time datetime="2007-06-06" itemprop="date">2007-06-06</time></td>
<td itemprop="code">REG</td>
<td itemprop="title">Reference to a national code</td>
<td>
<p itemprop="attributes" itemscope="" repeat="">
<strong itemprop="label">Ref country code</strong>:
              <span itemprop="value">PT</span>
</p>
<p itemprop="attributes" itemscope="" repeat="">
<strong itemprop="label">Ref legal event code</strong>:
              <span itemprop="value">MM4A</span>
</p>
<p itemprop="attributes" itemscope="" repeat="">
<strong itemprop="label">Free format text</strong>:
              <span itemprop="value">LAPSE DUE TO NON-PAYMENT OF FEES</span>
</p>
<p itemprop="attributes" itemscope="" repeat="">
<strong itemprop="label">Effective date</strong>:
              <span itemprop="value">20070522</span>
</p>
</td>
</tr>
<tr itemprop="legalEvents" itemscope="" repeat="">
<td><time datetime="2007-07-02" itemprop="date">2007-07-02</time></td>
<td itemprop="code">REG</td>
<td itemprop="title">Reference to a national code</td>
<td>
<p itemprop="attributes" itemscope="" repeat="">
<strong itemprop="label">Ref country code</strong>:
              <span itemprop="value">DK</span>
</p>
<p itemprop="attributes" itemscope="" repeat="">
<strong itemprop="label">Ref legal event code</strong>:
              <span itemprop="value">EBP</span>
</p>
</td>
</tr>
<tr itemprop="legalEvents" itemscope="" repeat="">
<td><time datetime="2007-07-13" itemprop="date">2007-07-13</time></td>
<td itemprop="code">REG</td>
<td itemprop="title">Reference to a national code</td>
<td>
<p itemprop="attributes" itemscope="" repeat="">
<strong itemprop="label">Ref country code</strong>:
              <span itemprop="value">CH</span>
</p>
<p itemprop="attributes" itemscope="" repeat="">
<strong itemprop="label">Ref legal event code</strong>:
              <span itemprop="value">PL</span>
</p>
</td>
</tr>
<tr itemprop="legalEvents" itemscope="" repeat="">
<td><time datetime="2007-07-24" itemprop="date">2007-07-24</time></td>
<td itemprop="code">EUG</td>
<td itemprop="title">Se: european patent has lapsed</td>
<td>
</td>
</tr>
<tr itemprop="legalEvents" itemscope="" repeat="">
<td><time datetime="2007-07-25" itemprop="date">2007-07-25</time></td>
<td itemprop="code">GBPC</td>
<td itemprop="title">Gb: european patent ceased through non-payment of renewal fee</td>
<td>
<p itemprop="attributes" itemscope="" repeat="">
<strong itemprop="label">Effective date</strong>:
              <span itemprop="value">20061122</span>
</p>
</td>
</tr>
<tr itemprop="legalEvents" itemscope="" repeat="">
<td><time datetime="2007-08-01" itemprop="date">2007-08-01</time></td>
<td itemprop="code">NLV4</td>
<td itemprop="title">Nl: lapsed or anulled due to non-payment of the annual fee</td>
<td>
<p itemprop="attributes" itemscope="" repeat="">
<strong itemprop="label">Effective date</strong>:
              <span itemprop="value">20070601</span>
</p>
</td>
</tr>
<tr itemprop="legalEvents" itemscope="" repeat="">
<td><time datetime="2007-08-03" itemprop="date">2007-08-03</time></td>
<td itemprop="code">REG</td>
<td itemprop="title">Reference to a national code</td>
<td>
<p itemprop="attributes" itemscope="" repeat="">
<strong itemprop="label">Ref country code</strong>:
              <span itemprop="value">FR</span>
</p>
<p itemprop="attributes" itemscope="" repeat="">
<strong itemprop="label">Ref legal event code</strong>:
              <span itemprop="value">ST</span>
</p>
<p itemprop="attributes" itemscope="" repeat="">
<strong itemprop="label">Effective date</strong>:
              <span itemprop="value">20070731</span>
</p>
</td>
</tr>
<tr itemprop="legalEvents" itemscope="" repeat="">
<td><time datetime="2007-08-22" itemprop="date">2007-08-22</time></td>
<td itemprop="code">REG</td>
<td itemprop="title">Reference to a national code</td>
<td>
<p itemprop="attributes" itemscope="" repeat="">
<strong itemprop="label">Ref country code</strong>:
              <span itemprop="value">IE</span>
</p>
<p itemprop="attributes" itemscope="" repeat="">
<strong itemprop="label">Ref legal event code</strong>:
              <span itemprop="value">MM4A</span>
</p>
</td>
</tr>
<tr itemprop="legalEvents" itemscope="" repeat="">
<td><time datetime="2007-11-24" itemprop="date">2007-11-24</time></td>
<td itemprop="code">PG25</td>
<td itemprop="title">Lapsed in a contracting state [announced via postgrant information from national office to epo]</td>
<td>
<p itemprop="attributes" itemscope="" repeat="">
<strong itemprop="label">Ref country code</strong>:
              <span itemprop="value">GB</span>
</p>
<p itemprop="attributes" itemscope="" repeat="">
<strong itemprop="label">Free format text</strong>:
              <span itemprop="value">LAPSE BECAUSE OF NON-PAYMENT OF DUE FEES</span>
</p>
<p itemprop="attributes" itemscope="" repeat="">
<strong itemprop="label">Effective date</strong>:
              <span itemprop="value">20061122</span>
</p>
</td>
</tr>
<tr itemprop="legalEvents" itemscope="" repeat="">
<td><time datetime="2007-12-31" itemprop="date">2007-12-31</time></td>
<td itemprop="code">BECH</td>
<td itemprop="title">Be: change of holder</td>
<td>
<p itemprop="attributes" itemscope="" repeat="">
<strong itemprop="label">Owner name</strong>:
              <span itemprop="value">S.A. *EURO-CELTIQUE</span>
</p>
<p itemprop="attributes" itemscope="" repeat="">
<strong itemprop="label">Effective date</strong>:
              <span itemprop="value">20051020</span>
</p>
</td>
</tr>
<tr itemprop="legalEvents" itemscope="" repeat="">
<td><time datetime="2007-12-31" itemprop="date">2007-12-31</time></td>
<td itemprop="code">BERE</td>
<td itemprop="title">Be: lapsed</td>
<td>
<p itemprop="attributes" itemscope="" repeat="">
<strong itemprop="label">Owner name</strong>:
              <span itemprop="value">S.A. *EURO-CELTIQUE</span>
</p>
<p itemprop="attributes" itemscope="" repeat="">
<strong itemprop="label">Effective date</strong>:
              <span itemprop="value">20061130</span>
</p>
</td>
</tr>
<tr itemprop="legalEvents" itemscope="" repeat="">
<td><time datetime="2008-04-30" itemprop="date">2008-04-30</time></td>
<td itemprop="code">PG25</td>
<td itemprop="title">Lapsed in a contracting state [announced via postgrant information from national office to epo]</td>
<td>
<p itemprop="attributes" itemscope="" repeat="">
<strong itemprop="label">Ref country code</strong>:
              <span itemprop="value">FR</span>
</p>
<p itemprop="attributes" itemscope="" repeat="">
<strong itemprop="label">Free format text</strong>:
              <span itemprop="value">LAPSE BECAUSE OF NON-PAYMENT OF DUE FEES</span>
</p>
<p itemprop="attributes" itemscope="" repeat="">
<strong itemprop="label">Effective date</strong>:
              <span itemprop="value">20061130</span>
</p>
</td>
</tr>
<tr itemprop="legalEvents" itemscope="" repeat="">
<td><time datetime="2008-07-31" itemprop="date">2008-07-31</time></td>
<td itemprop="code">PG25</td>
<td itemprop="title">Lapsed in a contracting state [announced via postgrant information from national office to epo]</td>
<td>
<p itemprop="attributes" itemscope="" repeat="">
<strong itemprop="label">Ref country code</strong>:
              <span itemprop="value">LU</span>
</p>
<p itemprop="attributes" itemscope="" repeat="">
<strong itemprop="label">Free format text</strong>:
              <span itemprop="value">LAPSE BECAUSE OF NON-PAYMENT OF DUE FEES</span>
</p>
<p itemprop="attributes" itemscope="" repeat="">
<strong itemprop="label">Effective date</strong>:
              <span itemprop="value">20061122</span>
</p>
</td>
</tr>
<tr itemprop="legalEvents" itemscope="" repeat="">
<td><time datetime="2008-10-31" itemprop="date">2008-10-31</time></td>
<td itemprop="code">PG25</td>
<td itemprop="title">Lapsed in a contracting state [announced via postgrant information from national office to epo]</td>
<td>
<p itemprop="attributes" itemscope="" repeat="">
<strong itemprop="label">Ref country code</strong>:
              <span itemprop="value">GR</span>
</p>
<p itemprop="attributes" itemscope="" repeat="">
<strong itemprop="label">Free format text</strong>:
              <span itemprop="value">LAPSE BECAUSE OF NON-PAYMENT OF DUE FEES</span>
</p>
<p itemprop="attributes" itemscope="" repeat="">
<strong itemprop="label">Effective date</strong>:
              <span itemprop="value">20070604</span>
</p>
</td>
</tr>
<tr itemprop="legalEvents" itemscope="" repeat="">
<td><time datetime="2008-11-16" itemprop="date">2008-11-16</time></td>
<td itemprop="code">REG</td>
<td itemprop="title">Reference to a national code</td>
<td>
<p itemprop="attributes" itemscope="" repeat="">
<strong itemprop="label">Ref country code</strong>:
              <span itemprop="value">ES</span>
</p>
<p itemprop="attributes" itemscope="" repeat="">
<strong itemprop="label">Ref legal event code</strong>:
              <span itemprop="value">FD2A</span>
</p>
<p itemprop="attributes" itemscope="" repeat="">
<strong itemprop="label">Effective date</strong>:
              <span itemprop="value">20061123</span>
</p>
</td>
</tr>
<tr itemprop="legalEvents" itemscope="" repeat="">
<td><time datetime="2009-01-30" itemprop="date">2009-01-30</time></td>
<td itemprop="code">PG25</td>
<td itemprop="title">Lapsed in a contracting state [announced via postgrant information from national office to epo]</td>
<td>
<p itemprop="attributes" itemscope="" repeat="">
<strong itemprop="label">Ref country code</strong>:
              <span itemprop="value">ES</span>
</p>
<p itemprop="attributes" itemscope="" repeat="">
<strong itemprop="label">Free format text</strong>:
              <span itemprop="value">LAPSE BECAUSE OF NON-PAYMENT OF DUE FEES</span>
</p>
<p itemprop="attributes" itemscope="" repeat="">
<strong itemprop="label">Effective date</strong>:
              <span itemprop="value">20061123</span>
</p>
</td>
</tr>
<tr itemprop="legalEvents" itemscope="" repeat="">
<td><time datetime="2009-08-31" itemprop="date">2009-08-31</time></td>
<td itemprop="code">PG25</td>
<td itemprop="title">Lapsed in a contracting state [announced via postgrant information from national office to epo]</td>
<td>
<p itemprop="attributes" itemscope="" repeat="">
<strong itemprop="label">Ref country code</strong>:
              <span itemprop="value">IT</span>
</p>
<p itemprop="attributes" itemscope="" repeat="">
<strong itemprop="label">Free format text</strong>:
              <span itemprop="value">LAPSE BECAUSE OF NON-PAYMENT OF DUE FEES</span>
</p>
<p itemprop="attributes" itemscope="" repeat="">
<strong itemprop="label">Effective date</strong>:
              <span itemprop="value">20071122</span>
</p>
</td>
</tr>
</tbody>
</table>
</section>
</article>
</search-app>
<script></script>
<script src="//www.gstatic.com/feedback/api.js" type="text/javascript"></script>
<script src="//www.gstatic.com/feedback/js/help/prod/service/lazy.min.js" type="text/javascript"></script>
<script type="text/javascript">
      if (window.help && window.help.service) {
        helpApi = window.help.service.Lazy.create(0, {apiKey: 'AIzaSyDTEI_0tLX4varJ7bwK8aT-eOI5qr3BmyI', locale: 'en-US'});
        window.requestedSurveys = new Set();
        window.requestSurvey = function(triggerId) {
          if (window.requestedSurveys.has(triggerId)) {
            return;
          }
          window.requestedSurveys.add(triggerId);
          helpApi.requestSurvey({
            triggerId: triggerId,
            enableTestingMode: false,
            callback: (requestSurveyCallbackParam) => {
              if (!requestSurveyCallbackParam.surveyData) {
                return;
              }
              helpApi.presentSurvey({
                productData: {
                  productVersion: window.version,
                  customData: {
                    "experiments": "",
                  },
                },
                surveyData: requestSurveyCallbackParam.surveyData,
                colorScheme: 1,
                customZIndex: 10000,
              });
            }
          });
        };

        window.requestSurvey('YXTwAsvoW0kedxbuTdH0RArc9VhT');
      }
    </script>
<script src="/sw/null_loader.js"></script>
</body>
</html>

